id,type,author,settings-instrumentType,settings-region,settings-universe,settings-delay,settings-decay,settings-neutralization,settings-truncation,settings-pasteurization,settings-unitHandling,settings-nanHandling,settings-maxTrade,settings-language,settings-visualization,settings-startDate,settings-endDate,regular-code,regular-description,regular-operatorCount,dateCreated,dateSubmitted,dateModified,name,favorite,hidden,color,category,tags-0,tags-1,tags-2,classifications-0-id,classifications-0-name,grade,stage,status,is-pnl,is-bookSize,is-longCount,is-shortCount,is-turnover,is-returns,is-drawdown,is-margin,is-sharpe,is-fitness,is-startDate,is-investabilityConstrained-pnl,is-investabilityConstrained-bookSize,is-investabilityConstrained-longCount,is-investabilityConstrained-shortCount,is-investabilityConstrained-turnover,is-investabilityConstrained-returns,is-investabilityConstrained-drawdown,is-investabilityConstrained-margin,is-investabilityConstrained-fitness,is-investabilityConstrained-sharpe,is-riskNeutralized-pnl,is-riskNeutralized-bookSize,is-riskNeutralized-longCount,is-riskNeutralized-shortCount,is-riskNeutralized-turnover,is-riskNeutralized-returns,is-riskNeutralized-drawdown,is-riskNeutralized-margin,is-riskNeutralized-fitness,is-riskNeutralized-sharpe,is-checks-0-name,is-checks-0-result,is-checks-0-limit,is-checks-0-value,is-checks-1-name,is-checks-1-result,is-checks-1-limit,is-checks-1-value,is-checks-2-name,is-checks-2-result,is-checks-2-limit,is-checks-2-value,is-checks-3-name,is-checks-3-result,is-checks-3-limit,is-checks-3-value,is-checks-4-name,is-checks-4-result,is-checks-4-limit,is-checks-4-value,is-checks-5-name,is-checks-5-result,is-checks-5-limit,is-checks-5-value,is-checks-6-name,is-checks-6-result,is-checks-6-date,is-checks-6-limit,is-checks-6-value,is-checks-7-name,is-checks-7-result,is-checks-7-limit,is-checks-7-value,is-checks-8-name,is-checks-8-result,is-checks-8-ratio,is-checks-8-limit,is-checks-8-value,is-checks-9-name,is-checks-9-result,is-checks-9-ratio,is-checks-9-limit,is-checks-9-value,is-checks-10-name,is-checks-10-result,is-checks-11-name,is-checks-11-result,is-checks-12-name,is-checks-12-result,is-checks-13-name,is-checks-13-result,is-checks-14-name,is-checks-14-result,is-checks-14-value,is-checks-14-limit,is-checks-15-name,is-checks-15-result,is-checks-15-competitions-0-id,is-checks-15-competitions-0-name,is-checks-16-result,is-checks-16-name,is-checks-16-effective,is-checks-16-multiplier,is-checks-16-pyramids-0-name,is-checks-16-pyramids-0-multiplier,is-checks-17-result,is-checks-17-name,is-checks-17-themes-0-id,is-checks-17-themes-0-multiplier,is-checks-17-themes-0-name,is-checks-17-themes-1-id,is-checks-17-themes-1-multiplier,is-checks-17-themes-1-name,is-checks-17-themes-2-id,is-checks-17-themes-2-multiplier,is-checks-17-themes-2-name,is-checks-17-themes-3-id,is-checks-17-themes-3-multiplier,is-checks-17-themes-3-name,is-checks-17-themes-4-id,is-checks-17-themes-4-multiplier,is-checks-17-themes-4-name,is-checks-17-themes-5-id,is-checks-17-themes-5-multiplier,is-checks-17-themes-5-name,os,train,test,prod,competitions,themes,pyramids,pyramidThemes,team,osmosisPoints,is-checks-16-competitions-0-id,is-checks-16-competitions-0-name,is-checks-17-effective,is-checks-17-multiplier,is-checks-17-pyramids-0-name,is-checks-17-pyramids-0-multiplier,is-checks-18-result,is-checks-18-name,is-checks-18-themes-0-id,is-checks-18-themes-0-multiplier,is-checks-18-themes-0-name,is-checks-18-themes-1-id,is-checks-18-themes-1-multiplier,is-checks-18-themes-1-name,is-checks-18-themes-2-id,is-checks-18-themes-2-multiplier,is-checks-18-themes-2-name,is-checks-18-themes-3-id,is-checks-18-themes-3-multiplier,is-checks-18-themes-3-name,is-checks-18-themes-4-id,is-checks-18-themes-4-multiplier,is-checks-18-themes-4-name,is-checks-18-themes-5-id,is-checks-18-themes-5-multiplier,is-checks-18-themes-5-name
Vkw961N8,REGULAR,PS40111,EQUITY,ASI,MINVOL1M,1,0,INDUSTRY,0.08,ON,VERIFY,OFF,OFF,FASTEXPR,False,2014-01-01,2023-12-31,"divide(ts_delta(revenue, 252), assets)",,2,2026-02-02T04:23:51-05:00,,2026-02-02T04:23:52-05:00,,False,False,,,ace_tag,llm_test,confidence_0.82,DATA_USAGE:SINGLE_DATA_SET,Single Data Set Alpha,,IS,UNSUBMITTED,5430704,20000000,1402,1648,0.1066,0.0525,0.5321,0.000985,0.27,0.17,2014-01-01,8129724.0,20000000.0,1343.0,1709.0,0.0851,0.0786,0.4754,0.001847,0.4,0.51,3056888.0,20000000.0,1402.0,1648.0,0.1066,0.0295,0.7397,0.000554,0.09,0.19,LOW_SHARPE,FAIL,1.58,0.27,LOW_FITNESS,FAIL,1.0,0.17,LOW_ASI_JPN_SHARPE,FAIL,1,-0.24,LOW_INVESTABILITY_CONSTRAINED_SHARPE,PASS,0.19,0.51,LOW_TURNOVER,PASS,0.01,0.1066,HIGH_TURNOVER,PASS,0.7,0.1066,CONCENTRATED_WEIGHT,FAIL,2019-05-24,0.1,0.491238,LOW_SUB_UNIVERSE_SHARPE,FAIL,0.08,-0.31,LOW_ROBUST_UNIVERSE_SHARPE.WITH_RATIO,FAIL,0.9,0.24,-0.09,LOW_ROBUST_UNIVERSE_RETURNS,FAIL,0.9,0.0473,-0.0164,SELF_CORRELATION,PENDING,DATA_DIVERSITY,PENDING,PROD_CORRELATION,PENDING,REGULAR_SUBMISSION,PENDING,LOW_2Y_SHARPE,FAIL,-0.08,1.58,MATCHES_COMPETITION,PENDING,AIACv2,AI Alphas Competition 2.0,PASS,MATCHES_PYRAMID,1.0,1.1,ASI/D1/FUNDAMENTAL,1.1,WARNING,MATCHES_THEMES,EDrKL34,2.0,JPN Dataset Utilization Theme,M4ZYx3D,2.0,AMR Dataset Utilization Theme,9B3qxZ4,2.0,KOR Dataset Utilization Theme,PBVkEJD,2.0,TWN Dataset Utilization Theme,by88rqy,2.0,HKG Dataset Utilization Theme,V45896D,1.0,GLB/D1 TOPDIV3000 Power Pool Feb`26 Theme,,,,,,,,,,,,,,,,,,,,,,,,,,,,,,,,,,,,
6XP8rmAP,REGULAR,PS40111,EQUITY,ASI,MINVOL1M,1,0,INDUSTRY,0.08,ON,VERIFY,OFF,OFF,FASTEXPR,False,2014-01-01,2023-12-31,"divide(ts_delta(income, 252), equity)",,2,2026-02-02T04:23:50-05:00,,2026-02-02T04:23:51-05:00,,False,False,,,ace_tag,llm_test,confidence_0.8,DATA_USAGE:SINGLE_DATA_SET,Single Data Set Alpha,,IS,UNSUBMITTED,-1180340,20000000,1581,1568,0.0867,-0.0114,0.5741,-0.000263,-0.08,-0.02,2014-01-01,891173.0,20000000.0,1615.0,1537.0,0.071,0.0086,0.6141,0.000243,0.02,0.07,-3942858.0,20000000.0,1581.0,1568.0,0.0867,-0.0381,0.593,-0.000879,-0.17,-0.3,LOW_SHARPE,FAIL,1.58,-0.08,LOW_FITNESS,FAIL,1.0,-0.02,LOW_ASI_JPN_SHARPE,FAIL,1,0.33,LOW_INVESTABILITY_CONSTRAINED_SHARPE,PASS,-0.06,0.07,LOW_TURNOVER,PASS,0.01,0.0867,HIGH_TURNOVER,PASS,0.7,0.0867,CONCENTRATED_WEIGHT,FAIL,2023-11-17,0.1,0.496019,LOW_SUB_UNIVERSE_SHARPE,PASS,-0.02,0.19,LOW_ROBUST_UNIVERSE_SHARPE.WITH_RATIO,PASS,0.9,-0.07,0.1,LOW_ROBUST_UNIVERSE_RETURNS,PASS,0.9,-0.0103,0.015,SELF_CORRELATION,PENDING,DATA_DIVERSITY,PENDING,PROD_CORRELATION,PENDING,REGULAR_SUBMISSION,PENDING,LOW_2Y_SHARPE,FAIL,0.31,1.58,MATCHES_COMPETITION,PENDING,AIACv2,AI Alphas Competition 2.0,PASS,MATCHES_PYRAMID,1.0,1.1,ASI/D1/FUNDAMENTAL,1.1,WARNING,MATCHES_THEMES,EDrKL34,2.0,JPN Dataset Utilization Theme,M4ZYx3D,2.0,AMR Dataset Utilization Theme,9B3qxZ4,2.0,KOR Dataset Utilization Theme,PBVkEJD,2.0,TWN Dataset Utilization Theme,by88rqy,2.0,HKG Dataset Utilization Theme,V45896D,1.0,GLB/D1 TOPDIV3000 Power Pool Feb`26 Theme,,,,,,,,,,,,,,,,,,,,,,,,,,,,,,,,,,,,
O0wYrOpY,REGULAR,PS40111,EQUITY,ASI,MINVOL1M,1,0,INDUSTRY,0.08,ON,VERIFY,OFF,OFF,FASTEXPR,False,2014-01-01,2023-12-31,"divide(ts_delta(cashflow_op, 252), debt)",,2,2026-02-02T04:24:03-05:00,,2026-02-02T04:24:03-05:00,,False,False,,,ace_tag,llm_test,confidence_0.78,DATA_USAGE:SINGLE_DATA_SET,Single Data Set Alpha,,IS,UNSUBMITTED,1507391,20000000,1324,1469,0.0809,0.0146,0.5199,0.00036,0.09,0.03,2014-01-01,2436092.0,20000000.0,1355.0,1443.0,0.0701,0.0235,0.2735,0.000671,0.07,0.17,386553.0,20000000.0,1324.0,1469.0,0.0809,0.0037,0.4887,9.2e-05,0.01,0.03,LOW_SHARPE,FAIL,1.58,0.09,LOW_FITNESS,FAIL,1.0,0.03,LOW_ASI_JPN_SHARPE,FAIL,1,-0.4,LOW_INVESTABILITY_CONSTRAINED_SHARPE,PASS,0.06,0.17,LOW_TURNOVER,PASS,0.01,0.0809,HIGH_TURNOVER,PASS,0.7,0.0809,CONCENTRATED_WEIGHT,FAIL,2022-08-31,0.1,0.498774,LOW_SUB_UNIVERSE_SHARPE,PASS,0.03,0.11,LOW_ROBUST_UNIVERSE_SHARPE.WITH_RATIO,FAIL,0.9,0.08,-0.1,LOW_ROBUST_UNIVERSE_RETURNS,FAIL,0.9,0.0131,-0.015,SELF_CORRELATION,PENDING,DATA_DIVERSITY,PENDING,PROD_CORRELATION,PENDING,REGULAR_SUBMISSION,PENDING,LOW_2Y_SHARPE,FAIL,0.78,1.58,MATCHES_COMPETITION,PENDING,AIACv2,AI Alphas Competition 2.0,PASS,MATCHES_PYRAMID,1.0,1.1,ASI/D1/FUNDAMENTAL,1.1,WARNING,MATCHES_THEMES,EDrKL34,2.0,JPN Dataset Utilization Theme,M4ZYx3D,2.0,AMR Dataset Utilization Theme,9B3qxZ4,2.0,KOR Dataset Utilization Theme,PBVkEJD,2.0,TWN Dataset Utilization Theme,by88rqy,2.0,HKG Dataset Utilization Theme,V45896D,1.0,GLB/D1 TOPDIV3000 Power Pool Feb`26 Theme,,,,,,,,,,,,,,,,,,,,,,,,,,,,,,,,,,,,
rK635YWm,REGULAR,PS40111,EQUITY,ASI,MINVOL1M,1,0,INDUSTRY,0.08,ON,VERIFY,OFF,OFF,FASTEXPR,False,2014-01-01,2023-12-31,"divide(ts_delta(ebitda, 252), revenue)",,2,2026-02-02T04:24:02-05:00,,2026-02-02T04:24:03-05:00,,False,False,,,ace_tag,llm_test,confidence_0.79,DATA_USAGE:SINGLE_DATA_SET,Single Data Set Alpha,,IS,UNSUBMITTED,5892229,20000000,1749,1236,0.0723,0.0569,0.7468,0.001575,0.19,0.13,2014-01-01,8275609.0,20000000.0,1745.0,1244.0,0.0659,0.08,0.5779,0.002427,0.23,0.29,4417271.0,20000000.0,1749.0,1236.0,0.0723,0.0427,0.7039,0.001181,0.09,0.16,LOW_SHARPE,FAIL,1.58,0.19,LOW_FITNESS,FAIL,1.0,0.13,LOW_ASI_JPN_SHARPE,FAIL,1,0.23,LOW_INVESTABILITY_CONSTRAINED_SHARPE,PASS,0.13,0.29,LOW_TURNOVER,PASS,0.01,0.0723,HIGH_TURNOVER,PASS,0.7,0.0723,CONCENTRATED_WEIGHT,FAIL,2023-03-30,0.1,0.448408,LOW_SUB_UNIVERSE_SHARPE,FAIL,0.06,-0.02,LOW_ROBUST_UNIVERSE_SHARPE.WITH_RATIO,FAIL,0.9,0.17,0.15,LOW_ROBUST_UNIVERSE_RETURNS,FAIL,0.9,0.0512,0.0311,SELF_CORRELATION,PENDING,DATA_DIVERSITY,PENDING,PROD_CORRELATION,PENDING,REGULAR_SUBMISSION,PENDING,LOW_2Y_SHARPE,FAIL,0.19,1.58,MATCHES_COMPETITION,PENDING,AIACv2,AI Alphas Competition 2.0,PASS,MATCHES_PYRAMID,1.0,1.1,ASI/D1/FUNDAMENTAL,1.1,WARNING,MATCHES_THEMES,EDrKL34,2.0,JPN Dataset Utilization Theme,M4ZYx3D,2.0,AMR Dataset Utilization Theme,9B3qxZ4,2.0,KOR Dataset Utilization Theme,PBVkEJD,2.0,TWN Dataset Utilization Theme,by88rqy,2.0,HKG Dataset Utilization Theme,V45896D,1.0,GLB/D1 TOPDIV3000 Power Pool Feb`26 Theme,,,,,,,,,,,,,,,,,,,,,,,,,,,,,,,,,,,,
xAw6YqQN,REGULAR,PS40111,EQUITY,ASI,MINVOL1M,1,0,INDUSTRY,0.08,ON,VERIFY,OFF,OFF,FASTEXPR,False,2014-01-01,2023-12-31,"divide(ts_delta(eps, 252), bookvalue_ps)",,2,2026-02-02T04:24:00-05:00,,2026-02-02T04:24:01-05:00,,False,False,,,ace_tag,llm_test,confidence_0.81,DATA_USAGE:SINGLE_DATA_SET,Single Data Set Alpha,,IS,UNSUBMITTED,-10081584,20000000,1566,1579,0.0806,-0.0974,2.1904,-0.002419,-0.43,-0.38,2014-01-01,-6595614.0,20000000.0,1581.0,1566.0,0.0687,-0.0637,2.1755,-0.001855,-0.2,-0.28,-11535826.0,20000000.0,1566.0,1579.0,0.0806,-0.1115,2.0335,-0.002768,-0.51,-0.54,LOW_SHARPE,FAIL,1.58,-0.43,LOW_FITNESS,FAIL,1.0,-0.38,LOW_ASI_JPN_SHARPE,FAIL,1,0.63,LOW_INVESTABILITY_CONSTRAINED_SHARPE,PASS,-0.3,-0.28,LOW_TURNOVER,PASS,0.01,0.0806,HIGH_TURNOVER,PASS,0.7,0.0806,CONCENTRATED_WEIGHT,FAIL,2023-08-23,0.1,0.499968,LOW_SUB_UNIVERSE_SHARPE,PASS,-0.13,0.08,LOW_ROBUST_UNIVERSE_SHARPE.WITH_RATIO,PASS,0.9,-0.39,-0.01,LOW_ROBUST_UNIVERSE_RETURNS,PASS,0.9,-0.0877,-0.002,SELF_CORRELATION,PENDING,DATA_DIVERSITY,PENDING,PROD_CORRELATION,PENDING,REGULAR_SUBMISSION,PENDING,LOW_2Y_SHARPE,FAIL,1.02,1.58,MATCHES_COMPETITION,PENDING,AIACv2,AI Alphas Competition 2.0,PASS,MATCHES_PYRAMID,1.0,1.1,ASI/D1/FUNDAMENTAL,1.1,WARNING,MATCHES_THEMES,EDrKL34,2.0,JPN Dataset Utilization Theme,M4ZYx3D,2.0,AMR Dataset Utilization Theme,9B3qxZ4,2.0,KOR Dataset Utilization Theme,PBVkEJD,2.0,TWN Dataset Utilization Theme,by88rqy,2.0,HKG Dataset Utilization Theme,V45896D,1.0,GLB/D1 TOPDIV3000 Power Pool Feb`26 Theme,,,,,,,,,,,,,,,,,,,,,,,,,,,,,,,,,,,,
pwJXPY5o,REGULAR,PS40111,EQUITY,ASI,MINVOL1M,1,0,INDUSTRY,0.08,ON,VERIFY,OFF,OFF,FASTEXPR,False,2014-01-01,2023-12-31,"divide(ts_delta(sales, 252), inventory)",,2,2026-02-02T04:23:50-05:00,,2026-02-02T04:23:51-05:00,,False,False,,,ace_tag,llm_test,confidence_0.75,DATA_USAGE:SINGLE_DATA_SET,Single Data Set Alpha,,IS,UNSUBMITTED,344218,20000000,1058,1627,0.0724,0.0033,0.5016,9.2e-05,0.02,0.0,2014-01-01,-3013256.0,20000000.0,1240.0,1447.0,0.0527,-0.0291,0.7513,-0.001106,-0.09,-0.19,-170302.0,20000000.0,1058.0,1627.0,0.0724,-0.0016,0.4754,-4.5e-05,-0.0,-0.01,LOW_SHARPE,FAIL,1.58,0.02,LOW_FITNESS,FAIL,1.0,0.0,LOW_ASI_JPN_SHARPE,FAIL,1,-0.19,LOW_INVESTABILITY_CONSTRAINED_SHARPE,FAIL,0.01,-0.19,LOW_TURNOVER,PASS,0.01,0.0724,HIGH_TURNOVER,PASS,0.7,0.0724,CONCENTRATED_WEIGHT,FAIL,2021-04-16,0.1,0.491554,LOW_SUB_UNIVERSE_SHARPE,PASS,0.01,0.02,LOW_ROBUST_UNIVERSE_SHARPE.WITH_RATIO,FAIL,0.9,0.02,-0.03,LOW_ROBUST_UNIVERSE_RETURNS,FAIL,0.9,0.003,-0.0052,SELF_CORRELATION,PENDING,DATA_DIVERSITY,PENDING,PROD_CORRELATION,PENDING,REGULAR_SUBMISSION,PENDING,LOW_2Y_SHARPE,FAIL,-0.81,1.58,MATCHES_COMPETITION,PENDING,AIACv2,AI Alphas Competition 2.0,PASS,MATCHES_PYRAMID,1.0,1.1,ASI/D1/FUNDAMENTAL,1.1,WARNING,MATCHES_THEMES,EDrKL34,2.0,JPN Dataset Utilization Theme,M4ZYx3D,2.0,AMR Dataset Utilization Theme,9B3qxZ4,2.0,KOR Dataset Utilization Theme,PBVkEJD,2.0,TWN Dataset Utilization Theme,by88rqy,2.0,HKG Dataset Utilization Theme,V45896D,1.0,GLB/D1 TOPDIV3000 Power Pool Feb`26 Theme,,,,,,,,,,,,,,,,,,,,,,,,,,,,,,,,,,,,
qMk1W9pV,REGULAR,PS40111,EQUITY,ASI,MINVOL1M,1,0,INDUSTRY,0.08,ON,VERIFY,OFF,OFF,FASTEXPR,False,2014-01-01,2023-12-31,"multiply(ts_delta(inventory_turnover, 252), ts_delta(sales, 252))",,3,2026-02-02T04:23:54-05:00,,2026-02-02T04:23:55-05:00,,False,False,,,ace_tag,llm_test,confidence_0.74,DATA_USAGE:SINGLE_DATA_SET,Single Data Set Alpha,,IS,UNSUBMITTED,-3183076,20000000,696,1967,0.1175,-0.0308,0.7205,-0.000524,-0.18,-0.09,2014-01-01,2768553.0,20000000.0,952.0,1713.0,0.0738,0.0268,0.3581,0.000725,0.08,0.18,-2158939.0,20000000.0,696.0,1967.0,0.1175,-0.0209,0.5596,-0.000355,-0.06,-0.14,LOW_SHARPE,FAIL,1.58,-0.18,LOW_FITNESS,FAIL,1.0,-0.09,LOW_ASI_JPN_SHARPE,FAIL,1,-0.21,LOW_INVESTABILITY_CONSTRAINED_SHARPE,PASS,-0.13,0.18,LOW_TURNOVER,PASS,0.01,0.1175,HIGH_TURNOVER,PASS,0.7,0.1175,CONCENTRATED_WEIGHT,FAIL,2022-04-05,0.1,0.500003,LOW_SUB_UNIVERSE_SHARPE,PASS,-0.05,-0.02,LOW_ROBUST_UNIVERSE_SHARPE.WITH_RATIO,FAIL,0.9,-0.16,-0.2,LOW_ROBUST_UNIVERSE_RETURNS,FAIL,0.9,-0.0277,-0.028,SELF_CORRELATION,PENDING,DATA_DIVERSITY,PENDING,PROD_CORRELATION,PENDING,REGULAR_SUBMISSION,PENDING,LOW_2Y_SHARPE,FAIL,-1.13,1.58,MATCHES_COMPETITION,PENDING,AIACv2,AI Alphas Competition 2.0,PASS,MATCHES_PYRAMID,1.0,1.1,ASI/D1/FUNDAMENTAL,1.1,WARNING,MATCHES_THEMES,EDrKL34,2.0,JPN Dataset Utilization Theme,M4ZYx3D,2.0,AMR Dataset Utilization Theme,9B3qxZ4,2.0,KOR Dataset Utilization Theme,PBVkEJD,2.0,TWN Dataset Utilization Theme,by88rqy,2.0,HKG Dataset Utilization Theme,V45896D,1.0,GLB/D1 TOPDIV3000 Power Pool Feb`26 Theme,,,,,,,,,,,,,,,,,,,,,,,,,,,,,,,,,,,,
MPlW1Ob9,REGULAR,PS40111,EQUITY,ASI,MINVOL1M,1,0,INDUSTRY,0.08,ON,VERIFY,OFF,OFF,FASTEXPR,False,2014-01-01,2023-12-31,"ts_delta(operating_margin, 252)",,1,2026-02-02T04:24:01-05:00,,2026-02-02T04:24:02-05:00,,False,False,,,ace_tag,llm_test,confidence_0.76,DATA_USAGE:SINGLE_DATA_SET,Single Data Set Alpha,,IS,UNSUBMITTED,-173164,20000000,1525,1484,0.0475,-0.0017,0.9694,-7e-05,-0.01,-0.0,2014-01-01,-690634.0,20000000.0,1620.0,1391.0,0.0506,-0.0067,0.9468,-0.000264,-0.0,-0.02,-454456.0,20000000.0,1525.0,1484.0,0.0475,-0.0044,0.8701,-0.000185,-0.0,-0.01,LOW_SHARPE,FAIL,1.58,-0.01,LOW_FITNESS,FAIL,1.0,-0.0,LOW_ASI_JPN_SHARPE,FAIL,1,-0.27,LOW_INVESTABILITY_CONSTRAINED_SHARPE,FAIL,-0.01,-0.02,LOW_TURNOVER,PASS,0.01,0.0475,HIGH_TURNOVER,PASS,0.7,0.0475,CONCENTRATED_WEIGHT,FAIL,2019-03-20,0.1,0.350756,LOW_SUB_UNIVERSE_SHARPE,FAIL,-0.0,-0.05,LOW_ROBUST_UNIVERSE_SHARPE.WITH_RATIO,FAIL,0.9,-0.01,-0.13,LOW_ROBUST_UNIVERSE_RETURNS,FAIL,0.9,-0.0015,-0.031,SELF_CORRELATION,PENDING,DATA_DIVERSITY,PENDING,PROD_CORRELATION,PENDING,REGULAR_SUBMISSION,PENDING,LOW_2Y_SHARPE,FAIL,-0.27,1.58,MATCHES_COMPETITION,PENDING,AIACv2,AI Alphas Competition 2.0,PASS,MATCHES_PYRAMID,1.0,1.1,ASI/D1/FUNDAMENTAL,1.1,WARNING,MATCHES_THEMES,EDrKL34,2.0,JPN Dataset Utilization Theme,M4ZYx3D,2.0,AMR Dataset Utilization Theme,9B3qxZ4,2.0,KOR Dataset Utilization Theme,PBVkEJD,2.0,TWN Dataset Utilization Theme,by88rqy,2.0,HKG Dataset Utilization Theme,V45896D,1.0,GLB/D1 TOPDIV3000 Power Pool Feb`26 Theme,,,,,,,,,,,,,,,,,,,,,,,,,,,,,,,,,,,,
e78p9qKJ,REGULAR,PS40111,EQUITY,ASI,MINVOL1M,1,0,INDUSTRY,0.08,ON,VERIFY,OFF,OFF,FASTEXPR,False,2014-01-01,2023-12-31,"subtract(divide(ts_delta(revenue, 252), revenue), divide(ts_delta(capex, 252), capex))",,5,2026-02-02T04:26:46-05:00,,2026-02-02T04:26:47-05:00,,False,False,,,ace_tag,llm_test,confidence_0.73,DATA_USAGE:SINGLE_DATA_SET,Single Data Set Alpha,,IS,UNSUBMITTED,6055562,20000000,896,2061,0.0838,0.0585,0.2384,0.001396,0.41,0.28,2014-01-01,2563606.0,20000000.0,1000.0,1961.0,0.0695,0.0248,0.2385,0.000713,0.09,0.2,6343153.0,20000000.0,896.0,2061.0,0.0838,0.0613,0.2396,0.001462,0.34,0.48,LOW_SHARPE,FAIL,1.58,0.41,LOW_FITNESS,FAIL,1.0,0.28,LOW_ASI_JPN_SHARPE,FAIL,1,-0.2,LOW_INVESTABILITY_CONSTRAINED_SHARPE,FAIL,0.29,0.2,LOW_TURNOVER,PASS,0.01,0.0838,HIGH_TURNOVER,PASS,0.7,0.0838,CONCENTRATED_WEIGHT,FAIL,2021-12-17,0.1,0.499936,LOW_SUB_UNIVERSE_SHARPE,PASS,0.12,0.21,LOW_ROBUST_UNIVERSE_SHARPE.WITH_RATIO,FAIL,0.9,0.37,0.18,LOW_ROBUST_UNIVERSE_RETURNS,FAIL,0.9,0.0527,0.0237,SELF_CORRELATION,PENDING,DATA_DIVERSITY,PENDING,PROD_CORRELATION,PENDING,REGULAR_SUBMISSION,PENDING,LOW_2Y_SHARPE,FAIL,1.3,1.58,MATCHES_COMPETITION,PENDING,AIACv2,AI Alphas Competition 2.0,PASS,MATCHES_PYRAMID,1.0,1.1,ASI/D1/FUNDAMENTAL,1.1,WARNING,MATCHES_THEMES,EDrKL34,2.0,JPN Dataset Utilization Theme,M4ZYx3D,2.0,AMR Dataset Utilization Theme,9B3qxZ4,2.0,KOR Dataset Utilization Theme,PBVkEJD,2.0,TWN Dataset Utilization Theme,by88rqy,2.0,HKG Dataset Utilization Theme,V45896D,1.0,GLB/D1 TOPDIV3000 Power Pool Feb`26 Theme,,,,,,,,,,,,,,,,,,,,,,,,,,,,,,,,,,,,
vRnqkzJG,REGULAR,PS40111,EQUITY,ASI,MINVOL1M,1,0,INDUSTRY,0.08,ON,VERIFY,OFF,OFF,FASTEXPR,False,2014-01-01,2023-12-31,"ts_delta(return_equity, 252)",,1,2026-02-02T04:26:35-05:00,,2026-02-02T04:26:36-05:00,,False,False,,,ace_tag,llm_test,confidence_0.8,DATA_USAGE:SINGLE_DATA_SET,Single Data Set Alpha,,IS,UNSUBMITTED,4175577,20000000,1617,1529,0.0779,0.0404,0.3517,0.001036,0.29,0.16,2014-01-01,5426233.0,20000000.0,1616.0,1533.0,0.0623,0.0524,0.3976,0.001683,0.26,0.4,1187387.0,20000000.0,1617.0,1529.0,0.0779,0.0115,0.329,0.000295,0.03,0.09,LOW_SHARPE,FAIL,1.58,0.29,LOW_FITNESS,FAIL,1.0,0.16,LOW_ASI_JPN_SHARPE,FAIL,1,0.55,LOW_INVESTABILITY_CONSTRAINED_SHARPE,PASS,0.2,0.4,LOW_TURNOVER,PASS,0.01,0.0779,HIGH_TURNOVER,PASS,0.7,0.0779,CONCENTRATED_WEIGHT,FAIL,2023-11-16,0.1,0.492703,LOW_SUB_UNIVERSE_SHARPE,PASS,0.09,0.22,LOW_ROBUST_UNIVERSE_SHARPE.WITH_RATIO,PASS,0.9,0.26,0.33,LOW_ROBUST_UNIVERSE_RETURNS,PASS,0.9,0.0364,0.0478,SELF_CORRELATION,PENDING,DATA_DIVERSITY,PENDING,PROD_CORRELATION,PENDING,REGULAR_SUBMISSION,PENDING,LOW_2Y_SHARPE,FAIL,-0.01,1.58,MATCHES_COMPETITION,PENDING,AIACv2,AI Alphas Competition 2.0,PASS,MATCHES_PYRAMID,1.0,1.1,ASI/D1/FUNDAMENTAL,1.1,WARNING,MATCHES_THEMES,EDrKL34,2.0,JPN Dataset Utilization Theme,M4ZYx3D,2.0,AMR Dataset Utilization Theme,9B3qxZ4,2.0,KOR Dataset Utilization Theme,PBVkEJD,2.0,TWN Dataset Utilization Theme,by88rqy,2.0,HKG Dataset Utilization Theme,V45896D,1.0,GLB/D1 TOPDIV3000 Power Pool Feb`26 Theme,,,,,,,,,,,,,,,,,,,,,,,,,,,,,,,,,,,,
LLbj9Xpn,REGULAR,PS40111,EQUITY,ASI,MINVOL1M,1,0,INDUSTRY,0.08,ON,VERIFY,OFF,OFF,FASTEXPR,False,2014-01-01,2023-12-31,"subtract(divide(ts_delta(sales, 252), sales), divide(ts_delta(receivable, 252), receivable))",,5,2026-02-02T04:26:36-05:00,,2026-02-02T04:26:37-05:00,,False,False,,,ace_tag,llm_test,confidence_0.72,DATA_USAGE:SINGLE_DATA_SET,Single Data Set Alpha,,IS,UNSUBMITTED,8800008,20000000,1495,1410,0.1223,0.085,0.8785,0.001391,0.29,0.24,2014-01-01,18237294.0,20000000.0,1380.0,1529.0,0.0933,0.1762,0.7076,0.003779,0.75,0.63,6671659.0,20000000.0,1495.0,1410.0,0.1223,0.0645,0.7468,0.001054,0.18,0.25,LOW_SHARPE,FAIL,1.58,0.29,LOW_FITNESS,FAIL,1.0,0.24,LOW_ASI_JPN_SHARPE,FAIL,1,0.29,LOW_INVESTABILITY_CONSTRAINED_SHARPE,PASS,0.2,0.63,LOW_TURNOVER,PASS,0.01,0.1223,HIGH_TURNOVER,PASS,0.7,0.1223,CONCENTRATED_WEIGHT,FAIL,2015-01-12,0.1,0.500002,LOW_SUB_UNIVERSE_SHARPE,FAIL,0.09,-0.06,LOW_ROBUST_UNIVERSE_SHARPE.WITH_RATIO,FAIL,0.9,0.26,0.12,LOW_ROBUST_UNIVERSE_RETURNS,FAIL,0.9,0.0765,0.0333,SELF_CORRELATION,PENDING,DATA_DIVERSITY,PENDING,PROD_CORRELATION,PENDING,REGULAR_SUBMISSION,PENDING,LOW_2Y_SHARPE,FAIL,1.33,1.58,MATCHES_COMPETITION,PENDING,AIACv2,AI Alphas Competition 2.0,PASS,MATCHES_PYRAMID,1.0,1.1,ASI/D1/FUNDAMENTAL,1.1,WARNING,MATCHES_THEMES,EDrKL34,2.0,JPN Dataset Utilization Theme,M4ZYx3D,2.0,AMR Dataset Utilization Theme,9B3qxZ4,2.0,KOR Dataset Utilization Theme,PBVkEJD,2.0,TWN Dataset Utilization Theme,by88rqy,2.0,HKG Dataset Utilization Theme,V45896D,1.0,GLB/D1 TOPDIV3000 Power Pool Feb`26 Theme,,,,,,,,,,,,,,,,,,,,,,,,,,,,,,,,,,,,
npkJKzZ8,REGULAR,PS40111,EQUITY,ASI,MINVOL1M,1,0,INDUSTRY,0.08,ON,VERIFY,OFF,OFF,FASTEXPR,False,2014-01-01,2023-12-31,"subtract(divide(ts_delta(cashflow_op, 252), cashflow_op), divide(ts_delta(income, 252), income))",,5,2026-02-02T04:26:35-05:00,,2026-02-02T04:26:36-05:00,,False,False,,,ace_tag,llm_test,confidence_0.79,DATA_USAGE:SINGLE_DATA_SET,Single Data Set Alpha,,IS,UNSUBMITTED,311016,20000000,1492,1644,0.0856,0.003,0.3347,7e-05,0.03,0.0,2014-01-01,-1904751.0,20000000.0,1536.0,1603.0,0.0743,-0.0184,0.3488,-0.000495,-0.08,-0.2,360942.0,20000000.0,1492.0,1644.0,0.0856,0.0035,0.3374,8.1e-05,0.01,0.04,LOW_SHARPE,FAIL,1.58,0.03,LOW_FITNESS,FAIL,1.0,0.0,LOW_ASI_JPN_SHARPE,FAIL,1,-0.07,LOW_INVESTABILITY_CONSTRAINED_SHARPE,FAIL,0.02,-0.2,LOW_TURNOVER,PASS,0.01,0.0856,HIGH_TURNOVER,PASS,0.7,0.0856,CONCENTRATED_WEIGHT,FAIL,2022-08-23,0.1,0.464138,LOW_SUB_UNIVERSE_SHARPE,PASS,0.01,0.16,LOW_ROBUST_UNIVERSE_SHARPE.WITH_RATIO,FAIL,0.9,0.03,-0.03,LOW_ROBUST_UNIVERSE_RETURNS,FAIL,0.9,0.0027,-0.0037,SELF_CORRELATION,PENDING,DATA_DIVERSITY,PENDING,PROD_CORRELATION,PENDING,REGULAR_SUBMISSION,PENDING,LOW_2Y_SHARPE,FAIL,-0.16,1.58,MATCHES_COMPETITION,PENDING,AIACv2,AI Alphas Competition 2.0,PASS,MATCHES_PYRAMID,1.0,1.1,ASI/D1/FUNDAMENTAL,1.1,WARNING,MATCHES_THEMES,EDrKL34,2.0,JPN Dataset Utilization Theme,M4ZYx3D,2.0,AMR Dataset Utilization Theme,9B3qxZ4,2.0,KOR Dataset Utilization Theme,PBVkEJD,2.0,TWN Dataset Utilization Theme,by88rqy,2.0,HKG Dataset Utilization Theme,V45896D,1.0,GLB/D1 TOPDIV3000 Power Pool Feb`26 Theme,,,,,,,,,,,,,,,,,,,,,,,,,,,,,,,,,,,,
RRZ3VXJ1,REGULAR,PS40111,EQUITY,ASI,MINVOL1M,1,0,INDUSTRY,0.08,ON,VERIFY,OFF,OFF,FASTEXPR,False,2014-01-01,2023-12-31,"divide(ts_delta(debt, 252), assets)",,2,2026-02-02T04:25:20-05:00,,2026-02-02T04:25:21-05:00,,False,False,,,ace_tag,llm_test,confidence_0.77,DATA_USAGE:SINGLE_DATA_SET,Single Data Set Alpha,,IS,UNSUBMITTED,-6466,20000000,1312,1733,0.0976,-0.0001,0.4927,-1e-06,-0.0,-0.0,2014-01-01,287103.0,20000000.0,1305.0,1742.0,0.0761,0.0028,0.4777,7.3e-05,0.0,0.03,-1162400.0,20000000.0,1312.0,1733.0,0.0976,-0.0112,0.5238,-0.00023,-0.03,-0.1,LOW_SHARPE,FAIL,1.58,-0.0,LOW_FITNESS,FAIL,1.0,-0.0,LOW_ASI_JPN_SHARPE,FAIL,1,0.06,LOW_INVESTABILITY_CONSTRAINED_SHARPE,PASS,-0.0,0.03,LOW_TURNOVER,PASS,0.01,0.0976,HIGH_TURNOVER,PASS,0.7,0.0976,CONCENTRATED_WEIGHT,FAIL,2023-11-08,0.1,0.498895,LOW_SUB_UNIVERSE_SHARPE,FAIL,-0.0,-0.69,LOW_ROBUST_UNIVERSE_SHARPE.WITH_RATIO,FAIL,0.9,-0.0,-0.22,LOW_ROBUST_UNIVERSE_RETURNS,FAIL,0.9,-0.0001,-0.0284,SELF_CORRELATION,PENDING,DATA_DIVERSITY,PENDING,PROD_CORRELATION,PENDING,REGULAR_SUBMISSION,PENDING,LOW_2Y_SHARPE,FAIL,0.2,1.58,MATCHES_COMPETITION,PENDING,AIACv2,AI Alphas Competition 2.0,PASS,MATCHES_PYRAMID,1.0,1.1,ASI/D1/FUNDAMENTAL,1.1,WARNING,MATCHES_THEMES,EDrKL34,2.0,JPN Dataset Utilization Theme,M4ZYx3D,2.0,AMR Dataset Utilization Theme,9B3qxZ4,2.0,KOR Dataset Utilization Theme,PBVkEJD,2.0,TWN Dataset Utilization Theme,by88rqy,2.0,HKG Dataset Utilization Theme,V45896D,1.0,GLB/D1 TOPDIV3000 Power Pool Feb`26 Theme,,,,,,,,,,,,,,,,,,,,,,,,,,,,,,,,,,,,
WjwqPgPo,REGULAR,PS40111,EQUITY,ASI,MINVOL1M,1,0,INDUSTRY,0.08,ON,VERIFY,OFF,OFF,FASTEXPR,False,2014-01-01,2023-12-31,"subtract(divide(ts_delta(revenue, 252), revenue), divide(ts_delta(operating_expense, 252), operating_expense))",,5,2026-02-02T04:27:45-05:00,,2026-02-02T04:27:45-05:00,,False,False,,,ace_tag,llm_test,confidence_0.74,DATA_USAGE:SINGLE_DATA_SET,Single Data Set Alpha,,IS,UNSUBMITTED,6015510,20000000,1817,1209,0.1186,0.0581,0.9739,0.00098,0.31,0.21,2014-01-01,5725800.0,20000000.0,1742.0,1287.0,0.0873,0.0553,0.9392,0.001268,0.21,0.32,1011038.0,20000000.0,1817.0,1209.0,0.1186,0.0098,0.9431,0.000165,0.02,0.06,LOW_SHARPE,FAIL,1.58,0.31,LOW_FITNESS,FAIL,1.0,0.21,LOW_ASI_JPN_SHARPE,FAIL,1,0.41,LOW_INVESTABILITY_CONSTRAINED_SHARPE,PASS,0.22,0.32,LOW_TURNOVER,PASS,0.01,0.1186,HIGH_TURNOVER,PASS,0.7,0.1186,CONCENTRATED_WEIGHT,FAIL,2017-02-22,0.1,0.498206,LOW_SUB_UNIVERSE_SHARPE,PASS,0.09,0.14,LOW_ROBUST_UNIVERSE_SHARPE.WITH_RATIO,PASS,0.9,0.28,0.4,LOW_ROBUST_UNIVERSE_RETURNS,PASS,0.9,0.0523,0.0746,SELF_CORRELATION,PENDING,DATA_DIVERSITY,PENDING,PROD_CORRELATION,PENDING,REGULAR_SUBMISSION,PENDING,LOW_2Y_SHARPE,PASS,2.42,1.58,MATCHES_COMPETITION,PENDING,AIACv2,AI Alphas Competition 2.0,PASS,MATCHES_PYRAMID,1.0,1.1,ASI/D1/FUNDAMENTAL,1.1,WARNING,MATCHES_THEMES,EDrKL34,2.0,JPN Dataset Utilization Theme,M4ZYx3D,2.0,AMR Dataset Utilization Theme,9B3qxZ4,2.0,KOR Dataset Utilization Theme,PBVkEJD,2.0,TWN Dataset Utilization Theme,by88rqy,2.0,HKG Dataset Utilization Theme,V45896D,1.0,GLB/D1 TOPDIV3000 Power Pool Feb`26 Theme,,,,,,,,,,,,,,,,,,,,,,,,,,,,,,,,,,,,
pwJXP0wX,REGULAR,PS40111,EQUITY,ASI,MINVOL1M,1,0,INDUSTRY,0.08,ON,VERIFY,OFF,OFF,FASTEXPR,False,2014-01-01,2023-12-31,"divide(ts_delta(pretax_income, 252), assets)",,2,2026-02-02T04:25:20-05:00,,2026-02-02T04:25:21-05:00,,False,False,,,ace_tag,llm_test,confidence_0.78,DATA_USAGE:SINGLE_DATA_SET,Single Data Set Alpha,,IS,UNSUBMITTED,7749869,20000000,1592,1559,0.0915,0.0749,0.3152,0.001638,0.45,0.35,2014-01-01,9575257.0,20000000.0,1543.0,1610.0,0.0748,0.0925,0.2018,0.002473,0.6,0.7,7001364.0,20000000.0,1592.0,1559.0,0.0915,0.0677,0.2667,0.00148,0.38,0.51,LOW_SHARPE,FAIL,1.58,0.45,LOW_FITNESS,FAIL,1.0,0.35,LOW_ASI_JPN_SHARPE,FAIL,1,0.1,LOW_INVESTABILITY_CONSTRAINED_SHARPE,PASS,0.32,0.7,LOW_TURNOVER,PASS,0.01,0.0915,HIGH_TURNOVER,PASS,0.7,0.0915,CONCENTRATED_WEIGHT,FAIL,2015-06-29,0.1,0.499374,LOW_SUB_UNIVERSE_SHARPE,PASS,0.13,0.22,LOW_ROBUST_UNIVERSE_SHARPE.WITH_RATIO,FAIL,0.9,0.41,0.2,LOW_ROBUST_UNIVERSE_RETURNS,FAIL,0.9,0.0674,0.0313,SELF_CORRELATION,PENDING,DATA_DIVERSITY,PENDING,PROD_CORRELATION,PENDING,REGULAR_SUBMISSION,PENDING,LOW_2Y_SHARPE,FAIL,-0.39,1.58,MATCHES_COMPETITION,PENDING,AIACv2,AI Alphas Competition 2.0,PASS,MATCHES_PYRAMID,1.0,1.1,ASI/D1/FUNDAMENTAL,1.1,WARNING,MATCHES_THEMES,EDrKL34,2.0,JPN Dataset Utilization Theme,M4ZYx3D,2.0,AMR Dataset Utilization Theme,9B3qxZ4,2.0,KOR Dataset Utilization Theme,PBVkEJD,2.0,TWN Dataset Utilization Theme,by88rqy,2.0,HKG Dataset Utilization Theme,V45896D,1.0,GLB/D1 TOPDIV3000 Power Pool Feb`26 Theme,,,,,,,,,,,,,,,,,,,,,,,,,,,,,,,,,,,,
O0wYre17,REGULAR,PS40111,EQUITY,ASI,MINVOL1M,1,0,INDUSTRY,0.08,ON,VERIFY,OFF,OFF,FASTEXPR,False,2014-01-01,2023-12-31,"divide(ts_delta(fnd23_taiv, 252), liabilities)",,2,2026-02-02T04:25:20-05:00,,2026-02-02T04:25:21-05:00,,False,False,,,ace_tag,llm_test,confidence_0.71,DATA_USAGE:SINGLE_DATA_SET,Single Data Set Alpha,,IS,UNSUBMITTED,-616172,20000000,1465,1657,0.0497,-0.006,0.2698,-0.00024,-0.06,-0.01,2014-01-01,1105034.0,20000000.0,1478.0,1647.0,0.0413,0.0107,0.2202,0.000517,0.03,0.11,-1164629.0,20000000.0,1465.0,1657.0,0.0497,-0.0113,0.2791,-0.000453,-0.04,-0.13,LOW_SHARPE,FAIL,1.58,-0.06,LOW_FITNESS,FAIL,1.0,-0.01,LOW_ASI_JPN_SHARPE,FAIL,1,0.06,LOW_INVESTABILITY_CONSTRAINED_SHARPE,PASS,-0.04,0.11,LOW_TURNOVER,PASS,0.01,0.0497,HIGH_TURNOVER,PASS,0.7,0.0497,CONCENTRATED_WEIGHT,FAIL,2021-08-20,0.1,0.471308,LOW_SUB_UNIVERSE_SHARPE,PASS,-0.02,0.26,LOW_ROBUST_UNIVERSE_SHARPE.WITH_RATIO,PASS,0.9,-0.05,0.05,LOW_ROBUST_UNIVERSE_RETURNS,PASS,0.9,-0.0054,0.0045,SELF_CORRELATION,PENDING,DATA_DIVERSITY,PENDING,PROD_CORRELATION,PENDING,REGULAR_SUBMISSION,PENDING,LOW_2Y_SHARPE,FAIL,-0.27,1.58,MATCHES_COMPETITION,PENDING,AIACv2,AI Alphas Competition 2.0,PASS,MATCHES_PYRAMID,1.0,1.1,ASI/D1/FUNDAMENTAL,1.1,WARNING,MATCHES_THEMES,EDrKL34,2.0,JPN Dataset Utilization Theme,M4ZYx3D,2.0,AMR Dataset Utilization Theme,9B3qxZ4,2.0,KOR Dataset Utilization Theme,PBVkEJD,2.0,TWN Dataset Utilization Theme,by88rqy,2.0,HKG Dataset Utilization Theme,V45896D,1.0,GLB/D1 TOPDIV3000 Power Pool Feb`26 Theme,,,,,,,,,,,,,,,,,,,,,,,,,,,,,,,,,,,,
587bQQL6,REGULAR,PS40111,EQUITY,ASI,MINVOL1M,1,0,INDUSTRY,0.08,ON,VERIFY,OFF,OFF,FASTEXPR,False,2014-01-01,2023-12-31,"subtract(divide(ts_delta(operating_income, 252), operating_income), divide(ts_delta(sga_expense, 252), sga_expense))",,5,2026-02-02T04:29:01-05:00,,2026-02-02T04:29:02-05:00,,False,False,,,ace_tag,llm_test,confidence_0.75,DATA_USAGE:SINGLE_DATA_SET,Single Data Set Alpha,,IS,UNSUBMITTED,-3391328,20000000,1426,1504,0.098,-0.0328,0.9625,-0.000669,-0.2,-0.1,2014-01-01,2256795.0,20000000.0,1510.0,1423.0,0.0792,0.0218,0.5644,0.000551,0.06,0.14,-3230413.0,20000000.0,1426.0,1504.0,0.098,-0.0312,0.8319,-0.000637,-0.11,-0.22,LOW_SHARPE,FAIL,1.58,-0.2,LOW_FITNESS,FAIL,1.0,-0.1,LOW_ASI_JPN_SHARPE,FAIL,1,-0.01,LOW_INVESTABILITY_CONSTRAINED_SHARPE,PASS,-0.14,0.14,LOW_TURNOVER,PASS,0.01,0.098,HIGH_TURNOVER,PASS,0.7,0.098,CONCENTRATED_WEIGHT,FAIL,2017-11-15,0.1,0.499528,LOW_SUB_UNIVERSE_SHARPE,PASS,-0.06,0.61,LOW_ROBUST_UNIVERSE_SHARPE.WITH_RATIO,PASS,0.9,-0.18,0.27,LOW_ROBUST_UNIVERSE_RETURNS,PASS,0.9,-0.0295,0.0355,SELF_CORRELATION,PENDING,DATA_DIVERSITY,PENDING,PROD_CORRELATION,PENDING,REGULAR_SUBMISSION,PENDING,LOW_2Y_SHARPE,FAIL,-0.09,1.58,MATCHES_COMPETITION,PENDING,AIACv2,AI Alphas Competition 2.0,PASS,MATCHES_PYRAMID,1.0,1.1,ASI/D1/FUNDAMENTAL,1.1,WARNING,MATCHES_THEMES,EDrKL34,2.0,JPN Dataset Utilization Theme,M4ZYx3D,2.0,AMR Dataset Utilization Theme,9B3qxZ4,2.0,KOR Dataset Utilization Theme,PBVkEJD,2.0,TWN Dataset Utilization Theme,by88rqy,2.0,HKG Dataset Utilization Theme,V45896D,1.0,GLB/D1 TOPDIV3000 Power Pool Feb`26 Theme,,,,,,,,,,,,,,,,,,,,,,,,,,,,,,,,,,,,
1YV9xxzR,REGULAR,PS40111,EQUITY,ASI,MINVOL1M,1,0,INDUSTRY,0.08,ON,VERIFY,OFF,OFF,FASTEXPR,False,2014-01-01,2023-12-31,"divide(ts_delta(cash_st, 252), liabilities)",,2,2026-02-02T04:29:03-05:00,,2026-02-02T04:29:03-05:00,,False,False,,,ace_tag,llm_test,confidence_0.8,DATA_USAGE:SINGLE_DATA_SET,Single Data Set Alpha,,IS,UNSUBMITTED,2055582,20000000,1281,1732,0.0706,0.0199,0.4995,0.000563,0.14,0.06,2014-01-01,2655183.0,20000000.0,1262.0,1753.0,0.0573,0.0257,0.5023,0.000895,0.08,0.18,6047645.0,20000000.0,1281.0,1732.0,0.0706,0.0584,0.3482,0.001655,0.33,0.48,LOW_SHARPE,FAIL,1.58,0.14,LOW_FITNESS,FAIL,1.0,0.06,LOW_ASI_JPN_SHARPE,FAIL,1,-0.01,LOW_INVESTABILITY_CONSTRAINED_SHARPE,PASS,0.1,0.18,LOW_TURNOVER,PASS,0.01,0.0706,HIGH_TURNOVER,PASS,0.7,0.0706,CONCENTRATED_WEIGHT,FAIL,2021-02-03,0.1,0.447655,LOW_SUB_UNIVERSE_SHARPE,FAIL,0.04,-0.69,LOW_ROBUST_UNIVERSE_SHARPE.WITH_RATIO,FAIL,0.9,0.13,-0.27,LOW_ROBUST_UNIVERSE_RETURNS,FAIL,0.9,0.0179,-0.0401,SELF_CORRELATION,PENDING,DATA_DIVERSITY,PENDING,PROD_CORRELATION,PENDING,REGULAR_SUBMISSION,PENDING,LOW_2Y_SHARPE,FAIL,0.26,1.58,MATCHES_COMPETITION,PENDING,AIACv2,AI Alphas Competition 2.0,PASS,MATCHES_PYRAMID,1.0,1.1,ASI/D1/FUNDAMENTAL,1.1,WARNING,MATCHES_THEMES,EDrKL34,2.0,JPN Dataset Utilization Theme,M4ZYx3D,2.0,AMR Dataset Utilization Theme,9B3qxZ4,2.0,KOR Dataset Utilization Theme,PBVkEJD,2.0,TWN Dataset Utilization Theme,by88rqy,2.0,HKG Dataset Utilization Theme,V45896D,1.0,GLB/D1 TOPDIV3000 Power Pool Feb`26 Theme,,,,,,,,,,,,,,,,,,,,,,,,,,,,,,,,,,,,
kqk7VaAz,REGULAR,PS40111,EQUITY,ASI,MINVOL1M,1,0,INDUSTRY,0.08,ON,VERIFY,OFF,OFF,FASTEXPR,False,2014-01-01,2023-12-31,"divide(ts_delta(revenue, 252), ts_sum(capex, 252))",,3,2026-02-02T04:30:19-05:00,,2026-02-02T04:30:20-05:00,,False,False,,,ace_tag,llm_test,confidence_0.74,DATA_USAGE:SINGLE_DATA_SET,Single Data Set Alpha,,IS,UNSUBMITTED,-8320744,20000000,1882,1120,0.0739,-0.0804,0.8898,-0.002176,-0.53,-0.43,2014-01-01,-5905609.0,20000000.0,1858.0,1147.0,0.0573,-0.0571,0.7921,-0.001991,-0.26,-0.38,-8651821.0,20000000.0,1882.0,1120.0,0.0739,-0.0836,0.9159,-0.002262,-0.5,-0.61,LOW_SHARPE,FAIL,1.58,-0.53,LOW_FITNESS,FAIL,1.0,-0.43,LOW_ASI_JPN_SHARPE,FAIL,1,0.5,LOW_INVESTABILITY_CONSTRAINED_SHARPE,FAIL,-0.37,-0.38,LOW_TURNOVER,PASS,0.01,0.0739,HIGH_TURNOVER,PASS,0.7,0.0739,CONCENTRATED_WEIGHT,FAIL,2016-07-05,0.1,0.4456,LOW_SUB_UNIVERSE_SHARPE,PASS,-0.16,-0.09,LOW_ROBUST_UNIVERSE_SHARPE.WITH_RATIO,FAIL,0.9,-0.48,-0.5,LOW_ROBUST_UNIVERSE_RETURNS,PASS,0.9,-0.0724,-0.0676,SELF_CORRELATION,PENDING,DATA_DIVERSITY,PENDING,PROD_CORRELATION,PENDING,REGULAR_SUBMISSION,PENDING,LOW_2Y_SHARPE,FAIL,-0.69,1.58,MATCHES_COMPETITION,PENDING,AIACv2,AI Alphas Competition 2.0,PASS,MATCHES_PYRAMID,1.0,1.1,ASI/D1/FUNDAMENTAL,1.1,WARNING,MATCHES_THEMES,EDrKL34,2.0,JPN Dataset Utilization Theme,M4ZYx3D,2.0,AMR Dataset Utilization Theme,9B3qxZ4,2.0,KOR Dataset Utilization Theme,PBVkEJD,2.0,TWN Dataset Utilization Theme,by88rqy,2.0,HKG Dataset Utilization Theme,V45896D,1.0,GLB/D1 TOPDIV3000 Power Pool Feb`26 Theme,,,,,,,,,,,,,,,,,,,,,,,,,,,,,,,,,,,,
RRZ3VeGd,REGULAR,PS40111,EQUITY,ASI,MINVOL1M,1,0,INDUSTRY,0.08,ON,VERIFY,OFF,OFF,FASTEXPR,False,2014-01-01,2023-12-31,"divide(ts_delta(fnd23_pdcf, 252), income)",,2,2026-02-02T04:30:19-05:00,,2026-02-02T04:30:20-05:00,,False,False,,,ace_tag,llm_test,confidence_0.66,DATA_USAGE:SINGLE_DATA_SET,Single Data Set Alpha,,IS,UNSUBMITTED,583595,20000000,1493,1318,0.0633,0.0056,0.273,0.000178,0.07,0.01,2014-01-01,4135424.0,20000000.0,1474.0,1341.0,0.0569,0.04,0.125,0.001404,0.29,0.51,-58055.0,20000000.0,1493.0,1318.0,0.0633,-0.0006,0.2836,-1.8e-05,-0.0,-0.01,LOW_SHARPE,FAIL,1.58,0.07,LOW_FITNESS,FAIL,1.0,0.01,LOW_ASI_JPN_SHARPE,FAIL,1,0.07,LOW_INVESTABILITY_CONSTRAINED_SHARPE,PASS,0.05,0.51,LOW_TURNOVER,PASS,0.01,0.0633,HIGH_TURNOVER,PASS,0.7,0.0633,CONCENTRATED_WEIGHT,FAIL,2014-01-03,0.1,0.437196,LOW_SUB_UNIVERSE_SHARPE,FAIL,0.02,-0.1,LOW_ROBUST_UNIVERSE_SHARPE.WITH_RATIO,FAIL,0.9,0.06,-0.07,LOW_ROBUST_UNIVERSE_RETURNS,FAIL,0.9,0.005,-0.0058,SELF_CORRELATION,PENDING,DATA_DIVERSITY,PENDING,PROD_CORRELATION,PENDING,REGULAR_SUBMISSION,PENDING,LOW_2Y_SHARPE,FAIL,0.48,1.58,MATCHES_COMPETITION,PENDING,AIACv2,AI Alphas Competition 2.0,PASS,MATCHES_PYRAMID,1.0,1.1,ASI/D1/FUNDAMENTAL,1.1,WARNING,MATCHES_THEMES,EDrKL34,2.0,JPN Dataset Utilization Theme,M4ZYx3D,2.0,AMR Dataset Utilization Theme,9B3qxZ4,2.0,KOR Dataset Utilization Theme,PBVkEJD,2.0,TWN Dataset Utilization Theme,by88rqy,2.0,HKG Dataset Utilization Theme,V45896D,1.0,GLB/D1 TOPDIV3000 Power Pool Feb`26 Theme,,,,,,,,,,,,,,,,,,,,,,,,,,,,,,,,,,,,
88ko33lm,REGULAR,PS40111,EQUITY,ASI,MINVOL1M,1,0,INDUSTRY,0.08,ON,VERIFY,OFF,OFF,FASTEXPR,False,2014-01-01,2023-12-31,"ts_delta(fnd23_vbts, 252)",,1,2026-02-02T04:29:03-05:00,,2026-02-02T04:29:03-05:00,,False,False,,,ace_tag,llm_test,confidence_0.7,DATA_USAGE:SINGLE_DATA_SET,Single Data Set Alpha,,IS,UNSUBMITTED,3436622,20000000,859,2270,0.0189,0.0332,0.1893,0.00351,0.33,0.17,2014-01-01,2147035.0,20000000.0,876.0,2255.0,0.0178,0.0207,0.2146,0.002331,0.09,0.21,1167411.0,20000000.0,859.0,2270.0,0.0189,0.0113,0.1154,0.001192,0.06,0.19,LOW_SHARPE,FAIL,1.58,0.33,LOW_FITNESS,FAIL,1.0,0.17,LOW_ASI_JPN_SHARPE,FAIL,1,0.45,LOW_INVESTABILITY_CONSTRAINED_SHARPE,FAIL,0.23,0.21,LOW_TURNOVER,PASS,0.01,0.0189,HIGH_TURNOVER,PASS,0.7,0.0189,CONCENTRATED_WEIGHT,PASS,,,,LOW_SUB_UNIVERSE_SHARPE,PASS,0.1,0.4,LOW_ROBUST_UNIVERSE_SHARPE.WITH_RATIO,FAIL,0.9,0.3,0.26,LOW_ROBUST_UNIVERSE_RETURNS,FAIL,0.9,0.0299,0.0275,SELF_CORRELATION,PENDING,DATA_DIVERSITY,PENDING,PROD_CORRELATION,PENDING,REGULAR_SUBMISSION,PENDING,LOW_2Y_SHARPE,FAIL,-0.21,1.58,MATCHES_COMPETITION,PENDING,AIACv2,AI Alphas Competition 2.0,PASS,MATCHES_PYRAMID,1.0,1.1,ASI/D1/FUNDAMENTAL,1.1,WARNING,MATCHES_THEMES,EDrKL34,2.0,JPN Dataset Utilization Theme,M4ZYx3D,2.0,AMR Dataset Utilization Theme,9B3qxZ4,2.0,KOR Dataset Utilization Theme,PBVkEJD,2.0,TWN Dataset Utilization Theme,by88rqy,2.0,HKG Dataset Utilization Theme,V45896D,1.0,GLB/D1 TOPDIV3000 Power Pool Feb`26 Theme,,,,,,,,,,,,,,,,,,,,,,,,,,,,,,,,,,,,
omwp66nk,REGULAR,PS40111,EQUITY,ASI,MINVOL1M,1,0,INDUSTRY,0.08,ON,VERIFY,OFF,OFF,FASTEXPR,False,2014-01-01,2023-12-31,"subtract(divide(ts_delta(fnd23_caiv, 252), fnd23_caiv), divide(ts_delta(income, 252), income))",,5,2026-02-02T04:29:02-05:00,,2026-02-02T04:29:02-05:00,,False,False,,,ace_tag,llm_test,confidence_0.77,DATA_USAGE:SINGLE_DATA_SET,Single Data Set Alpha,,IS,UNSUBMITTED,-207545,20000000,1462,1642,0.0759,-0.002,0.4368,-5.3e-05,-0.02,-0.0,2014-01-01,-4010621.0,20000000.0,1479.0,1628.0,0.0645,-0.0388,0.5005,-0.001201,-0.22,-0.4,-415732.0,20000000.0,1462.0,1642.0,0.0759,-0.004,0.3503,-0.000106,-0.01,-0.04,LOW_SHARPE,FAIL,1.58,-0.02,LOW_FITNESS,FAIL,1.0,-0.0,LOW_ASI_JPN_SHARPE,FAIL,1,-0.06,LOW_INVESTABILITY_CONSTRAINED_SHARPE,FAIL,-0.01,-0.4,LOW_TURNOVER,PASS,0.01,0.0759,HIGH_TURNOVER,PASS,0.7,0.0759,CONCENTRATED_WEIGHT,FAIL,2019-12-30,0.1,0.36039,LOW_SUB_UNIVERSE_SHARPE,PASS,-0.01,0.36,LOW_ROBUST_UNIVERSE_SHARPE.WITH_RATIO,PASS,0.9,-0.02,0.05,LOW_ROBUST_UNIVERSE_RETURNS,PASS,0.9,-0.0018,0.0055,SELF_CORRELATION,PENDING,DATA_DIVERSITY,PENDING,PROD_CORRELATION,PENDING,REGULAR_SUBMISSION,PENDING,LOW_2Y_SHARPE,FAIL,0.61,1.58,MATCHES_COMPETITION,PENDING,AIACv2,AI Alphas Competition 2.0,PASS,MATCHES_PYRAMID,1.0,1.1,ASI/D1/FUNDAMENTAL,1.1,WARNING,MATCHES_THEMES,EDrKL34,2.0,JPN Dataset Utilization Theme,M4ZYx3D,2.0,AMR Dataset Utilization Theme,9B3qxZ4,2.0,KOR Dataset Utilization Theme,PBVkEJD,2.0,TWN Dataset Utilization Theme,by88rqy,2.0,HKG Dataset Utilization Theme,V45896D,1.0,GLB/D1 TOPDIV3000 Power Pool Feb`26 Theme,,,,,,,,,,,,,,,,,,,,,,,,,,,,,,,,,,,,
WjwqPgPo,REGULAR,PS40111,EQUITY,ASI,MINVOL1M,1,0,INDUSTRY,0.08,ON,VERIFY,OFF,OFF,FASTEXPR,False,2014-01-01,2023-12-31,"subtract(divide(ts_delta(revenue, 252), revenue), divide(ts_delta(operating_expense, 252), operating_expense))",Declining operating_expense growth vs revenue growth indicates cost control. Uses operating_expense and revenue. SUG1 & SUG4 applied. Confidence 0.74.,5,2026-02-02T04:27:45-05:00,,2026-02-02T04:27:48-05:00,,False,False,,,ace_tag,llm_test,confidence_0.75,DATA_USAGE:SINGLE_DATA_SET,Single Data Set Alpha,,IS,UNSUBMITTED,6015510,20000000,1817,1209,0.1186,0.0581,0.9739,0.00098,0.31,0.21,2014-01-01,5725800.0,20000000.0,1742.0,1287.0,0.0873,0.0553,0.9392,0.001268,0.21,0.32,1011038.0,20000000.0,1817.0,1209.0,0.1186,0.0098,0.9431,0.000165,0.02,0.06,LOW_SHARPE,FAIL,1.58,0.31,LOW_FITNESS,FAIL,1.0,0.21,LOW_ASI_JPN_SHARPE,FAIL,1,0.41,LOW_INVESTABILITY_CONSTRAINED_SHARPE,PASS,0.22,0.32,LOW_TURNOVER,PASS,0.01,0.1186,HIGH_TURNOVER,PASS,0.7,0.1186,CONCENTRATED_WEIGHT,FAIL,2017-02-22,0.1,0.498206,LOW_SUB_UNIVERSE_SHARPE,PASS,0.09,0.14,LOW_ROBUST_UNIVERSE_SHARPE.WITH_RATIO,PASS,0.9,0.28,0.4,LOW_ROBUST_UNIVERSE_RETURNS,PASS,0.9,0.0523,0.0746,SELF_CORRELATION,PENDING,DATA_DIVERSITY,PENDING,PROD_CORRELATION,PENDING,REGULAR_SUBMISSION,PENDING,LOW_2Y_SHARPE,PASS,2.42,1.58,MATCHES_COMPETITION,PENDING,AIACv2,AI Alphas Competition 2.0,PASS,MATCHES_PYRAMID,1.0,1.1,ASI/D1/FUNDAMENTAL,1.1,WARNING,MATCHES_THEMES,EDrKL34,2.0,JPN Dataset Utilization Theme,M4ZYx3D,2.0,AMR Dataset Utilization Theme,9B3qxZ4,2.0,KOR Dataset Utilization Theme,PBVkEJD,2.0,TWN Dataset Utilization Theme,by88rqy,2.0,HKG Dataset Utilization Theme,V45896D,1.0,GLB/D1 TOPDIV3000 Power Pool Feb`26 Theme,,,,,,,,,,,,,,,,,,,,,,,,,,,,,,,,,,,,
j2lE3V59,REGULAR,PS40111,EQUITY,ASI,MINVOL1M,1,0,INDUSTRY,0.08,ON,VERIFY,OFF,OFF,FASTEXPR,False,2014-01-01,2023-12-31,"ts_delta(current_ratio, 252)",,1,2026-02-02T04:30:20-05:00,,2026-02-02T04:30:20-05:00,,False,False,,,ace_tag,llm_test,confidence_0.73,DATA_USAGE:SINGLE_DATA_SET,Single Data Set Alpha,,IS,UNSUBMITTED,-202324,20000000,1560,1415,0.0391,-0.002,0.363,-0.0001,-0.02,-0.0,2014-01-01,1552033.0,20000000.0,1549.0,1429.0,0.0371,0.015,0.2679,0.000808,0.05,0.14,257253.0,20000000.0,1560.0,1415.0,0.0391,0.0025,0.3792,0.000127,0.0,0.02,LOW_SHARPE,FAIL,1.58,-0.02,LOW_FITNESS,FAIL,1.0,-0.0,LOW_ASI_JPN_SHARPE,FAIL,1,0.28,LOW_INVESTABILITY_CONSTRAINED_SHARPE,PASS,-0.01,0.14,LOW_TURNOVER,PASS,0.01,0.0391,HIGH_TURNOVER,PASS,0.7,0.0391,CONCENTRATED_WEIGHT,FAIL,2022-10-20,0.1,0.38071,LOW_SUB_UNIVERSE_SHARPE,FAIL,-0.01,-0.15,LOW_ROBUST_UNIVERSE_SHARPE.WITH_RATIO,FAIL,0.9,-0.02,-0.17,LOW_ROBUST_UNIVERSE_RETURNS,FAIL,0.9,-0.0018,-0.0181,SELF_CORRELATION,PENDING,DATA_DIVERSITY,PENDING,PROD_CORRELATION,PENDING,REGULAR_SUBMISSION,PENDING,LOW_2Y_SHARPE,FAIL,-0.5,1.58,MATCHES_COMPETITION,PENDING,AIACv2,AI Alphas Competition 2.0,PASS,MATCHES_PYRAMID,1.0,1.1,ASI/D1/FUNDAMENTAL,1.1,WARNING,MATCHES_THEMES,EDrKL34,2.0,JPN Dataset Utilization Theme,M4ZYx3D,2.0,AMR Dataset Utilization Theme,9B3qxZ4,2.0,KOR Dataset Utilization Theme,PBVkEJD,2.0,TWN Dataset Utilization Theme,by88rqy,2.0,HKG Dataset Utilization Theme,V45896D,1.0,GLB/D1 TOPDIV3000 Power Pool Feb`26 Theme,,,,,,,,,,,,,,,,,,,,,,,,,,,,,,,,,,,,
mL23mp3x,REGULAR,PS40111,EQUITY,ASI,MINVOL1M,1,0,INDUSTRY,0.08,ON,VERIFY,OFF,OFF,FASTEXPR,False,2014-01-01,2023-12-31,"ts_std_dev(operating_margin, 252)",,1,2026-02-02T04:33:52-05:00,,2026-02-02T04:33:53-05:00,,False,False,,,ace_tag,llm_test,confidence_0.68,DATA_USAGE:SINGLE_DATA_SET,Single Data Set Alpha,,IS,UNSUBMITTED,4263799,20000000,626,2563,0.0182,0.0412,0.7688,0.004535,0.13,0.07,2014-01-01,6030506.0,20000000.0,1117.0,2074.0,0.023,0.0583,0.6408,0.005059,0.14,0.2,9837081.0,20000000.0,626.0,2563.0,0.0182,0.0951,0.4037,0.010462,0.31,0.35,LOW_SHARPE,FAIL,1.58,0.13,LOW_FITNESS,FAIL,1.0,0.07,LOW_ASI_JPN_SHARPE,FAIL,1,0.0,LOW_INVESTABILITY_CONSTRAINED_SHARPE,PASS,0.09,0.2,LOW_TURNOVER,PASS,0.01,0.0182,HIGH_TURNOVER,PASS,0.7,0.0182,CONCENTRATED_WEIGHT,FAIL,2014-01-23,0.1,0.342512,LOW_SUB_UNIVERSE_SHARPE,PASS,0.04,0.21,LOW_ROBUST_UNIVERSE_SHARPE.WITH_RATIO,FAIL,0.9,0.12,0.04,LOW_ROBUST_UNIVERSE_RETURNS,FAIL,0.9,0.0371,0.0098,SELF_CORRELATION,PENDING,DATA_DIVERSITY,PENDING,PROD_CORRELATION,PENDING,REGULAR_SUBMISSION,PENDING,LOW_2Y_SHARPE,FAIL,-0.8,1.58,MATCHES_COMPETITION,PENDING,AIACv2,AI Alphas Competition 2.0,PASS,MATCHES_PYRAMID,1.0,1.1,ASI/D1/FUNDAMENTAL,1.1,WARNING,MATCHES_THEMES,EDrKL34,2.0,JPN Dataset Utilization Theme,M4ZYx3D,2.0,AMR Dataset Utilization Theme,9B3qxZ4,2.0,KOR Dataset Utilization Theme,PBVkEJD,2.0,TWN Dataset Utilization Theme,by88rqy,2.0,HKG Dataset Utilization Theme,V45896D,1.0,GLB/D1 TOPDIV3000 Power Pool Feb`26 Theme,,,,,,,,,,,,,,,,,,,,,,,,,,,,,,,,,,,,
1YV9XkOW,REGULAR,PS40111,EQUITY,ASI,MINVOL1M,1,0,INDUSTRY,0.08,ON,VERIFY,OFF,OFF,FASTEXPR,False,2014-01-01,2023-12-31,"ts_zscore(ts_delta(revenue, 252), 252)",,2,2026-02-02T04:33:48-05:00,,2026-02-02T04:33:48-05:00,,False,False,,,ace_tag,llm_test,confidence_0.72,DATA_USAGE:SINGLE_DATA_SET,Single Data Set Alpha,,IS,UNSUBMITTED,2932948,20000000,1525,1498,0.0866,0.0283,0.0524,0.000655,0.75,0.36,2014-01-01,2535497.0,20000000.0,1523.0,1502.0,0.069,0.0245,0.0536,0.00071,0.29,0.66,2647371.0,20000000.0,1525.0,1498.0,0.0866,0.0256,0.0241,0.000591,0.63,1.39,LOW_SHARPE,FAIL,1.58,0.75,LOW_FITNESS,FAIL,1.0,0.36,LOW_ASI_JPN_SHARPE,FAIL,1,0.07,LOW_INVESTABILITY_CONSTRAINED_SHARPE,PASS,0.52,0.66,LOW_TURNOVER,PASS,0.01,0.0866,HIGH_TURNOVER,PASS,0.7,0.0866,CONCENTRATED_WEIGHT,PASS,,,,LOW_SUB_UNIVERSE_SHARPE,PASS,0.22,0.42,LOW_ROBUST_UNIVERSE_SHARPE.WITH_RATIO,PASS,0.9,0.68,0.71,LOW_ROBUST_UNIVERSE_RETURNS,PASS,0.9,0.0255,0.028,SELF_CORRELATION,PENDING,DATA_DIVERSITY,PENDING,PROD_CORRELATION,PENDING,REGULAR_SUBMISSION,PENDING,LOW_2Y_SHARPE,FAIL,0.25,1.58,MATCHES_COMPETITION,PENDING,AIACv2,AI Alphas Competition 2.0,PASS,MATCHES_PYRAMID,1.0,1.1,ASI/D1/FUNDAMENTAL,1.1,WARNING,MATCHES_THEMES,EDrKL34,2.0,JPN Dataset Utilization Theme,M4ZYx3D,2.0,AMR Dataset Utilization Theme,9B3qxZ4,2.0,KOR Dataset Utilization Theme,PBVkEJD,2.0,TWN Dataset Utilization Theme,by88rqy,2.0,HKG Dataset Utilization Theme,V45896D,1.0,GLB/D1 TOPDIV3000 Power Pool Feb`26 Theme,,,,,,,,,,,,,,,,,,,,,,,,,,,,,,,,,,,,
MPlW1Nxa,REGULAR,PS40111,EQUITY,ASI,MINVOL1M,1,0,INDUSTRY,0.08,ON,VERIFY,OFF,OFF,FASTEXPR,False,2014-01-01,2023-12-31,"divide(ts_mean(cashflow_op, 252), ts_mean(receivable, 252))",,3,2026-02-02T04:32:10-05:00,,2026-02-02T04:32:11-05:00,,False,False,,,ace_tag,llm_test,confidence_0.77,DATA_USAGE:SINGLE_DATA_SET,Single Data Set Alpha,,IS,UNSUBMITTED,5832916,20000000,1372,1824,0.0271,0.0564,0.3326,0.004153,0.37,0.25,2014-01-01,5262591.0,20000000.0,1404.0,1794.0,0.025,0.0509,0.4487,0.004065,0.24,0.37,-189244.0,20000000.0,1372.0,1824.0,0.0271,-0.0018,0.4336,-0.000135,-0.0,-0.01,LOW_SHARPE,FAIL,1.58,0.37,LOW_FITNESS,FAIL,1.0,0.25,LOW_ASI_JPN_SHARPE,FAIL,1,0.06,LOW_INVESTABILITY_CONSTRAINED_SHARPE,PASS,0.26,0.37,LOW_TURNOVER,PASS,0.01,0.0271,HIGH_TURNOVER,PASS,0.7,0.0271,CONCENTRATED_WEIGHT,FAIL,2019-03-18,0.1,0.49971,LOW_SUB_UNIVERSE_SHARPE,PASS,0.11,0.43,LOW_ROBUST_UNIVERSE_SHARPE.WITH_RATIO,PASS,0.9,0.33,0.35,LOW_ROBUST_UNIVERSE_RETURNS,FAIL,0.9,0.0508,0.0496,SELF_CORRELATION,PENDING,DATA_DIVERSITY,PENDING,PROD_CORRELATION,PENDING,REGULAR_SUBMISSION,PENDING,LOW_2Y_SHARPE,FAIL,0.56,1.58,MATCHES_COMPETITION,PENDING,AIACv2,AI Alphas Competition 2.0,PASS,MATCHES_PYRAMID,1.0,1.1,ASI/D1/FUNDAMENTAL,1.1,WARNING,MATCHES_THEMES,EDrKL34,2.0,JPN Dataset Utilization Theme,M4ZYx3D,2.0,AMR Dataset Utilization Theme,9B3qxZ4,2.0,KOR Dataset Utilization Theme,PBVkEJD,2.0,TWN Dataset Utilization Theme,by88rqy,2.0,HKG Dataset Utilization Theme,V45896D,1.0,GLB/D1 TOPDIV3000 Power Pool Feb`26 Theme,,,,,,,,,,,,,,,,,,,,,,,,,,,,,,,,,,,,
ak2YL9bR,REGULAR,PS40111,EQUITY,ASI,MINVOL1M,1,0,INDUSTRY,0.08,ON,VERIFY,OFF,OFF,FASTEXPR,False,2014-01-01,2023-12-31,"subtract(divide(ts_delta(income, 252), ts_mean(income, 252)), divide(ts_delta(capex, 252), ts_mean(capex, 252)))",,7,2026-02-02T04:32:12-05:00,,2026-02-02T04:32:13-05:00,,False,False,,,ace_tag,llm_test,confidence_0.73,DATA_USAGE:SINGLE_DATA_SET,Single Data Set Alpha,,IS,UNSUBMITTED,4180895,20000000,1540,1543,0.7157,0.0404,0.2774,0.000113,0.41,0.1,2014-01-01,3318611.0,20000000.0,1612.0,1474.0,0.2623,0.0321,0.241,0.000245,0.12,0.35,8623.0,20000000.0,1540.0,1543.0,0.7157,0.0001,0.45,0.0,0.0,0.0,LOW_SHARPE,FAIL,1.58,0.41,LOW_FITNESS,FAIL,1.0,0.1,LOW_ASI_JPN_SHARPE,FAIL,1,0.38,LOW_INVESTABILITY_CONSTRAINED_SHARPE,PASS,0.29,0.35,LOW_TURNOVER,PASS,0.01,0.7157,HIGH_TURNOVER,FAIL,0.7,0.7157,CONCENTRATED_WEIGHT,FAIL,2015-07-21,0.1,0.487222,LOW_SUB_UNIVERSE_SHARPE,PASS,0.12,0.33,LOW_ROBUST_UNIVERSE_SHARPE.WITH_RATIO,PASS,0.9,0.37,0.43,LOW_ROBUST_UNIVERSE_RETURNS,PASS,0.9,0.0364,0.042,SELF_CORRELATION,PENDING,DATA_DIVERSITY,PENDING,PROD_CORRELATION,PENDING,REGULAR_SUBMISSION,PENDING,LOW_2Y_SHARPE,FAIL,0.81,1.58,MATCHES_COMPETITION,PENDING,AIACv2,AI Alphas Competition 2.0,PASS,MATCHES_PYRAMID,1.0,1.1,ASI/D1/FUNDAMENTAL,1.1,WARNING,MATCHES_THEMES,EDrKL34,2.0,JPN Dataset Utilization Theme,M4ZYx3D,2.0,AMR Dataset Utilization Theme,9B3qxZ4,2.0,KOR Dataset Utilization Theme,PBVkEJD,2.0,TWN Dataset Utilization Theme,by88rqy,2.0,HKG Dataset Utilization Theme,V45896D,1.0,GLB/D1 TOPDIV3000 Power Pool Feb`26 Theme,,,,,,,,,,,,,,,,,,,,,,,,,,,,,,,,,,,,
Gr0ad5eP,REGULAR,PS40111,EQUITY,ASI,MINVOL1M,1,0,INDUSTRY,0.08,ON,VERIFY,OFF,OFF,FASTEXPR,False,2014-01-01,2023-12-31,"subtract(divide(ts_delta(pretax_income, 252), pretax_income), ts_delta(fnd23_rtes, 252))",,4,2026-02-02T04:32:11-05:00,,2026-02-02T04:32:11-05:00,,False,False,,,ace_tag,llm_test,confidence_0.68,DATA_USAGE:SINGLE_DATA_SET,Single Data Set Alpha,,IS,UNSUBMITTED,109465,20000000,1495,1538,0.0415,0.0011,0.3375,5.1e-05,0.01,0.0,2014-01-01,1325519.0,20000000.0,1472.0,1563.0,0.0362,0.0128,0.2842,0.000708,0.05,0.17,-1666325.0,20000000.0,1495.0,1538.0,0.0415,-0.0161,0.3232,-0.000775,-0.08,-0.22,LOW_SHARPE,FAIL,1.58,0.01,LOW_FITNESS,FAIL,1.0,0.0,LOW_ASI_JPN_SHARPE,FAIL,1,-0.28,LOW_INVESTABILITY_CONSTRAINED_SHARPE,PASS,0.01,0.17,LOW_TURNOVER,PASS,0.01,0.0415,HIGH_TURNOVER,PASS,0.7,0.0415,CONCENTRATED_WEIGHT,FAIL,2023-09-14,0.1,0.484235,LOW_SUB_UNIVERSE_SHARPE,FAIL,0.0,-0.19,LOW_ROBUST_UNIVERSE_SHARPE.WITH_RATIO,PASS,0.9,0.01,0.07,LOW_ROBUST_UNIVERSE_RETURNS,PASS,0.9,0.001,0.0059,SELF_CORRELATION,PENDING,DATA_DIVERSITY,PENDING,PROD_CORRELATION,PENDING,REGULAR_SUBMISSION,PENDING,LOW_2Y_SHARPE,FAIL,0.2,1.58,MATCHES_COMPETITION,PENDING,AIACv2,AI Alphas Competition 2.0,PASS,MATCHES_PYRAMID,1.0,1.1,ASI/D1/FUNDAMENTAL,1.1,WARNING,MATCHES_THEMES,EDrKL34,2.0,JPN Dataset Utilization Theme,M4ZYx3D,2.0,AMR Dataset Utilization Theme,9B3qxZ4,2.0,KOR Dataset Utilization Theme,PBVkEJD,2.0,TWN Dataset Utilization Theme,by88rqy,2.0,HKG Dataset Utilization Theme,V45896D,1.0,GLB/D1 TOPDIV3000 Power Pool Feb`26 Theme,,,,,,,,,,,,,,,,,,,,,,,,,,,,,,,,,,,,
A1JW08QW,REGULAR,PS40111,EQUITY,ASI,MINVOL1M,1,0,INDUSTRY,0.08,ON,VERIFY,OFF,OFF,FASTEXPR,False,2014-01-01,2023-12-31,"subtract(ts_delta(sales, 252), ts_delta(inventory, 252))",,3,2026-02-02T04:32:13-05:00,,2026-02-02T04:32:13-05:00,,False,False,,,ace_tag,llm_test,confidence_0.71,DATA_USAGE:SINGLE_DATA_SET,Single Data Set Alpha,,IS,UNSUBMITTED,-448367,20000000,1269,1464,0.1084,-0.0043,0.2245,-8e-05,-0.06,-0.01,2014-01-01,59589.0,20000000.0,1276.0,1460.0,0.0728,0.0006,0.1922,1.6e-05,0.0,0.01,269959.0,20000000.0,1269.0,1464.0,0.1084,0.0026,0.1718,4.8e-05,0.01,0.05,LOW_SHARPE,FAIL,1.58,-0.06,LOW_FITNESS,FAIL,1.0,-0.01,LOW_ASI_JPN_SHARPE,FAIL,1,-0.3,LOW_INVESTABILITY_CONSTRAINED_SHARPE,PASS,-0.04,0.01,LOW_TURNOVER,PASS,0.01,0.1084,HIGH_TURNOVER,PASS,0.7,0.1084,CONCENTRATED_WEIGHT,FAIL,2021-04-16,0.1,0.499539,LOW_SUB_UNIVERSE_SHARPE,FAIL,-0.02,-0.4,LOW_ROBUST_UNIVERSE_SHARPE.WITH_RATIO,FAIL,0.9,-0.05,-0.16,LOW_ROBUST_UNIVERSE_RETURNS,FAIL,0.9,-0.0039,-0.0132,SELF_CORRELATION,PENDING,DATA_DIVERSITY,PENDING,PROD_CORRELATION,PENDING,REGULAR_SUBMISSION,PENDING,LOW_2Y_SHARPE,FAIL,-0.92,1.58,MATCHES_COMPETITION,PENDING,AIACv2,AI Alphas Competition 2.0,PASS,MATCHES_PYRAMID,1.0,1.1,ASI/D1/FUNDAMENTAL,1.1,WARNING,MATCHES_THEMES,EDrKL34,2.0,JPN Dataset Utilization Theme,M4ZYx3D,2.0,AMR Dataset Utilization Theme,9B3qxZ4,2.0,KOR Dataset Utilization Theme,PBVkEJD,2.0,TWN Dataset Utilization Theme,by88rqy,2.0,HKG Dataset Utilization Theme,V45896D,1.0,GLB/D1 TOPDIV3000 Power Pool Feb`26 Theme,,,,,,,,,,,,,,,,,,,,,,,,,,,,,,,,,,,,
rK63Opem,REGULAR,PS40111,EQUITY,ASI,MINVOL1M,1,0,INDUSTRY,0.08,ON,VERIFY,OFF,OFF,FASTEXPR,False,2014-01-01,2023-12-31,"divide(operating_income, fnd23_ltem)",,1,2026-02-02T04:33:46-05:00,,2026-02-02T04:33:46-05:00,,False,False,,,ace_tag,llm_test,confidence_0.7,DATA_USAGE:SINGLE_DATA_SET,Single Data Set Alpha,,IS,UNSUBMITTED,2944281,20000000,558,2094,0.0214,0.0285,0.33,0.002663,0.22,0.11,2014-01-01,2675495.0,20000000.0,625.0,2032.0,0.0228,0.0259,0.3876,0.002269,0.09,0.2,115982.0,20000000.0,558.0,2094.0,0.0214,0.0011,0.2222,0.000105,0.0,0.01,LOW_SHARPE,FAIL,1.58,0.22,LOW_FITNESS,FAIL,1.0,0.11,LOW_ASI_JPN_SHARPE,FAIL,1,-0.04,LOW_INVESTABILITY_CONSTRAINED_SHARPE,PASS,0.15,0.2,LOW_TURNOVER,PASS,0.01,0.0214,HIGH_TURNOVER,PASS,0.7,0.0214,CONCENTRATED_WEIGHT,FAIL,2023-03-15,0.1,0.112758,LOW_SUB_UNIVERSE_SHARPE,PASS,0.06,0.12,LOW_ROBUST_UNIVERSE_SHARPE.WITH_RATIO,FAIL,0.9,0.2,-0.18,LOW_ROBUST_UNIVERSE_RETURNS,FAIL,0.9,0.0257,-0.0243,SELF_CORRELATION,PENDING,DATA_DIVERSITY,PENDING,PROD_CORRELATION,PENDING,REGULAR_SUBMISSION,PENDING,LOW_2Y_SHARPE,FAIL,-0.08,1.58,MATCHES_COMPETITION,PENDING,AIACv2,AI Alphas Competition 2.0,PASS,MATCHES_PYRAMID,1.0,1.1,ASI/D1/FUNDAMENTAL,1.1,WARNING,MATCHES_THEMES,EDrKL34,2.0,JPN Dataset Utilization Theme,M4ZYx3D,2.0,AMR Dataset Utilization Theme,9B3qxZ4,2.0,KOR Dataset Utilization Theme,PBVkEJD,2.0,TWN Dataset Utilization Theme,by88rqy,2.0,HKG Dataset Utilization Theme,V45896D,1.0,GLB/D1 TOPDIV3000 Power Pool Feb`26 Theme,,,,,,,,,,,,,,,,,,,,,,,,,,,,,,,,,,,,
LLbj9vg1,REGULAR,PS40111,EQUITY,ASI,MINVOL1M,1,0,INDUSTRY,0.08,ON,VERIFY,OFF,OFF,FASTEXPR,False,2014-01-01,2023-12-31,"divide(ts_delta(fnd23_eaca, 252), fnd23_swds)",,2,2026-02-02T04:32:35-05:00,,2026-02-02T04:32:36-05:00,,False,False,,,ace_tag,llm_test,confidence_0.68,DATA_USAGE:SINGLE_DATA_SET,Single Data Set Alpha,,IS,UNSUBMITTED,-2178232,20000000,1133,1764,0.0273,-0.021,0.3714,-0.001541,-0.32,-0.13,2014-01-01,-3614304.0,20000000.0,1133.0,1766.0,0.0232,-0.0349,0.431,-0.003008,-0.29,-0.54,-1799488.0,20000000.0,1133.0,1764.0,0.0273,-0.0174,0.2712,-0.001273,-0.14,-0.37,LOW_SHARPE,FAIL,1.58,-0.32,LOW_FITNESS,FAIL,1.0,-0.13,LOW_ASI_JPN_SHARPE,FAIL,1,-0.13,LOW_INVESTABILITY_CONSTRAINED_SHARPE,FAIL,-0.22,-0.54,LOW_TURNOVER,PASS,0.01,0.0273,HIGH_TURNOVER,PASS,0.7,0.0273,CONCENTRATED_WEIGHT,PASS,,,,LOW_SUB_UNIVERSE_SHARPE,FAIL,-0.09,-0.28,LOW_ROBUST_UNIVERSE_SHARPE.WITH_RATIO,FAIL,0.9,-0.29,-0.37,LOW_ROBUST_UNIVERSE_RETURNS,FAIL,0.9,-0.0189,-0.0247,SELF_CORRELATION,PENDING,DATA_DIVERSITY,PENDING,PROD_CORRELATION,PENDING,REGULAR_SUBMISSION,PENDING,LOW_2Y_SHARPE,FAIL,-0.52,1.58,MATCHES_COMPETITION,PENDING,AIACv2,AI Alphas Competition 2.0,PASS,MATCHES_PYRAMID,1.0,1.1,ASI/D1/FUNDAMENTAL,1.1,WARNING,MATCHES_THEMES,EDrKL34,2.0,JPN Dataset Utilization Theme,M4ZYx3D,2.0,AMR Dataset Utilization Theme,9B3qxZ4,2.0,KOR Dataset Utilization Theme,PBVkEJD,2.0,TWN Dataset Utilization Theme,by88rqy,2.0,HKG Dataset Utilization Theme,V45896D,1.0,GLB/D1 TOPDIV3000 Power Pool Feb`26 Theme,,,,,,,,,,,,,,,,,,,,,,,,,,,,,,,,,,,,
Vkw9aobG,REGULAR,PS40111,EQUITY,ASI,MINVOL1M,1,0,INDUSTRY,0.08,ON,VERIFY,OFF,OFF,FASTEXPR,False,2014-01-01,2023-12-31,zscore(operating_margin),,1,2026-02-02T04:35:07-05:00,,2026-02-02T04:35:08-05:00,,False,False,,,ace_tag,llm_test,confidence_0.75,DATA_USAGE:SINGLE_DATA_SET,Single Data Set Alpha,,IS,UNSUBMITTED,21712467,20000000,1880,1310,0.0325,0.2098,0.8237,0.012922,0.57,0.74,2014-01-01,17263659.0,20000000.0,1655.0,1537.0,0.0367,0.1668,0.8247,0.009079,0.55,0.48,9016082.0,20000000.0,1880.0,1310.0,0.0325,0.0871,0.8143,0.005366,0.23,0.27,LOW_SHARPE,FAIL,1.58,0.57,LOW_FITNESS,FAIL,1.0,0.74,LOW_ASI_JPN_SHARPE,FAIL,1,0.43,LOW_INVESTABILITY_CONSTRAINED_SHARPE,PASS,0.4,0.48,LOW_TURNOVER,PASS,0.01,0.0325,HIGH_TURNOVER,PASS,0.7,0.0325,CONCENTRATED_WEIGHT,FAIL,2014-02-19,0.1,0.388224,LOW_SUB_UNIVERSE_SHARPE,FAIL,0.17,-0.07,LOW_ROBUST_UNIVERSE_SHARPE.WITH_RATIO,PASS,0.9,0.51,0.67,LOW_ROBUST_UNIVERSE_RETURNS,PASS,0.9,0.1888,0.2302,SELF_CORRELATION,PENDING,DATA_DIVERSITY,PENDING,PROD_CORRELATION,PENDING,REGULAR_SUBMISSION,PENDING,LOW_2Y_SHARPE,FAIL,0.32,1.58,MATCHES_COMPETITION,PENDING,AIACv2,AI Alphas Competition 2.0,PASS,MATCHES_PYRAMID,1.0,1.1,ASI/D1/FUNDAMENTAL,1.1,WARNING,MATCHES_THEMES,EDrKL34,2.0,JPN Dataset Utilization Theme,M4ZYx3D,2.0,AMR Dataset Utilization Theme,9B3qxZ4,2.0,KOR Dataset Utilization Theme,PBVkEJD,2.0,TWN Dataset Utilization Theme,by88rqy,2.0,HKG Dataset Utilization Theme,V45896D,1.0,GLB/D1 TOPDIV3000 Power Pool Feb`26 Theme,,,,,,,,,,,,,,,,,,,,,,,,,,,,,,,,,,,,
RRZ3bLoj,REGULAR,PS40111,EQUITY,ASI,MINVOL1M,1,0,INDUSTRY,0.08,ON,VERIFY,OFF,OFF,FASTEXPR,False,2014-01-01,2023-12-31,"divide(subtract(cashflow_op, capex), assets)",,2,2026-02-02T04:35:07-05:00,,2026-02-02T04:35:07-05:00,,False,False,,,ace_tag,llm_test,confidence_0.78,DATA_USAGE:SINGLE_DATA_SET,Single Data Set Alpha,,IS,UNSUBMITTED,-1783520,20000000,1455,1836,0.039,-0.0172,0.8047,-0.000884,-0.09,-0.03,2014-01-01,-1590952.0,20000000.0,1469.0,1824.0,0.0385,-0.0154,0.7676,-0.0008,-0.03,-0.08,-7280586.0,20000000.0,1455.0,1836.0,0.039,-0.0704,0.9233,-0.003607,-0.39,-0.52,LOW_SHARPE,FAIL,1.58,-0.09,LOW_FITNESS,FAIL,1.0,-0.03,LOW_ASI_JPN_SHARPE,FAIL,1,-0.19,LOW_INVESTABILITY_CONSTRAINED_SHARPE,FAIL,-0.06,-0.08,LOW_TURNOVER,PASS,0.01,0.039,HIGH_TURNOVER,PASS,0.7,0.039,CONCENTRATED_WEIGHT,FAIL,2016-01-11,0.1,0.4994,LOW_SUB_UNIVERSE_SHARPE,FAIL,-0.03,-0.26,LOW_ROBUST_UNIVERSE_SHARPE.WITH_RATIO,PASS,0.9,-0.08,0.04,LOW_ROBUST_UNIVERSE_RETURNS,PASS,0.9,-0.0155,0.0078,SELF_CORRELATION,PENDING,DATA_DIVERSITY,PENDING,PROD_CORRELATION,PENDING,REGULAR_SUBMISSION,PENDING,LOW_2Y_SHARPE,FAIL,0.39,1.58,MATCHES_COMPETITION,PENDING,AIACv2,AI Alphas Competition 2.0,PASS,MATCHES_PYRAMID,1.0,1.1,ASI/D1/FUNDAMENTAL,1.1,WARNING,MATCHES_THEMES,EDrKL34,2.0,JPN Dataset Utilization Theme,M4ZYx3D,2.0,AMR Dataset Utilization Theme,9B3qxZ4,2.0,KOR Dataset Utilization Theme,PBVkEJD,2.0,TWN Dataset Utilization Theme,by88rqy,2.0,HKG Dataset Utilization Theme,V45896D,1.0,GLB/D1 TOPDIV3000 Power Pool Feb`26 Theme,,,,,,,,,,,,,,,,,,,,,,,,,,,,,,,,,,,,
vRnqrVY3,REGULAR,PS40111,EQUITY,ASI,MINVOL1M,1,0,INDUSTRY,0.08,ON,VERIFY,OFF,OFF,FASTEXPR,False,2014-01-01,2023-12-31,"divide(ts_delta(rad, 252), ts_delta(sales, 252))",,3,2026-02-02T04:35:05-05:00,,2026-02-02T04:35:05-05:00,,False,False,,,ace_tag,llm_test,confidence_0.63,DATA_USAGE:SINGLE_DATA_SET,Single Data Set Alpha,,IS,UNSUBMITTED,5157685,20000000,1359,1294,0.1049,0.0498,0.8124,0.00095,0.18,0.11,2014-01-01,-3002041.0,20000000.0,1395.0,1261.0,0.0809,-0.029,0.8193,-0.000717,-0.06,-0.12,1839365.0,20000000.0,1359.0,1294.0,0.1049,0.0178,0.7667,0.000339,0.03,0.07,LOW_SHARPE,FAIL,1.58,0.18,LOW_FITNESS,FAIL,1.0,0.11,LOW_ASI_JPN_SHARPE,FAIL,1,-0.11,LOW_INVESTABILITY_CONSTRAINED_SHARPE,FAIL,0.13,-0.12,LOW_TURNOVER,PASS,0.01,0.1049,HIGH_TURNOVER,PASS,0.7,0.1049,CONCENTRATED_WEIGHT,FAIL,2021-02-25,0.1,0.499994,LOW_SUB_UNIVERSE_SHARPE,FAIL,0.05,-0.01,LOW_ROBUST_UNIVERSE_SHARPE.WITH_RATIO,FAIL,0.9,0.16,-0.25,LOW_ROBUST_UNIVERSE_RETURNS,FAIL,0.9,0.0448,-0.0639,SELF_CORRELATION,PENDING,DATA_DIVERSITY,PENDING,PROD_CORRELATION,PENDING,REGULAR_SUBMISSION,PENDING,LOW_2Y_SHARPE,FAIL,0.53,1.58,MATCHES_COMPETITION,PENDING,AIACv2,AI Alphas Competition 2.0,PASS,MATCHES_PYRAMID,1.0,1.1,ASI/D1/FUNDAMENTAL,1.1,WARNING,MATCHES_THEMES,EDrKL34,2.0,JPN Dataset Utilization Theme,M4ZYx3D,2.0,AMR Dataset Utilization Theme,9B3qxZ4,2.0,KOR Dataset Utilization Theme,PBVkEJD,2.0,TWN Dataset Utilization Theme,by88rqy,2.0,HKG Dataset Utilization Theme,V45896D,1.0,GLB/D1 TOPDIV3000 Power Pool Feb`26 Theme,,,,,,,,,,,,,,,,,,,,,,,,,,,,,,,,,,,,
LLbjNgVv,REGULAR,PS40111,EQUITY,ASI,MINVOL1M,1,0,INDUSTRY,0.08,ON,VERIFY,OFF,OFF,FASTEXPR,False,2014-01-01,2023-12-31,"subtract(divide(ts_delta(receivable, 252), sales), 0)",,3,2026-02-02T04:36:45-05:00,,2026-02-02T04:36:45-05:00,,False,False,,,ace_tag,llm_test,confidence_0.7,DATA_USAGE:SINGLE_DATA_SET,Single Data Set Alpha,,IS,UNSUBMITTED,-5257856,20000000,1336,1579,0.0713,-0.0508,0.6594,-0.001425,-0.19,-0.12,2014-01-01,907298.0,20000000.0,1406.0,1512.0,0.0617,0.0088,0.6633,0.000284,0.01,0.03,44636.0,20000000.0,1336.0,1579.0,0.0713,0.0004,0.4501,1.2e-05,0.0,0.0,LOW_SHARPE,FAIL,1.58,-0.19,LOW_FITNESS,FAIL,1.0,-0.12,LOW_ASI_JPN_SHARPE,FAIL,1,-0.12,LOW_INVESTABILITY_CONSTRAINED_SHARPE,PASS,-0.13,0.03,LOW_TURNOVER,PASS,0.01,0.0713,HIGH_TURNOVER,PASS,0.7,0.0713,CONCENTRATED_WEIGHT,FAIL,2016-11-15,0.1,0.499976,LOW_SUB_UNIVERSE_SHARPE,FAIL,-0.06,-0.39,LOW_ROBUST_UNIVERSE_SHARPE.WITH_RATIO,PASS,0.9,-0.17,-0.04,LOW_ROBUST_UNIVERSE_RETURNS,PASS,0.9,-0.0457,-0.01,SELF_CORRELATION,PENDING,DATA_DIVERSITY,PENDING,PROD_CORRELATION,PENDING,REGULAR_SUBMISSION,PENDING,LOW_2Y_SHARPE,FAIL,-0.29,1.58,MATCHES_COMPETITION,PENDING,AIACv2,AI Alphas Competition 2.0,PASS,MATCHES_PYRAMID,1.0,1.1,ASI/D1/FUNDAMENTAL,1.1,WARNING,MATCHES_THEMES,EDrKL34,2.0,JPN Dataset Utilization Theme,M4ZYx3D,2.0,AMR Dataset Utilization Theme,9B3qxZ4,2.0,KOR Dataset Utilization Theme,PBVkEJD,2.0,TWN Dataset Utilization Theme,by88rqy,2.0,HKG Dataset Utilization Theme,V45896D,1.0,GLB/D1 TOPDIV3000 Power Pool Feb`26 Theme,,,,,,,,,,,,,,,,,,,,,,,,,,,,,,,,,,,,
YPwrbdxA,REGULAR,PS40111,EQUITY,ASI,MINVOL1M,1,0,INDUSTRY,0.08,ON,VERIFY,OFF,OFF,FASTEXPR,False,2014-01-01,2023-12-31,"subtract(divide(ts_delta(revenue, 252), revenue), divide(ts_delta(sga_expense, 252), sga_expense))",,5,2026-02-02T04:35:04-05:00,,2026-02-02T04:35:04-05:00,,False,False,,,ace_tag,llm_test,confidence_0.71,DATA_USAGE:SINGLE_DATA_SET,Single Data Set Alpha,,IS,UNSUBMITTED,2833259,20000000,1440,1483,0.1183,0.0274,1.1667,0.000463,0.14,0.07,2014-01-01,5717348.0,20000000.0,1480.0,1446.0,0.0886,0.0553,0.8868,0.001247,0.2,0.3,1232581.0,20000000.0,1440.0,1483.0,0.1183,0.0119,1.1084,0.000201,0.02,0.07,LOW_SHARPE,FAIL,1.58,0.14,LOW_FITNESS,FAIL,1.0,0.07,LOW_ASI_JPN_SHARPE,FAIL,1,0.1,LOW_INVESTABILITY_CONSTRAINED_SHARPE,PASS,0.1,0.3,LOW_TURNOVER,PASS,0.01,0.1183,HIGH_TURNOVER,PASS,0.7,0.1183,CONCENTRATED_WEIGHT,FAIL,2017-11-30,0.1,0.499878,LOW_SUB_UNIVERSE_SHARPE,PASS,0.04,0.38,LOW_ROBUST_UNIVERSE_SHARPE.WITH_RATIO,PASS,0.9,0.13,0.46,LOW_ROBUST_UNIVERSE_RETURNS,PASS,0.9,0.0247,0.0792,SELF_CORRELATION,PENDING,DATA_DIVERSITY,PENDING,PROD_CORRELATION,PENDING,REGULAR_SUBMISSION,PENDING,LOW_2Y_SHARPE,FAIL,1.2,1.58,MATCHES_COMPETITION,PENDING,AIACv2,AI Alphas Competition 2.0,PASS,MATCHES_PYRAMID,1.0,1.1,ASI/D1/FUNDAMENTAL,1.1,WARNING,MATCHES_THEMES,EDrKL34,2.0,JPN Dataset Utilization Theme,M4ZYx3D,2.0,AMR Dataset Utilization Theme,9B3qxZ4,2.0,KOR Dataset Utilization Theme,PBVkEJD,2.0,TWN Dataset Utilization Theme,by88rqy,2.0,HKG Dataset Utilization Theme,V45896D,1.0,GLB/D1 TOPDIV3000 Power Pool Feb`26 Theme,,,,,,,,,,,,,,,,,,,,,,,,,,,,,,,,,,,,
vRnqrVkz,REGULAR,PS40111,EQUITY,ASI,MINVOL1M,1,0,INDUSTRY,0.08,ON,VERIFY,OFF,OFF,FASTEXPR,False,2014-01-01,2023-12-31,"subtract(ts_delta(receivable, 252), ts_delta(accounts_payable, 252))",,3,2026-02-02T04:35:03-05:00,,2026-02-02T04:35:04-05:00,,False,False,,,ace_tag,llm_test,confidence_0.68,DATA_USAGE:SINGLE_DATA_SET,Single Data Set Alpha,,IS,UNSUBMITTED,-912706,20000000,1283,1671,0.0564,-0.0088,0.2463,-0.000313,-0.14,-0.04,2014-01-01,-1185747.0,20000000.0,1295.0,1660.0,0.0456,-0.0115,0.2759,-0.000502,-0.05,-0.18,84738.0,20000000.0,1283.0,1671.0,0.0564,0.0008,0.1211,2.9e-05,0.0,0.02,LOW_SHARPE,FAIL,1.58,-0.14,LOW_FITNESS,FAIL,1.0,-0.04,LOW_ASI_JPN_SHARPE,FAIL,1,-0.06,LOW_INVESTABILITY_CONSTRAINED_SHARPE,FAIL,-0.1,-0.18,LOW_TURNOVER,PASS,0.01,0.0564,HIGH_TURNOVER,PASS,0.7,0.0564,CONCENTRATED_WEIGHT,PASS,,,,LOW_SUB_UNIVERSE_SHARPE,FAIL,-0.04,-0.08,LOW_ROBUST_UNIVERSE_SHARPE.WITH_RATIO,FAIL,0.9,-0.13,-0.18,LOW_ROBUST_UNIVERSE_RETURNS,FAIL,0.9,-0.0079,-0.0118,SELF_CORRELATION,PENDING,DATA_DIVERSITY,PENDING,PROD_CORRELATION,PENDING,REGULAR_SUBMISSION,PENDING,LOW_2Y_SHARPE,FAIL,-0.15,1.58,MATCHES_COMPETITION,PENDING,AIACv2,AI Alphas Competition 2.0,PASS,MATCHES_PYRAMID,1.0,1.1,ASI/D1/FUNDAMENTAL,1.1,WARNING,MATCHES_THEMES,EDrKL34,2.0,JPN Dataset Utilization Theme,M4ZYx3D,2.0,AMR Dataset Utilization Theme,9B3qxZ4,2.0,KOR Dataset Utilization Theme,PBVkEJD,2.0,TWN Dataset Utilization Theme,by88rqy,2.0,HKG Dataset Utilization Theme,V45896D,1.0,GLB/D1 TOPDIV3000 Power Pool Feb`26 Theme,,,,,,,,,,,,,,,,,,,,,,,,,,,,,,,,,,,,
ak2Yb3KR,REGULAR,PS40111,EQUITY,ASI,MINVOL1M,1,0,INDUSTRY,0.08,ON,VERIFY,OFF,OFF,FASTEXPR,False,2014-01-01,2023-12-31,"ts_arg_min(operating_margin, 252)",,1,2026-02-02T04:35:04-05:00,,2026-02-02T04:35:05-05:00,,False,False,,,ace_tag,llm_test,confidence_0.65,DATA_USAGE:SINGLE_DATA_SET,Single Data Set Alpha,,IS,UNSUBMITTED,4282122,20000000,1656,1533,0.0283,0.0414,0.0458,0.002919,1.33,0.77,2014-01-01,4368513.0,20000000.0,1660.0,1532.0,0.0287,0.0422,0.0514,0.002946,0.8,1.37,2594474.0,20000000.0,1656.0,1533.0,0.0283,0.0251,0.0228,0.001769,0.74,1.65,LOW_SHARPE,WARNING,1.58,1.33,LOW_FITNESS,WARNING,1.0,0.77,LOW_ASI_JPN_SHARPE,FAIL,1,0.14,LOW_INVESTABILITY_CONSTRAINED_SHARPE,PASS,0.93,1.37,LOW_TURNOVER,PASS,0.01,0.0283,HIGH_TURNOVER,PASS,0.7,0.0283,CONCENTRATED_WEIGHT,PASS,,,,LOW_SUB_UNIVERSE_SHARPE,PASS,0.39,0.63,LOW_ROBUST_UNIVERSE_SHARPE.WITH_RATIO,FAIL,0.9,1.2,1.1,LOW_ROBUST_UNIVERSE_RETURNS,FAIL,0.9,0.0373,0.0358,SELF_CORRELATION,PENDING,DATA_DIVERSITY,PENDING,PROD_CORRELATION,PENDING,REGULAR_SUBMISSION,PENDING,LOW_2Y_SHARPE,WARNING,1.07,1.58,POWER_POOL_CORRELATION,PENDING,,,PENDING,MATCHES_COMPETITION,,,,,PASS,MATCHES_PYRAMID,,,,,,,,,,,,,,,,,,,,,,,,,,,,,AIACv2,AI Alphas Competition 2.0,1.0,1.1,ASI/D1/FUNDAMENTAL,1.1,WARNING,MATCHES_THEMES,EDrKL34,2.0,JPN Dataset Utilization Theme,M4ZYx3D,2.0,AMR Dataset Utilization Theme,9B3qxZ4,2.0,KOR Dataset Utilization Theme,PBVkEJD,2.0,TWN Dataset Utilization Theme,by88rqy,2.0,HKG Dataset Utilization Theme,V45896D,1.0,GLB/D1 TOPDIV3000 Power Pool Feb`26 Theme
E507pAn0,REGULAR,PS40111,EQUITY,ASI,MINVOL1M,1,0,INDUSTRY,0.08,ON,VERIFY,OFF,OFF,FASTEXPR,False,2014-01-01,2023-12-31,"subtract(divide(income, 1), divide(fnd23_ists, income))",,3,2026-02-02T04:35:07-05:00,,2026-02-02T04:35:08-05:00,,False,False,,,ace_tag,llm_test,confidence_0.74,DATA_USAGE:SINGLE_DATA_SET,Single Data Set Alpha,,IS,UNSUBMITTED,5864878,20000000,671,2540,0.0143,0.0567,0.2577,0.007931,0.46,0.31,2014-01-01,4465537.0,20000000.0,698.0,2515.0,0.0151,0.0432,0.2555,0.005724,0.21,0.36,2231437.0,20000000.0,671.0,2540.0,0.0143,0.0216,0.176,0.003018,0.14,0.34,LOW_SHARPE,FAIL,1.58,0.46,LOW_FITNESS,FAIL,1.0,0.31,LOW_ASI_JPN_SHARPE,FAIL,1,0.18,LOW_INVESTABILITY_CONSTRAINED_SHARPE,PASS,0.32,0.36,LOW_TURNOVER,PASS,0.01,0.0143,HIGH_TURNOVER,PASS,0.7,0.0143,CONCENTRATED_WEIGHT,PASS,,,,LOW_SUB_UNIVERSE_SHARPE,PASS,0.14,0.58,LOW_ROBUST_UNIVERSE_SHARPE.WITH_RATIO,FAIL,0.9,0.41,0.3,LOW_ROBUST_UNIVERSE_RETURNS,FAIL,0.9,0.051,0.0373,SELF_CORRELATION,PENDING,DATA_DIVERSITY,PENDING,PROD_CORRELATION,PENDING,REGULAR_SUBMISSION,PENDING,LOW_2Y_SHARPE,FAIL,0.47,1.58,MATCHES_COMPETITION,PENDING,AIACv2,AI Alphas Competition 2.0,PASS,MATCHES_PYRAMID,1.0,1.1,ASI/D1/FUNDAMENTAL,1.1,WARNING,MATCHES_THEMES,EDrKL34,2.0,JPN Dataset Utilization Theme,M4ZYx3D,2.0,AMR Dataset Utilization Theme,9B3qxZ4,2.0,KOR Dataset Utilization Theme,PBVkEJD,2.0,TWN Dataset Utilization Theme,by88rqy,2.0,HKG Dataset Utilization Theme,V45896D,1.0,GLB/D1 TOPDIV3000 Power Pool Feb`26 Theme,,,,,,,,,,,,,,,,,,,,,,,,,,,,,,,,,,,,
pwJXR5vb,REGULAR,PS40111,EQUITY,ASI,MINVOL1M,1,0,INDUSTRY,0.08,ON,VERIFY,OFF,OFF,FASTEXPR,False,2014-01-01,2023-12-31,"ts_delta(divide(ebitda, revenue), 252)",,2,2026-02-02T04:39:29-05:00,,2026-02-02T04:39:29-05:00,,False,False,,,ace_tag,llm_test,confidence_0.76,DATA_USAGE:SINGLE_DATA_SET,Single Data Set Alpha,,IS,UNSUBMITTED,4669001,20000000,1466,1510,0.0658,0.0451,0.7206,0.001372,0.15,0.09,2014-01-01,2192643.0,20000000.0,1678.0,1302.0,0.059,0.0212,0.8884,0.000719,0.03,0.07,6991659.0,20000000.0,1466.0,1510.0,0.0658,0.0676,0.6283,0.002055,0.18,0.24,LOW_SHARPE,FAIL,1.58,0.15,LOW_FITNESS,FAIL,1.0,0.09,LOW_ASI_JPN_SHARPE,FAIL,1,0.01,LOW_INVESTABILITY_CONSTRAINED_SHARPE,FAIL,0.1,0.07,LOW_TURNOVER,PASS,0.01,0.0658,HIGH_TURNOVER,PASS,0.7,0.0658,CONCENTRATED_WEIGHT,FAIL,2014-06-18,0.1,0.473037,LOW_SUB_UNIVERSE_SHARPE,FAIL,0.04,0.01,LOW_ROBUST_UNIVERSE_SHARPE.WITH_RATIO,FAIL,0.9,0.14,-0.17,LOW_ROBUST_UNIVERSE_RETURNS,FAIL,0.9,0.0406,-0.0421,SELF_CORRELATION,PENDING,DATA_DIVERSITY,PENDING,PROD_CORRELATION,PENDING,REGULAR_SUBMISSION,PENDING,LOW_2Y_SHARPE,FAIL,-0.22,1.58,MATCHES_COMPETITION,PENDING,AIACv2,AI Alphas Competition 2.0,PASS,MATCHES_PYRAMID,1.0,1.1,ASI/D1/FUNDAMENTAL,1.1,WARNING,MATCHES_THEMES,EDrKL34,2.0,JPN Dataset Utilization Theme,M4ZYx3D,2.0,AMR Dataset Utilization Theme,9B3qxZ4,2.0,KOR Dataset Utilization Theme,PBVkEJD,2.0,TWN Dataset Utilization Theme,by88rqy,2.0,HKG Dataset Utilization Theme,V45896D,1.0,GLB/D1 TOPDIV3000 Power Pool Feb`26 Theme,,,,,,,,,,,,,,,,,,,,,,,,,,,,,,,,,,,,
omwpLgAk,REGULAR,PS40111,EQUITY,ASI,MINVOL1M,1,0,INDUSTRY,0.08,ON,VERIFY,OFF,OFF,FASTEXPR,False,2014-01-01,2023-12-31,"ts_delta(return_assets, 252)",,1,2026-02-02T04:38:14-05:00,,2026-02-02T04:38:15-05:00,,False,False,,,ace_tag,llm_test,confidence_0.79,DATA_USAGE:SINGLE_DATA_SET,Single Data Set Alpha,,IS,UNSUBMITTED,2229857,20000000,1607,1538,0.0682,0.0215,0.2835,0.000632,0.14,0.06,2014-01-01,2704831.0,20000000.0,1626.0,1522.0,0.0585,0.0261,0.4878,0.000893,0.09,0.19,-545235.0,20000000.0,1607.0,1538.0,0.0682,-0.0053,0.3231,-0.000155,-0.01,-0.04,LOW_SHARPE,FAIL,1.58,0.14,LOW_FITNESS,FAIL,1.0,0.06,LOW_ASI_JPN_SHARPE,FAIL,1,0.17,LOW_INVESTABILITY_CONSTRAINED_SHARPE,PASS,0.1,0.19,LOW_TURNOVER,PASS,0.01,0.0682,HIGH_TURNOVER,PASS,0.7,0.0682,CONCENTRATED_WEIGHT,FAIL,2023-07-28,0.1,0.47022,LOW_SUB_UNIVERSE_SHARPE,PASS,0.04,0.17,LOW_ROBUST_UNIVERSE_SHARPE.WITH_RATIO,PASS,0.9,0.13,0.15,LOW_ROBUST_UNIVERSE_RETURNS,FAIL,0.9,0.0193,0.0183,SELF_CORRELATION,PENDING,DATA_DIVERSITY,PENDING,PROD_CORRELATION,PENDING,REGULAR_SUBMISSION,PENDING,LOW_2Y_SHARPE,FAIL,0.26,1.58,MATCHES_COMPETITION,PENDING,AIACv2,AI Alphas Competition 2.0,PASS,MATCHES_PYRAMID,1.0,1.1,ASI/D1/FUNDAMENTAL,1.1,WARNING,MATCHES_THEMES,EDrKL34,2.0,JPN Dataset Utilization Theme,M4ZYx3D,2.0,AMR Dataset Utilization Theme,9B3qxZ4,2.0,KOR Dataset Utilization Theme,PBVkEJD,2.0,TWN Dataset Utilization Theme,by88rqy,2.0,HKG Dataset Utilization Theme,V45896D,1.0,GLB/D1 TOPDIV3000 Power Pool Feb`26 Theme,,,,,,,,,,,,,,,,,,,,,,,,,,,,,,,,,,,,
9qPvj8ao,REGULAR,PS40111,EQUITY,ASI,MINVOL1M,1,0,INDUSTRY,0.08,ON,VERIFY,OFF,OFF,FASTEXPR,False,2014-01-01,2023-12-31,"ts_ir(ts_delta(income, 252), 252)",,2,2026-02-02T04:40:33-05:00,,2026-02-02T04:40:33-05:00,,False,False,,,ace_tag,llm_test,confidence_0.7,DATA_USAGE:SINGLE_DATA_SET,Single Data Set Alpha,,IS,UNSUBMITTED,-15159611,20000000,1387,1752,0.306,-0.1465,1.6036,-0.000958,-0.69,-0.48,2014-01-01,2114830.0,20000000.0,1471.0,1670.0,0.1381,0.0204,0.5782,0.000296,0.04,0.11,-8664495.0,20000000.0,1387.0,1752.0,0.306,-0.0837,1.0575,-0.000547,-0.23,-0.44,LOW_SHARPE,FAIL,1.58,-0.69,LOW_FITNESS,FAIL,1.0,-0.48,LOW_ASI_JPN_SHARPE,FAIL,1,-0.54,LOW_INVESTABILITY_CONSTRAINED_SHARPE,PASS,-0.48,0.11,LOW_TURNOVER,PASS,0.01,0.306,HIGH_TURNOVER,PASS,0.7,0.306,CONCENTRATED_WEIGHT,FAIL,2019-09-26,0.1,0.49947,LOW_SUB_UNIVERSE_SHARPE,FAIL,-0.2,-0.55,LOW_ROBUST_UNIVERSE_SHARPE.WITH_RATIO,PASS,0.9,-0.62,-0.38,LOW_ROBUST_UNIVERSE_RETURNS,PASS,0.9,-0.1318,-0.0791,SELF_CORRELATION,PENDING,DATA_DIVERSITY,PENDING,PROD_CORRELATION,PENDING,REGULAR_SUBMISSION,PENDING,LOW_2Y_SHARPE,FAIL,-0.56,1.58,MATCHES_COMPETITION,PENDING,AIACv2,AI Alphas Competition 2.0,PASS,MATCHES_PYRAMID,1.0,1.1,ASI/D1/FUNDAMENTAL,1.1,WARNING,MATCHES_THEMES,EDrKL34,2.0,JPN Dataset Utilization Theme,M4ZYx3D,2.0,AMR Dataset Utilization Theme,9B3qxZ4,2.0,KOR Dataset Utilization Theme,PBVkEJD,2.0,TWN Dataset Utilization Theme,by88rqy,2.0,HKG Dataset Utilization Theme,V45896D,1.0,GLB/D1 TOPDIV3000 Power Pool Feb`26 Theme,,,,,,,,,,,,,,,,,,,,,,,,,,,,,,,,,,,,
omwpLE7k,REGULAR,PS40111,EQUITY,ASI,MINVOL1M,1,0,INDUSTRY,0.08,ON,VERIFY,OFF,OFF,FASTEXPR,False,2014-01-01,2023-12-31,"divide(ts_delta(cash_st, 252), liabilities_curr)",,2,2026-02-02T04:39:47-05:00,,2026-02-02T04:39:47-05:00,,False,False,,,ace_tag,llm_test,confidence_0.78,DATA_USAGE:SINGLE_DATA_SET,Single Data Set Alpha,,IS,UNSUBMITTED,-1023925,20000000,1289,1690,0.0705,-0.0099,0.5435,-0.000281,-0.08,-0.02,2014-01-01,1346851.0,20000000.0,1273.0,1708.0,0.0575,0.013,0.5036,0.000453,0.04,0.11,3417207.0,20000000.0,1289.0,1690.0,0.0705,0.033,0.4325,0.000936,0.15,0.3,LOW_SHARPE,FAIL,1.58,-0.08,LOW_FITNESS,FAIL,1.0,-0.02,LOW_ASI_JPN_SHARPE,FAIL,1,-0.01,LOW_INVESTABILITY_CONSTRAINED_SHARPE,PASS,-0.06,0.11,LOW_TURNOVER,PASS,0.01,0.0705,HIGH_TURNOVER,PASS,0.7,0.0705,CONCENTRATED_WEIGHT,FAIL,2019-01-25,0.1,0.449579,LOW_SUB_UNIVERSE_SHARPE,FAIL,-0.02,-0.56,LOW_ROBUST_UNIVERSE_SHARPE.WITH_RATIO,FAIL,0.9,-0.07,-0.46,LOW_ROBUST_UNIVERSE_RETURNS,FAIL,0.9,-0.0089,-0.0597,SELF_CORRELATION,PENDING,DATA_DIVERSITY,PENDING,PROD_CORRELATION,PENDING,REGULAR_SUBMISSION,PENDING,LOW_2Y_SHARPE,FAIL,-0.1,1.58,MATCHES_COMPETITION,PENDING,AIACv2,AI Alphas Competition 2.0,PASS,MATCHES_PYRAMID,1.0,1.1,ASI/D1/FUNDAMENTAL,1.1,WARNING,MATCHES_THEMES,EDrKL34,2.0,JPN Dataset Utilization Theme,M4ZYx3D,2.0,AMR Dataset Utilization Theme,9B3qxZ4,2.0,KOR Dataset Utilization Theme,PBVkEJD,2.0,TWN Dataset Utilization Theme,by88rqy,2.0,HKG Dataset Utilization Theme,V45896D,1.0,GLB/D1 TOPDIV3000 Power Pool Feb`26 Theme,,,,,,,,,,,,,,,,,,,,,,,,,,,,,,,,,,,,
587bzOqM,REGULAR,PS40111,EQUITY,ASI,MINVOL1M,1,0,INDUSTRY,0.08,ON,VERIFY,OFF,OFF,FASTEXPR,False,2014-01-01,2023-12-31,"ts_kurtosis(operating_margin, 252)",,1,2026-02-02T04:38:02-05:00,,2026-02-02T04:38:02-05:00,,False,False,,,ace_tag,llm_test,confidence_0.62,DATA_USAGE:SINGLE_DATA_SET,Single Data Set Alpha,,IS,UNSUBMITTED,-8042951,20000000,910,2196,0.0151,-0.0777,1.2925,-0.010283,-0.33,-0.26,2014-01-01,-6145871.0,20000000.0,1567.0,1543.0,0.0233,-0.0594,1.0839,-0.005097,-0.18,-0.26,-11724198.0,20000000.0,910.0,2196.0,0.0151,-0.1133,1.3762,-0.014989,-0.52,-0.55,LOW_SHARPE,FAIL,1.58,-0.33,LOW_FITNESS,FAIL,1.0,-0.26,LOW_ASI_JPN_SHARPE,FAIL,1,-0.34,LOW_INVESTABILITY_CONSTRAINED_SHARPE,FAIL,-0.23,-0.26,LOW_TURNOVER,PASS,0.01,0.0151,HIGH_TURNOVER,PASS,0.7,0.0151,CONCENTRATED_WEIGHT,FAIL,2016-06-21,0.1,0.500001,LOW_SUB_UNIVERSE_SHARPE,PASS,-0.1,-0.09,LOW_ROBUST_UNIVERSE_SHARPE.WITH_RATIO,PASS,0.9,-0.3,-0.26,LOW_ROBUST_UNIVERSE_RETURNS,PASS,0.9,-0.0699,-0.0592,SELF_CORRELATION,PENDING,DATA_DIVERSITY,PENDING,PROD_CORRELATION,PENDING,REGULAR_SUBMISSION,PENDING,LOW_2Y_SHARPE,FAIL,-1.48,1.58,MATCHES_COMPETITION,PENDING,AIACv2,AI Alphas Competition 2.0,PASS,MATCHES_PYRAMID,1.0,1.1,ASI/D1/FUNDAMENTAL,1.1,WARNING,MATCHES_THEMES,EDrKL34,2.0,JPN Dataset Utilization Theme,M4ZYx3D,2.0,AMR Dataset Utilization Theme,9B3qxZ4,2.0,KOR Dataset Utilization Theme,PBVkEJD,2.0,TWN Dataset Utilization Theme,by88rqy,2.0,HKG Dataset Utilization Theme,V45896D,1.0,GLB/D1 TOPDIV3000 Power Pool Feb`26 Theme,,,,,,,,,,,,,,,,,,,,,,,,,,,,,,,,,,,,
6XP8jldJ,REGULAR,PS40111,EQUITY,ASI,MINVOL1M,1,0,INDUSTRY,0.08,ON,VERIFY,OFF,OFF,FASTEXPR,False,2014-01-01,2023-12-31,"divide(ts_delta(ebit, 252), ts_delta(fnd23_xeiv, 252))",,3,2026-02-02T04:38:48-05:00,,2026-02-02T04:38:49-05:00,,False,False,,,ace_tag,llm_test,confidence_0.7,DATA_USAGE:SINGLE_DATA_SET,Single Data Set Alpha,,IS,UNSUBMITTED,5018592,20000000,1317,1347,0.082,0.0485,0.3215,0.001182,0.39,0.24,2014-01-01,2451935.0,20000000.0,1376.0,1303.0,0.0636,0.0237,0.3356,0.000745,0.09,0.21,5335286.0,20000000.0,1317.0,1347.0,0.082,0.0516,0.2431,0.001257,0.3,0.47,LOW_SHARPE,FAIL,1.58,0.39,LOW_FITNESS,FAIL,1.0,0.24,LOW_ASI_JPN_SHARPE,FAIL,1,0.67,LOW_INVESTABILITY_CONSTRAINED_SHARPE,FAIL,0.27,0.21,LOW_TURNOVER,PASS,0.01,0.082,HIGH_TURNOVER,PASS,0.7,0.082,CONCENTRATED_WEIGHT,FAIL,2018-03-29,0.1,0.4595,LOW_SUB_UNIVERSE_SHARPE,PASS,0.12,0.2,LOW_ROBUST_UNIVERSE_SHARPE.WITH_RATIO,PASS,0.9,0.35,0.55,LOW_ROBUST_UNIVERSE_RETURNS,PASS,0.9,0.0437,0.0677,SELF_CORRELATION,PENDING,DATA_DIVERSITY,PENDING,PROD_CORRELATION,PENDING,REGULAR_SUBMISSION,PENDING,LOW_2Y_SHARPE,FAIL,0.92,1.58,MATCHES_COMPETITION,PENDING,AIACv2,AI Alphas Competition 2.0,PASS,MATCHES_PYRAMID,1.0,1.1,ASI/D1/FUNDAMENTAL,1.1,WARNING,MATCHES_THEMES,EDrKL34,2.0,JPN Dataset Utilization Theme,M4ZYx3D,2.0,AMR Dataset Utilization Theme,9B3qxZ4,2.0,KOR Dataset Utilization Theme,PBVkEJD,2.0,TWN Dataset Utilization Theme,by88rqy,2.0,HKG Dataset Utilization Theme,V45896D,1.0,GLB/D1 TOPDIV3000 Power Pool Feb`26 Theme,,,,,,,,,,,,,,,,,,,,,,,,,,,,,,,,,,,,
N1WwarQe,REGULAR,PS40111,EQUITY,ASI,MINVOL1M,1,0,INDUSTRY,0.08,ON,VERIFY,OFF,OFF,FASTEXPR,False,2014-01-01,2023-12-31,"ts_delta(divide(revenue, assets), 252)",,2,2026-02-02T04:38:05-05:00,,2026-02-02T04:38:05-05:00,,False,False,,,ace_tag,llm_test,confidence_0.78,DATA_USAGE:SINGLE_DATA_SET,Single Data Set Alpha,,IS,UNSUBMITTED,2952063,20000000,1651,1395,0.0722,0.0285,0.2847,0.00079,0.47,0.22,2014-01-01,938100.0,20000000.0,1635.0,1413.0,0.058,0.0091,0.465,0.000313,0.04,0.14,2623562.0,20000000.0,1651.0,1395.0,0.0722,0.0254,0.1946,0.000702,0.23,0.51,LOW_SHARPE,FAIL,1.58,0.47,LOW_FITNESS,FAIL,1.0,0.22,LOW_ASI_JPN_SHARPE,FAIL,1,0.39,LOW_INVESTABILITY_CONSTRAINED_SHARPE,FAIL,0.33,0.14,LOW_TURNOVER,PASS,0.01,0.0722,HIGH_TURNOVER,PASS,0.7,0.0722,CONCENTRATED_WEIGHT,FAIL,2022-07-01,0.1,0.499866,LOW_SUB_UNIVERSE_SHARPE,PASS,0.14,0.34,LOW_ROBUST_UNIVERSE_SHARPE.WITH_RATIO,FAIL,0.9,0.42,0.33,LOW_ROBUST_UNIVERSE_RETURNS,FAIL,0.9,0.0257,0.0199,SELF_CORRELATION,PENDING,DATA_DIVERSITY,PENDING,PROD_CORRELATION,PENDING,REGULAR_SUBMISSION,PENDING,LOW_2Y_SHARPE,FAIL,0.62,1.58,MATCHES_COMPETITION,PENDING,AIACv2,AI Alphas Competition 2.0,PASS,MATCHES_PYRAMID,1.0,1.1,ASI/D1/FUNDAMENTAL,1.1,WARNING,MATCHES_THEMES,EDrKL34,2.0,JPN Dataset Utilization Theme,M4ZYx3D,2.0,AMR Dataset Utilization Theme,9B3qxZ4,2.0,KOR Dataset Utilization Theme,PBVkEJD,2.0,TWN Dataset Utilization Theme,by88rqy,2.0,HKG Dataset Utilization Theme,V45896D,1.0,GLB/D1 TOPDIV3000 Power Pool Feb`26 Theme,,,,,,,,,,,,,,,,,,,,,,,,,,,,,,,,,,,,
QPrJb9qM,REGULAR,PS40111,EQUITY,ASI,MINVOL1M,1,0,INDUSTRY,0.08,ON,VERIFY,OFF,OFF,FASTEXPR,False,2014-01-01,2023-12-31,"zscore(ts_delta(income, 252))",,2,2026-02-02T04:38:14-05:00,,2026-02-02T04:38:15-05:00,,False,False,,,ace_tag,llm_test,confidence_0.76,DATA_USAGE:SINGLE_DATA_SET,Single Data Set Alpha,,IS,UNSUBMITTED,6063051,20000000,1457,1695,0.0489,0.0586,0.1877,0.002394,0.69,0.47,2014-01-01,5163233.0,20000000.0,1469.0,1685.0,0.046,0.0499,0.1889,0.002169,0.39,0.61,1984348.0,20000000.0,1457.0,1695.0,0.0489,0.0192,0.2147,0.000784,0.11,0.28,LOW_SHARPE,FAIL,1.58,0.69,LOW_FITNESS,FAIL,1.0,0.47,LOW_ASI_JPN_SHARPE,FAIL,1,-0.02,LOW_INVESTABILITY_CONSTRAINED_SHARPE,PASS,0.48,0.61,LOW_TURNOVER,PASS,0.01,0.0489,HIGH_TURNOVER,PASS,0.7,0.0489,CONCENTRATED_WEIGHT,PASS,,,,LOW_SUB_UNIVERSE_SHARPE,PASS,0.2,0.71,LOW_ROBUST_UNIVERSE_SHARPE.WITH_RATIO,FAIL,0.9,0.62,0.52,LOW_ROBUST_UNIVERSE_RETURNS,FAIL,0.9,0.0527,0.046,SELF_CORRELATION,PENDING,DATA_DIVERSITY,PENDING,PROD_CORRELATION,PENDING,REGULAR_SUBMISSION,PENDING,LOW_2Y_SHARPE,FAIL,0.05,1.58,MATCHES_COMPETITION,PENDING,AIACv2,AI Alphas Competition 2.0,PASS,MATCHES_PYRAMID,1.0,1.1,ASI/D1/FUNDAMENTAL,1.1,WARNING,MATCHES_THEMES,EDrKL34,2.0,JPN Dataset Utilization Theme,M4ZYx3D,2.0,AMR Dataset Utilization Theme,9B3qxZ4,2.0,KOR Dataset Utilization Theme,PBVkEJD,2.0,TWN Dataset Utilization Theme,by88rqy,2.0,HKG Dataset Utilization Theme,V45896D,1.0,GLB/D1 TOPDIV3000 Power Pool Feb`26 Theme,,,,,,,,,,,,,,,,,,,,,,,,,,,,,,,,,,,,
wpwmbmPl,REGULAR,PS40111,EQUITY,ASI,MINVOL1M,1,0,INDUSTRY,0.08,ON,VERIFY,OFF,OFF,FASTEXPR,False,2014-01-01,2023-12-31,"divide(ts_delta(fnd23_pdcf, 252), ts_delta(income, 252))",,3,2026-02-02T04:44:20-05:00,,2026-02-02T04:44:21-05:00,,False,False,,,ace_tag,llm_test,confidence_0.66,DATA_USAGE:SINGLE_DATA_SET,Single Data Set Alpha,,IS,UNSUBMITTED,4800359,20000000,1425,1376,0.092,0.0464,0.1824,0.001009,0.61,0.37,2014-01-01,3857252.0,20000000.0,1417.0,1387.0,0.0735,0.0373,0.1558,0.001014,0.26,0.48,3433959.0,20000000.0,1425.0,1376.0,0.092,0.0332,0.1259,0.000722,0.25,0.49,LOW_SHARPE,FAIL,1.58,0.61,LOW_FITNESS,FAIL,1.0,0.37,LOW_ASI_JPN_SHARPE,FAIL,1,0.31,LOW_INVESTABILITY_CONSTRAINED_SHARPE,PASS,0.43,0.48,LOW_TURNOVER,PASS,0.01,0.092,HIGH_TURNOVER,PASS,0.7,0.092,CONCENTRATED_WEIGHT,FAIL,2023-03-23,0.1,0.4497,LOW_SUB_UNIVERSE_SHARPE,PASS,0.18,0.19,LOW_ROBUST_UNIVERSE_SHARPE.WITH_RATIO,PASS,0.9,0.55,0.59,LOW_ROBUST_UNIVERSE_RETURNS,PASS,0.9,0.0418,0.0465,SELF_CORRELATION,PENDING,DATA_DIVERSITY,PENDING,PROD_CORRELATION,PENDING,REGULAR_SUBMISSION,PENDING,LOW_2Y_SHARPE,FAIL,0.93,1.58,MATCHES_COMPETITION,PENDING,AIACv2,AI Alphas Competition 2.0,PASS,MATCHES_PYRAMID,1.0,1.1,ASI/D1/FUNDAMENTAL,1.1,WARNING,MATCHES_THEMES,EDrKL34,2.0,JPN Dataset Utilization Theme,M4ZYx3D,2.0,AMR Dataset Utilization Theme,9B3qxZ4,2.0,KOR Dataset Utilization Theme,PBVkEJD,2.0,TWN Dataset Utilization Theme,by88rqy,2.0,HKG Dataset Utilization Theme,V45896D,1.0,GLB/D1 TOPDIV3000 Power Pool Feb`26 Theme,,,,,,,,,,,,,,,,,,,,,,,,,,,,,,,,,,,,
gJqAbVaO,REGULAR,PS40111,EQUITY,ASI,MINVOL1M,1,0,INDUSTRY,0.08,ON,VERIFY,OFF,OFF,FASTEXPR,False,2014-01-01,2023-12-31,"divide(revenue, fnd23_ltem)",,1,2026-02-02T04:42:15-05:00,,2026-02-02T04:42:15-05:00,,False,False,,,ace_tag,llm_test,confidence_0.72,DATA_USAGE:SINGLE_DATA_SET,Single Data Set Alpha,,IS,UNSUBMITTED,363890,20000000,433,2219,0.015,0.0035,0.5839,0.00047,0.02,0.0,2014-01-01,555895.0,20000000.0,503.0,2154.0,0.0157,0.0054,0.5851,0.000683,0.01,0.04,-1808763.0,20000000.0,433.0,2219.0,0.015,-0.0175,0.2844,-0.002337,-0.08,-0.21,LOW_SHARPE,FAIL,1.58,0.02,LOW_FITNESS,FAIL,1.0,0.0,LOW_ASI_JPN_SHARPE,FAIL,1,0.0,LOW_INVESTABILITY_CONSTRAINED_SHARPE,PASS,0.01,0.04,LOW_TURNOVER,PASS,0.01,0.015,HIGH_TURNOVER,PASS,0.7,0.015,CONCENTRATED_WEIGHT,FAIL,2020-02-14,0.1,0.116109,LOW_SUB_UNIVERSE_SHARPE,PASS,0.01,0.02,LOW_ROBUST_UNIVERSE_SHARPE.WITH_RATIO,FAIL,0.9,0.02,-0.31,LOW_ROBUST_UNIVERSE_RETURNS,FAIL,0.9,0.0032,-0.0446,SELF_CORRELATION,PENDING,DATA_DIVERSITY,PENDING,PROD_CORRELATION,PENDING,REGULAR_SUBMISSION,PENDING,LOW_2Y_SHARPE,FAIL,-0.15,1.58,MATCHES_COMPETITION,PENDING,AIACv2,AI Alphas Competition 2.0,PASS,MATCHES_PYRAMID,1.0,1.1,ASI/D1/FUNDAMENTAL,1.1,WARNING,MATCHES_THEMES,EDrKL34,2.0,JPN Dataset Utilization Theme,M4ZYx3D,2.0,AMR Dataset Utilization Theme,9B3qxZ4,2.0,KOR Dataset Utilization Theme,PBVkEJD,2.0,TWN Dataset Utilization Theme,by88rqy,2.0,HKG Dataset Utilization Theme,V45896D,1.0,GLB/D1 TOPDIV3000 Power Pool Feb`26 Theme,,,,,,,,,,,,,,,,,,,,,,,,,,,,,,,,,,,,
YPwrbdxA,REGULAR,PS40111,EQUITY,ASI,MINVOL1M,1,0,INDUSTRY,0.08,ON,VERIFY,OFF,OFF,FASTEXPR,False,2014-01-01,2023-12-31,"subtract(divide(ts_delta(revenue, 252), revenue), divide(ts_delta(sga_expense, 252), sga_expense))",Lower SGA growth relative to revenue growth indicates cost control. SUG1 & SUG4 applied. Confidence 0.71.,5,2026-02-02T04:35:04-05:00,,2026-02-02T04:35:10-05:00,,False,False,,,ace_tag,llm_test,confidence_0.71,DATA_USAGE:SINGLE_DATA_SET,Single Data Set Alpha,,IS,UNSUBMITTED,2833259,20000000,1440,1483,0.1183,0.0274,1.1667,0.000463,0.14,0.07,2014-01-01,5717348.0,20000000.0,1480.0,1446.0,0.0886,0.0553,0.8868,0.001247,0.2,0.3,1232581.0,20000000.0,1440.0,1483.0,0.1183,0.0119,1.1084,0.000201,0.02,0.07,LOW_SHARPE,FAIL,1.58,0.14,LOW_FITNESS,FAIL,1.0,0.07,LOW_ASI_JPN_SHARPE,FAIL,1,0.1,LOW_INVESTABILITY_CONSTRAINED_SHARPE,PASS,0.1,0.3,LOW_TURNOVER,PASS,0.01,0.1183,HIGH_TURNOVER,PASS,0.7,0.1183,CONCENTRATED_WEIGHT,FAIL,2017-11-30,0.1,0.499878,LOW_SUB_UNIVERSE_SHARPE,PASS,0.04,0.38,LOW_ROBUST_UNIVERSE_SHARPE.WITH_RATIO,PASS,0.9,0.13,0.46,LOW_ROBUST_UNIVERSE_RETURNS,PASS,0.9,0.0247,0.0792,SELF_CORRELATION,PENDING,DATA_DIVERSITY,PENDING,PROD_CORRELATION,PENDING,REGULAR_SUBMISSION,PENDING,LOW_2Y_SHARPE,FAIL,1.2,1.58,MATCHES_COMPETITION,PENDING,AIACv2,AI Alphas Competition 2.0,PASS,MATCHES_PYRAMID,1.0,1.1,ASI/D1/FUNDAMENTAL,1.1,WARNING,MATCHES_THEMES,EDrKL34,2.0,JPN Dataset Utilization Theme,M4ZYx3D,2.0,AMR Dataset Utilization Theme,9B3qxZ4,2.0,KOR Dataset Utilization Theme,PBVkEJD,2.0,TWN Dataset Utilization Theme,by88rqy,2.0,HKG Dataset Utilization Theme,V45896D,1.0,GLB/D1 TOPDIV3000 Power Pool Feb`26 Theme,,,,,,,,,,,,,,,,,,,,,,,,,,,,,,,,,,,,
O0wYN27p,REGULAR,PS40111,EQUITY,ASI,MINVOL1M,1,0,INDUSTRY,0.08,ON,VERIFY,OFF,OFF,FASTEXPR,False,2014-01-01,2023-12-31,"ts_delta(fnd23_fbds, 252)",,1,2026-02-02T04:41:45-05:00,,2026-02-02T04:41:46-05:00,,False,False,,,ace_tag,llm_test,confidence_0.8,DATA_USAGE:SINGLE_DATA_SET,Single Data Set Alpha,,IS,UNSUBMITTED,694930,20000000,1497,1634,0.0267,0.0067,0.1858,0.000503,0.08,0.02,2014-01-01,-452819.0,20000000.0,1494.0,1639.0,0.0236,-0.0044,0.2879,-0.000371,-0.01,-0.06,1133190.0,20000000.0,1497.0,1634.0,0.0267,0.011,0.1846,0.000821,0.05,0.17,LOW_SHARPE,FAIL,1.58,0.08,LOW_FITNESS,FAIL,1.0,0.02,LOW_ASI_JPN_SHARPE,FAIL,1,0.39,LOW_INVESTABILITY_CONSTRAINED_SHARPE,FAIL,0.06,-0.06,LOW_TURNOVER,PASS,0.01,0.0267,HIGH_TURNOVER,PASS,0.7,0.0267,CONCENTRATED_WEIGHT,FAIL,2014-03-13,0.1,0.499587,LOW_SUB_UNIVERSE_SHARPE,PASS,0.02,0.04,LOW_ROBUST_UNIVERSE_SHARPE.WITH_RATIO,PASS,0.9,0.07,0.26,LOW_ROBUST_UNIVERSE_RETURNS,PASS,0.9,0.006,0.02,SELF_CORRELATION,PENDING,DATA_DIVERSITY,PENDING,PROD_CORRELATION,PENDING,REGULAR_SUBMISSION,PENDING,LOW_2Y_SHARPE,FAIL,0.05,1.58,MATCHES_COMPETITION,PENDING,AIACv2,AI Alphas Competition 2.0,PASS,MATCHES_PYRAMID,1.0,1.1,ASI/D1/FUNDAMENTAL,1.1,WARNING,MATCHES_THEMES,EDrKL34,2.0,JPN Dataset Utilization Theme,M4ZYx3D,2.0,AMR Dataset Utilization Theme,9B3qxZ4,2.0,KOR Dataset Utilization Theme,PBVkEJD,2.0,TWN Dataset Utilization Theme,by88rqy,2.0,HKG Dataset Utilization Theme,V45896D,1.0,GLB/D1 TOPDIV3000 Power Pool Feb`26 Theme,,,,,,,,,,,,,,,,,,,,,,,,,,,,,,,,,,,,
WjwqbxVo,REGULAR,PS40111,EQUITY,ASI,MINVOL1M,1,0,INDUSTRY,0.08,ON,VERIFY,OFF,OFF,FASTEXPR,False,2014-01-01,2023-12-31,quantile(inventory_turnover),,1,2026-02-02T04:41:45-05:00,,2026-02-02T04:41:45-05:00,,False,False,,,ace_tag,llm_test,confidence_0.72,DATA_USAGE:SINGLE_DATA_SET,Single Data Set Alpha,,IS,UNSUBMITTED,957179,20000000,1465,1361,0.0168,0.0092,0.0852,0.001099,0.23,0.06,2014-01-01,776026.0,20000000.0,1466.0,1363.0,0.0162,0.0075,0.083,0.000927,0.04,0.18,806785.0,20000000.0,1465.0,1361.0,0.0168,0.0078,0.0468,0.000927,0.1,0.41,LOW_SHARPE,FAIL,1.58,0.23,LOW_FITNESS,FAIL,1.0,0.06,LOW_ASI_JPN_SHARPE,FAIL,1,0.07,LOW_INVESTABILITY_CONSTRAINED_SHARPE,PASS,0.16,0.18,LOW_TURNOVER,PASS,0.01,0.0168,HIGH_TURNOVER,PASS,0.7,0.0168,CONCENTRATED_WEIGHT,PASS,,,,LOW_SUB_UNIVERSE_SHARPE,FAIL,0.07,-0.1,LOW_ROBUST_UNIVERSE_SHARPE.WITH_RATIO,FAIL,0.9,0.21,0.15,LOW_ROBUST_UNIVERSE_RETURNS,FAIL,0.9,0.0083,0.0065,SELF_CORRELATION,PENDING,DATA_DIVERSITY,PENDING,PROD_CORRELATION,PENDING,REGULAR_SUBMISSION,PENDING,LOW_2Y_SHARPE,FAIL,-0.17,1.58,MATCHES_COMPETITION,PENDING,AIACv2,AI Alphas Competition 2.0,PASS,MATCHES_PYRAMID,1.0,1.1,ASI/D1/FUNDAMENTAL,1.1,WARNING,MATCHES_THEMES,EDrKL34,2.0,JPN Dataset Utilization Theme,M4ZYx3D,2.0,AMR Dataset Utilization Theme,9B3qxZ4,2.0,KOR Dataset Utilization Theme,PBVkEJD,2.0,TWN Dataset Utilization Theme,by88rqy,2.0,HKG Dataset Utilization Theme,V45896D,1.0,GLB/D1 TOPDIV3000 Power Pool Feb`26 Theme,,,,,,,,,,,,,,,,,,,,,,,,,,,,,,,,,,,,
9qPvjeqq,REGULAR,PS40111,EQUITY,ASI,MINVOL1M,1,0,INDUSTRY,0.08,ON,VERIFY,OFF,OFF,FASTEXPR,False,2014-01-01,2023-12-31,"ts_delta(divide(add(inventory, receivable), sales), 252)",,3,2026-02-02T04:42:33-05:00,,2026-02-02T04:42:33-05:00,,False,False,,,ace_tag,llm_test,confidence_0.73,DATA_USAGE:SINGLE_DATA_SET,Single Data Set Alpha,,IS,UNSUBMITTED,-22759021,20000000,1332,1335,0.0631,-0.2199,2.5593,-0.006972,-0.73,-0.97,2014-01-01,-15767197.0,20000000.0,1286.0,1385.0,0.0634,-0.1524,2.1881,-0.004805,-0.66,-0.6,-19636695.0,20000000.0,1332.0,1335.0,0.0631,-0.1898,2.2262,-0.006015,-0.83,-0.67,LOW_SHARPE,FAIL,1.58,-0.73,LOW_FITNESS,FAIL,1.0,-0.97,LOW_ASI_JPN_SHARPE,FAIL,1,0.02,LOW_INVESTABILITY_CONSTRAINED_SHARPE,FAIL,-0.51,-0.6,LOW_TURNOVER,PASS,0.01,0.0631,HIGH_TURNOVER,PASS,0.7,0.0631,CONCENTRATED_WEIGHT,FAIL,2015-05-08,0.1,0.499996,LOW_SUB_UNIVERSE_SHARPE,FAIL,-0.22,-0.54,LOW_ROBUST_UNIVERSE_SHARPE.WITH_RATIO,FAIL,0.9,-0.66,-0.72,LOW_ROBUST_UNIVERSE_RETURNS,FAIL,0.9,-0.1979,-0.2086,SELF_CORRELATION,PENDING,DATA_DIVERSITY,PENDING,PROD_CORRELATION,PENDING,REGULAR_SUBMISSION,PENDING,LOW_2Y_SHARPE,FAIL,-0.01,1.58,MATCHES_COMPETITION,PENDING,AIACv2,AI Alphas Competition 2.0,PASS,MATCHES_PYRAMID,1.0,1.1,ASI/D1/FUNDAMENTAL,1.1,WARNING,MATCHES_THEMES,EDrKL34,2.0,JPN Dataset Utilization Theme,M4ZYx3D,2.0,AMR Dataset Utilization Theme,9B3qxZ4,2.0,KOR Dataset Utilization Theme,PBVkEJD,2.0,TWN Dataset Utilization Theme,by88rqy,2.0,HKG Dataset Utilization Theme,V45896D,1.0,GLB/D1 TOPDIV3000 Power Pool Feb`26 Theme,,,,,,,,,,,,,,,,,,,,,,,,,,,,,,,,,,,,
Vkw9abbJ,REGULAR,PS40111,EQUITY,ASI,MINVOL1M,1,0,INDUSTRY,0.08,ON,VERIFY,OFF,OFF,FASTEXPR,False,2014-01-01,2023-12-31,"subtract(divide(ts_delta(pretax_income, 252), pretax_income), divide(ts_delta(income, 252), income))",,5,2026-02-02T04:42:17-05:00,,2026-02-02T04:42:18-05:00,,False,False,,,ace_tag,llm_test,confidence_0.69,DATA_USAGE:SINGLE_DATA_SET,Single Data Set Alpha,,IS,UNSUBMITTED,-1581851,20000000,1496,1650,0.0969,-0.0153,0.484,-0.000316,-0.13,-0.05,2014-01-01,-1828038.0,20000000.0,1512.0,1636.0,0.0771,-0.0177,0.6413,-0.000458,-0.06,-0.16,640084.0,20000000.0,1496.0,1650.0,0.0969,0.0062,0.3063,0.000128,0.01,0.06,LOW_SHARPE,FAIL,1.58,-0.13,LOW_FITNESS,FAIL,1.0,-0.05,LOW_ASI_JPN_SHARPE,FAIL,1,-0.03,LOW_INVESTABILITY_CONSTRAINED_SHARPE,FAIL,-0.09,-0.16,LOW_TURNOVER,PASS,0.01,0.0969,HIGH_TURNOVER,PASS,0.7,0.0969,CONCENTRATED_WEIGHT,FAIL,2022-04-05,0.1,0.472328,LOW_SUB_UNIVERSE_SHARPE,PASS,-0.04,0.24,LOW_ROBUST_UNIVERSE_SHARPE.WITH_RATIO,PASS,0.9,-0.12,-0.11,LOW_ROBUST_UNIVERSE_RETURNS,PASS,0.9,-0.0138,-0.0135,SELF_CORRELATION,PENDING,DATA_DIVERSITY,PENDING,PROD_CORRELATION,PENDING,REGULAR_SUBMISSION,PENDING,LOW_2Y_SHARPE,FAIL,0.78,1.58,MATCHES_COMPETITION,PENDING,AIACv2,AI Alphas Competition 2.0,PASS,MATCHES_PYRAMID,1.0,1.1,ASI/D1/FUNDAMENTAL,1.1,WARNING,MATCHES_THEMES,EDrKL34,2.0,JPN Dataset Utilization Theme,M4ZYx3D,2.0,AMR Dataset Utilization Theme,9B3qxZ4,2.0,KOR Dataset Utilization Theme,PBVkEJD,2.0,TWN Dataset Utilization Theme,by88rqy,2.0,HKG Dataset Utilization Theme,V45896D,1.0,GLB/D1 TOPDIV3000 Power Pool Feb`26 Theme,,,,,,,,,,,,,,,,,,,,,,,,,,,,,,,,,,,,
MPlWaNZn,REGULAR,PS40111,EQUITY,ASI,MINVOL1M,1,0,INDUSTRY,0.08,ON,VERIFY,OFF,OFF,FASTEXPR,False,2014-01-01,2023-12-31,"zscore(ts_delta(ebitda, 252))",,2,2026-02-02T04:42:17-05:00,,2026-02-02T04:42:17-05:00,,False,False,,,ace_tag,llm_test,confidence_0.77,DATA_USAGE:SINGLE_DATA_SET,Single Data Set Alpha,,IS,UNSUBMITTED,3305967,20000000,1248,1757,0.0467,0.0319,0.1282,0.001368,0.42,0.21,2014-01-01,1768864.0,20000000.0,1271.0,1736.0,0.0426,0.0171,0.1432,0.000802,0.09,0.23,860171.0,20000000.0,1248.0,1757.0,0.0467,0.0083,0.1575,0.000356,0.04,0.14,LOW_SHARPE,FAIL,1.58,0.42,LOW_FITNESS,FAIL,1.0,0.21,LOW_ASI_JPN_SHARPE,FAIL,1,0.16,LOW_INVESTABILITY_CONSTRAINED_SHARPE,FAIL,0.29,0.23,LOW_TURNOVER,PASS,0.01,0.0467,HIGH_TURNOVER,PASS,0.7,0.0467,CONCENTRATED_WEIGHT,PASS,,,,LOW_SUB_UNIVERSE_SHARPE,PASS,0.12,0.32,LOW_ROBUST_UNIVERSE_SHARPE.WITH_RATIO,FAIL,0.9,0.38,0.35,LOW_ROBUST_UNIVERSE_RETURNS,FAIL,0.9,0.0287,0.0285,SELF_CORRELATION,PENDING,DATA_DIVERSITY,PENDING,PROD_CORRELATION,PENDING,REGULAR_SUBMISSION,PENDING,LOW_2Y_SHARPE,FAIL,0.01,1.58,MATCHES_COMPETITION,PENDING,AIACv2,AI Alphas Competition 2.0,PASS,MATCHES_PYRAMID,1.0,1.1,ASI/D1/FUNDAMENTAL,1.1,WARNING,MATCHES_THEMES,EDrKL34,2.0,JPN Dataset Utilization Theme,M4ZYx3D,2.0,AMR Dataset Utilization Theme,9B3qxZ4,2.0,KOR Dataset Utilization Theme,PBVkEJD,2.0,TWN Dataset Utilization Theme,by88rqy,2.0,HKG Dataset Utilization Theme,V45896D,1.0,GLB/D1 TOPDIV3000 Power Pool Feb`26 Theme,,,,,,,,,,,,,,,,,,,,,,,,,,,,,,,,,,,,
MPlW3G2r,REGULAR,PS40111,EQUITY,ASI,MINVOL1M,1,0,INDUSTRY,0.08,ON,VERIFY,OFF,OFF,FASTEXPR,False,2014-01-01,2023-12-31,"ts_std_dev(cashflow_op, 252)",,1,2026-02-02T04:48:48-05:00,,2026-02-02T04:48:49-05:00,,False,False,,,ace_tag,llm_test,confidence_0.66,DATA_USAGE:SINGLE_DATA_SET,Single Data Set Alpha,,IS,UNSUBMITTED,5750746,20000000,539,2792,0.0055,0.0556,0.2372,0.020047,0.46,0.31,2014-01-01,5225638.0,20000000.0,550.0,2783.0,0.0064,0.0505,0.2381,0.015793,0.27,0.42,1850377.0,20000000.0,539.0,2792.0,0.0055,0.0179,0.1454,0.00645,0.11,0.3,LOW_SHARPE,FAIL,1.58,0.46,LOW_FITNESS,FAIL,1.0,0.31,LOW_ASI_JPN_SHARPE,FAIL,1,0.38,LOW_INVESTABILITY_CONSTRAINED_SHARPE,PASS,0.32,0.42,LOW_TURNOVER,FAIL,0.01,0.0055,HIGH_TURNOVER,PASS,0.7,0.0055,CONCENTRATED_WEIGHT,PASS,,,,LOW_SUB_UNIVERSE_SHARPE,PASS,0.14,0.56,LOW_ROBUST_UNIVERSE_SHARPE.WITH_RATIO,FAIL,0.9,0.41,0.35,LOW_ROBUST_UNIVERSE_RETURNS,FAIL,0.9,0.05,0.0439,SELF_CORRELATION,PENDING,DATA_DIVERSITY,PENDING,PROD_CORRELATION,PENDING,REGULAR_SUBMISSION,PENDING,LOW_2Y_SHARPE,FAIL,0.57,1.58,MATCHES_COMPETITION,PENDING,AIACv2,AI Alphas Competition 2.0,PASS,MATCHES_PYRAMID,1.0,1.1,ASI/D1/FUNDAMENTAL,1.1,WARNING,MATCHES_THEMES,EDrKL34,2.0,JPN Dataset Utilization Theme,M4ZYx3D,2.0,AMR Dataset Utilization Theme,9B3qxZ4,2.0,KOR Dataset Utilization Theme,PBVkEJD,2.0,TWN Dataset Utilization Theme,by88rqy,2.0,HKG Dataset Utilization Theme,V45896D,1.0,GLB/D1 TOPDIV3000 Power Pool Feb`26 Theme,,,,,,,,,,,,,,,,,,,,,,,,,,,,,,,,,,,,
ak2YxXM1,REGULAR,PS40111,EQUITY,ASI,MINVOL1M,1,0,INDUSTRY,0.08,ON,VERIFY,OFF,OFF,FASTEXPR,False,2014-01-01,2023-12-31,"ts_delta(bookvalue_ps, 252)",,1,2026-02-02T04:45:33-05:00,,2026-02-02T04:45:34-05:00,,False,False,,,ace_tag,llm_test,confidence_0.74,DATA_USAGE:SINGLE_DATA_SET,Single Data Set Alpha,,IS,UNSUBMITTED,-2641733,20000000,1098,2054,0.0558,-0.0255,0.6109,-0.000915,-0.26,-0.12,2014-01-01,-2242709.0,20000000.0,1175.0,1979.0,0.0465,-0.0217,0.4938,-0.000933,-0.1,-0.24,-5310871.0,20000000.0,1098.0,2054.0,0.0558,-0.0513,0.7496,-0.001839,-0.38,-0.59,LOW_SHARPE,FAIL,1.58,-0.26,LOW_FITNESS,FAIL,1.0,-0.12,LOW_ASI_JPN_SHARPE,FAIL,1,0.16,LOW_INVESTABILITY_CONSTRAINED_SHARPE,FAIL,-0.18,-0.24,LOW_TURNOVER,PASS,0.01,0.0558,HIGH_TURNOVER,PASS,0.7,0.0558,CONCENTRATED_WEIGHT,FAIL,2016-05-13,0.1,0.493708,LOW_SUB_UNIVERSE_SHARPE,PASS,-0.08,0.1,LOW_ROBUST_UNIVERSE_SHARPE.WITH_RATIO,FAIL,0.9,-0.23,-0.36,LOW_ROBUST_UNIVERSE_RETURNS,FAIL,0.9,-0.0229,-0.0359,SELF_CORRELATION,PENDING,DATA_DIVERSITY,PENDING,PROD_CORRELATION,PENDING,REGULAR_SUBMISSION,PENDING,LOW_2Y_SHARPE,FAIL,0.65,1.58,MATCHES_COMPETITION,PENDING,AIACv2,AI Alphas Competition 2.0,PASS,MATCHES_PYRAMID,1.0,1.1,ASI/D1/FUNDAMENTAL,1.1,WARNING,MATCHES_THEMES,EDrKL34,2.0,JPN Dataset Utilization Theme,M4ZYx3D,2.0,AMR Dataset Utilization Theme,9B3qxZ4,2.0,KOR Dataset Utilization Theme,PBVkEJD,2.0,TWN Dataset Utilization Theme,by88rqy,2.0,HKG Dataset Utilization Theme,V45896D,1.0,GLB/D1 TOPDIV3000 Power Pool Feb`26 Theme,,,,,,,,,,,,,,,,,,,,,,,,,,,,,,,,,,,,
RRZ360po,REGULAR,PS40111,EQUITY,ASI,MINVOL1M,1,0,INDUSTRY,0.08,ON,VERIFY,OFF,OFF,FASTEXPR,False,2014-01-01,2023-12-31,"divide(ts_backfill(fnd23_eros, 252), revenue)",,2,2026-02-02T04:45:36-05:00,,2026-02-02T04:45:37-05:00,,False,False,,,ace_tag,llm_test,confidence_0.55,DATA_USAGE:SINGLE_DATA_SET,Single Data Set Alpha,,IS,UNSUBMITTED,-4418953,20000000,104,640,0.0237,-0.0427,0.7433,-0.003607,-0.3,-0.18,2014-01-01,-4684390.0,20000000.0,174.0,654.0,0.0228,-0.0453,0.8028,-0.003972,-0.2,-0.34,-5319111.0,20000000.0,104.0,640.0,0.0237,-0.0514,0.7029,-0.004341,-0.26,-0.41,LOW_SHARPE,FAIL,1.58,-0.3,LOW_FITNESS,FAIL,1.0,-0.18,LOW_ASI_JPN_SHARPE,FAIL,1,-0.12,LOW_INVESTABILITY_CONSTRAINED_SHARPE,FAIL,-0.21,-0.34,LOW_TURNOVER,PASS,0.01,0.0237,HIGH_TURNOVER,PASS,0.7,0.0237,CONCENTRATED_WEIGHT,FAIL,2020-01-22,0.1,0.484605,LOW_SUB_UNIVERSE_SHARPE,PASS,-0.09,-0.05,LOW_ROBUST_UNIVERSE_SHARPE.WITH_RATIO,FAIL,0.9,-0.27,-0.29,LOW_ROBUST_UNIVERSE_RETURNS,PASS,0.9,-0.0384,-0.0381,SELF_CORRELATION,PENDING,DATA_DIVERSITY,PENDING,PROD_CORRELATION,PENDING,REGULAR_SUBMISSION,PENDING,LOW_2Y_SHARPE,FAIL,-0.21,1.58,MATCHES_COMPETITION,PENDING,AIACv2,AI Alphas Competition 2.0,PASS,MATCHES_PYRAMID,1.0,1.1,ASI/D1/FUNDAMENTAL,1.1,WARNING,MATCHES_THEMES,EDrKL34,2.0,JPN Dataset Utilization Theme,M4ZYx3D,2.0,AMR Dataset Utilization Theme,9B3qxZ4,2.0,KOR Dataset Utilization Theme,PBVkEJD,2.0,TWN Dataset Utilization Theme,by88rqy,2.0,HKG Dataset Utilization Theme,V45896D,1.0,GLB/D1 TOPDIV3000 Power Pool Feb`26 Theme,,,,,,,,,,,,,,,,,,,,,,,,,,,,,,,,,,,,
9qPvWg61,REGULAR,PS40111,EQUITY,ASI,MINVOL1M,1,0,INDUSTRY,0.08,ON,VERIFY,OFF,OFF,FASTEXPR,False,2014-01-01,2023-12-31,"divide(ts_delta(operating_income, 252), assets)",,2,2026-02-02T04:45:34-05:00,,2026-02-02T04:45:35-05:00,,False,False,,,ace_tag,llm_test,confidence_0.78,DATA_USAGE:SINGLE_DATA_SET,Single Data Set Alpha,,IS,UNSUBMITTED,7299069,20000000,1541,1507,0.089,0.0705,0.3182,0.001584,0.39,0.29,2014-01-01,8821425.0,20000000.0,1505.0,1546.0,0.0711,0.0852,0.2113,0.002397,0.5,0.61,7592310.0,20000000.0,1541.0,1507.0,0.089,0.0734,0.2358,0.001648,0.41,0.53,LOW_SHARPE,FAIL,1.58,0.39,LOW_FITNESS,FAIL,1.0,0.29,LOW_ASI_JPN_SHARPE,FAIL,1,-0.24,LOW_INVESTABILITY_CONSTRAINED_SHARPE,PASS,0.27,0.61,LOW_TURNOVER,PASS,0.01,0.089,HIGH_TURNOVER,PASS,0.7,0.089,CONCENTRATED_WEIGHT,FAIL,2015-06-29,0.1,0.499252,LOW_SUB_UNIVERSE_SHARPE,FAIL,0.12,0.04,LOW_ROBUST_UNIVERSE_SHARPE.WITH_RATIO,FAIL,0.9,0.35,0.19,LOW_ROBUST_UNIVERSE_RETURNS,FAIL,0.9,0.0634,0.032,SELF_CORRELATION,PENDING,DATA_DIVERSITY,PENDING,PROD_CORRELATION,PENDING,REGULAR_SUBMISSION,PENDING,LOW_2Y_SHARPE,FAIL,-0.21,1.58,MATCHES_COMPETITION,PENDING,AIACv2,AI Alphas Competition 2.0,PASS,MATCHES_PYRAMID,1.0,1.1,ASI/D1/FUNDAMENTAL,1.1,WARNING,MATCHES_THEMES,EDrKL34,2.0,JPN Dataset Utilization Theme,M4ZYx3D,2.0,AMR Dataset Utilization Theme,9B3qxZ4,2.0,KOR Dataset Utilization Theme,PBVkEJD,2.0,TWN Dataset Utilization Theme,by88rqy,2.0,HKG Dataset Utilization Theme,V45896D,1.0,GLB/D1 TOPDIV3000 Power Pool Feb`26 Theme,,,,,,,,,,,,,,,,,,,,,,,,,,,,,,,,,,,,
Wjwqew2x,REGULAR,PS40111,EQUITY,ASI,MINVOL1M,1,0,INDUSTRY,0.08,ON,VERIFY,OFF,OFF,FASTEXPR,False,2014-01-01,2023-12-31,"subtract(divide(ts_delta(income, 252), income), divide(ts_delta(fnd23_ists, 252), fnd23_ists))",,5,2026-02-02T04:45:56-05:00,,2026-02-02T04:45:56-05:00,,False,False,,,ace_tag,llm_test,confidence_0.75,DATA_USAGE:SINGLE_DATA_SET,Single Data Set Alpha,,IS,UNSUBMITTED,-1669074,20000000,1294,1605,0.0394,-0.0161,0.5762,-0.000819,-0.09,-0.03,2014-01-01,-1863571.0,20000000.0,1375.0,1528.0,0.039,-0.018,0.4551,-0.000923,-0.04,-0.1,-2837833.0,20000000.0,1294.0,1605.0,0.0394,-0.0274,0.6239,-0.001392,-0.07,-0.16,LOW_SHARPE,FAIL,1.58,-0.09,LOW_FITNESS,FAIL,1.0,-0.03,LOW_ASI_JPN_SHARPE,FAIL,1,0.13,LOW_INVESTABILITY_CONSTRAINED_SHARPE,FAIL,-0.06,-0.1,LOW_TURNOVER,PASS,0.01,0.0394,HIGH_TURNOVER,PASS,0.7,0.0394,CONCENTRATED_WEIGHT,FAIL,2018-03-21,0.1,0.381323,LOW_SUB_UNIVERSE_SHARPE,FAIL,-0.03,-0.19,LOW_ROBUST_UNIVERSE_SHARPE.WITH_RATIO,PASS,0.9,-0.08,-0.06,LOW_ROBUST_UNIVERSE_RETURNS,PASS,0.9,-0.0145,-0.0096,SELF_CORRELATION,PENDING,DATA_DIVERSITY,PENDING,PROD_CORRELATION,PENDING,REGULAR_SUBMISSION,PENDING,LOW_2Y_SHARPE,FAIL,-0.48,1.58,MATCHES_COMPETITION,PENDING,AIACv2,AI Alphas Competition 2.0,PASS,MATCHES_PYRAMID,1.0,1.1,ASI/D1/FUNDAMENTAL,1.1,WARNING,MATCHES_THEMES,EDrKL34,2.0,JPN Dataset Utilization Theme,M4ZYx3D,2.0,AMR Dataset Utilization Theme,9B3qxZ4,2.0,KOR Dataset Utilization Theme,PBVkEJD,2.0,TWN Dataset Utilization Theme,by88rqy,2.0,HKG Dataset Utilization Theme,V45896D,1.0,GLB/D1 TOPDIV3000 Power Pool Feb`26 Theme,,,,,,,,,,,,,,,,,,,,,,,,,,,,,,,,,,,,
88koPg7m,REGULAR,PS40111,EQUITY,ASI,MINVOL1M,1,0,INDUSTRY,0.08,ON,VERIFY,OFF,OFF,FASTEXPR,False,2014-01-01,2023-12-31,"divide(ts_delta(fnd23_vbts, 252), fnd23_swds)",,2,2026-02-02T04:45:33-05:00,,2026-02-02T04:45:34-05:00,,False,False,,,ace_tag,llm_test,confidence_0.72,DATA_USAGE:SINGLE_DATA_SET,Single Data Set Alpha,,IS,UNSUBMITTED,-2795314,20000000,877,2234,0.021,-0.027,0.3612,-0.002574,-0.39,-0.18,2014-01-01,-2300817.0,20000000.0,895.0,2218.0,0.02,-0.0222,0.3083,-0.002225,-0.13,-0.32,-2999328.0,20000000.0,877.0,2234.0,0.021,-0.029,0.324,-0.002762,-0.29,-0.61,LOW_SHARPE,FAIL,1.58,-0.39,LOW_FITNESS,FAIL,1.0,-0.18,LOW_ASI_JPN_SHARPE,FAIL,1,-0.08,LOW_INVESTABILITY_CONSTRAINED_SHARPE,FAIL,-0.27,-0.32,LOW_TURNOVER,PASS,0.01,0.021,HIGH_TURNOVER,PASS,0.7,0.021,CONCENTRATED_WEIGHT,FAIL,2021-03-10,0.1,0.144212,LOW_SUB_UNIVERSE_SHARPE,FAIL,-0.12,-0.21,LOW_ROBUST_UNIVERSE_SHARPE.WITH_RATIO,FAIL,0.9,-0.35,-0.55,LOW_ROBUST_UNIVERSE_RETURNS,FAIL,0.9,-0.0243,-0.0387,SELF_CORRELATION,PENDING,DATA_DIVERSITY,PENDING,PROD_CORRELATION,PENDING,REGULAR_SUBMISSION,PENDING,LOW_2Y_SHARPE,FAIL,-0.2,1.58,MATCHES_COMPETITION,PENDING,AIACv2,AI Alphas Competition 2.0,PASS,MATCHES_PYRAMID,1.0,1.1,ASI/D1/FUNDAMENTAL,1.1,WARNING,MATCHES_THEMES,EDrKL34,2.0,JPN Dataset Utilization Theme,M4ZYx3D,2.0,AMR Dataset Utilization Theme,9B3qxZ4,2.0,KOR Dataset Utilization Theme,PBVkEJD,2.0,TWN Dataset Utilization Theme,by88rqy,2.0,HKG Dataset Utilization Theme,V45896D,1.0,GLB/D1 TOPDIV3000 Power Pool Feb`26 Theme,,,,,,,,,,,,,,,,,,,,,,,,,,,,,,,,,,,,
KPY0rx88,REGULAR,PS40111,EQUITY,ASI,MINVOL1M,1,0,INDUSTRY,0.08,ON,VERIFY,OFF,OFF,FASTEXPR,False,2014-01-01,2023-12-31,"ts_delta(divide(cashflow_op, revenue), 252)",,2,2026-02-02T04:45:34-05:00,,2026-02-02T04:45:35-05:00,,False,False,,,ace_tag,llm_test,confidence_0.79,DATA_USAGE:SINGLE_DATA_SET,Single Data Set Alpha,,IS,UNSUBMITTED,11877119,20000000,1467,1550,0.056,0.1148,0.5046,0.0041,0.45,0.43,2014-01-01,12341183.0,20000000.0,1495.0,1526.0,0.0542,0.1193,0.5859,0.004405,0.44,0.45,11612738.0,20000000.0,1467.0,1550.0,0.056,0.1122,0.4768,0.004009,0.45,0.47,LOW_SHARPE,FAIL,1.58,0.45,LOW_FITNESS,FAIL,1.0,0.43,LOW_ASI_JPN_SHARPE,FAIL,1,0.35,LOW_INVESTABILITY_CONSTRAINED_SHARPE,PASS,0.32,0.45,LOW_TURNOVER,PASS,0.01,0.056,HIGH_TURNOVER,PASS,0.7,0.056,CONCENTRATED_WEIGHT,FAIL,2019-03-21,0.1,0.401672,LOW_SUB_UNIVERSE_SHARPE,PASS,0.13,0.33,LOW_ROBUST_UNIVERSE_SHARPE.WITH_RATIO,FAIL,0.9,0.41,0.02,LOW_ROBUST_UNIVERSE_RETURNS,FAIL,0.9,0.1033,0.0038,SELF_CORRELATION,PENDING,DATA_DIVERSITY,PENDING,PROD_CORRELATION,PENDING,REGULAR_SUBMISSION,PENDING,LOW_2Y_SHARPE,FAIL,-0.64,1.58,MATCHES_COMPETITION,PENDING,AIACv2,AI Alphas Competition 2.0,PASS,MATCHES_PYRAMID,1.0,1.1,ASI/D1/FUNDAMENTAL,1.1,WARNING,MATCHES_THEMES,EDrKL34,2.0,JPN Dataset Utilization Theme,M4ZYx3D,2.0,AMR Dataset Utilization Theme,9B3qxZ4,2.0,KOR Dataset Utilization Theme,PBVkEJD,2.0,TWN Dataset Utilization Theme,by88rqy,2.0,HKG Dataset Utilization Theme,V45896D,1.0,GLB/D1 TOPDIV3000 Power Pool Feb`26 Theme,,,,,,,,,,,,,,,,,,,,,,,,,,,,,,,,,,,,
Gr0aO6NG,REGULAR,PS40111,EQUITY,ASI,MINVOL1M,1,0,INDUSTRY,0.08,ON,VERIFY,OFF,OFF,FASTEXPR,False,2014-01-01,2023-12-31,"subtract(divide(ts_delta(income, 252), income), divide(ts_delta(cashflow_op, 252), cashflow_op))",,5,2026-02-02T04:46:22-05:00,,2026-02-02T04:46:23-05:00,,False,False,,,ace_tag,llm_test,confidence_0.77,DATA_USAGE:SINGLE_DATA_SET,Single Data Set Alpha,,IS,UNSUBMITTED,-311016,20000000,1644,1492,0.0856,-0.003,0.5739,-7e-05,-0.03,-0.0,2014-01-01,1904751.0,20000000.0,1603.0,1536.0,0.0743,0.0184,0.2917,0.000495,0.08,0.2,-360942.0,20000000.0,1644.0,1492.0,0.0856,-0.0035,0.5504,-8.1e-05,-0.01,-0.04,LOW_SHARPE,FAIL,1.58,-0.03,LOW_FITNESS,FAIL,1.0,-0.0,LOW_ASI_JPN_SHARPE,FAIL,1,0.07,LOW_INVESTABILITY_CONSTRAINED_SHARPE,PASS,-0.02,0.2,LOW_TURNOVER,PASS,0.01,0.0856,HIGH_TURNOVER,PASS,0.7,0.0856,CONCENTRATED_WEIGHT,FAIL,2022-08-23,0.1,0.464138,LOW_SUB_UNIVERSE_SHARPE,FAIL,-0.01,-0.16,LOW_ROBUST_UNIVERSE_SHARPE.WITH_RATIO,PASS,0.9,-0.03,0.03,LOW_ROBUST_UNIVERSE_RETURNS,PASS,0.9,-0.0027,0.0037,SELF_CORRELATION,PENDING,DATA_DIVERSITY,PENDING,PROD_CORRELATION,PENDING,REGULAR_SUBMISSION,PENDING,LOW_2Y_SHARPE,FAIL,0.16,1.58,MATCHES_COMPETITION,PENDING,AIACv2,AI Alphas Competition 2.0,PASS,MATCHES_PYRAMID,1.0,1.1,ASI/D1/FUNDAMENTAL,1.1,WARNING,MATCHES_THEMES,EDrKL34,2.0,JPN Dataset Utilization Theme,M4ZYx3D,2.0,AMR Dataset Utilization Theme,9B3qxZ4,2.0,KOR Dataset Utilization Theme,PBVkEJD,2.0,TWN Dataset Utilization Theme,by88rqy,2.0,HKG Dataset Utilization Theme,V45896D,1.0,GLB/D1 TOPDIV3000 Power Pool Feb`26 Theme,,,,,,,,,,,,,,,,,,,,,,,,,,,,,,,,,,,,
QPrJKoNw,REGULAR,PS40111,EQUITY,ASI,MINVOL1M,1,0,INDUSTRY,0.08,ON,VERIFY,OFF,OFF,FASTEXPR,False,2014-01-01,2023-12-31,"ts_rank(ts_delta(debt, 252), 252)",,2,2026-02-02T04:51:48-05:00,,2026-02-02T04:51:48-05:00,,False,False,,,ace_tag,llm_test,confidence_0.7,DATA_USAGE:SINGLE_DATA_SET,Single Data Set Alpha,,IS,UNSUBMITTED,-1083717,20000000,1525,1522,0.0427,-0.0105,0.1425,-0.000491,-0.55,-0.16,2014-01-01,-1102608.0,20000000.0,1526.0,1523.0,0.0402,-0.0107,0.1384,-0.00053,-0.16,-0.56,-1461268.0,20000000.0,1525.0,1522.0,0.0427,-0.0141,0.1551,-0.000662,-0.34,-1.01,LOW_SHARPE,FAIL,1.58,-0.55,LOW_FITNESS,FAIL,1.0,-0.16,LOW_ASI_JPN_SHARPE,FAIL,1,-0.89,LOW_INVESTABILITY_CONSTRAINED_SHARPE,FAIL,-0.39,-0.56,LOW_TURNOVER,PASS,0.01,0.0427,HIGH_TURNOVER,PASS,0.7,0.0427,CONCENTRATED_WEIGHT,PASS,,,,LOW_SUB_UNIVERSE_SHARPE,FAIL,-0.16,-0.77,LOW_ROBUST_UNIVERSE_SHARPE.WITH_RATIO,FAIL,0.9,-0.5,-0.7,LOW_ROBUST_UNIVERSE_RETURNS,FAIL,0.9,-0.0095,-0.0139,SELF_CORRELATION,PENDING,DATA_DIVERSITY,PENDING,PROD_CORRELATION,PENDING,REGULAR_SUBMISSION,PENDING,LOW_2Y_SHARPE,FAIL,-0.82,1.58,MATCHES_COMPETITION,PENDING,AIACv2,AI Alphas Competition 2.0,PASS,MATCHES_PYRAMID,1.0,1.1,ASI/D1/FUNDAMENTAL,1.1,WARNING,MATCHES_THEMES,EDrKL34,2.0,JPN Dataset Utilization Theme,M4ZYx3D,2.0,AMR Dataset Utilization Theme,9B3qxZ4,2.0,KOR Dataset Utilization Theme,PBVkEJD,2.0,TWN Dataset Utilization Theme,by88rqy,2.0,HKG Dataset Utilization Theme,V45896D,1.0,GLB/D1 TOPDIV3000 Power Pool Feb`26 Theme,,,,,,,,,,,,,,,,,,,,,,,,,,,,,,,,,,,,
MPlW36o9,REGULAR,PS40111,EQUITY,ASI,MINVOL1M,1,0,INDUSTRY,0.08,ON,VERIFY,OFF,OFF,FASTEXPR,False,2014-01-01,2023-12-31,"subtract(ts_delta(operating_margin, 252), ts_delta(inventory, 252))",,3,2026-02-02T04:50:07-05:00,,2026-02-02T04:50:07-05:00,,False,False,,,ace_tag,llm_test,confidence_0.72,DATA_USAGE:SINGLE_DATA_SET,Single Data Set Alpha,,IS,UNSUBMITTED,4158242,20000000,1828,943,0.0325,0.0402,0.165,0.00247,0.48,0.27,2014-01-01,4985603.0,20000000.0,1820.0,953.0,0.0286,0.0482,0.1408,0.003375,0.37,0.59,4092207.0,20000000.0,1828.0,943.0,0.0325,0.0395,0.1151,0.00243,0.38,0.67,LOW_SHARPE,FAIL,1.58,0.48,LOW_FITNESS,FAIL,1.0,0.27,LOW_ASI_JPN_SHARPE,FAIL,1,0.38,LOW_INVESTABILITY_CONSTRAINED_SHARPE,PASS,0.34,0.59,LOW_TURNOVER,PASS,0.01,0.0325,HIGH_TURNOVER,PASS,0.7,0.0325,CONCENTRATED_WEIGHT,PASS,,,,LOW_SUB_UNIVERSE_SHARPE,PASS,0.14,0.28,LOW_ROBUST_UNIVERSE_SHARPE.WITH_RATIO,PASS,0.9,0.43,0.47,LOW_ROBUST_UNIVERSE_RETURNS,PASS,0.9,0.0362,0.0407,SELF_CORRELATION,PENDING,DATA_DIVERSITY,PENDING,PROD_CORRELATION,PENDING,REGULAR_SUBMISSION,PENDING,LOW_2Y_SHARPE,FAIL,-0.06,1.58,MATCHES_COMPETITION,PENDING,AIACv2,AI Alphas Competition 2.0,PASS,MATCHES_PYRAMID,1.0,1.1,ASI/D1/FUNDAMENTAL,1.1,WARNING,MATCHES_THEMES,EDrKL34,2.0,JPN Dataset Utilization Theme,M4ZYx3D,2.0,AMR Dataset Utilization Theme,9B3qxZ4,2.0,KOR Dataset Utilization Theme,PBVkEJD,2.0,TWN Dataset Utilization Theme,by88rqy,2.0,HKG Dataset Utilization Theme,V45896D,1.0,GLB/D1 TOPDIV3000 Power Pool Feb`26 Theme,,,,,,,,,,,,,,,,,,,,,,,,,,,,,,,,,,,,
d58X1a7v,REGULAR,PS40111,EQUITY,ASI,MINVOL1M,1,0,INDUSTRY,0.08,ON,VERIFY,OFF,OFF,FASTEXPR,False,2014-01-01,2023-12-31,"divide(ts_delta(fnd23_caiv, 252), ts_mean(capex, 252))",,3,2026-02-02T04:50:09-05:00,,2026-02-02T04:50:09-05:00,,False,False,,,ace_tag,llm_test,confidence_0.71,DATA_USAGE:SINGLE_DATA_SET,Single Data Set Alpha,,IS,UNSUBMITTED,3563391,20000000,1812,1263,0.0488,0.0344,0.4153,0.001412,0.22,0.12,2014-01-01,2621632.0,20000000.0,1803.0,1274.0,0.041,0.0253,0.3438,0.001236,0.08,0.17,4880948.0,20000000.0,1812.0,1263.0,0.0488,0.0472,0.4087,0.001934,0.2,0.33,LOW_SHARPE,FAIL,1.58,0.22,LOW_FITNESS,FAIL,1.0,0.12,LOW_ASI_JPN_SHARPE,FAIL,1,0.1,LOW_INVESTABILITY_CONSTRAINED_SHARPE,PASS,0.15,0.17,LOW_TURNOVER,PASS,0.01,0.0488,HIGH_TURNOVER,PASS,0.7,0.0488,CONCENTRATED_WEIGHT,FAIL,2017-08-17,0.1,0.449988,LOW_SUB_UNIVERSE_SHARPE,FAIL,0.06,-0.08,LOW_ROBUST_UNIVERSE_SHARPE.WITH_RATIO,PASS,0.9,0.2,0.2,LOW_ROBUST_UNIVERSE_RETURNS,FAIL,0.9,0.031,0.0297,SELF_CORRELATION,PENDING,DATA_DIVERSITY,PENDING,PROD_CORRELATION,PENDING,REGULAR_SUBMISSION,PENDING,LOW_2Y_SHARPE,FAIL,0.47,1.58,MATCHES_COMPETITION,PENDING,AIACv2,AI Alphas Competition 2.0,PASS,MATCHES_PYRAMID,1.0,1.1,ASI/D1/FUNDAMENTAL,1.1,WARNING,MATCHES_THEMES,EDrKL34,2.0,JPN Dataset Utilization Theme,M4ZYx3D,2.0,AMR Dataset Utilization Theme,9B3qxZ4,2.0,KOR Dataset Utilization Theme,PBVkEJD,2.0,TWN Dataset Utilization Theme,by88rqy,2.0,HKG Dataset Utilization Theme,V45896D,1.0,GLB/D1 TOPDIV3000 Power Pool Feb`26 Theme,,,,,,,,,,,,,,,,,,,,,,,,,,,,,,,,,,,,
Gr0ad5eP,REGULAR,PS40111,EQUITY,ASI,MINVOL1M,1,0,INDUSTRY,0.08,ON,VERIFY,OFF,OFF,FASTEXPR,False,2014-01-01,2023-12-31,"subtract(divide(ts_delta(pretax_income, 252), pretax_income), ts_delta(fnd23_rtes, 252))","If rtes falls while pretax income rises, after-tax profits improve. SUG1 applied (rtes, pretax_income), both high coverage (SUG4). Confidence 0.68.",4,2026-02-02T04:32:11-05:00,,2026-02-02T04:32:15-05:00,,False,False,,,ace_tag,llm_test,confidence_0.69,DATA_USAGE:SINGLE_DATA_SET,Single Data Set Alpha,,IS,UNSUBMITTED,109465,20000000,1495,1538,0.0415,0.0011,0.3375,5.1e-05,0.01,0.0,2014-01-01,1325519.0,20000000.0,1472.0,1563.0,0.0362,0.0128,0.2842,0.000708,0.05,0.17,-1666325.0,20000000.0,1495.0,1538.0,0.0415,-0.0161,0.3232,-0.000775,-0.08,-0.22,LOW_SHARPE,FAIL,1.58,0.01,LOW_FITNESS,FAIL,1.0,0.0,LOW_ASI_JPN_SHARPE,FAIL,1,-0.28,LOW_INVESTABILITY_CONSTRAINED_SHARPE,PASS,0.01,0.17,LOW_TURNOVER,PASS,0.01,0.0415,HIGH_TURNOVER,PASS,0.7,0.0415,CONCENTRATED_WEIGHT,FAIL,2023-09-14,0.1,0.484235,LOW_SUB_UNIVERSE_SHARPE,FAIL,0.0,-0.19,LOW_ROBUST_UNIVERSE_SHARPE.WITH_RATIO,PASS,0.9,0.01,0.07,LOW_ROBUST_UNIVERSE_RETURNS,PASS,0.9,0.001,0.0059,SELF_CORRELATION,PENDING,DATA_DIVERSITY,PENDING,PROD_CORRELATION,PENDING,REGULAR_SUBMISSION,PENDING,LOW_2Y_SHARPE,FAIL,0.2,1.58,MATCHES_COMPETITION,PENDING,AIACv2,AI Alphas Competition 2.0,PASS,MATCHES_PYRAMID,1.0,1.1,ASI/D1/FUNDAMENTAL,1.1,WARNING,MATCHES_THEMES,EDrKL34,2.0,JPN Dataset Utilization Theme,M4ZYx3D,2.0,AMR Dataset Utilization Theme,9B3qxZ4,2.0,KOR Dataset Utilization Theme,PBVkEJD,2.0,TWN Dataset Utilization Theme,by88rqy,2.0,HKG Dataset Utilization Theme,V45896D,1.0,GLB/D1 TOPDIV3000 Power Pool Feb`26 Theme,,,,,,,,,,,,,,,,,,,,,,,,,,,,,,,,,,,,
0mklrP0v,REGULAR,PS40111,EQUITY,ASI,MINVOL1M,1,0,INDUSTRY,0.08,ON,VERIFY,OFF,OFF,FASTEXPR,False,2014-01-01,2023-12-31,"divide(ts_delta(fnd23_iscs, 252), liabilities_curr)",,2,2026-02-02T04:50:07-05:00,,2026-02-02T04:50:07-05:00,,False,False,,,ace_tag,llm_test,confidence_0.74,DATA_USAGE:SINGLE_DATA_SET,Single Data Set Alpha,,IS,UNSUBMITTED,2072864,20000000,1211,1742,0.0539,0.02,0.2996,0.000743,0.18,0.07,2014-01-01,600818.0,20000000.0,1230.0,1726.0,0.0418,0.0058,0.2522,0.000278,0.01,0.06,5784539.0,20000000.0,1211.0,1742.0,0.0539,0.0559,0.2203,0.002074,0.4,0.6,LOW_SHARPE,FAIL,1.58,0.18,LOW_FITNESS,FAIL,1.0,0.07,LOW_ASI_JPN_SHARPE,FAIL,1,0.2,LOW_INVESTABILITY_CONSTRAINED_SHARPE,FAIL,0.13,0.06,LOW_TURNOVER,PASS,0.01,0.0539,HIGH_TURNOVER,PASS,0.7,0.0539,CONCENTRATED_WEIGHT,FAIL,2020-03-30,0.1,0.499777,LOW_SUB_UNIVERSE_SHARPE,FAIL,0.05,-0.15,LOW_ROBUST_UNIVERSE_SHARPE.WITH_RATIO,FAIL,0.9,0.16,-0.19,LOW_ROBUST_UNIVERSE_RETURNS,FAIL,0.9,0.018,-0.0212,SELF_CORRELATION,PENDING,DATA_DIVERSITY,PENDING,PROD_CORRELATION,PENDING,REGULAR_SUBMISSION,PENDING,LOW_2Y_SHARPE,FAIL,-0.64,1.58,MATCHES_COMPETITION,PENDING,AIACv2,AI Alphas Competition 2.0,PASS,MATCHES_PYRAMID,1.0,1.1,ASI/D1/FUNDAMENTAL,1.1,WARNING,MATCHES_THEMES,EDrKL34,2.0,JPN Dataset Utilization Theme,M4ZYx3D,2.0,AMR Dataset Utilization Theme,9B3qxZ4,2.0,KOR Dataset Utilization Theme,PBVkEJD,2.0,TWN Dataset Utilization Theme,by88rqy,2.0,HKG Dataset Utilization Theme,V45896D,1.0,GLB/D1 TOPDIV3000 Power Pool Feb`26 Theme,,,,,,,,,,,,,,,,,,,,,,,,,,,,,,,,,,,,
6XP8KMgK,REGULAR,PS40111,EQUITY,ASI,MINVOL1M,1,0,INDUSTRY,0.08,ON,VERIFY,OFF,OFF,FASTEXPR,False,2014-01-01,2023-12-31,"divide(ts_delta(cashflow_op, 252), fnd23_swds)",,2,2026-02-02T04:50:07-05:00,,2026-02-02T04:50:08-05:00,,False,False,,,ace_tag,llm_test,confidence_0.76,DATA_USAGE:SINGLE_DATA_SET,Single Data Set Alpha,,IS,UNSUBMITTED,1154201,20000000,1527,1603,0.0469,0.0112,0.1216,0.000476,0.19,0.06,2014-01-01,-447086.0,20000000.0,1531.0,1601.0,0.0439,-0.0043,0.1714,-0.000197,-0.01,-0.07,1709382.0,20000000.0,1527.0,1603.0,0.0469,0.0165,0.1116,0.000705,0.13,0.35,LOW_SHARPE,FAIL,1.58,0.19,LOW_FITNESS,FAIL,1.0,0.06,LOW_ASI_JPN_SHARPE,FAIL,1,-0.0,LOW_INVESTABILITY_CONSTRAINED_SHARPE,FAIL,0.13,-0.07,LOW_TURNOVER,PASS,0.01,0.0469,HIGH_TURNOVER,PASS,0.7,0.0469,CONCENTRATED_WEIGHT,PASS,,,,LOW_SUB_UNIVERSE_SHARPE,FAIL,0.06,0.03,LOW_ROBUST_UNIVERSE_SHARPE.WITH_RATIO,FAIL,0.9,0.17,0.12,LOW_ROBUST_UNIVERSE_RETURNS,FAIL,0.9,0.0101,0.0073,SELF_CORRELATION,PENDING,DATA_DIVERSITY,PENDING,PROD_CORRELATION,PENDING,REGULAR_SUBMISSION,PENDING,LOW_2Y_SHARPE,FAIL,-0.5,1.58,MATCHES_COMPETITION,PENDING,AIACv2,AI Alphas Competition 2.0,PASS,MATCHES_PYRAMID,1.0,1.1,ASI/D1/FUNDAMENTAL,1.1,WARNING,MATCHES_THEMES,EDrKL34,2.0,JPN Dataset Utilization Theme,M4ZYx3D,2.0,AMR Dataset Utilization Theme,9B3qxZ4,2.0,KOR Dataset Utilization Theme,PBVkEJD,2.0,TWN Dataset Utilization Theme,by88rqy,2.0,HKG Dataset Utilization Theme,V45896D,1.0,GLB/D1 TOPDIV3000 Power Pool Feb`26 Theme,,,,,,,,,,,,,,,,,,,,,,,,,,,,,,,,,,,,
E507RQaG,REGULAR,PS40111,EQUITY,ASI,MINVOL1M,1,0,INDUSTRY,0.08,ON,VERIFY,OFF,OFF,FASTEXPR,False,2014-01-01,2023-12-31,"ts_count_nans(income, 252)",,1,2026-02-02T04:50:09-05:00,,2026-02-02T04:50:09-05:00,,False,False,,,ace_tag,llm_test,confidence_0.6,DATA_USAGE:SINGLE_DATA_SET,Single Data Set Alpha,,IS,UNSUBMITTED,-3270448,20000000,414,3086,0.0106,-0.0316,0.4346,-0.005986,-0.39,-0.2,2014-01-01,-3283584.0,20000000.0,502.0,3084.0,0.0109,-0.0317,0.4234,-0.005825,-0.2,-0.39,-841821.0,20000000.0,414.0,3086.0,0.0106,-0.0081,0.152,-0.001541,-0.09,-0.36,LOW_SHARPE,FAIL,1.58,-0.39,LOW_FITNESS,FAIL,1.0,-0.2,LOW_ASI_JPN_SHARPE,FAIL,1,-0.01,LOW_INVESTABILITY_CONSTRAINED_SHARPE,FAIL,-0.27,-0.39,LOW_TURNOVER,PASS,0.01,0.0106,HIGH_TURNOVER,PASS,0.7,0.0106,CONCENTRATED_WEIGHT,PASS,,,,LOW_SUB_UNIVERSE_SHARPE,FAIL,-0.12,-0.38,LOW_ROBUST_UNIVERSE_SHARPE.WITH_RATIO,PASS,0.9,-0.35,-0.23,LOW_ROBUST_UNIVERSE_RETURNS,PASS,0.9,-0.0284,-0.0201,SELF_CORRELATION,PENDING,DATA_DIVERSITY,PENDING,PROD_CORRELATION,PENDING,REGULAR_SUBMISSION,PENDING,LOW_2Y_SHARPE,FAIL,-0.91,1.58,MATCHES_COMPETITION,PENDING,AIACv2,AI Alphas Competition 2.0,PASS,MATCHES_PYRAMID,1.0,1.1,ASI/D1/FUNDAMENTAL,1.1,WARNING,MATCHES_THEMES,EDrKL34,2.0,JPN Dataset Utilization Theme,M4ZYx3D,2.0,AMR Dataset Utilization Theme,9B3qxZ4,2.0,KOR Dataset Utilization Theme,PBVkEJD,2.0,TWN Dataset Utilization Theme,by88rqy,2.0,HKG Dataset Utilization Theme,V45896D,1.0,GLB/D1 TOPDIV3000 Power Pool Feb`26 Theme,,,,,,,,,,,,,,,,,,,,,,,,,,,,,,,,,,,,
0mklrPmr,REGULAR,PS40111,EQUITY,ASI,MINVOL1M,1,0,INDUSTRY,0.08,ON,VERIFY,OFF,OFF,FASTEXPR,False,2014-01-01,2023-12-31,"ts_delta(divide(eps, assets), 252)",,2,2026-02-02T04:50:05-05:00,,2026-02-02T04:50:06-05:00,,False,False,,,ace_tag,llm_test,confidence_0.75,DATA_USAGE:SINGLE_DATA_SET,Single Data Set Alpha,,IS,UNSUBMITTED,-2323922,20000000,1642,1504,0.0636,-0.0225,1.2338,-0.000706,-0.09,-0.04,2014-01-01,-6117461.0,20000000.0,1637.0,1512.0,0.0569,-0.0591,1.3131,-0.002077,-0.17,-0.25,-2692072.0,20000000.0,1642.0,1504.0,0.0636,-0.026,1.1101,-0.000818,-0.05,-0.12,LOW_SHARPE,FAIL,1.58,-0.09,LOW_FITNESS,FAIL,1.0,-0.04,LOW_ASI_JPN_SHARPE,FAIL,1,0.62,LOW_INVESTABILITY_CONSTRAINED_SHARPE,FAIL,-0.06,-0.25,LOW_TURNOVER,PASS,0.01,0.0636,HIGH_TURNOVER,PASS,0.7,0.0636,CONCENTRATED_WEIGHT,FAIL,2023-08-31,0.1,0.499884,LOW_SUB_UNIVERSE_SHARPE,PASS,-0.03,-0.01,LOW_ROBUST_UNIVERSE_SHARPE.WITH_RATIO,PASS,0.9,-0.08,0.59,LOW_ROBUST_UNIVERSE_RETURNS,PASS,0.9,-0.0203,0.0855,SELF_CORRELATION,PENDING,DATA_DIVERSITY,PENDING,PROD_CORRELATION,PENDING,REGULAR_SUBMISSION,PENDING,LOW_2Y_SHARPE,FAIL,0.24,1.58,MATCHES_COMPETITION,PENDING,AIACv2,AI Alphas Competition 2.0,PASS,MATCHES_PYRAMID,1.0,1.1,ASI/D1/FUNDAMENTAL,1.1,WARNING,MATCHES_THEMES,EDrKL34,2.0,JPN Dataset Utilization Theme,M4ZYx3D,2.0,AMR Dataset Utilization Theme,9B3qxZ4,2.0,KOR Dataset Utilization Theme,PBVkEJD,2.0,TWN Dataset Utilization Theme,by88rqy,2.0,HKG Dataset Utilization Theme,V45896D,1.0,GLB/D1 TOPDIV3000 Power Pool Feb`26 Theme,,,,,,,,,,,,,,,,,,,,,,,,,,,,,,,,,,,,
pwJXvAYV,REGULAR,PS40111,EQUITY,ASI,MINVOL1M,1,0,INDUSTRY,0.08,ON,VERIFY,OFF,OFF,FASTEXPR,False,2014-01-01,2023-12-31,"ts_std_dev(divide(operating_income, sales), 252)",,2,2026-02-02T04:54:45-05:00,,2026-02-02T04:54:46-05:00,,False,False,,,ace_tag,llm_test,confidence_0.63,DATA_USAGE:SINGLE_DATA_SET,Single Data Set Alpha,,IS,UNSUBMITTED,-6191279,20000000,381,2742,0.0117,-0.0598,1.0654,-0.010189,-0.23,-0.16,2014-01-01,-5533045.0,20000000.0,784.0,2342.0,0.0149,-0.0535,0.8171,-0.007173,-0.14,-0.22,-4459214.0,20000000.0,381.0,2742.0,0.0117,-0.0431,0.7074,-0.007339,-0.12,-0.2,LOW_SHARPE,FAIL,1.58,-0.23,LOW_FITNESS,FAIL,1.0,-0.16,LOW_ASI_JPN_SHARPE,FAIL,1,-0.09,LOW_INVESTABILITY_CONSTRAINED_SHARPE,FAIL,-0.16,-0.22,LOW_TURNOVER,PASS,0.01,0.0117,HIGH_TURNOVER,PASS,0.7,0.0117,CONCENTRATED_WEIGHT,FAIL,2023-08-08,0.1,0.499752,LOW_SUB_UNIVERSE_SHARPE,PASS,-0.07,0.15,LOW_ROBUST_UNIVERSE_SHARPE.WITH_RATIO,PASS,0.9,-0.21,-0.15,LOW_ROBUST_UNIVERSE_RETURNS,PASS,0.9,-0.0538,-0.0334,SELF_CORRELATION,PENDING,DATA_DIVERSITY,PENDING,PROD_CORRELATION,PENDING,REGULAR_SUBMISSION,PENDING,LOW_2Y_SHARPE,FAIL,-0.34,1.58,MATCHES_COMPETITION,PENDING,AIACv2,AI Alphas Competition 2.0,PASS,MATCHES_PYRAMID,1.0,1.1,ASI/D1/FUNDAMENTAL,1.1,WARNING,MATCHES_THEMES,EDrKL34,2.0,JPN Dataset Utilization Theme,M4ZYx3D,2.0,AMR Dataset Utilization Theme,9B3qxZ4,2.0,KOR Dataset Utilization Theme,PBVkEJD,2.0,TWN Dataset Utilization Theme,by88rqy,2.0,HKG Dataset Utilization Theme,V45896D,1.0,GLB/D1 TOPDIV3000 Power Pool Feb`26 Theme,,,,,,,,,,,,,,,,,,,,,,,,,,,,,,,,,,,,
1YV9ZrJM,REGULAR,PS40111,EQUITY,ASI,MINVOL1M,1,0,INDUSTRY,0.08,ON,VERIFY,OFF,OFF,FASTEXPR,False,2014-01-01,2023-12-31,"quantile(subtract(ts_delta(receivable, 252), ts_delta(inventory, 252)))",,4,2026-02-02T04:53:07-05:00,,2026-02-02T04:53:07-05:00,,False,False,,,ace_tag,llm_test,confidence_0.7,DATA_USAGE:SINGLE_DATA_SET,Single Data Set Alpha,,IS,UNSUBMITTED,-381187,20000000,1383,1389,0.0372,-0.0037,0.0981,-0.000198,-0.14,-0.02,2014-01-01,-406052.0,20000000.0,1384.0,1391.0,0.0353,-0.0039,0.0932,-0.000222,-0.03,-0.15,-448630.0,20000000.0,1383.0,1389.0,0.0372,-0.0043,0.0952,-0.000233,-0.05,-0.27,LOW_SHARPE,FAIL,1.58,-0.14,LOW_FITNESS,FAIL,1.0,-0.02,LOW_ASI_JPN_SHARPE,FAIL,1,-0.17,LOW_INVESTABILITY_CONSTRAINED_SHARPE,FAIL,-0.1,-0.15,LOW_TURNOVER,PASS,0.01,0.0372,HIGH_TURNOVER,PASS,0.7,0.0372,CONCENTRATED_WEIGHT,PASS,,,,LOW_SUB_UNIVERSE_SHARPE,FAIL,-0.04,-0.11,LOW_ROBUST_UNIVERSE_SHARPE.WITH_RATIO,FAIL,0.9,-0.13,-0.17,LOW_ROBUST_UNIVERSE_RETURNS,FAIL,0.9,-0.0033,-0.0048,SELF_CORRELATION,PENDING,DATA_DIVERSITY,PENDING,PROD_CORRELATION,PENDING,REGULAR_SUBMISSION,PENDING,LOW_2Y_SHARPE,FAIL,-1.31,1.58,MATCHES_COMPETITION,PENDING,AIACv2,AI Alphas Competition 2.0,PASS,MATCHES_PYRAMID,1.0,1.1,ASI/D1/FUNDAMENTAL,1.1,WARNING,MATCHES_THEMES,EDrKL34,2.0,JPN Dataset Utilization Theme,M4ZYx3D,2.0,AMR Dataset Utilization Theme,9B3qxZ4,2.0,KOR Dataset Utilization Theme,PBVkEJD,2.0,TWN Dataset Utilization Theme,by88rqy,2.0,HKG Dataset Utilization Theme,V45896D,1.0,GLB/D1 TOPDIV3000 Power Pool Feb`26 Theme,,,,,,,,,,,,,,,,,,,,,,,,,,,,,,,,,,,,
LLbjZ0l6,REGULAR,PS40111,EQUITY,ASI,MINVOL1M,1,0,INDUSTRY,0.08,ON,VERIFY,OFF,OFF,FASTEXPR,False,2014-01-01,2023-12-31,"subtract(ts_delta(return_equity, 252), divide(ts_delta(debt, 252), assets))",,4,2026-02-02T04:53:06-05:00,,2026-02-02T04:53:06-05:00,,False,False,,,ace_tag,llm_test,confidence_0.76,DATA_USAGE:SINGLE_DATA_SET,Single Data Set Alpha,,IS,UNSUBMITTED,3877911,20000000,1614,1427,0.1087,0.0375,0.5309,0.000689,0.24,0.13,2014-01-01,3302039.0,20000000.0,1644.0,1399.0,0.0825,0.0319,0.3567,0.000774,0.13,0.25,3661598.0,20000000.0,1614.0,1427.0,0.1087,0.0354,0.4689,0.000651,0.14,0.26,LOW_SHARPE,FAIL,1.58,0.24,LOW_FITNESS,FAIL,1.0,0.13,LOW_ASI_JPN_SHARPE,FAIL,1,0.28,LOW_INVESTABILITY_CONSTRAINED_SHARPE,PASS,0.17,0.25,LOW_TURNOVER,PASS,0.01,0.1087,HIGH_TURNOVER,PASS,0.7,0.1087,CONCENTRATED_WEIGHT,FAIL,2023-08-30,0.1,0.495653,LOW_SUB_UNIVERSE_SHARPE,PASS,0.07,0.7,LOW_ROBUST_UNIVERSE_SHARPE.WITH_RATIO,PASS,0.9,0.22,0.42,LOW_ROBUST_UNIVERSE_RETURNS,PASS,0.9,0.0338,0.0645,SELF_CORRELATION,PENDING,DATA_DIVERSITY,PENDING,PROD_CORRELATION,PENDING,REGULAR_SUBMISSION,PENDING,LOW_2Y_SHARPE,FAIL,0.1,1.58,MATCHES_COMPETITION,PENDING,AIACv2,AI Alphas Competition 2.0,PASS,MATCHES_PYRAMID,1.0,1.1,ASI/D1/FUNDAMENTAL,1.1,WARNING,MATCHES_THEMES,EDrKL34,2.0,JPN Dataset Utilization Theme,M4ZYx3D,2.0,AMR Dataset Utilization Theme,9B3qxZ4,2.0,KOR Dataset Utilization Theme,PBVkEJD,2.0,TWN Dataset Utilization Theme,by88rqy,2.0,HKG Dataset Utilization Theme,V45896D,1.0,GLB/D1 TOPDIV3000 Power Pool Feb`26 Theme,,,,,,,,,,,,,,,,,,,,,,,,,,,,,,,,,,,,
LLbjZ0Ke,REGULAR,PS40111,EQUITY,ASI,MINVOL1M,1,0,INDUSTRY,0.08,ON,VERIFY,OFF,OFF,FASTEXPR,False,2014-01-01,2023-12-31,"subtract(divide(ts_delta(pretax_income, 252), pretax_income), divide(ts_delta(liabilities, 252), liabilities))",,5,2026-02-02T04:53:11-05:00,,2026-02-02T04:53:11-05:00,,False,False,,,ace_tag,llm_test,confidence_0.71,DATA_USAGE:SINGLE_DATA_SET,Single Data Set Alpha,,IS,UNSUBMITTED,6127314,20000000,1567,1582,0.1103,0.0592,0.2847,0.001073,0.45,0.31,2014-01-01,4279954.0,20000000.0,1577.0,1574.0,0.086,0.0414,0.2577,0.000961,0.18,0.32,6866568.0,20000000.0,1567.0,1582.0,0.1103,0.0664,0.2292,0.001203,0.44,0.6,LOW_SHARPE,FAIL,1.58,0.45,LOW_FITNESS,FAIL,1.0,0.31,LOW_ASI_JPN_SHARPE,FAIL,1,0.2,LOW_INVESTABILITY_CONSTRAINED_SHARPE,PASS,0.32,0.32,LOW_TURNOVER,PASS,0.01,0.1103,HIGH_TURNOVER,PASS,0.7,0.1103,CONCENTRATED_WEIGHT,FAIL,2023-11-14,0.1,0.497393,LOW_SUB_UNIVERSE_SHARPE,PASS,0.13,0.56,LOW_ROBUST_UNIVERSE_SHARPE.WITH_RATIO,FAIL,0.9,0.41,0.24,LOW_ROBUST_UNIVERSE_RETURNS,FAIL,0.9,0.0533,0.0304,SELF_CORRELATION,PENDING,DATA_DIVERSITY,PENDING,PROD_CORRELATION,PENDING,REGULAR_SUBMISSION,PENDING,LOW_2Y_SHARPE,FAIL,0.42,1.58,MATCHES_COMPETITION,PENDING,AIACv2,AI Alphas Competition 2.0,PASS,MATCHES_PYRAMID,1.0,1.1,ASI/D1/FUNDAMENTAL,1.1,WARNING,MATCHES_THEMES,EDrKL34,2.0,JPN Dataset Utilization Theme,M4ZYx3D,2.0,AMR Dataset Utilization Theme,9B3qxZ4,2.0,KOR Dataset Utilization Theme,PBVkEJD,2.0,TWN Dataset Utilization Theme,by88rqy,2.0,HKG Dataset Utilization Theme,V45896D,1.0,GLB/D1 TOPDIV3000 Power Pool Feb`26 Theme,,,,,,,,,,,,,,,,,,,,,,,,,,,,,,,,,,,,
j2lE8q8e,REGULAR,PS40111,EQUITY,ASI,MINVOL1M,1,0,INDUSTRY,0.08,ON,VERIFY,OFF,OFF,FASTEXPR,False,2014-01-01,2023-12-31,"divide(subtract(ts_delta(cashflow_op, 252), ts_delta(capex, 252)), assets)",,4,2026-02-02T04:53:10-05:00,,2026-02-02T04:53:10-05:00,,False,False,,,ace_tag,llm_test,confidence_0.78,DATA_USAGE:SINGLE_DATA_SET,Single Data Set Alpha,,IS,UNSUBMITTED,-8759990,20000000,1542,1563,0.0882,-0.0847,1.1237,-0.00192,-0.55,-0.45,2014-01-01,-895681.0,20000000.0,1463.0,1644.0,0.0743,-0.0087,0.5006,-0.000233,-0.02,-0.06,-2823160.0,20000000.0,1542.0,1563.0,0.0882,-0.0273,0.5911,-0.000619,-0.11,-0.24,LOW_SHARPE,FAIL,1.58,-0.55,LOW_FITNESS,FAIL,1.0,-0.45,LOW_ASI_JPN_SHARPE,FAIL,1,-0.23,LOW_INVESTABILITY_CONSTRAINED_SHARPE,PASS,-0.39,-0.06,LOW_TURNOVER,PASS,0.01,0.0882,HIGH_TURNOVER,PASS,0.7,0.0882,CONCENTRATED_WEIGHT,FAIL,2023-10-16,0.1,0.473846,LOW_SUB_UNIVERSE_SHARPE,FAIL,-0.16,-0.69,LOW_ROBUST_UNIVERSE_SHARPE.WITH_RATIO,PASS,0.9,-0.5,-0.47,LOW_ROBUST_UNIVERSE_RETURNS,FAIL,0.9,-0.0762,-0.077,SELF_CORRELATION,PENDING,DATA_DIVERSITY,PENDING,PROD_CORRELATION,PENDING,REGULAR_SUBMISSION,PENDING,LOW_2Y_SHARPE,FAIL,0.19,1.58,MATCHES_COMPETITION,PENDING,AIACv2,AI Alphas Competition 2.0,PASS,MATCHES_PYRAMID,1.0,1.1,ASI/D1/FUNDAMENTAL,1.1,WARNING,MATCHES_THEMES,EDrKL34,2.0,JPN Dataset Utilization Theme,M4ZYx3D,2.0,AMR Dataset Utilization Theme,9B3qxZ4,2.0,KOR Dataset Utilization Theme,PBVkEJD,2.0,TWN Dataset Utilization Theme,by88rqy,2.0,HKG Dataset Utilization Theme,V45896D,1.0,GLB/D1 TOPDIV3000 Power Pool Feb`26 Theme,,,,,,,,,,,,,,,,,,,,,,,,,,,,,,,,,,,,
O0wY8lrR,REGULAR,PS40111,EQUITY,ASI,MINVOL1M,1,0,INDUSTRY,0.08,ON,VERIFY,OFF,OFF,FASTEXPR,False,2014-01-01,2023-12-31,zscore(fnd23_ists),,1,2026-02-02T04:53:09-05:00,,2026-02-02T04:53:10-05:00,,False,False,,,ace_tag,llm_test,confidence_0.66,DATA_USAGE:SINGLE_DATA_SET,Single Data Set Alpha,,IS,UNSUBMITTED,-984702,20000000,927,2299,0.0108,-0.0095,0.3685,-0.00176,-0.11,-0.03,2014-01-01,-460147.0,20000000.0,954.0,2274.0,0.0119,-0.0044,0.3889,-0.000744,-0.01,-0.05,-2248092.0,20000000.0,927.0,2299.0,0.0108,-0.0217,0.3233,-0.004018,-0.13,-0.32,LOW_SHARPE,FAIL,1.58,-0.11,LOW_FITNESS,FAIL,1.0,-0.03,LOW_ASI_JPN_SHARPE,FAIL,1,0.1,LOW_INVESTABILITY_CONSTRAINED_SHARPE,PASS,-0.08,-0.05,LOW_TURNOVER,PASS,0.01,0.0108,HIGH_TURNOVER,PASS,0.7,0.0108,CONCENTRATED_WEIGHT,PASS,,,,LOW_SUB_UNIVERSE_SHARPE,PASS,-0.03,-0.0,LOW_ROBUST_UNIVERSE_SHARPE.WITH_RATIO,FAIL,0.9,-0.1,-0.18,LOW_ROBUST_UNIVERSE_RETURNS,FAIL,0.9,-0.0086,-0.0162,SELF_CORRELATION,PENDING,DATA_DIVERSITY,PENDING,PROD_CORRELATION,PENDING,REGULAR_SUBMISSION,PENDING,LOW_2Y_SHARPE,FAIL,0.54,1.58,MATCHES_COMPETITION,PENDING,AIACv2,AI Alphas Competition 2.0,PASS,MATCHES_PYRAMID,1.0,1.1,ASI/D1/FUNDAMENTAL,1.1,WARNING,MATCHES_THEMES,EDrKL34,2.0,JPN Dataset Utilization Theme,M4ZYx3D,2.0,AMR Dataset Utilization Theme,9B3qxZ4,2.0,KOR Dataset Utilization Theme,PBVkEJD,2.0,TWN Dataset Utilization Theme,by88rqy,2.0,HKG Dataset Utilization Theme,V45896D,1.0,GLB/D1 TOPDIV3000 Power Pool Feb`26 Theme,,,,,,,,,,,,,,,,,,,,,,,,,,,,,,,,,,,,
1YV9ZrwK,REGULAR,PS40111,EQUITY,ASI,MINVOL1M,1,0,INDUSTRY,0.08,ON,VERIFY,OFF,OFF,FASTEXPR,False,2014-01-01,2023-12-31,"subtract(divide(ts_delta(operating_income, 252), operating_income), divide(ts_delta(fnd23_xeiv, 252), fnd23_xeiv))",,5,2026-02-02T04:53:09-05:00,,2026-02-02T04:53:09-05:00,,False,False,,,ace_tag,llm_test,confidence_0.69,DATA_USAGE:SINGLE_DATA_SET,Single Data Set Alpha,,IS,UNSUBMITTED,-2416458,20000000,1202,1617,0.0821,-0.0234,0.3921,-0.000569,-0.2,-0.09,2014-01-01,2015263.0,20000000.0,1250.0,1572.0,0.0656,0.0195,0.236,0.000594,0.08,0.19,-1671822.0,20000000.0,1202.0,1617.0,0.0821,-0.0162,0.3273,-0.000394,-0.06,-0.16,LOW_SHARPE,FAIL,1.58,-0.2,LOW_FITNESS,FAIL,1.0,-0.09,LOW_ASI_JPN_SHARPE,FAIL,1,0.08,LOW_INVESTABILITY_CONSTRAINED_SHARPE,PASS,-0.14,0.19,LOW_TURNOVER,PASS,0.01,0.0821,HIGH_TURNOVER,PASS,0.7,0.0821,CONCENTRATED_WEIGHT,FAIL,2019-03-18,0.1,0.492504,LOW_SUB_UNIVERSE_SHARPE,PASS,-0.06,0.42,LOW_ROBUST_UNIVERSE_SHARPE.WITH_RATIO,PASS,0.9,-0.18,0.0,LOW_ROBUST_UNIVERSE_RETURNS,PASS,0.9,-0.0211,0.0003,SELF_CORRELATION,PENDING,DATA_DIVERSITY,PENDING,PROD_CORRELATION,PENDING,REGULAR_SUBMISSION,PENDING,LOW_2Y_SHARPE,FAIL,-0.23,1.58,MATCHES_COMPETITION,PENDING,AIACv2,AI Alphas Competition 2.0,PASS,MATCHES_PYRAMID,1.0,1.1,ASI/D1/FUNDAMENTAL,1.1,WARNING,MATCHES_THEMES,EDrKL34,2.0,JPN Dataset Utilization Theme,M4ZYx3D,2.0,AMR Dataset Utilization Theme,9B3qxZ4,2.0,KOR Dataset Utilization Theme,PBVkEJD,2.0,TWN Dataset Utilization Theme,by88rqy,2.0,HKG Dataset Utilization Theme,V45896D,1.0,GLB/D1 TOPDIV3000 Power Pool Feb`26 Theme,,,,,,,,,,,,,,,,,,,,,,,,,,,,,,,,,,,,
zqwMbl2o,REGULAR,PS40111,EQUITY,ASI,MINVOL1M,1,0,INDUSTRY,0.08,ON,VERIFY,OFF,OFF,FASTEXPR,False,2014-01-01,2023-12-31,"ts_delta(divide(fnd23_cnin, assets), 252)",,2,2026-02-02T04:53:12-05:00,,2026-02-02T04:53:12-05:00,,False,False,,,ace_tag,llm_test,confidence_0.73,DATA_USAGE:SINGLE_DATA_SET,Single Data Set Alpha,,IS,UNSUBMITTED,2999505,20000000,1530,1581,0.0812,0.029,0.5333,0.000714,0.12,0.06,2014-01-01,487747.0,20000000.0,1474.0,1640.0,0.0589,0.0047,0.551,0.00016,0.0,0.02,3784268.0,20000000.0,1530.0,1581.0,0.0812,0.0366,0.3319,0.000901,0.11,0.2,LOW_SHARPE,FAIL,1.58,0.12,LOW_FITNESS,FAIL,1.0,0.06,LOW_ASI_JPN_SHARPE,FAIL,1,0.21,LOW_INVESTABILITY_CONSTRAINED_SHARPE,FAIL,0.08,0.02,LOW_TURNOVER,PASS,0.01,0.0812,HIGH_TURNOVER,PASS,0.7,0.0812,CONCENTRATED_WEIGHT,FAIL,2016-03-30,0.1,0.499952,LOW_SUB_UNIVERSE_SHARPE,PASS,0.04,0.15,LOW_ROBUST_UNIVERSE_SHARPE.WITH_RATIO,PASS,0.9,0.11,0.13,LOW_ROBUST_UNIVERSE_RETURNS,FAIL,0.9,0.0261,0.0171,SELF_CORRELATION,PENDING,DATA_DIVERSITY,PENDING,PROD_CORRELATION,PENDING,REGULAR_SUBMISSION,PENDING,LOW_2Y_SHARPE,FAIL,-0.82,1.58,MATCHES_COMPETITION,PENDING,AIACv2,AI Alphas Competition 2.0,PASS,MATCHES_PYRAMID,1.0,1.1,ASI/D1/FUNDAMENTAL,1.1,WARNING,MATCHES_THEMES,EDrKL34,2.0,JPN Dataset Utilization Theme,M4ZYx3D,2.0,AMR Dataset Utilization Theme,9B3qxZ4,2.0,KOR Dataset Utilization Theme,PBVkEJD,2.0,TWN Dataset Utilization Theme,by88rqy,2.0,HKG Dataset Utilization Theme,V45896D,1.0,GLB/D1 TOPDIV3000 Power Pool Feb`26 Theme,,,,,,,,,,,,,,,,,,,,,,,,,,,,,,,,,,,,
bl2k8LRZ,REGULAR,PS40111,EQUITY,ASI,MINVOL1M,1,0,INDUSTRY,0.08,ON,VERIFY,OFF,OFF,FASTEXPR,False,2014-01-01,2023-12-31,"if_else(equal(ts_arg_min(operating_margin, 252), 0), 1, 0)",,3,2026-02-02T04:58:08-05:00,,2026-02-02T04:58:08-05:00,,False,False,,,ace_tag,llm_test,confidence_0.64,DATA_USAGE:SINGLE_DATA_SET,Single Data Set Alpha,,IS,UNSUBMITTED,-7166975,20000000,10,640,1.5159,-0.0693,1.2602,-9.1e-05,-0.3,-0.06,2014-01-01,-2086548.0,20000000.0,1301.0,1890.0,0.6372,-0.0202,0.6624,-6.3e-05,-0.02,-0.09,-5585452.0,20000000.0,10.0,640.0,1.5159,-0.054,0.9785,-7.1e-05,-0.05,-0.29,LOW_SHARPE,FAIL,1.58,-0.3,LOW_FITNESS,FAIL,1.0,-0.06,LOW_ASI_JPN_SHARPE,FAIL,1,0.29,LOW_INVESTABILITY_CONSTRAINED_SHARPE,PASS,-0.21,-0.09,LOW_TURNOVER,PASS,0.01,1.5159,HIGH_TURNOVER,FAIL,0.7,1.5159,CONCENTRATED_WEIGHT,FAIL,2017-10-05,0.1,0.500005,LOW_SUB_UNIVERSE_SHARPE,PASS,-0.09,-0.04,LOW_ROBUST_UNIVERSE_SHARPE.WITH_RATIO,FAIL,0.9,-0.27,-0.36,LOW_ROBUST_UNIVERSE_RETURNS,FAIL,0.9,-0.0624,-0.0695,SELF_CORRELATION,PENDING,DATA_DIVERSITY,PENDING,PROD_CORRELATION,PENDING,REGULAR_SUBMISSION,PENDING,LOW_2Y_SHARPE,FAIL,-0.64,1.58,MATCHES_COMPETITION,PENDING,AIACv2,AI Alphas Competition 2.0,PASS,MATCHES_PYRAMID,1.0,1.1,ASI/D1/FUNDAMENTAL,1.1,WARNING,MATCHES_THEMES,EDrKL34,2.0,JPN Dataset Utilization Theme,M4ZYx3D,2.0,AMR Dataset Utilization Theme,9B3qxZ4,2.0,KOR Dataset Utilization Theme,PBVkEJD,2.0,TWN Dataset Utilization Theme,by88rqy,2.0,HKG Dataset Utilization Theme,V45896D,1.0,GLB/D1 TOPDIV3000 Power Pool Feb`26 Theme,,,,,,,,,,,,,,,,,,,,,,,,,,,,,,,,,,,,
MPlW0lzL,REGULAR,PS40111,EQUITY,ASI,MINVOL1M,1,0,INDUSTRY,0.08,ON,VERIFY,OFF,OFF,FASTEXPR,False,2014-01-01,2023-12-31,"subtract(divide(ts_delta(capex, 252), assets), 0)",,3,2026-02-02T04:56:06-05:00,,2026-02-02T04:56:06-05:00,,False,False,,,ace_tag,llm_test,confidence_0.7,DATA_USAGE:SINGLE_DATA_SET,Single Data Set Alpha,,IS,UNSUBMITTED,13010587,20000000,1660,1444,0.0798,0.1257,0.4441,0.003152,0.63,0.63,2014-01-01,5592890.0,20000000.0,1721.0,1386.0,0.0674,0.054,0.6571,0.001604,0.19,0.29,8656878.0,20000000.0,1660.0,1444.0,0.0798,0.0837,0.2481,0.002097,0.48,0.59,LOW_SHARPE,FAIL,1.58,0.63,LOW_FITNESS,FAIL,1.0,0.63,LOW_ASI_JPN_SHARPE,FAIL,1,0.21,LOW_INVESTABILITY_CONSTRAINED_SHARPE,FAIL,0.44,0.29,LOW_TURNOVER,PASS,0.01,0.0798,HIGH_TURNOVER,PASS,0.7,0.0798,CONCENTRATED_WEIGHT,FAIL,2022-02-21,0.1,0.477746,LOW_SUB_UNIVERSE_SHARPE,PASS,0.19,0.83,LOW_ROBUST_UNIVERSE_SHARPE.WITH_RATIO,FAIL,0.9,0.57,0.51,LOW_ROBUST_UNIVERSE_RETURNS,FAIL,0.9,0.1131,0.1058,SELF_CORRELATION,PENDING,DATA_DIVERSITY,PENDING,PROD_CORRELATION,PENDING,REGULAR_SUBMISSION,PENDING,LOW_2Y_SHARPE,FAIL,-0.32,1.58,MATCHES_COMPETITION,PENDING,AIACv2,AI Alphas Competition 2.0,PASS,MATCHES_PYRAMID,1.0,1.1,ASI/D1/FUNDAMENTAL,1.1,WARNING,MATCHES_THEMES,EDrKL34,2.0,JPN Dataset Utilization Theme,M4ZYx3D,2.0,AMR Dataset Utilization Theme,9B3qxZ4,2.0,KOR Dataset Utilization Theme,PBVkEJD,2.0,TWN Dataset Utilization Theme,by88rqy,2.0,HKG Dataset Utilization Theme,V45896D,1.0,GLB/D1 TOPDIV3000 Power Pool Feb`26 Theme,,,,,,,,,,,,,,,,,,,,,,,,,,,,,,,,,,,,
78qAoJEx,REGULAR,PS40111,EQUITY,ASI,MINVOL1M,1,0,INDUSTRY,0.08,ON,VERIFY,OFF,OFF,FASTEXPR,False,2014-01-01,2023-12-31,"subtract(divide(ts_delta(income, 252), income), divide(ts_delta(bookvalue_ps, 252), bookvalue_ps))",,5,2026-02-02T04:57:35-05:00,,2026-02-02T04:57:36-05:00,,False,False,,,ace_tag,llm_test,confidence_0.72,DATA_USAGE:SINGLE_DATA_SET,Single Data Set Alpha,,IS,UNSUBMITTED,1217161,20000000,1598,1542,0.097,0.0118,0.6294,0.000242,0.09,0.03,2014-01-01,3355419.0,20000000.0,1596.0,1546.0,0.0796,0.0324,0.4743,0.000815,0.13,0.26,965476.0,20000000.0,1598.0,1542.0,0.097,0.0093,0.4665,0.000192,0.02,0.08,LOW_SHARPE,FAIL,1.58,0.09,LOW_FITNESS,FAIL,1.0,0.03,LOW_ASI_JPN_SHARPE,FAIL,1,-0.04,LOW_INVESTABILITY_CONSTRAINED_SHARPE,PASS,0.06,0.26,LOW_TURNOVER,PASS,0.01,0.097,HIGH_TURNOVER,PASS,0.7,0.097,CONCENTRATED_WEIGHT,FAIL,2016-05-13,0.1,0.494655,LOW_SUB_UNIVERSE_SHARPE,FAIL,0.03,-0.1,LOW_ROBUST_UNIVERSE_SHARPE.WITH_RATIO,PASS,0.9,0.08,0.1,LOW_ROBUST_UNIVERSE_RETURNS,PASS,0.9,0.0106,0.0132,SELF_CORRELATION,PENDING,DATA_DIVERSITY,PENDING,PROD_CORRELATION,PENDING,REGULAR_SUBMISSION,PENDING,LOW_2Y_SHARPE,FAIL,-0.7,1.58,MATCHES_COMPETITION,PENDING,AIACv2,AI Alphas Competition 2.0,PASS,MATCHES_PYRAMID,1.0,1.1,ASI/D1/FUNDAMENTAL,1.1,WARNING,MATCHES_THEMES,EDrKL34,2.0,JPN Dataset Utilization Theme,M4ZYx3D,2.0,AMR Dataset Utilization Theme,9B3qxZ4,2.0,KOR Dataset Utilization Theme,PBVkEJD,2.0,TWN Dataset Utilization Theme,by88rqy,2.0,HKG Dataset Utilization Theme,V45896D,1.0,GLB/D1 TOPDIV3000 Power Pool Feb`26 Theme,,,,,,,,,,,,,,,,,,,,,,,,,,,,,,,,,,,,
RRZ3AZlj,REGULAR,PS40111,EQUITY,ASI,MINVOL1M,1,0,INDUSTRY,0.08,ON,VERIFY,OFF,OFF,FASTEXPR,False,2014-01-01,2023-12-31,"quantile(divide(cashflow_op, income))",,2,2026-02-02T04:56:05-05:00,,2026-02-02T04:56:06-05:00,,False,False,,,ace_tag,llm_test,confidence_0.77,DATA_USAGE:SINGLE_DATA_SET,Single Data Set Alpha,,IS,UNSUBMITTED,3181349,20000000,1657,1666,0.0325,0.0307,0.0844,0.001892,0.8,0.4,2014-01-01,2954455.0,20000000.0,1657.0,1668.0,0.0322,0.0286,0.087,0.001775,0.35,0.74,1022222.0,20000000.0,1657.0,1666.0,0.0325,0.0099,0.0453,0.000608,0.19,0.67,LOW_SHARPE,FAIL,1.58,0.8,LOW_FITNESS,FAIL,1.0,0.4,LOW_ASI_JPN_SHARPE,FAIL,1,0.19,LOW_INVESTABILITY_CONSTRAINED_SHARPE,PASS,0.56,0.74,LOW_TURNOVER,PASS,0.01,0.0325,HIGH_TURNOVER,PASS,0.7,0.0325,CONCENTRATED_WEIGHT,PASS,,,,LOW_SUB_UNIVERSE_SHARPE,PASS,0.24,0.49,LOW_ROBUST_UNIVERSE_SHARPE.WITH_RATIO,FAIL,0.9,0.72,0.56,LOW_ROBUST_UNIVERSE_RETURNS,FAIL,0.9,0.0276,0.0215,SELF_CORRELATION,PENDING,DATA_DIVERSITY,PENDING,PROD_CORRELATION,PENDING,REGULAR_SUBMISSION,PENDING,LOW_2Y_SHARPE,FAIL,0.94,1.58,MATCHES_COMPETITION,PENDING,AIACv2,AI Alphas Competition 2.0,PASS,MATCHES_PYRAMID,1.0,1.1,ASI/D1/FUNDAMENTAL,1.1,WARNING,MATCHES_THEMES,EDrKL34,2.0,JPN Dataset Utilization Theme,M4ZYx3D,2.0,AMR Dataset Utilization Theme,9B3qxZ4,2.0,KOR Dataset Utilization Theme,PBVkEJD,2.0,TWN Dataset Utilization Theme,by88rqy,2.0,HKG Dataset Utilization Theme,V45896D,1.0,GLB/D1 TOPDIV3000 Power Pool Feb`26 Theme,,,,,,,,,,,,,,,,,,,,,,,,,,,,,,,,,,,,
ZYw5mop1,REGULAR,PS40111,EQUITY,ASI,MINVOL1M,1,0,INDUSTRY,0.08,ON,VERIFY,OFF,OFF,FASTEXPR,False,2014-01-01,2023-12-31,"ts_std_dev(sales, 252)",,1,2026-02-02T04:57:54-05:00,,2026-02-02T04:57:55-05:00,,False,False,,,ace_tag,llm_test,confidence_0.68,DATA_USAGE:SINGLE_DATA_SET,Single Data Set Alpha,,IS,UNSUBMITTED,-1579573,20000000,480,2681,0.0098,-0.0153,0.4655,-0.003131,-0.12,-0.04,2014-01-01,-2187345.0,20000000.0,490.0,2674.0,0.0117,-0.0211,0.5244,-0.003612,-0.07,-0.16,-3397678.0,20000000.0,480.0,2681.0,0.0098,-0.0328,0.3567,-0.006735,-0.19,-0.38,LOW_SHARPE,FAIL,1.58,-0.12,LOW_FITNESS,FAIL,1.0,-0.04,LOW_ASI_JPN_SHARPE,FAIL,1,-0.07,LOW_INVESTABILITY_CONSTRAINED_SHARPE,FAIL,-0.08,-0.16,LOW_TURNOVER,FAIL,0.01,0.0098,HIGH_TURNOVER,PASS,0.7,0.0098,CONCENTRATED_WEIGHT,FAIL,2022-03-01,0.1,0.491175,LOW_SUB_UNIVERSE_SHARPE,PASS,-0.04,0.0,LOW_ROBUST_UNIVERSE_SHARPE.WITH_RATIO,FAIL,0.9,-0.11,-0.29,LOW_ROBUST_UNIVERSE_RETURNS,FAIL,0.9,-0.0138,-0.0313,SELF_CORRELATION,PENDING,DATA_DIVERSITY,PENDING,PROD_CORRELATION,PENDING,REGULAR_SUBMISSION,PENDING,LOW_2Y_SHARPE,FAIL,-0.22,1.58,MATCHES_COMPETITION,PENDING,AIACv2,AI Alphas Competition 2.0,PASS,MATCHES_PYRAMID,1.0,1.1,ASI/D1/FUNDAMENTAL,1.1,WARNING,MATCHES_THEMES,EDrKL34,2.0,JPN Dataset Utilization Theme,M4ZYx3D,2.0,AMR Dataset Utilization Theme,9B3qxZ4,2.0,KOR Dataset Utilization Theme,PBVkEJD,2.0,TWN Dataset Utilization Theme,by88rqy,2.0,HKG Dataset Utilization Theme,V45896D,1.0,GLB/D1 TOPDIV3000 Power Pool Feb`26 Theme,,,,,,,,,,,,,,,,,,,,,,,,,,,,,,,,,,,,
bl2k8vXl,REGULAR,PS40111,EQUITY,ASI,MINVOL1M,1,0,INDUSTRY,0.08,ON,VERIFY,OFF,OFF,FASTEXPR,False,2014-01-01,2023-12-31,"ts_delta(divide(sales, ppent_net), 252)",,2,2026-02-02T04:57:34-05:00,,2026-02-02T04:57:35-05:00,,False,False,,,ace_tag,llm_test,confidence_0.74,DATA_USAGE:SINGLE_DATA_SET,Single Data Set Alpha,,IS,UNSUBMITTED,-7336184,20000000,1576,1372,0.0513,-0.0709,0.9145,-0.002762,-0.36,-0.27,2014-01-01,-4543476.0,20000000.0,1417.0,1534.0,0.0455,-0.0439,0.8023,-0.00193,-0.14,-0.23,-7995274.0,20000000.0,1576.0,1372.0,0.0513,-0.0773,0.9286,-0.003011,-0.41,-0.52,LOW_SHARPE,FAIL,1.58,-0.36,LOW_FITNESS,FAIL,1.0,-0.27,LOW_ASI_JPN_SHARPE,FAIL,1,0.13,LOW_INVESTABILITY_CONSTRAINED_SHARPE,PASS,-0.25,-0.23,LOW_TURNOVER,PASS,0.01,0.0513,HIGH_TURNOVER,PASS,0.7,0.0513,CONCENTRATED_WEIGHT,FAIL,2022-09-15,0.1,0.487124,LOW_SUB_UNIVERSE_SHARPE,PASS,-0.11,0.03,LOW_ROBUST_UNIVERSE_SHARPE.WITH_RATIO,FAIL,0.9,-0.32,-0.33,LOW_ROBUST_UNIVERSE_RETURNS,FAIL,0.9,-0.0638,-0.067,SELF_CORRELATION,PENDING,DATA_DIVERSITY,PENDING,PROD_CORRELATION,PENDING,REGULAR_SUBMISSION,PENDING,LOW_2Y_SHARPE,FAIL,0.16,1.58,MATCHES_COMPETITION,PENDING,AIACv2,AI Alphas Competition 2.0,PASS,MATCHES_PYRAMID,1.0,1.1,ASI/D1/FUNDAMENTAL,1.1,WARNING,MATCHES_THEMES,EDrKL34,2.0,JPN Dataset Utilization Theme,M4ZYx3D,2.0,AMR Dataset Utilization Theme,9B3qxZ4,2.0,KOR Dataset Utilization Theme,PBVkEJD,2.0,TWN Dataset Utilization Theme,by88rqy,2.0,HKG Dataset Utilization Theme,V45896D,1.0,GLB/D1 TOPDIV3000 Power Pool Feb`26 Theme,,,,,,,,,,,,,,,,,,,,,,,,,,,,,,,,,,,,
bl2k82xq,REGULAR,PS40111,EQUITY,ASI,MINVOL1M,1,0,INDUSTRY,0.08,ON,VERIFY,OFF,OFF,FASTEXPR,False,2014-01-01,2023-12-31,"subtract(divide(ts_backfill(fnd23_eros, 252), revenue), 0)",,3,2026-02-02T04:56:05-05:00,,2026-02-02T04:56:05-05:00,,False,False,,,ace_tag,llm_test,confidence_0.56,DATA_USAGE:SINGLE_DATA_SET,Single Data Set Alpha,,IS,UNSUBMITTED,-4418953,20000000,104,640,0.0237,-0.0427,0.7433,-0.003607,-0.3,-0.18,2014-01-01,-4684390.0,20000000.0,174.0,654.0,0.0228,-0.0453,0.8028,-0.003972,-0.2,-0.34,-5319111.0,20000000.0,104.0,640.0,0.0237,-0.0514,0.7029,-0.004341,-0.26,-0.41,LOW_SHARPE,FAIL,1.58,-0.3,LOW_FITNESS,FAIL,1.0,-0.18,LOW_ASI_JPN_SHARPE,FAIL,1,-0.12,LOW_INVESTABILITY_CONSTRAINED_SHARPE,FAIL,-0.21,-0.34,LOW_TURNOVER,PASS,0.01,0.0237,HIGH_TURNOVER,PASS,0.7,0.0237,CONCENTRATED_WEIGHT,FAIL,2020-01-22,0.1,0.484605,LOW_SUB_UNIVERSE_SHARPE,PASS,-0.09,-0.05,LOW_ROBUST_UNIVERSE_SHARPE.WITH_RATIO,FAIL,0.9,-0.27,-0.29,LOW_ROBUST_UNIVERSE_RETURNS,PASS,0.9,-0.0384,-0.0381,SELF_CORRELATION,PENDING,DATA_DIVERSITY,PENDING,PROD_CORRELATION,PENDING,REGULAR_SUBMISSION,PENDING,LOW_2Y_SHARPE,FAIL,-0.21,1.58,MATCHES_COMPETITION,PENDING,AIACv2,AI Alphas Competition 2.0,PASS,MATCHES_PYRAMID,1.0,1.1,ASI/D1/FUNDAMENTAL,1.1,WARNING,MATCHES_THEMES,EDrKL34,2.0,JPN Dataset Utilization Theme,M4ZYx3D,2.0,AMR Dataset Utilization Theme,9B3qxZ4,2.0,KOR Dataset Utilization Theme,PBVkEJD,2.0,TWN Dataset Utilization Theme,by88rqy,2.0,HKG Dataset Utilization Theme,V45896D,1.0,GLB/D1 TOPDIV3000 Power Pool Feb`26 Theme,,,,,,,,,,,,,,,,,,,,,,,,,,,,,,,,,,,,
d58XK81w,REGULAR,PS40111,EQUITY,ASI,MINVOL1M,1,0,INDUSTRY,0.08,ON,VERIFY,OFF,OFF,FASTEXPR,False,2014-01-01,2023-12-31,"subtract(divide(ts_delta(income, 252), income), divide(ts_delta(fnd23_pdcf, 252), fnd23_pdcf))",,5,2026-02-02T04:56:04-05:00,,2026-02-02T04:56:04-05:00,,False,False,,,ace_tag,llm_test,confidence_0.67,DATA_USAGE:SINGLE_DATA_SET,Single Data Set Alpha,,IS,UNSUBMITTED,-1129923,20000000,1175,1466,0.057,-0.0109,0.9511,-0.000383,-0.07,-0.02,2014-01-01,-3668299.0,20000000.0,1228.0,1417.0,0.0501,-0.0354,0.8564,-0.001415,-0.13,-0.24,-1887513.0,20000000.0,1175.0,1466.0,0.057,-0.0182,0.8434,-0.00064,-0.05,-0.13,LOW_SHARPE,FAIL,1.58,-0.07,LOW_FITNESS,FAIL,1.0,-0.02,LOW_ASI_JPN_SHARPE,FAIL,1,-0.03,LOW_INVESTABILITY_CONSTRAINED_SHARPE,FAIL,-0.05,-0.24,LOW_TURNOVER,PASS,0.01,0.057,HIGH_TURNOVER,PASS,0.7,0.057,CONCENTRATED_WEIGHT,FAIL,2014-03-13,0.1,0.499757,LOW_SUB_UNIVERSE_SHARPE,PASS,-0.02,0.09,LOW_ROBUST_UNIVERSE_SHARPE.WITH_RATIO,FAIL,0.9,-0.06,-0.11,LOW_ROBUST_UNIVERSE_RETURNS,FAIL,0.9,-0.0098,-0.0177,SELF_CORRELATION,PENDING,DATA_DIVERSITY,PENDING,PROD_CORRELATION,PENDING,REGULAR_SUBMISSION,PENDING,LOW_2Y_SHARPE,FAIL,-0.04,1.58,MATCHES_COMPETITION,PENDING,AIACv2,AI Alphas Competition 2.0,PASS,MATCHES_PYRAMID,1.0,1.1,ASI/D1/FUNDAMENTAL,1.1,WARNING,MATCHES_THEMES,EDrKL34,2.0,JPN Dataset Utilization Theme,M4ZYx3D,2.0,AMR Dataset Utilization Theme,9B3qxZ4,2.0,KOR Dataset Utilization Theme,PBVkEJD,2.0,TWN Dataset Utilization Theme,by88rqy,2.0,HKG Dataset Utilization Theme,V45896D,1.0,GLB/D1 TOPDIV3000 Power Pool Feb`26 Theme,,,,,,,,,,,,,,,,,,,,,,,,,,,,,,,,,,,,
Vkw9dz2M,REGULAR,PS40111,EQUITY,ASI,MINVOL1M,1,0,INDUSTRY,0.08,ON,VERIFY,OFF,OFF,FASTEXPR,False,2014-01-01,2023-12-31,"subtract(divide(ts_delta(revenue, 252), revenue), divide(ts_delta(assets, 252), assets))",,5,2026-02-02T05:01:18-05:00,,2026-02-02T05:01:18-05:00,,False,False,,,ace_tag,llm_test,confidence_0.75,DATA_USAGE:SINGLE_DATA_SET,Single Data Set Alpha,,IS,UNSUBMITTED,13596460,20000000,1927,1103,0.1085,0.1314,0.9531,0.002421,0.77,0.79,2014-01-01,9044220.0,20000000.0,1882.0,1151.0,0.0877,0.0874,0.8088,0.001994,0.47,0.56,9769305.0,20000000.0,1927.0,1103.0,0.1085,0.0944,0.7946,0.00174,0.52,0.6,LOW_SHARPE,FAIL,1.58,0.77,LOW_FITNESS,FAIL,1.0,0.79,LOW_ASI_JPN_SHARPE,FAIL,1,0.38,LOW_INVESTABILITY_CONSTRAINED_SHARPE,PASS,0.54,0.56,LOW_TURNOVER,PASS,0.01,0.1085,HIGH_TURNOVER,PASS,0.7,0.1085,CONCENTRATED_WEIGHT,FAIL,2023-11-16,0.1,0.498356,LOW_SUB_UNIVERSE_SHARPE,PASS,0.23,0.47,LOW_ROBUST_UNIVERSE_SHARPE.WITH_RATIO,PASS,0.9,0.69,0.96,LOW_ROBUST_UNIVERSE_RETURNS,PASS,0.9,0.1183,0.1501,SELF_CORRELATION,PENDING,DATA_DIVERSITY,PENDING,PROD_CORRELATION,PENDING,REGULAR_SUBMISSION,PENDING,LOW_2Y_SHARPE,PASS,2.0,1.58,MATCHES_COMPETITION,PENDING,AIACv2,AI Alphas Competition 2.0,PASS,MATCHES_PYRAMID,1.0,1.1,ASI/D1/FUNDAMENTAL,1.1,WARNING,MATCHES_THEMES,EDrKL34,2.0,JPN Dataset Utilization Theme,M4ZYx3D,2.0,AMR Dataset Utilization Theme,9B3qxZ4,2.0,KOR Dataset Utilization Theme,PBVkEJD,2.0,TWN Dataset Utilization Theme,by88rqy,2.0,HKG Dataset Utilization Theme,V45896D,1.0,GLB/D1 TOPDIV3000 Power Pool Feb`26 Theme,,,,,,,,,,,,,,,,,,,,,,,,,,,,,,,,,,,,
vRnqOPlz,REGULAR,PS40111,EQUITY,ASI,MINVOL1M,1,0,INDUSTRY,0.08,ON,VERIFY,OFF,OFF,FASTEXPR,False,2014-01-01,2023-12-31,"add(ts_count_nans(cashflow_op, 252), ts_count_nans(income, 252))",,3,2026-02-02T05:01:45-05:00,,2026-02-02T05:01:46-05:00,,False,False,,,ace_tag,llm_test,confidence_0.61,DATA_USAGE:SINGLE_DATA_SET,Single Data Set Alpha,,IS,UNSUBMITTED,-3295526,20000000,418,3084,0.0105,-0.0318,0.4353,-0.006068,-0.4,-0.2,2014-01-01,-3317224.0,20000000.0,504.0,3082.0,0.0108,-0.0321,0.4244,-0.005916,-0.2,-0.39,-831718.0,20000000.0,418.0,3084.0,0.0105,-0.008,0.1488,-0.001532,-0.09,-0.36,LOW_SHARPE,FAIL,1.58,-0.4,LOW_FITNESS,FAIL,1.0,-0.2,LOW_ASI_JPN_SHARPE,FAIL,1,-0.04,LOW_INVESTABILITY_CONSTRAINED_SHARPE,FAIL,-0.28,-0.39,LOW_TURNOVER,PASS,0.01,0.0105,HIGH_TURNOVER,PASS,0.7,0.0105,CONCENTRATED_WEIGHT,PASS,,,,LOW_SUB_UNIVERSE_SHARPE,FAIL,-0.12,-0.4,LOW_ROBUST_UNIVERSE_SHARPE.WITH_RATIO,PASS,0.9,-0.36,-0.23,LOW_ROBUST_UNIVERSE_RETURNS,PASS,0.9,-0.0286,-0.0204,SELF_CORRELATION,PENDING,DATA_DIVERSITY,PENDING,PROD_CORRELATION,PENDING,REGULAR_SUBMISSION,PENDING,LOW_2Y_SHARPE,FAIL,-0.92,1.58,MATCHES_COMPETITION,PENDING,AIACv2,AI Alphas Competition 2.0,PASS,MATCHES_PYRAMID,1.0,1.1,ASI/D1/FUNDAMENTAL,1.1,WARNING,MATCHES_THEMES,EDrKL34,2.0,JPN Dataset Utilization Theme,M4ZYx3D,2.0,AMR Dataset Utilization Theme,9B3qxZ4,2.0,KOR Dataset Utilization Theme,PBVkEJD,2.0,TWN Dataset Utilization Theme,by88rqy,2.0,HKG Dataset Utilization Theme,V45896D,1.0,GLB/D1 TOPDIV3000 Power Pool Feb`26 Theme,,,,,,,,,,,,,,,,,,,,,,,,,,,,,,,,,,,,
RRZ3Aeg0,REGULAR,PS40111,EQUITY,ASI,MINVOL1M,1,0,INDUSTRY,0.08,ON,VERIFY,OFF,OFF,FASTEXPR,False,2014-01-01,2023-12-31,zscore(return_assets),,1,2026-02-02T05:00:31-05:00,,2026-02-02T05:00:32-05:00,,False,False,,,ace_tag,llm_test,confidence_0.76,DATA_USAGE:SINGLE_DATA_SET,Single Data Set Alpha,,IS,UNSUBMITTED,10867214,20000000,1603,1731,0.0443,0.105,0.5262,0.004745,0.48,0.44,2014-01-01,11568720.0,20000000.0,1627.0,1709.0,0.0411,0.1118,0.4456,0.005436,0.57,0.6,5455990.0,20000000.0,1603.0,1731.0,0.0443,0.0527,0.2566,0.002382,0.21,0.32,LOW_SHARPE,FAIL,1.58,0.48,LOW_FITNESS,FAIL,1.0,0.44,LOW_ASI_JPN_SHARPE,FAIL,1,0.01,LOW_INVESTABILITY_CONSTRAINED_SHARPE,PASS,0.34,0.6,LOW_TURNOVER,PASS,0.01,0.0443,HIGH_TURNOVER,PASS,0.7,0.0443,CONCENTRATED_WEIGHT,FAIL,2014-06-24,0.1,0.487023,LOW_SUB_UNIVERSE_SHARPE,PASS,0.14,0.58,LOW_ROBUST_UNIVERSE_SHARPE.WITH_RATIO,PASS,0.9,0.43,0.45,LOW_ROBUST_UNIVERSE_RETURNS,FAIL,0.9,0.0945,0.0488,SELF_CORRELATION,PENDING,DATA_DIVERSITY,PENDING,PROD_CORRELATION,PENDING,REGULAR_SUBMISSION,PENDING,LOW_2Y_SHARPE,FAIL,0.82,1.58,MATCHES_COMPETITION,PENDING,AIACv2,AI Alphas Competition 2.0,PASS,MATCHES_PYRAMID,1.0,1.1,ASI/D1/FUNDAMENTAL,1.1,WARNING,MATCHES_THEMES,EDrKL34,2.0,JPN Dataset Utilization Theme,M4ZYx3D,2.0,AMR Dataset Utilization Theme,9B3qxZ4,2.0,KOR Dataset Utilization Theme,PBVkEJD,2.0,TWN Dataset Utilization Theme,by88rqy,2.0,HKG Dataset Utilization Theme,V45896D,1.0,GLB/D1 TOPDIV3000 Power Pool Feb`26 Theme,,,,,,,,,,,,,,,,,,,,,,,,,,,,,,,,,,,,
wpwm92R6,REGULAR,PS40111,EQUITY,ASI,MINVOL1M,1,0,INDUSTRY,0.08,ON,VERIFY,OFF,OFF,FASTEXPR,False,2014-01-01,2023-12-31,"divide(ts_delta(operating_income, 252), liabilities)",,2,2026-02-02T05:01:04-05:00,,2026-02-02T05:01:05-05:00,,False,False,,,ace_tag,llm_test,confidence_0.72,DATA_USAGE:SINGLE_DATA_SET,Single Data Set Alpha,,IS,UNSUBMITTED,2586601,20000000,1543,1505,0.0818,0.025,0.54,0.000611,0.19,0.08,2014-01-01,2944925.0,20000000.0,1502.0,1548.0,0.0646,0.0285,0.7646,0.000881,0.11,0.22,1459704.0,20000000.0,1543.0,1505.0,0.0818,0.0141,0.6113,0.000345,0.04,0.12,LOW_SHARPE,FAIL,1.58,0.19,LOW_FITNESS,FAIL,1.0,0.08,LOW_ASI_JPN_SHARPE,FAIL,1,-0.29,LOW_INVESTABILITY_CONSTRAINED_SHARPE,PASS,0.13,0.22,LOW_TURNOVER,PASS,0.01,0.0818,HIGH_TURNOVER,PASS,0.7,0.0818,CONCENTRATED_WEIGHT,FAIL,2018-06-28,0.1,0.407814,LOW_SUB_UNIVERSE_SHARPE,FAIL,0.06,-0.01,LOW_ROBUST_UNIVERSE_SHARPE.WITH_RATIO,PASS,0.9,0.17,0.34,LOW_ROBUST_UNIVERSE_RETURNS,PASS,0.9,0.0225,0.0411,SELF_CORRELATION,PENDING,DATA_DIVERSITY,PENDING,PROD_CORRELATION,PENDING,REGULAR_SUBMISSION,PENDING,LOW_2Y_SHARPE,FAIL,1.43,1.58,MATCHES_COMPETITION,PENDING,AIACv2,AI Alphas Competition 2.0,PASS,MATCHES_PYRAMID,1.0,1.1,ASI/D1/FUNDAMENTAL,1.1,WARNING,MATCHES_THEMES,EDrKL34,2.0,JPN Dataset Utilization Theme,M4ZYx3D,2.0,AMR Dataset Utilization Theme,9B3qxZ4,2.0,KOR Dataset Utilization Theme,PBVkEJD,2.0,TWN Dataset Utilization Theme,by88rqy,2.0,HKG Dataset Utilization Theme,V45896D,1.0,GLB/D1 TOPDIV3000 Power Pool Feb`26 Theme,,,,,,,,,,,,,,,,,,,,,,,,,,,,,,,,,,,,
QPrJKoNw,REGULAR,PS40111,EQUITY,ASI,MINVOL1M,1,0,INDUSTRY,0.08,ON,VERIFY,OFF,OFF,FASTEXPR,False,2014-01-01,2023-12-31,"ts_rank(ts_delta(debt, 252), 252)",Cross-sectional rank of debt reductions to find deleveragers. SUG1 not needed; debt coverage high (SUG4). Confidence 0.7.,2,2026-02-02T04:51:48-05:00,,2026-02-02T04:51:53-05:00,,False,False,,,ace_tag,llm_test,confidence_0.7,DATA_USAGE:SINGLE_DATA_SET,Single Data Set Alpha,,IS,UNSUBMITTED,-1083717,20000000,1525,1522,0.0427,-0.0105,0.1425,-0.000491,-0.55,-0.16,2014-01-01,-1102608.0,20000000.0,1526.0,1523.0,0.0402,-0.0107,0.1384,-0.00053,-0.16,-0.56,-1461268.0,20000000.0,1525.0,1522.0,0.0427,-0.0141,0.1551,-0.000662,-0.34,-1.01,LOW_SHARPE,FAIL,1.58,-0.55,LOW_FITNESS,FAIL,1.0,-0.16,LOW_ASI_JPN_SHARPE,FAIL,1,-0.89,LOW_INVESTABILITY_CONSTRAINED_SHARPE,FAIL,-0.39,-0.56,LOW_TURNOVER,PASS,0.01,0.0427,HIGH_TURNOVER,PASS,0.7,0.0427,CONCENTRATED_WEIGHT,PASS,,,,LOW_SUB_UNIVERSE_SHARPE,FAIL,-0.16,-0.77,LOW_ROBUST_UNIVERSE_SHARPE.WITH_RATIO,FAIL,0.9,-0.5,-0.7,LOW_ROBUST_UNIVERSE_RETURNS,FAIL,0.9,-0.0095,-0.0139,SELF_CORRELATION,PENDING,DATA_DIVERSITY,PENDING,PROD_CORRELATION,PENDING,REGULAR_SUBMISSION,PENDING,LOW_2Y_SHARPE,FAIL,-0.82,1.58,MATCHES_COMPETITION,PENDING,AIACv2,AI Alphas Competition 2.0,PASS,MATCHES_PYRAMID,1.0,1.1,ASI/D1/FUNDAMENTAL,1.1,WARNING,MATCHES_THEMES,EDrKL34,2.0,JPN Dataset Utilization Theme,M4ZYx3D,2.0,AMR Dataset Utilization Theme,9B3qxZ4,2.0,KOR Dataset Utilization Theme,PBVkEJD,2.0,TWN Dataset Utilization Theme,by88rqy,2.0,HKG Dataset Utilization Theme,V45896D,1.0,GLB/D1 TOPDIV3000 Power Pool Feb`26 Theme,,,,,,,,,,,,,,,,,,,,,,,,,,,,,,,,,,,,
xAw613kW,REGULAR,PS40111,EQUITY,ASI,MINVOL1M,1,0,INDUSTRY,0.08,ON,VERIFY,OFF,OFF,FASTEXPR,False,2014-01-01,2023-12-31,"ts_delta(divide(revenue, ppent_net), 252)",,2,2026-02-02T04:59:27-05:00,,2026-02-02T04:59:27-05:00,,False,False,,,ace_tag,llm_test,confidence_0.73,DATA_USAGE:SINGLE_DATA_SET,Single Data Set Alpha,,IS,UNSUBMITTED,-5808660,20000000,1624,1402,0.0592,-0.0561,0.8973,-0.001897,-0.43,-0.29,2014-01-01,-2439270.0,20000000.0,1654.0,1375.0,0.0488,-0.0236,0.5059,-0.000966,-0.09,-0.2,-5848010.0,20000000.0,1624.0,1402.0,0.0592,-0.0565,0.8864,-0.00191,-0.34,-0.5,LOW_SHARPE,FAIL,1.58,-0.43,LOW_FITNESS,FAIL,1.0,-0.29,LOW_ASI_JPN_SHARPE,FAIL,1,0.01,LOW_INVESTABILITY_CONSTRAINED_SHARPE,PASS,-0.3,-0.2,LOW_TURNOVER,PASS,0.01,0.0592,HIGH_TURNOVER,PASS,0.7,0.0592,CONCENTRATED_WEIGHT,FAIL,2022-11-01,0.1,0.492934,LOW_SUB_UNIVERSE_SHARPE,PASS,-0.13,0.15,LOW_ROBUST_UNIVERSE_SHARPE.WITH_RATIO,PASS,0.9,-0.39,-0.38,LOW_ROBUST_UNIVERSE_RETURNS,FAIL,0.9,-0.0505,-0.0517,SELF_CORRELATION,PENDING,DATA_DIVERSITY,PENDING,PROD_CORRELATION,PENDING,REGULAR_SUBMISSION,PENDING,LOW_2Y_SHARPE,FAIL,0.47,1.58,MATCHES_COMPETITION,PENDING,AIACv2,AI Alphas Competition 2.0,PASS,MATCHES_PYRAMID,1.0,1.1,ASI/D1/FUNDAMENTAL,1.1,WARNING,MATCHES_THEMES,EDrKL34,2.0,JPN Dataset Utilization Theme,M4ZYx3D,2.0,AMR Dataset Utilization Theme,9B3qxZ4,2.0,KOR Dataset Utilization Theme,PBVkEJD,2.0,TWN Dataset Utilization Theme,by88rqy,2.0,HKG Dataset Utilization Theme,V45896D,1.0,GLB/D1 TOPDIV3000 Power Pool Feb`26 Theme,,,,,,,,,,,,,,,,,,,,,,,,,,,,,,,,,,,,
wpwm9Gzv,REGULAR,PS40111,EQUITY,ASI,MINVOL1M,1,0,INDUSTRY,0.08,ON,VERIFY,OFF,OFF,FASTEXPR,False,2014-01-01,2023-12-31,"subtract(divide(ts_delta(income, 252), income), zscore(fnd23_ists))",,4,2026-02-02T05:01:17-05:00,,2026-02-02T05:01:18-05:00,,False,False,,,ace_tag,llm_test,confidence_0.75,DATA_USAGE:SINGLE_DATA_SET,Single Data Set Alpha,,IS,UNSUBMITTED,2570488,20000000,1672,1422,0.0824,0.0248,0.6042,0.000603,0.22,0.1,2014-01-01,6945588.0,20000000.0,1652.0,1445.0,0.071,0.0671,0.2844,0.001892,0.48,0.66,2539709.0,20000000.0,1672.0,1422.0,0.0824,0.0245,0.4107,0.000596,0.11,0.25,LOW_SHARPE,FAIL,1.58,0.22,LOW_FITNESS,FAIL,1.0,0.1,LOW_ASI_JPN_SHARPE,FAIL,1,0.11,LOW_INVESTABILITY_CONSTRAINED_SHARPE,PASS,0.15,0.66,LOW_TURNOVER,PASS,0.01,0.0824,HIGH_TURNOVER,PASS,0.7,0.0824,CONCENTRATED_WEIGHT,FAIL,2019-09-24,0.1,0.411265,LOW_SUB_UNIVERSE_SHARPE,FAIL,0.06,-0.19,LOW_ROBUST_UNIVERSE_SHARPE.WITH_RATIO,FAIL,0.9,0.2,0.14,LOW_ROBUST_UNIVERSE_RETURNS,FAIL,0.9,0.0223,0.0155,SELF_CORRELATION,PENDING,DATA_DIVERSITY,PENDING,PROD_CORRELATION,PENDING,REGULAR_SUBMISSION,PENDING,LOW_2Y_SHARPE,FAIL,-0.55,1.58,MATCHES_COMPETITION,PENDING,AIACv2,AI Alphas Competition 2.0,PASS,MATCHES_PYRAMID,1.0,1.1,ASI/D1/FUNDAMENTAL,1.1,WARNING,MATCHES_THEMES,EDrKL34,2.0,JPN Dataset Utilization Theme,M4ZYx3D,2.0,AMR Dataset Utilization Theme,9B3qxZ4,2.0,KOR Dataset Utilization Theme,PBVkEJD,2.0,TWN Dataset Utilization Theme,by88rqy,2.0,HKG Dataset Utilization Theme,V45896D,1.0,GLB/D1 TOPDIV3000 Power Pool Feb`26 Theme,,,,,,,,,,,,,,,,,,,,,,,,,,,,,,,,,,,,
wpwm9G1Y,REGULAR,PS40111,EQUITY,ASI,MINVOL1M,1,0,INDUSTRY,0.08,ON,VERIFY,OFF,OFF,FASTEXPR,False,2014-01-01,2023-12-31,"ts_delta(divide(sales, fnd23_ltem), 252)",,2,2026-02-02T05:01:17-05:00,,2026-02-02T05:01:17-05:00,,False,False,,,ace_tag,llm_test,confidence_0.71,DATA_USAGE:SINGLE_DATA_SET,Single Data Set Alpha,,IS,UNSUBMITTED,-5388230,20000000,1038,1392,0.0838,-0.0521,0.726,-0.001242,-0.47,-0.3,2014-01-01,-3152460.0,20000000.0,1057.0,1378.0,0.0587,-0.0305,0.6656,-0.001037,-0.14,-0.28,-4292934.0,20000000.0,1038.0,1392.0,0.0838,-0.0415,0.611,-0.00099,-0.26,-0.45,LOW_SHARPE,FAIL,1.58,-0.47,LOW_FITNESS,FAIL,1.0,-0.3,LOW_ASI_JPN_SHARPE,FAIL,1,-0.07,LOW_INVESTABILITY_CONSTRAINED_SHARPE,PASS,-0.33,-0.28,LOW_TURNOVER,PASS,0.01,0.0838,HIGH_TURNOVER,PASS,0.7,0.0838,CONCENTRATED_WEIGHT,FAIL,2021-04-16,0.1,0.498992,LOW_SUB_UNIVERSE_SHARPE,PASS,-0.14,-0.02,LOW_ROBUST_UNIVERSE_SHARPE.WITH_RATIO,FAIL,0.9,-0.42,-0.78,LOW_ROBUST_UNIVERSE_RETURNS,FAIL,0.9,-0.0469,-0.0861,SELF_CORRELATION,PENDING,DATA_DIVERSITY,PENDING,PROD_CORRELATION,PENDING,REGULAR_SUBMISSION,PENDING,LOW_2Y_SHARPE,FAIL,-0.01,1.58,MATCHES_COMPETITION,PENDING,AIACv2,AI Alphas Competition 2.0,PASS,MATCHES_PYRAMID,1.0,1.1,ASI/D1/FUNDAMENTAL,1.1,WARNING,MATCHES_THEMES,EDrKL34,2.0,JPN Dataset Utilization Theme,M4ZYx3D,2.0,AMR Dataset Utilization Theme,9B3qxZ4,2.0,KOR Dataset Utilization Theme,PBVkEJD,2.0,TWN Dataset Utilization Theme,by88rqy,2.0,HKG Dataset Utilization Theme,V45896D,1.0,GLB/D1 TOPDIV3000 Power Pool Feb`26 Theme,,,,,,,,,,,,,,,,,,,,,,,,,,,,,,,,,,,,
e78p6YPO,REGULAR,PS40111,EQUITY,ASI,MINVOL1M,1,0,INDUSTRY,0.08,ON,VERIFY,OFF,OFF,FASTEXPR,False,2014-01-01,2023-12-31,"divide(subtract(operating_income, fnd23_xeiv), add(debt, equity))",,3,2026-02-02T05:02:55-05:00,,2026-02-02T05:02:56-05:00,,False,False,,,ace_tag,llm_test,confidence_0.7,DATA_USAGE:SINGLE_DATA_SET,Single Data Set Alpha,,IS,UNSUBMITTED,1751581,20000000,1462,1658,0.0402,0.0169,0.3034,0.000842,0.18,0.07,2014-01-01,4666198.0,20000000.0,1461.0,1661.0,0.0358,0.0451,0.1516,0.00252,0.32,0.54,-1857862.0,20000000.0,1462.0,1658.0,0.0402,-0.018,0.2634,-0.000893,-0.09,-0.24,LOW_SHARPE,FAIL,1.58,0.18,LOW_FITNESS,FAIL,1.0,0.07,LOW_ASI_JPN_SHARPE,FAIL,1,0.19,LOW_INVESTABILITY_CONSTRAINED_SHARPE,PASS,0.13,0.54,LOW_TURNOVER,PASS,0.01,0.0402,HIGH_TURNOVER,PASS,0.7,0.0402,CONCENTRATED_WEIGHT,FAIL,2016-07-28,0.1,0.255637,LOW_SUB_UNIVERSE_SHARPE,FAIL,0.05,-0.08,LOW_ROBUST_UNIVERSE_SHARPE.WITH_RATIO,PASS,0.9,0.16,0.22,LOW_ROBUST_UNIVERSE_RETURNS,PASS,0.9,0.0152,0.0216,SELF_CORRELATION,PENDING,DATA_DIVERSITY,PENDING,PROD_CORRELATION,PENDING,REGULAR_SUBMISSION,PENDING,LOW_2Y_SHARPE,FAIL,-0.24,1.58,MATCHES_COMPETITION,PENDING,AIACv2,AI Alphas Competition 2.0,PASS,MATCHES_PYRAMID,1.0,1.1,ASI/D1/FUNDAMENTAL,1.1,WARNING,MATCHES_THEMES,EDrKL34,2.0,JPN Dataset Utilization Theme,M4ZYx3D,2.0,AMR Dataset Utilization Theme,9B3qxZ4,2.0,KOR Dataset Utilization Theme,PBVkEJD,2.0,TWN Dataset Utilization Theme,by88rqy,2.0,HKG Dataset Utilization Theme,V45896D,1.0,GLB/D1 TOPDIV3000 Power Pool Feb`26 Theme,,,,,,,,,,,,,,,,,,,,,,,,,,,,,,,,,,,,
RRZ3EWxg,REGULAR,PS40111,EQUITY,ASI,MINVOL1M,1,0,INDUSTRY,0.08,ON,VERIFY,OFF,OFF,FASTEXPR,False,2014-01-01,2023-12-31,"ts_target_tvr_decay(ts_delta(eps, 252), lambda_min=0.0, lambda_max=1.0, target_tvr=0.1)",,2,2026-02-02T05:05:10-05:00,,2026-02-02T05:05:11-05:00,,False,False,,,ace_tag,llm_test,confidence_0.65,DATA_USAGE:SINGLE_DATA_SET,Single Data Set Alpha,,IS,UNSUBMITTED,-1878746,20000000,1490,1663,0.0503,-0.0182,0.4754,-0.000721,-0.16,-0.06,2014-01-01,-3738107.0,20000000.0,1528.0,1627.0,0.0486,-0.0361,0.7275,-0.001488,-0.17,-0.32,-1810422.0,20000000.0,1490.0,1663.0,0.0503,-0.0175,0.4409,-0.000695,-0.06,-0.17,LOW_SHARPE,FAIL,1.58,-0.16,LOW_FITNESS,FAIL,1.0,-0.06,LOW_ASI_JPN_SHARPE,FAIL,1,-0.52,LOW_INVESTABILITY_CONSTRAINED_SHARPE,FAIL,-0.11,-0.32,LOW_TURNOVER,PASS,0.01,0.0503,HIGH_TURNOVER,PASS,0.7,0.0503,CONCENTRATED_WEIGHT,FAIL,2019-08-09,0.1,0.319041,LOW_SUB_UNIVERSE_SHARPE,PASS,-0.05,0.28,LOW_ROBUST_UNIVERSE_SHARPE.WITH_RATIO,PASS,0.9,-0.14,-0.07,LOW_ROBUST_UNIVERSE_RETURNS,PASS,0.9,-0.0164,-0.0076,SELF_CORRELATION,PENDING,DATA_DIVERSITY,PENDING,PROD_CORRELATION,PENDING,REGULAR_SUBMISSION,PENDING,LOW_2Y_SHARPE,FAIL,0.17,1.58,MATCHES_COMPETITION,PENDING,AIACv2,AI Alphas Competition 2.0,PASS,MATCHES_PYRAMID,1.0,1.1,ASI/D1/FUNDAMENTAL,1.1,WARNING,MATCHES_THEMES,EDrKL34,2.0,JPN Dataset Utilization Theme,M4ZYx3D,2.0,AMR Dataset Utilization Theme,9B3qxZ4,2.0,KOR Dataset Utilization Theme,PBVkEJD,2.0,TWN Dataset Utilization Theme,by88rqy,2.0,HKG Dataset Utilization Theme,V45896D,1.0,GLB/D1 TOPDIV3000 Power Pool Feb`26 Theme,,,,,,,,,,,,,,,,,,,,,,,,,,,,,,,,,,,,
le6qAXn5,REGULAR,PS40111,EQUITY,ASI,MINVOL1M,1,0,INDUSTRY,0.08,ON,VERIFY,OFF,OFF,FASTEXPR,False,2014-01-01,2023-12-31,"divide(ts_delta(fnd23_acoa, 252), revenue)",,2,2026-02-02T05:05:11-05:00,,2026-02-02T05:05:11-05:00,,False,False,,,ace_tag,llm_test,confidence_0.6,DATA_USAGE:SINGLE_DATA_SET,Single Data Set Alpha,,IS,UNSUBMITTED,-3805907,20000000,1273,1579,0.0518,-0.0368,0.7263,-0.001419,-0.22,-0.12,2014-01-01,-421504.0,20000000.0,1339.0,1516.0,0.0466,-0.0041,0.7099,-0.000175,-0.01,-0.03,-3646779.0,20000000.0,1273.0,1579.0,0.0518,-0.0352,0.612,-0.00136,-0.12,-0.23,LOW_SHARPE,FAIL,1.58,-0.22,LOW_FITNESS,FAIL,1.0,-0.12,LOW_ASI_JPN_SHARPE,FAIL,1,0.48,LOW_INVESTABILITY_CONSTRAINED_SHARPE,PASS,-0.15,-0.03,LOW_TURNOVER,PASS,0.01,0.0518,HIGH_TURNOVER,PASS,0.7,0.0518,CONCENTRATED_WEIGHT,FAIL,2022-03-23,0.1,0.45558,LOW_SUB_UNIVERSE_SHARPE,FAIL,-0.06,-0.17,LOW_ROBUST_UNIVERSE_SHARPE.WITH_RATIO,PASS,0.9,-0.2,-0.17,LOW_ROBUST_UNIVERSE_RETURNS,PASS,0.9,-0.0331,-0.0287,SELF_CORRELATION,PENDING,DATA_DIVERSITY,PENDING,PROD_CORRELATION,PENDING,REGULAR_SUBMISSION,PENDING,LOW_2Y_SHARPE,FAIL,-0.82,1.58,MATCHES_COMPETITION,PENDING,AIACv2,AI Alphas Competition 2.0,PASS,MATCHES_PYRAMID,1.0,1.1,ASI/D1/FUNDAMENTAL,1.1,WARNING,MATCHES_THEMES,EDrKL34,2.0,JPN Dataset Utilization Theme,M4ZYx3D,2.0,AMR Dataset Utilization Theme,9B3qxZ4,2.0,KOR Dataset Utilization Theme,PBVkEJD,2.0,TWN Dataset Utilization Theme,by88rqy,2.0,HKG Dataset Utilization Theme,V45896D,1.0,GLB/D1 TOPDIV3000 Power Pool Feb`26 Theme,,,,,,,,,,,,,,,,,,,,,,,,,,,,,,,,,,,,
E507Vd11,REGULAR,PS40111,EQUITY,ASI,MINVOL1M,1,0,INDUSTRY,0.08,ON,VERIFY,OFF,OFF,FASTEXPR,False,2014-01-01,2023-12-31,"and(less(ts_delta(capex, 252), 0), greater(ts_delta(revenue, 252), 0))",,5,2026-02-02T05:02:58-05:00,,2026-02-02T05:02:58-05:00,,False,False,,,ace_tag,llm_test,confidence_0.7,DATA_USAGE:SINGLE_DATA_SET,Single Data Set Alpha,,IS,UNSUBMITTED,-255045,20000000,1127,1860,0.0373,-0.0025,0.0852,-0.000132,-0.09,-0.01,2014-01-01,31195.0,20000000.0,1153.0,1855.0,0.0359,0.0003,0.0831,1.7e-05,0.0,0.01,-270670.0,20000000.0,1127.0,1860.0,0.0373,-0.0026,0.046,-0.00014,-0.03,-0.2,LOW_SHARPE,FAIL,1.58,-0.09,LOW_FITNESS,FAIL,1.0,-0.01,LOW_ASI_JPN_SHARPE,FAIL,1,-0.69,LOW_INVESTABILITY_CONSTRAINED_SHARPE,PASS,-0.06,0.01,LOW_TURNOVER,PASS,0.01,0.0373,HIGH_TURNOVER,PASS,0.7,0.0373,CONCENTRATED_WEIGHT,PASS,,,,LOW_SUB_UNIVERSE_SHARPE,FAIL,-0.03,-0.38,LOW_ROBUST_UNIVERSE_SHARPE.WITH_RATIO,FAIL,0.9,-0.08,-0.28,LOW_ROBUST_UNIVERSE_RETURNS,FAIL,0.9,-0.0023,-0.0086,SELF_CORRELATION,PENDING,DATA_DIVERSITY,PENDING,PROD_CORRELATION,PENDING,REGULAR_SUBMISSION,PENDING,LOW_2Y_SHARPE,FAIL,-0.63,1.58,MATCHES_COMPETITION,PENDING,AIACv2,AI Alphas Competition 2.0,PASS,MATCHES_PYRAMID,1.0,1.1,ASI/D1/FUNDAMENTAL,1.1,WARNING,MATCHES_THEMES,EDrKL34,2.0,JPN Dataset Utilization Theme,M4ZYx3D,2.0,AMR Dataset Utilization Theme,9B3qxZ4,2.0,KOR Dataset Utilization Theme,PBVkEJD,2.0,TWN Dataset Utilization Theme,by88rqy,2.0,HKG Dataset Utilization Theme,V45896D,1.0,GLB/D1 TOPDIV3000 Power Pool Feb`26 Theme,,,,,,,,,,,,,,,,,,,,,,,,,,,,,,,,,,,,
0mklYERr,REGULAR,PS40111,EQUITY,ASI,MINVOL1M,1,0,INDUSTRY,0.08,ON,VERIFY,OFF,OFF,FASTEXPR,False,2014-01-01,2023-12-31,"and(greater(ts_delta(revenue, 252), 0), less(ts_std_dev(operating_margin, 252), ts_std_dev(operating_margin, 252)))",,6,2026-02-02T05:08:14-05:00,,2026-02-02T05:08:15-05:00,,False,False,,,ace_tag,llm_test,confidence_0.68,DATA_USAGE:SINGLE_DATA_SET,Single Data Set Alpha,,IS,UNSUBMITTED,0,0,0,0,0.0,0.0,0.0,0.0,0.0,,2014-01-01,,,,,,,,,,,,,,,,,,,,,LOW_SHARPE,FAIL,1.58,0.0,LOW_FITNESS,ERROR,1.0,,LOW_ASI_JPN_SHARPE,ERROR,1,,LOW_INVESTABILITY_CONSTRAINED_SHARPE,ERROR,0.0,,LOW_TURNOVER,FAIL,0.01,0.0,HIGH_TURNOVER,PASS,0.7,0.0,CONCENTRATED_WEIGHT,FAIL,,,,LOW_SUB_UNIVERSE_SHARPE,ERROR,,,LOW_ROBUST_UNIVERSE_SHARPE.WITH_RATIO,ERROR,0.9,0.0,,LOW_ROBUST_UNIVERSE_RETURNS,ERROR,0.9,0.0,,SELF_CORRELATION,PENDING,DATA_DIVERSITY,PENDING,PROD_CORRELATION,PENDING,REGULAR_SUBMISSION,PENDING,IS_LADDER_SHARPE,PENDING,,,MATCHES_COMPETITION,PENDING,AIACv2,AI Alphas Competition 2.0,PASS,MATCHES_PYRAMID,1.0,1.1,ASI/D1/FUNDAMENTAL,1.1,WARNING,MATCHES_THEMES,EDrKL34,2.0,JPN Dataset Utilization Theme,M4ZYx3D,2.0,AMR Dataset Utilization Theme,9B3qxZ4,2.0,KOR Dataset Utilization Theme,PBVkEJD,2.0,TWN Dataset Utilization Theme,by88rqy,2.0,HKG Dataset Utilization Theme,V45896D,1.0,GLB/D1 TOPDIV3000 Power Pool Feb`26 Theme,,,,,,,,,,,,,,,,,,,,,,,,,,,,,,,,,,,,
QPrJvLYG,REGULAR,PS40111,EQUITY,ASI,MINVOL1M,1,0,INDUSTRY,0.08,ON,VERIFY,OFF,OFF,FASTEXPR,False,2014-01-01,2023-12-31,"ts_delta(divide(fnd23_eaca, fnd23_swds), 252)",,2,2026-02-02T05:04:53-05:00,,2026-02-02T05:04:53-05:00,,False,False,,,ace_tag,llm_test,confidence_0.73,DATA_USAGE:SINGLE_DATA_SET,Single Data Set Alpha,,IS,UNSUBMITTED,-1412198,20000000,1327,1545,0.0286,-0.0136,0.2619,-0.000953,-0.2,-0.07,2014-01-01,-1723274.0,20000000.0,1317.0,1558.0,0.0245,-0.0167,0.3258,-0.001362,-0.1,-0.27,-1859346.0,20000000.0,1327.0,1545.0,0.0286,-0.018,0.2973,-0.001254,-0.13,-0.34,LOW_SHARPE,FAIL,1.58,-0.2,LOW_FITNESS,FAIL,1.0,-0.07,LOW_ASI_JPN_SHARPE,FAIL,1,-0.07,LOW_INVESTABILITY_CONSTRAINED_SHARPE,FAIL,-0.14,-0.27,LOW_TURNOVER,PASS,0.01,0.0286,HIGH_TURNOVER,PASS,0.7,0.0286,CONCENTRATED_WEIGHT,FAIL,2014-03-17,0.1,0.499012,LOW_SUB_UNIVERSE_SHARPE,FAIL,-0.06,-0.11,LOW_ROBUST_UNIVERSE_SHARPE.WITH_RATIO,PASS,0.9,-0.18,-0.15,LOW_ROBUST_UNIVERSE_RETURNS,PASS,0.9,-0.0122,-0.0099,SELF_CORRELATION,PENDING,DATA_DIVERSITY,PENDING,PROD_CORRELATION,PENDING,REGULAR_SUBMISSION,PENDING,LOW_2Y_SHARPE,FAIL,-0.33,1.58,MATCHES_COMPETITION,PENDING,AIACv2,AI Alphas Competition 2.0,PASS,MATCHES_PYRAMID,1.0,1.1,ASI/D1/FUNDAMENTAL,1.1,WARNING,MATCHES_THEMES,EDrKL34,2.0,JPN Dataset Utilization Theme,M4ZYx3D,2.0,AMR Dataset Utilization Theme,9B3qxZ4,2.0,KOR Dataset Utilization Theme,PBVkEJD,2.0,TWN Dataset Utilization Theme,by88rqy,2.0,HKG Dataset Utilization Theme,V45896D,1.0,GLB/D1 TOPDIV3000 Power Pool Feb`26 Theme,,,,,,,,,,,,,,,,,,,,,,,,,,,,,,,,,,,,
Gr0aWqAo,REGULAR,PS40111,EQUITY,ASI,MINVOL1M,1,0,INDUSTRY,0.08,ON,VERIFY,OFF,OFF,FASTEXPR,False,2014-01-01,2023-12-31,"divide(ts_delta(income, 252), ts_delta(bookvalue_ps, 252))",,3,2026-02-02T05:03:24-05:00,,2026-02-02T05:03:25-05:00,,False,False,,,ace_tag,llm_test,confidence_0.74,DATA_USAGE:SINGLE_DATA_SET,Single Data Set Alpha,,IS,UNSUBMITTED,-2480158,20000000,1360,1780,0.0877,-0.024,0.3973,-0.000547,-0.24,-0.11,2014-01-01,-1170127.0,20000000.0,1389.0,1753.0,0.0718,-0.0113,0.2548,-0.000315,-0.04,-0.13,-2903957.0,20000000.0,1360.0,1780.0,0.0877,-0.0281,0.5388,-0.00064,-0.16,-0.33,LOW_SHARPE,FAIL,1.58,-0.24,LOW_FITNESS,FAIL,1.0,-0.11,LOW_ASI_JPN_SHARPE,FAIL,1,0.11,LOW_INVESTABILITY_CONSTRAINED_SHARPE,PASS,-0.17,-0.13,LOW_TURNOVER,PASS,0.01,0.0877,HIGH_TURNOVER,PASS,0.7,0.0877,CONCENTRATED_WEIGHT,FAIL,2014-09-11,0.1,0.496254,LOW_SUB_UNIVERSE_SHARPE,FAIL,-0.07,-0.59,LOW_ROBUST_UNIVERSE_SHARPE.WITH_RATIO,PASS,0.9,-0.22,-0.19,LOW_ROBUST_UNIVERSE_RETURNS,PASS,0.9,-0.0216,-0.0194,SELF_CORRELATION,PENDING,DATA_DIVERSITY,PENDING,PROD_CORRELATION,PENDING,REGULAR_SUBMISSION,PENDING,LOW_2Y_SHARPE,FAIL,-0.61,1.58,MATCHES_COMPETITION,PENDING,AIACv2,AI Alphas Competition 2.0,PASS,MATCHES_PYRAMID,1.0,1.1,ASI/D1/FUNDAMENTAL,1.1,WARNING,MATCHES_THEMES,EDrKL34,2.0,JPN Dataset Utilization Theme,M4ZYx3D,2.0,AMR Dataset Utilization Theme,9B3qxZ4,2.0,KOR Dataset Utilization Theme,PBVkEJD,2.0,TWN Dataset Utilization Theme,by88rqy,2.0,HKG Dataset Utilization Theme,V45896D,1.0,GLB/D1 TOPDIV3000 Power Pool Feb`26 Theme,,,,,,,,,,,,,,,,,,,,,,,,,,,,,,,,,,,,
N1WwN9jp,REGULAR,PS40111,EQUITY,ASI,MINVOL1M,1,0,INDUSTRY,0.08,ON,VERIFY,OFF,OFF,FASTEXPR,False,2014-01-01,2023-12-31,"ts_delta(inventory_turnover, 252)",,1,2026-02-02T05:05:02-05:00,,2026-02-02T05:05:02-05:00,,False,False,,,ace_tag,llm_test,confidence_0.71,DATA_USAGE:SINGLE_DATA_SET,Single Data Set Alpha,,IS,UNSUBMITTED,-3289012,20000000,1281,1382,0.055,-0.0318,0.5454,-0.001155,-0.22,-0.11,2014-01-01,-5362145.0,20000000.0,1416.0,1249.0,0.0446,-0.0518,0.684,-0.002322,-0.23,-0.36,-1074306.0,20000000.0,1281.0,1382.0,0.055,-0.0104,0.5256,-0.000377,-0.02,-0.08,LOW_SHARPE,FAIL,1.58,-0.22,LOW_FITNESS,FAIL,1.0,-0.11,LOW_ASI_JPN_SHARPE,FAIL,1,-0.1,LOW_INVESTABILITY_CONSTRAINED_SHARPE,FAIL,-0.15,-0.36,LOW_TURNOVER,PASS,0.01,0.055,HIGH_TURNOVER,PASS,0.7,0.055,CONCENTRATED_WEIGHT,FAIL,2014-09-16,0.1,0.481519,LOW_SUB_UNIVERSE_SHARPE,PASS,-0.06,0.05,LOW_ROBUST_UNIVERSE_SHARPE.WITH_RATIO,PASS,0.9,-0.2,-0.19,LOW_ROBUST_UNIVERSE_RETURNS,PASS,0.9,-0.0286,-0.0272,SELF_CORRELATION,PENDING,DATA_DIVERSITY,PENDING,PROD_CORRELATION,PENDING,REGULAR_SUBMISSION,PENDING,LOW_2Y_SHARPE,FAIL,-0.46,1.58,MATCHES_COMPETITION,PENDING,AIACv2,AI Alphas Competition 2.0,PASS,MATCHES_PYRAMID,1.0,1.1,ASI/D1/FUNDAMENTAL,1.1,WARNING,MATCHES_THEMES,EDrKL34,2.0,JPN Dataset Utilization Theme,M4ZYx3D,2.0,AMR Dataset Utilization Theme,9B3qxZ4,2.0,KOR Dataset Utilization Theme,PBVkEJD,2.0,TWN Dataset Utilization Theme,by88rqy,2.0,HKG Dataset Utilization Theme,V45896D,1.0,GLB/D1 TOPDIV3000 Power Pool Feb`26 Theme,,,,,,,,,,,,,,,,,,,,,,,,,,,,,,,,,,,,
2rq0Aeo5,REGULAR,PS40111,EQUITY,ASI,MINVOL1M,1,0,INDUSTRY,0.08,ON,VERIFY,OFF,OFF,FASTEXPR,False,2014-01-01,2023-12-31,"divide(ts_delta(pretax_income, 252), ts_delta(liabilities, 252))",,3,2026-02-02T05:11:38-05:00,,2026-02-02T05:11:39-05:00,,False,False,,,ace_tag,llm_test,confidence_0.69,DATA_USAGE:SINGLE_DATA_SET,Single Data Set Alpha,,IS,UNSUBMITTED,-3823473,20000000,1535,1606,0.0951,-0.0369,0.5394,-0.000777,-0.36,-0.2,2014-01-01,-4886440.0,20000000.0,1525.0,1618.0,0.0759,-0.0472,0.574,-0.001244,-0.29,-0.47,-4387848.0,20000000.0,1535.0,1606.0,0.0951,-0.0424,0.5741,-0.000891,-0.26,-0.45,LOW_SHARPE,FAIL,1.58,-0.36,LOW_FITNESS,FAIL,1.0,-0.2,LOW_ASI_JPN_SHARPE,FAIL,1,0.2,LOW_INVESTABILITY_CONSTRAINED_SHARPE,FAIL,-0.25,-0.47,LOW_TURNOVER,PASS,0.01,0.0951,HIGH_TURNOVER,PASS,0.7,0.0951,CONCENTRATED_WEIGHT,FAIL,2022-04-05,0.1,0.495518,LOW_SUB_UNIVERSE_SHARPE,PASS,-0.11,0.26,LOW_ROBUST_UNIVERSE_SHARPE.WITH_RATIO,PASS,0.9,-0.32,-0.31,LOW_ROBUST_UNIVERSE_RETURNS,PASS,0.9,-0.0332,-0.0296,SELF_CORRELATION,PENDING,DATA_DIVERSITY,PENDING,PROD_CORRELATION,PENDING,REGULAR_SUBMISSION,PENDING,LOW_2Y_SHARPE,FAIL,-0.12,1.58,MATCHES_COMPETITION,PENDING,AIACv2,AI Alphas Competition 2.0,PASS,MATCHES_PYRAMID,1.0,1.1,ASI/D1/FUNDAMENTAL,1.1,WARNING,MATCHES_THEMES,EDrKL34,2.0,JPN Dataset Utilization Theme,M4ZYx3D,2.0,AMR Dataset Utilization Theme,9B3qxZ4,2.0,KOR Dataset Utilization Theme,PBVkEJD,2.0,TWN Dataset Utilization Theme,by88rqy,2.0,HKG Dataset Utilization Theme,V45896D,1.0,GLB/D1 TOPDIV3000 Power Pool Feb`26 Theme,,,,,,,,,,,,,,,,,,,,,,,,,,,,,,,,,,,,
wpwmQbld,REGULAR,PS40111,EQUITY,ASI,MINVOL1M,1,0,INDUSTRY,0.08,ON,VERIFY,OFF,OFF,FASTEXPR,False,2014-01-01,2023-12-31,"quantile(divide(ebitda, revenue))",,2,2026-02-02T05:09:31-05:00,,2026-02-02T05:09:31-05:00,,False,False,,,ace_tag,llm_test,confidence_0.76,DATA_USAGE:SINGLE_DATA_SET,Single Data Set Alpha,,IS,UNSUBMITTED,4812638,20000000,1657,1502,0.0225,0.0465,0.0692,0.004133,1.07,0.65,2014-01-01,4562924.0,20000000.0,1654.0,1508.0,0.0219,0.0441,0.0727,0.004021,0.6,1.01,1176515.0,20000000.0,1657.0,1502.0,0.0225,0.0114,0.0408,0.00101,0.19,0.63,LOW_SHARPE,WARNING,1.58,1.07,LOW_FITNESS,WARNING,1.0,0.65,LOW_ASI_JPN_SHARPE,FAIL,1,0.13,LOW_INVESTABILITY_CONSTRAINED_SHARPE,PASS,0.75,1.01,LOW_TURNOVER,PASS,0.01,0.0225,HIGH_TURNOVER,PASS,0.7,0.0225,CONCENTRATED_WEIGHT,PASS,,,,LOW_SUB_UNIVERSE_SHARPE,PASS,0.32,0.82,LOW_ROBUST_UNIVERSE_SHARPE.WITH_RATIO,FAIL,0.9,0.96,0.72,LOW_ROBUST_UNIVERSE_RETURNS,FAIL,0.9,0.0418,0.0311,SELF_CORRELATION,PENDING,DATA_DIVERSITY,PENDING,PROD_CORRELATION,PENDING,REGULAR_SUBMISSION,PENDING,LOW_2Y_SHARPE,WARNING,1.32,1.58,POWER_POOL_CORRELATION,PENDING,,,PENDING,MATCHES_COMPETITION,,,,,PASS,MATCHES_PYRAMID,,,,,,,,,,,,,,,,,,,,,,,,,,,,,AIACv2,AI Alphas Competition 2.0,1.0,1.1,ASI/D1/FUNDAMENTAL,1.1,WARNING,MATCHES_THEMES,EDrKL34,2.0,JPN Dataset Utilization Theme,M4ZYx3D,2.0,AMR Dataset Utilization Theme,9B3qxZ4,2.0,KOR Dataset Utilization Theme,PBVkEJD,2.0,TWN Dataset Utilization Theme,by88rqy,2.0,HKG Dataset Utilization Theme,V45896D,1.0,GLB/D1 TOPDIV3000 Power Pool Feb`26 Theme
omwpELj2,REGULAR,PS40111,EQUITY,ASI,MINVOL1M,1,0,INDUSTRY,0.08,ON,VERIFY,OFF,OFF,FASTEXPR,False,2014-01-01,2023-12-31,"ts_delta(divide(income, fnd23_swds), 252)",,2,2026-02-02T05:09:24-05:00,,2026-02-02T05:09:25-05:00,,False,False,,,ace_tag,llm_test,confidence_0.78,DATA_USAGE:SINGLE_DATA_SET,Single Data Set Alpha,,IS,UNSUBMITTED,4832077,20000000,1518,1562,0.051,0.0467,0.1148,0.001831,0.56,0.34,2014-01-01,4629092.0,20000000.0,1544.0,1538.0,0.0473,0.0447,0.1378,0.001893,0.34,0.57,3191155.0,20000000.0,1518.0,1562.0,0.051,0.0308,0.1037,0.001209,0.22,0.45,LOW_SHARPE,FAIL,1.58,0.56,LOW_FITNESS,FAIL,1.0,0.34,LOW_ASI_JPN_SHARPE,FAIL,1,-0.07,LOW_INVESTABILITY_CONSTRAINED_SHARPE,PASS,0.39,0.57,LOW_TURNOVER,PASS,0.01,0.051,HIGH_TURNOVER,PASS,0.7,0.051,CONCENTRATED_WEIGHT,FAIL,2014-03-24,0.1,0.499159,LOW_SUB_UNIVERSE_SHARPE,PASS,0.17,0.48,LOW_ROBUST_UNIVERSE_SHARPE.WITH_RATIO,FAIL,0.9,0.5,0.4,LOW_ROBUST_UNIVERSE_RETURNS,FAIL,0.9,0.042,0.0318,SELF_CORRELATION,PENDING,DATA_DIVERSITY,PENDING,PROD_CORRELATION,PENDING,REGULAR_SUBMISSION,PENDING,LOW_2Y_SHARPE,FAIL,0.45,1.58,MATCHES_COMPETITION,PENDING,AIACv2,AI Alphas Competition 2.0,PASS,MATCHES_PYRAMID,1.0,1.1,ASI/D1/FUNDAMENTAL,1.1,WARNING,MATCHES_THEMES,EDrKL34,2.0,JPN Dataset Utilization Theme,M4ZYx3D,2.0,AMR Dataset Utilization Theme,9B3qxZ4,2.0,KOR Dataset Utilization Theme,PBVkEJD,2.0,TWN Dataset Utilization Theme,by88rqy,2.0,HKG Dataset Utilization Theme,V45896D,1.0,GLB/D1 TOPDIV3000 Power Pool Feb`26 Theme,,,,,,,,,,,,,,,,,,,,,,,,,,,,,,,,,,,,
rK63R888,REGULAR,PS40111,EQUITY,ASI,MINVOL1M,1,0,INDUSTRY,0.08,ON,VERIFY,OFF,OFF,FASTEXPR,False,2014-01-01,2023-12-31,"and(less(fnd23_ists, ts_mean(fnd23_ists, 252)), greater(ts_delta(operating_margin, 252), 0))",,5,2026-02-02T05:11:37-05:00,,2026-02-02T05:11:38-05:00,,False,False,,,ace_tag,llm_test,confidence_0.72,DATA_USAGE:SINGLE_DATA_SET,Single Data Set Alpha,,IS,UNSUBMITTED,1627321,20000000,671,2258,0.0343,0.0157,0.0423,0.000917,0.68,0.24,2014-01-01,1164110.0,20000000.0,715.0,2247.0,0.0319,0.0112,0.0452,0.000705,0.15,0.49,1217869.0,20000000.0,671.0,2258.0,0.0343,0.0118,0.0326,0.000686,0.23,0.76,LOW_SHARPE,FAIL,1.58,0.68,LOW_FITNESS,FAIL,1.0,0.24,LOW_ASI_JPN_SHARPE,FAIL,1,-0.23,LOW_INVESTABILITY_CONSTRAINED_SHARPE,PASS,0.48,0.49,LOW_TURNOVER,PASS,0.01,0.0343,HIGH_TURNOVER,PASS,0.7,0.0343,CONCENTRATED_WEIGHT,PASS,,,,LOW_SUB_UNIVERSE_SHARPE,PASS,0.2,0.24,LOW_ROBUST_UNIVERSE_SHARPE.WITH_RATIO,FAIL,0.9,0.61,0.39,LOW_ROBUST_UNIVERSE_RETURNS,FAIL,0.9,0.0141,0.0093,SELF_CORRELATION,PENDING,DATA_DIVERSITY,PENDING,PROD_CORRELATION,PENDING,REGULAR_SUBMISSION,PENDING,LOW_2Y_SHARPE,FAIL,0.37,1.58,MATCHES_COMPETITION,PENDING,AIACv2,AI Alphas Competition 2.0,PASS,MATCHES_PYRAMID,1.0,1.1,ASI/D1/FUNDAMENTAL,1.1,WARNING,MATCHES_THEMES,EDrKL34,2.0,JPN Dataset Utilization Theme,M4ZYx3D,2.0,AMR Dataset Utilization Theme,9B3qxZ4,2.0,KOR Dataset Utilization Theme,PBVkEJD,2.0,TWN Dataset Utilization Theme,by88rqy,2.0,HKG Dataset Utilization Theme,V45896D,1.0,GLB/D1 TOPDIV3000 Power Pool Feb`26 Theme,,,,,,,,,,,,,,,,,,,,,,,,,,,,,,,,,,,,
d58XK81w,REGULAR,PS40111,EQUITY,ASI,MINVOL1M,1,0,INDUSTRY,0.08,ON,VERIFY,OFF,OFF,FASTEXPR,False,2014-01-01,2023-12-31,"subtract(divide(ts_delta(income, 252), income), divide(ts_delta(fnd23_pdcf, 252), fnd23_pdcf))","If income grows faster than dividends, firm may be reinvesting; uses income and fnd23_pdcf. SUG1 & SUG4 applied. Confidence 0.67.",5,2026-02-02T04:56:04-05:00,,2026-02-02T04:56:07-05:00,,False,False,,,ace_tag,llm_test,confidence_0.68,DATA_USAGE:SINGLE_DATA_SET,Single Data Set Alpha,,IS,UNSUBMITTED,-1129923,20000000,1175,1466,0.057,-0.0109,0.9511,-0.000383,-0.07,-0.02,2014-01-01,-3668299.0,20000000.0,1228.0,1417.0,0.0501,-0.0354,0.8564,-0.001415,-0.13,-0.24,-1887513.0,20000000.0,1175.0,1466.0,0.057,-0.0182,0.8434,-0.00064,-0.05,-0.13,LOW_SHARPE,FAIL,1.58,-0.07,LOW_FITNESS,FAIL,1.0,-0.02,LOW_ASI_JPN_SHARPE,FAIL,1,-0.03,LOW_INVESTABILITY_CONSTRAINED_SHARPE,FAIL,-0.05,-0.24,LOW_TURNOVER,PASS,0.01,0.057,HIGH_TURNOVER,PASS,0.7,0.057,CONCENTRATED_WEIGHT,FAIL,2014-03-13,0.1,0.499757,LOW_SUB_UNIVERSE_SHARPE,PASS,-0.02,0.09,LOW_ROBUST_UNIVERSE_SHARPE.WITH_RATIO,FAIL,0.9,-0.06,-0.11,LOW_ROBUST_UNIVERSE_RETURNS,FAIL,0.9,-0.0098,-0.0177,SELF_CORRELATION,PENDING,DATA_DIVERSITY,PENDING,PROD_CORRELATION,PENDING,REGULAR_SUBMISSION,PENDING,LOW_2Y_SHARPE,FAIL,-0.04,1.58,MATCHES_COMPETITION,PENDING,AIACv2,AI Alphas Competition 2.0,PASS,MATCHES_PYRAMID,1.0,1.1,ASI/D1/FUNDAMENTAL,1.1,WARNING,MATCHES_THEMES,EDrKL34,2.0,JPN Dataset Utilization Theme,M4ZYx3D,2.0,AMR Dataset Utilization Theme,9B3qxZ4,2.0,KOR Dataset Utilization Theme,PBVkEJD,2.0,TWN Dataset Utilization Theme,by88rqy,2.0,HKG Dataset Utilization Theme,V45896D,1.0,GLB/D1 TOPDIV3000 Power Pool Feb`26 Theme,,,,,,,,,,,,,,,,,,,,,,,,,,,,,,,,,,,,
2rq0AmqY,REGULAR,PS40111,EQUITY,ASI,MINVOL1M,1,0,INDUSTRY,0.08,ON,VERIFY,OFF,OFF,FASTEXPR,False,2014-01-01,2023-12-31,"subtract(divide(ts_delta(revenue, 252), revenue), divide(ts_delta(fnd23_eoos, 252), fnd23_eoos))",,5,2026-02-02T05:09:28-05:00,,2026-02-02T05:09:29-05:00,,False,False,,,ace_tag,llm_test,confidence_0.66,DATA_USAGE:SINGLE_DATA_SET,Single Data Set Alpha,,IS,UNSUBMITTED,197850,20000000,990,995,0.0829,0.0019,1.0076,4.6e-05,0.01,0.0,2014-01-01,6276108.0,20000000.0,992.0,998.0,0.0615,0.0607,0.9942,0.001973,0.15,0.21,926838.0,20000000.0,990.0,995.0,0.0829,0.009,1.0281,0.000216,0.01,0.03,LOW_SHARPE,FAIL,1.58,0.01,LOW_FITNESS,FAIL,1.0,0.0,LOW_ASI_JPN_SHARPE,FAIL,1,-0.03,LOW_INVESTABILITY_CONSTRAINED_SHARPE,PASS,0.01,0.21,LOW_TURNOVER,PASS,0.01,0.0829,HIGH_TURNOVER,PASS,0.7,0.0829,CONCENTRATED_WEIGHT,FAIL,2017-02-17,0.1,0.499985,LOW_SUB_UNIVERSE_SHARPE,PASS,0.0,0.14,LOW_ROBUST_UNIVERSE_SHARPE.WITH_RATIO,FAIL,0.9,0.01,-0.05,LOW_ROBUST_UNIVERSE_RETURNS,FAIL,0.9,0.0017,-0.0148,SELF_CORRELATION,PENDING,DATA_DIVERSITY,PENDING,PROD_CORRELATION,PENDING,REGULAR_SUBMISSION,PENDING,LOW_2Y_SHARPE,FAIL,0.0,1.58,MATCHES_COMPETITION,PENDING,AIACv2,AI Alphas Competition 2.0,PASS,MATCHES_PYRAMID,1.0,1.1,ASI/D1/FUNDAMENTAL,1.1,WARNING,MATCHES_THEMES,EDrKL34,2.0,JPN Dataset Utilization Theme,M4ZYx3D,2.0,AMR Dataset Utilization Theme,9B3qxZ4,2.0,KOR Dataset Utilization Theme,PBVkEJD,2.0,TWN Dataset Utilization Theme,by88rqy,2.0,HKG Dataset Utilization Theme,V45896D,1.0,GLB/D1 TOPDIV3000 Power Pool Feb`26 Theme,,,,,,,,,,,,,,,,,,,,,,,,,,,,,,,,,,,,
RRZ3Aeg0,REGULAR,PS40111,EQUITY,ASI,MINVOL1M,1,0,INDUSTRY,0.08,ON,VERIFY,OFF,OFF,FASTEXPR,False,2014-01-01,2023-12-31,zscore(return_assets),Cross-sectional zscore on return_assets to find improved asset returns versus peers. SUG4 applied. Confidence 0.76.,1,2026-02-02T05:00:31-05:00,,2026-02-02T05:00:38-05:00,,False,False,,,ace_tag,llm_test,confidence_0.77,DATA_USAGE:SINGLE_DATA_SET,Single Data Set Alpha,,IS,UNSUBMITTED,10867214,20000000,1603,1731,0.0443,0.105,0.5262,0.004745,0.48,0.44,2014-01-01,11568720.0,20000000.0,1627.0,1709.0,0.0411,0.1118,0.4456,0.005436,0.57,0.6,5455990.0,20000000.0,1603.0,1731.0,0.0443,0.0527,0.2566,0.002382,0.21,0.32,LOW_SHARPE,FAIL,1.58,0.48,LOW_FITNESS,FAIL,1.0,0.44,LOW_ASI_JPN_SHARPE,FAIL,1,0.01,LOW_INVESTABILITY_CONSTRAINED_SHARPE,PASS,0.34,0.6,LOW_TURNOVER,PASS,0.01,0.0443,HIGH_TURNOVER,PASS,0.7,0.0443,CONCENTRATED_WEIGHT,FAIL,2014-06-24,0.1,0.487023,LOW_SUB_UNIVERSE_SHARPE,PASS,0.14,0.58,LOW_ROBUST_UNIVERSE_SHARPE.WITH_RATIO,PASS,0.9,0.43,0.45,LOW_ROBUST_UNIVERSE_RETURNS,FAIL,0.9,0.0945,0.0488,SELF_CORRELATION,PENDING,DATA_DIVERSITY,PENDING,PROD_CORRELATION,PENDING,REGULAR_SUBMISSION,PENDING,LOW_2Y_SHARPE,FAIL,0.82,1.58,MATCHES_COMPETITION,PENDING,AIACv2,AI Alphas Competition 2.0,PASS,MATCHES_PYRAMID,1.0,1.1,ASI/D1/FUNDAMENTAL,1.1,WARNING,MATCHES_THEMES,EDrKL34,2.0,JPN Dataset Utilization Theme,M4ZYx3D,2.0,AMR Dataset Utilization Theme,9B3qxZ4,2.0,KOR Dataset Utilization Theme,PBVkEJD,2.0,TWN Dataset Utilization Theme,by88rqy,2.0,HKG Dataset Utilization Theme,V45896D,1.0,GLB/D1 TOPDIV3000 Power Pool Feb`26 Theme,,,,,,,,,,,,,,,,,,,,,,,,,,,,,,,,,,,,
j2lEYx2O,REGULAR,PS40111,EQUITY,ASI,MINVOL1M,1,0,INDUSTRY,0.08,ON,VERIFY,OFF,OFF,FASTEXPR,False,2014-01-01,2023-12-31,"ts_product(ts_returns(income, 63), 63)",,2,2026-02-02T05:11:13-05:00,,2026-02-02T05:11:13-05:00,,False,False,,,ace_tag,llm_test,confidence_0.65,DATA_USAGE:SINGLE_DATA_SET,Single Data Set Alpha,,IS,UNSUBMITTED,-2239397,20000000,1647,1340,1.5889,-0.0216,1.5148,-2.7e-05,-0.07,-0.01,2014-01-01,-17262376.0,20000000.0,1401.0,1835.0,0.4824,-0.1668,1.7379,-0.000692,-0.36,-0.61,-1987963.0,20000000.0,1647.0,1340.0,1.5889,-0.0192,1.3351,-2.4e-05,-0.01,-0.07,LOW_SHARPE,FAIL,1.58,-0.07,LOW_FITNESS,FAIL,1.0,-0.01,LOW_ASI_JPN_SHARPE,FAIL,1,0.05,LOW_INVESTABILITY_CONSTRAINED_SHARPE,FAIL,-0.05,-0.61,LOW_TURNOVER,PASS,0.01,1.5889,HIGH_TURNOVER,FAIL,0.7,1.5889,CONCENTRATED_WEIGHT,FAIL,2014-03-05,0.1,0.500003,LOW_SUB_UNIVERSE_SHARPE,PASS,-0.02,0.08,LOW_ROBUST_UNIVERSE_SHARPE.WITH_RATIO,PASS,0.9,-0.06,-0.06,LOW_ROBUST_UNIVERSE_RETURNS,PASS,0.9,-0.0194,-0.0143,SELF_CORRELATION,PENDING,DATA_DIVERSITY,PENDING,PROD_CORRELATION,PENDING,REGULAR_SUBMISSION,PENDING,LOW_2Y_SHARPE,FAIL,-0.87,1.58,MATCHES_COMPETITION,PENDING,AIACv2,AI Alphas Competition 2.0,PASS,MATCHES_PYRAMID,1.0,1.1,ASI/D1/FUNDAMENTAL,1.1,WARNING,MATCHES_THEMES,EDrKL34,2.0,JPN Dataset Utilization Theme,M4ZYx3D,2.0,AMR Dataset Utilization Theme,9B3qxZ4,2.0,KOR Dataset Utilization Theme,PBVkEJD,2.0,TWN Dataset Utilization Theme,by88rqy,2.0,HKG Dataset Utilization Theme,V45896D,1.0,GLB/D1 TOPDIV3000 Power Pool Feb`26 Theme,,,,,,,,,,,,,,,,,,,,,,,,,,,,,,,,,,,,
le6qaeL2,REGULAR,PS40111,EQUITY,ASI,MINVOL1M,1,0,INDUSTRY,0.08,ON,VERIFY,OFF,OFF,FASTEXPR,False,2014-01-01,2023-12-31,"and(less(divide(debt, equity), divide(ts_delay(debt, 252), equity)), greater(ts_delta(income, 252), 0))",,7,2026-02-02T05:13:29-05:00,,2026-02-02T05:13:30-05:00,,False,False,,,ace_tag,llm_test,confidence_0.7,DATA_USAGE:SINGLE_DATA_SET,Single Data Set Alpha,,IS,UNSUBMITTED,2724691,20000000,747,2269,0.0356,0.0263,0.0535,0.001477,1.09,0.5,2014-01-01,2138235.0,20000000.0,792.0,2255.0,0.0337,0.0207,0.0648,0.001228,0.35,0.85,1970892.0,20000000.0,747.0,2269.0,0.0356,0.019,0.0338,0.001069,0.5,1.29,LOW_SHARPE,WARNING,1.58,1.09,LOW_FITNESS,WARNING,1.0,0.5,LOW_ASI_JPN_SHARPE,FAIL,1,0.16,LOW_INVESTABILITY_CONSTRAINED_SHARPE,PASS,0.76,0.85,LOW_TURNOVER,PASS,0.01,0.0356,HIGH_TURNOVER,PASS,0.7,0.0356,CONCENTRATED_WEIGHT,PASS,,,,LOW_SUB_UNIVERSE_SHARPE,PASS,0.32,0.88,LOW_ROBUST_UNIVERSE_SHARPE.WITH_RATIO,PASS,0.9,0.98,1.0,LOW_ROBUST_UNIVERSE_RETURNS,PASS,0.9,0.0237,0.0249,SELF_CORRELATION,PENDING,DATA_DIVERSITY,PENDING,PROD_CORRELATION,PENDING,REGULAR_SUBMISSION,PENDING,LOW_2Y_SHARPE,WARNING,1.53,1.58,POWER_POOL_CORRELATION,PENDING,,,PENDING,MATCHES_COMPETITION,,,,,PASS,MATCHES_PYRAMID,,,,,,,,,,,,,,,,,,,,,,,,,,,,,AIACv2,AI Alphas Competition 2.0,1.0,1.1,ASI/D1/FUNDAMENTAL,1.1,WARNING,MATCHES_THEMES,EDrKL34,2.0,JPN Dataset Utilization Theme,M4ZYx3D,2.0,AMR Dataset Utilization Theme,9B3qxZ4,2.0,KOR Dataset Utilization Theme,PBVkEJD,2.0,TWN Dataset Utilization Theme,by88rqy,2.0,HKG Dataset Utilization Theme,V45896D,1.0,GLB/D1 TOPDIV3000 Power Pool Feb`26 Theme
E507QAXR,REGULAR,PS40111,EQUITY,ASI,MINVOL1M,1,0,INDUSTRY,0.08,ON,VERIFY,OFF,OFF,FASTEXPR,False,2014-01-01,2023-12-31,"zscore(divide(cashflow_op, revenue))",,2,2026-02-02T05:15:09-05:00,,2026-02-02T05:15:09-05:00,,False,False,,,ace_tag,llm_test,confidence_0.78,DATA_USAGE:SINGLE_DATA_SET,Single Data Set Alpha,,IS,UNSUBMITTED,34167332,20000000,1734,1467,0.0425,0.3302,0.3471,0.01555,1.0,1.63,2014-01-01,31981704.0,20000000.0,1650.0,1553.0,0.0447,0.3091,0.3585,0.013815,1.51,0.96,23280931.0,20000000.0,1734.0,1467.0,0.0425,0.225,0.3258,0.010595,1.02,0.76,LOW_SHARPE,WARNING,1.58,1.0,LOW_FITNESS,PASS,1.0,1.63,LOW_ASI_JPN_SHARPE,FAIL,1,0.5,LOW_INVESTABILITY_CONSTRAINED_SHARPE,PASS,0.7,0.96,LOW_TURNOVER,PASS,0.01,0.0425,HIGH_TURNOVER,PASS,0.7,0.0425,CONCENTRATED_WEIGHT,WARNING,2017-07-17,0.1,0.47554,LOW_SUB_UNIVERSE_SHARPE,PASS,0.29,0.44,LOW_ROBUST_UNIVERSE_SHARPE.WITH_RATIO,FAIL,0.9,0.9,0.64,LOW_ROBUST_UNIVERSE_RETURNS,FAIL,0.9,0.2972,0.1985,SELF_CORRELATION,PENDING,DATA_DIVERSITY,PENDING,PROD_CORRELATION,PENDING,REGULAR_SUBMISSION,PENDING,LOW_2Y_SHARPE,WARNING,1.36,1.58,POWER_POOL_CORRELATION,PENDING,,,PENDING,MATCHES_COMPETITION,,,,,PASS,MATCHES_PYRAMID,,,,,,,,,,,,,,,,,,,,,,,,,,,,,AIACv2,AI Alphas Competition 2.0,1.0,1.1,ASI/D1/FUNDAMENTAL,1.1,WARNING,MATCHES_THEMES,EDrKL34,2.0,JPN Dataset Utilization Theme,M4ZYx3D,2.0,AMR Dataset Utilization Theme,9B3qxZ4,2.0,KOR Dataset Utilization Theme,PBVkEJD,2.0,TWN Dataset Utilization Theme,by88rqy,2.0,HKG Dataset Utilization Theme,V45896D,1.0,GLB/D1 TOPDIV3000 Power Pool Feb`26 Theme
xAw6vAGp,REGULAR,PS40111,EQUITY,ASI,MINVOL1M,1,0,INDUSTRY,0.08,ON,VERIFY,OFF,OFF,FASTEXPR,False,2014-01-01,2023-12-31,"quantile(divide(capex, revenue))",,2,2026-02-02T05:13:40-05:00,,2026-02-02T05:13:40-05:00,,False,False,,,ace_tag,llm_test,confidence_0.7,DATA_USAGE:SINGLE_DATA_SET,Single Data Set Alpha,,IS,UNSUBMITTED,1508181,20000000,1577,1589,0.0223,0.0146,0.0803,0.00131,0.34,0.12,2014-01-01,1575405.0,20000000.0,1580.0,1589.0,0.0221,0.0152,0.0689,0.00138,0.13,0.36,2258790.0,20000000.0,1577.0,1589.0,0.0223,0.0218,0.0246,0.001962,0.52,1.25,LOW_SHARPE,FAIL,1.58,0.34,LOW_FITNESS,FAIL,1.0,0.12,LOW_ASI_JPN_SHARPE,FAIL,1,0.25,LOW_INVESTABILITY_CONSTRAINED_SHARPE,PASS,0.24,0.36,LOW_TURNOVER,PASS,0.01,0.0223,HIGH_TURNOVER,PASS,0.7,0.0223,CONCENTRATED_WEIGHT,PASS,,,,LOW_SUB_UNIVERSE_SHARPE,FAIL,0.1,-0.06,LOW_ROBUST_UNIVERSE_SHARPE.WITH_RATIO,FAIL,0.9,0.31,0.26,LOW_ROBUST_UNIVERSE_RETURNS,FAIL,0.9,0.0131,0.0115,SELF_CORRELATION,PENDING,DATA_DIVERSITY,PENDING,PROD_CORRELATION,PENDING,REGULAR_SUBMISSION,PENDING,LOW_2Y_SHARPE,FAIL,0.75,1.58,MATCHES_COMPETITION,PENDING,AIACv2,AI Alphas Competition 2.0,PASS,MATCHES_PYRAMID,1.0,1.1,ASI/D1/FUNDAMENTAL,1.1,WARNING,MATCHES_THEMES,EDrKL34,2.0,JPN Dataset Utilization Theme,M4ZYx3D,2.0,AMR Dataset Utilization Theme,9B3qxZ4,2.0,KOR Dataset Utilization Theme,PBVkEJD,2.0,TWN Dataset Utilization Theme,by88rqy,2.0,HKG Dataset Utilization Theme,V45896D,1.0,GLB/D1 TOPDIV3000 Power Pool Feb`26 Theme,,,,,,,,,,,,,,,,,,,,,,,,,,,,,,,,,,,,
O0wYW06J,REGULAR,PS40111,EQUITY,ASI,MINVOL1M,1,0,INDUSTRY,0.08,ON,VERIFY,OFF,OFF,FASTEXPR,False,2014-01-01,2023-12-31,"ts_target_tvr_hump(ts_delta(operating_margin, 252), lambda_min=0, lambda_max=1, target_tvr=0.1)",,2,2026-02-02T05:13:38-05:00,,2026-02-02T05:13:39-05:00,,False,False,,,ace_tag,llm_test,confidence_0.63,DATA_USAGE:SINGLE_DATA_SET,Single Data Set Alpha,,IS,UNSUBMITTED,1483516,20000000,1520,1489,0.0467,0.0143,1.0319,0.000613,0.04,0.01,2014-01-01,-755548.0,20000000.0,1590.0,1421.0,0.0504,-0.0073,0.9262,-0.00029,-0.0,-0.02,1085709.0,20000000.0,1520.0,1489.0,0.0467,0.0105,0.8857,0.000449,0.01,0.03,LOW_SHARPE,FAIL,1.58,0.04,LOW_FITNESS,FAIL,1.0,0.01,LOW_ASI_JPN_SHARPE,FAIL,1,-0.15,LOW_INVESTABILITY_CONSTRAINED_SHARPE,FAIL,0.03,-0.02,LOW_TURNOVER,PASS,0.01,0.0467,HIGH_TURNOVER,PASS,0.7,0.0467,CONCENTRATED_WEIGHT,FAIL,2019-03-29,0.1,0.349883,LOW_SUB_UNIVERSE_SHARPE,PASS,0.01,0.01,LOW_ROBUST_UNIVERSE_SHARPE.WITH_RATIO,FAIL,0.9,0.04,-0.02,LOW_ROBUST_UNIVERSE_RETURNS,FAIL,0.9,0.0129,-0.0051,SELF_CORRELATION,PENDING,DATA_DIVERSITY,PENDING,PROD_CORRELATION,PENDING,REGULAR_SUBMISSION,PENDING,LOW_2Y_SHARPE,FAIL,-0.26,1.58,MATCHES_COMPETITION,PENDING,AIACv2,AI Alphas Competition 2.0,PASS,MATCHES_PYRAMID,1.0,1.1,ASI/D1/FUNDAMENTAL,1.1,WARNING,MATCHES_THEMES,EDrKL34,2.0,JPN Dataset Utilization Theme,M4ZYx3D,2.0,AMR Dataset Utilization Theme,9B3qxZ4,2.0,KOR Dataset Utilization Theme,PBVkEJD,2.0,TWN Dataset Utilization Theme,by88rqy,2.0,HKG Dataset Utilization Theme,V45896D,1.0,GLB/D1 TOPDIV3000 Power Pool Feb`26 Theme,,,,,,,,,,,,,,,,,,,,,,,,,,,,,,,,,,,,
1YV9WYlM,REGULAR,PS40111,EQUITY,ASI,MINVOL1M,1,0,INDUSTRY,0.08,ON,VERIFY,OFF,OFF,FASTEXPR,False,2014-01-01,2023-12-31,"quantile(divide(subtract(cashflow_op, capex), assets))",,3,2026-02-02T05:13:39-05:00,,2026-02-02T05:13:39-05:00,,False,False,,,ace_tag,llm_test,confidence_0.79,DATA_USAGE:SINGLE_DATA_SET,Single Data Set Alpha,,IS,UNSUBMITTED,5341090,20000000,1639,1652,0.0257,0.0516,0.0897,0.004023,0.99,0.64,2014-01-01,4953180.0,20000000.0,1639.0,1654.0,0.0256,0.0479,0.0839,0.003737,0.57,0.92,905604.0,20000000.0,1639.0,1652.0,0.0257,0.0088,0.0354,0.000682,0.14,0.52,LOW_SHARPE,FAIL,1.58,0.99,LOW_FITNESS,FAIL,1.0,0.64,LOW_ASI_JPN_SHARPE,FAIL,1,0.14,LOW_INVESTABILITY_CONSTRAINED_SHARPE,PASS,0.69,0.92,LOW_TURNOVER,PASS,0.01,0.0257,HIGH_TURNOVER,PASS,0.7,0.0257,CONCENTRATED_WEIGHT,PASS,,,,LOW_SUB_UNIVERSE_SHARPE,PASS,0.29,0.75,LOW_ROBUST_UNIVERSE_SHARPE.WITH_RATIO,FAIL,0.9,0.89,0.74,LOW_ROBUST_UNIVERSE_RETURNS,FAIL,0.9,0.0464,0.0387,SELF_CORRELATION,PENDING,DATA_DIVERSITY,PENDING,PROD_CORRELATION,PENDING,REGULAR_SUBMISSION,PENDING,LOW_2Y_SHARPE,FAIL,0.74,1.58,MATCHES_COMPETITION,PENDING,AIACv2,AI Alphas Competition 2.0,PASS,MATCHES_PYRAMID,1.0,1.1,ASI/D1/FUNDAMENTAL,1.1,WARNING,MATCHES_THEMES,EDrKL34,2.0,JPN Dataset Utilization Theme,M4ZYx3D,2.0,AMR Dataset Utilization Theme,9B3qxZ4,2.0,KOR Dataset Utilization Theme,PBVkEJD,2.0,TWN Dataset Utilization Theme,by88rqy,2.0,HKG Dataset Utilization Theme,V45896D,1.0,GLB/D1 TOPDIV3000 Power Pool Feb`26 Theme,,,,,,,,,,,,,,,,,,,,,,,,,,,,,,,,,,,,
bl2kalrR,REGULAR,PS40111,EQUITY,ASI,MINVOL1M,1,0,INDUSTRY,0.08,ON,VERIFY,OFF,OFF,FASTEXPR,False,2014-01-01,2023-12-31,"and(greater(ts_delta(income, 252), 0), less(ts_delta(liabilities, 252), 0))",,5,2026-02-02T05:13:39-05:00,,2026-02-02T05:13:39-05:00,,False,False,,,ace_tag,llm_test,confidence_0.7,DATA_USAGE:SINGLE_DATA_SET,Single Data Set Alpha,,IS,UNSUBMITTED,1828797,20000000,517,2581,0.0383,0.0177,0.0743,0.000922,0.72,0.27,2014-01-01,1320375.0,20000000.0,586.0,2567.0,0.0356,0.0128,0.0981,0.000717,0.17,0.52,1530175.0,20000000.0,517.0,2581.0,0.0383,0.0148,0.0395,0.000771,0.29,0.85,LOW_SHARPE,FAIL,1.58,0.72,LOW_FITNESS,FAIL,1.0,0.27,LOW_ASI_JPN_SHARPE,FAIL,1,0.25,LOW_INVESTABILITY_CONSTRAINED_SHARPE,PASS,0.5,0.52,LOW_TURNOVER,PASS,0.01,0.0383,HIGH_TURNOVER,PASS,0.7,0.0383,CONCENTRATED_WEIGHT,PASS,,,,LOW_SUB_UNIVERSE_SHARPE,PASS,0.21,0.71,LOW_ROBUST_UNIVERSE_SHARPE.WITH_RATIO,FAIL,0.9,0.65,0.62,LOW_ROBUST_UNIVERSE_RETURNS,FAIL,0.9,0.0159,0.0156,SELF_CORRELATION,PENDING,DATA_DIVERSITY,PENDING,PROD_CORRELATION,PENDING,REGULAR_SUBMISSION,PENDING,LOW_2Y_SHARPE,FAIL,1.09,1.58,MATCHES_COMPETITION,PENDING,AIACv2,AI Alphas Competition 2.0,PASS,MATCHES_PYRAMID,1.0,1.1,ASI/D1/FUNDAMENTAL,1.1,WARNING,MATCHES_THEMES,EDrKL34,2.0,JPN Dataset Utilization Theme,M4ZYx3D,2.0,AMR Dataset Utilization Theme,9B3qxZ4,2.0,KOR Dataset Utilization Theme,PBVkEJD,2.0,TWN Dataset Utilization Theme,by88rqy,2.0,HKG Dataset Utilization Theme,V45896D,1.0,GLB/D1 TOPDIV3000 Power Pool Feb`26 Theme,,,,,,,,,,,,,,,,,,,,,,,,,,,,,,,,,,,,
le6qa9ve,REGULAR,PS40111,EQUITY,ASI,MINVOL1M,1,0,INDUSTRY,0.08,ON,VERIFY,OFF,OFF,FASTEXPR,False,2014-01-01,2023-12-31,zscore(bookvalue_ps),,1,2026-02-02T05:21:27-05:00,,2026-02-02T05:21:28-05:00,,False,False,,,ace_tag,llm_test,confidence_0.78,DATA_USAGE:SINGLE_DATA_SET,Single Data Set Alpha,,IS,UNSUBMITTED,-2931503,20000000,636,2701,0.0116,-0.0283,0.4464,-0.004864,-0.28,-0.13,2014-01-01,-2724694.0,20000000.0,665.0,2674.0,0.0106,-0.0263,0.4435,-0.004958,-0.12,-0.26,-4790839.0,20000000.0,636.0,2701.0,0.0116,-0.0463,0.4942,-0.007949,-0.54,-0.88,LOW_SHARPE,FAIL,1.58,-0.28,LOW_FITNESS,FAIL,1.0,-0.13,LOW_ASI_JPN_SHARPE,FAIL,1,-0.1,LOW_INVESTABILITY_CONSTRAINED_SHARPE,FAIL,-0.2,-0.26,LOW_TURNOVER,PASS,0.01,0.0116,HIGH_TURNOVER,PASS,0.7,0.0116,CONCENTRATED_WEIGHT,FAIL,2015-05-27,0.1,0.450302,LOW_SUB_UNIVERSE_SHARPE,FAIL,-0.08,-0.23,LOW_ROBUST_UNIVERSE_SHARPE.WITH_RATIO,FAIL,0.9,-0.25,-0.51,LOW_ROBUST_UNIVERSE_RETURNS,FAIL,0.9,-0.0255,-0.0526,SELF_CORRELATION,PENDING,DATA_DIVERSITY,PENDING,PROD_CORRELATION,PENDING,REGULAR_SUBMISSION,PENDING,LOW_2Y_SHARPE,FAIL,-0.28,1.58,MATCHES_COMPETITION,PENDING,AIACv2,AI Alphas Competition 2.0,PASS,MATCHES_PYRAMID,1.0,1.1,ASI/D1/FUNDAMENTAL,1.1,WARNING,MATCHES_THEMES,EDrKL34,2.0,JPN Dataset Utilization Theme,M4ZYx3D,2.0,AMR Dataset Utilization Theme,9B3qxZ4,2.0,KOR Dataset Utilization Theme,PBVkEJD,2.0,TWN Dataset Utilization Theme,by88rqy,2.0,HKG Dataset Utilization Theme,V45896D,1.0,GLB/D1 TOPDIV3000 Power Pool Feb`26 Theme,,,,,,,,,,,,,,,,,,,,,,,,,,,,,,,,,,,,
3qYb0KPz,REGULAR,PS40111,EQUITY,ASI,MINVOL1M,1,0,INDUSTRY,0.08,ON,VERIFY,OFF,OFF,FASTEXPR,False,2014-01-01,2023-12-31,"ts_delta(eps, 4)",,1,2026-02-02T05:23:01-05:00,,2026-02-02T05:23:01-05:00,,False,False,,,ace_tag,llm_test,confidence_0.74,DATA_USAGE:SINGLE_DATA_SET,Single Data Set Alpha,,IS,UNSUBMITTED,-3819177,20000000,1299,1368,0.7331,-0.0369,0.6458,-0.000101,-0.24,-0.05,2014-01-01,-6989766.0,20000000.0,1726.0,1612.0,0.3124,-0.0675,0.9183,-0.000432,-0.18,-0.39,-1329454.0,20000000.0,1299.0,1368.0,0.7331,-0.0128,0.4462,-3.5e-05,-0.01,-0.09,LOW_SHARPE,FAIL,1.58,-0.24,LOW_FITNESS,FAIL,1.0,-0.05,LOW_ASI_JPN_SHARPE,FAIL,1,-0.34,LOW_INVESTABILITY_CONSTRAINED_SHARPE,FAIL,-0.17,-0.39,LOW_TURNOVER,PASS,0.01,0.7331,HIGH_TURNOVER,FAIL,0.7,0.7331,CONCENTRATED_WEIGHT,FAIL,2023-01-06,0.1,0.5,LOW_SUB_UNIVERSE_SHARPE,FAIL,-0.07,-0.41,LOW_ROBUST_UNIVERSE_SHARPE.WITH_RATIO,FAIL,0.9,-0.22,-0.3,LOW_ROBUST_UNIVERSE_RETURNS,FAIL,0.9,-0.0332,-0.0398,SELF_CORRELATION,PENDING,DATA_DIVERSITY,PENDING,PROD_CORRELATION,PENDING,REGULAR_SUBMISSION,PENDING,LOW_2Y_SHARPE,FAIL,0.46,1.58,MATCHES_COMPETITION,PENDING,AIACv2,AI Alphas Competition 2.0,PASS,MATCHES_PYRAMID,1.0,1.1,ASI/D1/FUNDAMENTAL,1.1,WARNING,MATCHES_THEMES,EDrKL34,2.0,JPN Dataset Utilization Theme,M4ZYx3D,2.0,AMR Dataset Utilization Theme,9B3qxZ4,2.0,KOR Dataset Utilization Theme,PBVkEJD,2.0,TWN Dataset Utilization Theme,by88rqy,2.0,HKG Dataset Utilization Theme,V45896D,1.0,GLB/D1 TOPDIV3000 Power Pool Feb`26 Theme,,,,,,,,,,,,,,,,,,,,,,,,,,,,,,,,,,,,
587bJeAJ,REGULAR,PS40111,EQUITY,ASI,MINVOL1M,1,0,INDUSTRY,0.08,ON,VERIFY,OFF,OFF,FASTEXPR,False,2014-01-01,2023-12-31,"divide(cashflow_op, assets)",,1,2026-02-02T05:21:30-05:00,,2026-02-02T05:21:30-05:00,,False,False,,,ace_tag,llm_test,confidence_0.76,DATA_USAGE:SINGLE_DATA_SET,Single Data Set Alpha,,IS,UNSUBMITTED,7666709,20000000,1597,1731,0.0293,0.0741,0.0772,0.005059,1.16,0.89,2014-01-01,7487874.0,20000000.0,1606.0,1723.0,0.0293,0.0724,0.0769,0.004935,0.87,1.14,1905241.0,20000000.0,1597.0,1731.0,0.0293,0.0184,0.0661,0.001257,0.18,0.48,LOW_SHARPE,WARNING,1.58,1.16,LOW_FITNESS,WARNING,1.0,0.89,LOW_ASI_JPN_SHARPE,FAIL,1,0.28,LOW_INVESTABILITY_CONSTRAINED_SHARPE,PASS,0.81,1.14,LOW_TURNOVER,PASS,0.01,0.0293,HIGH_TURNOVER,PASS,0.7,0.0293,CONCENTRATED_WEIGHT,WARNING,2016-01-15,0.1,0.499534,LOW_SUB_UNIVERSE_SHARPE,PASS,0.34,0.81,LOW_ROBUST_UNIVERSE_SHARPE.WITH_RATIO,FAIL,0.9,1.04,0.79,LOW_ROBUST_UNIVERSE_RETURNS,FAIL,0.9,0.0667,0.0439,SELF_CORRELATION,PENDING,DATA_DIVERSITY,PENDING,PROD_CORRELATION,PENDING,REGULAR_SUBMISSION,PENDING,LOW_2Y_SHARPE,WARNING,1.04,1.58,POWER_POOL_CORRELATION,PENDING,,,PENDING,MATCHES_COMPETITION,,,,,PASS,MATCHES_PYRAMID,,,,,,,,,,,,,,,,,,,,,,,,,,,,,AIACv2,AI Alphas Competition 2.0,1.0,1.1,ASI/D1/FUNDAMENTAL,1.1,WARNING,MATCHES_THEMES,EDrKL34,2.0,JPN Dataset Utilization Theme,M4ZYx3D,2.0,AMR Dataset Utilization Theme,9B3qxZ4,2.0,KOR Dataset Utilization Theme,PBVkEJD,2.0,TWN Dataset Utilization Theme,by88rqy,2.0,HKG Dataset Utilization Theme,V45896D,1.0,GLB/D1 TOPDIV3000 Power Pool Feb`26 Theme
pwJXaka6,REGULAR,PS40111,EQUITY,ASI,MINVOL1M,1,0,INDUSTRY,0.08,ON,VERIFY,OFF,OFF,FASTEXPR,False,2014-01-01,2023-12-31,"divide(capex, revenue)",,1,2026-02-02T05:22:16-05:00,,2026-02-02T05:22:16-05:00,,False,False,,,ace_tag,llm_test,confidence_0.65,DATA_USAGE:SINGLE_DATA_SET,Single Data Set Alpha,,IS,UNSUBMITTED,27911503,20000000,2334,832,0.0376,0.2697,0.2467,0.014345,1.19,1.75,2014-01-01,22033687.0,20000000.0,2012.0,1158.0,0.039,0.2129,0.2693,0.010931,1.46,1.12,17965834.0,20000000.0,2334.0,832.0,0.0376,0.1736,0.2602,0.009233,1.05,0.89,LOW_SHARPE,WARNING,1.58,1.19,LOW_FITNESS,PASS,1.0,1.75,LOW_ASI_JPN_SHARPE,FAIL,1,0.39,LOW_INVESTABILITY_CONSTRAINED_SHARPE,PASS,0.83,1.12,LOW_TURNOVER,PASS,0.01,0.0376,HIGH_TURNOVER,PASS,0.7,0.0376,CONCENTRATED_WEIGHT,WARNING,2017-07-17,0.1,0.462001,LOW_SUB_UNIVERSE_SHARPE,PASS,0.35,0.44,LOW_ROBUST_UNIVERSE_SHARPE.WITH_RATIO,FAIL,0.9,1.07,0.76,LOW_ROBUST_UNIVERSE_RETURNS,FAIL,0.9,0.2427,0.1793,SELF_CORRELATION,PENDING,DATA_DIVERSITY,PENDING,PROD_CORRELATION,PENDING,REGULAR_SUBMISSION,PENDING,LOW_2Y_SHARPE,PASS,1.71,1.58,POWER_POOL_CORRELATION,PENDING,,,PENDING,MATCHES_COMPETITION,,,,,PASS,MATCHES_PYRAMID,,,,,,,,,,,,,,,,,,,,,,,,,,,,,AIACv2,AI Alphas Competition 2.0,1.0,1.1,ASI/D1/FUNDAMENTAL,1.1,WARNING,MATCHES_THEMES,EDrKL34,2.0,JPN Dataset Utilization Theme,M4ZYx3D,2.0,AMR Dataset Utilization Theme,9B3qxZ4,2.0,KOR Dataset Utilization Theme,PBVkEJD,2.0,TWN Dataset Utilization Theme,by88rqy,2.0,HKG Dataset Utilization Theme,V45896D,1.0,GLB/D1 TOPDIV3000 Power Pool Feb`26 Theme
d58XaJJj,REGULAR,PS40111,EQUITY,ASI,MINVOL1M,1,0,INDUSTRY,0.08,ON,VERIFY,OFF,OFF,FASTEXPR,False,2014-01-01,2023-12-31,"divide(debt, equity)",,1,2026-02-02T05:22:48-05:00,,2026-02-02T05:22:48-05:00,,False,False,,,ace_tag,llm_test,confidence_0.7,DATA_USAGE:SINGLE_DATA_SET,Single Data Set Alpha,,IS,UNSUBMITTED,5393299,20000000,1089,2136,0.0441,0.0521,0.1893,0.002362,0.57,0.37,2014-01-01,2321999.0,20000000.0,1134.0,2093.0,0.0343,0.0224,0.2281,0.001307,0.11,0.27,4424549.0,20000000.0,1089.0,2136.0,0.0441,0.0428,0.1619,0.001937,0.31,0.53,LOW_SHARPE,FAIL,1.58,0.57,LOW_FITNESS,FAIL,1.0,0.37,LOW_ASI_JPN_SHARPE,FAIL,1,0.11,LOW_INVESTABILITY_CONSTRAINED_SHARPE,FAIL,0.4,0.27,LOW_TURNOVER,PASS,0.01,0.0441,HIGH_TURNOVER,PASS,0.7,0.0441,CONCENTRATED_WEIGHT,FAIL,2023-11-16,0.1,0.498861,LOW_SUB_UNIVERSE_SHARPE,FAIL,0.17,0.06,LOW_ROBUST_UNIVERSE_SHARPE.WITH_RATIO,FAIL,0.9,0.51,0.22,LOW_ROBUST_UNIVERSE_RETURNS,FAIL,0.9,0.0469,0.019,SELF_CORRELATION,PENDING,DATA_DIVERSITY,PENDING,PROD_CORRELATION,PENDING,REGULAR_SUBMISSION,PENDING,LOW_2Y_SHARPE,FAIL,0.54,1.58,MATCHES_COMPETITION,PENDING,AIACv2,AI Alphas Competition 2.0,PASS,MATCHES_PYRAMID,1.0,1.1,ASI/D1/FUNDAMENTAL,1.1,WARNING,MATCHES_THEMES,EDrKL34,2.0,JPN Dataset Utilization Theme,M4ZYx3D,2.0,AMR Dataset Utilization Theme,9B3qxZ4,2.0,KOR Dataset Utilization Theme,PBVkEJD,2.0,TWN Dataset Utilization Theme,by88rqy,2.0,HKG Dataset Utilization Theme,V45896D,1.0,GLB/D1 TOPDIV3000 Power Pool Feb`26 Theme,,,,,,,,,,,,,,,,,,,,,,,,,,,,,,,,,,,,
KPY0go5x,REGULAR,PS40111,EQUITY,ASI,MINVOL1M,1,0,INDUSTRY,0.08,ON,VERIFY,OFF,OFF,FASTEXPR,False,2014-01-01,2023-12-31,"ts_delta(operating_margin, 4)",,1,2026-02-02T05:23:00-05:00,,2026-02-02T05:23:01-05:00,,False,False,,,ace_tag,llm_test,confidence_0.72,DATA_USAGE:SINGLE_DATA_SET,Single Data Set Alpha,,IS,UNSUBMITTED,-5217413,20000000,1262,1188,0.7207,-0.0504,1.1913,-0.00014,-0.19,-0.05,2014-01-01,-16657537.0,20000000.0,1515.0,1674.0,0.3193,-0.161,1.755,-0.001008,-0.47,-0.66,1623622.0,20000000.0,1262.0,1188.0,0.7207,0.0157,0.7363,4.4e-05,0.01,0.07,LOW_SHARPE,FAIL,1.58,-0.19,LOW_FITNESS,FAIL,1.0,-0.05,LOW_ASI_JPN_SHARPE,FAIL,1,-0.44,LOW_INVESTABILITY_CONSTRAINED_SHARPE,FAIL,-0.13,-0.66,LOW_TURNOVER,PASS,0.01,0.7207,HIGH_TURNOVER,FAIL,0.7,0.7207,CONCENTRATED_WEIGHT,FAIL,2016-09-14,0.1,0.499053,LOW_SUB_UNIVERSE_SHARPE,FAIL,-0.06,-0.07,LOW_ROBUST_UNIVERSE_SHARPE.WITH_RATIO,PASS,0.9,-0.17,-0.14,LOW_ROBUST_UNIVERSE_RETURNS,PASS,0.9,-0.0454,-0.0333,SELF_CORRELATION,PENDING,DATA_DIVERSITY,PENDING,PROD_CORRELATION,PENDING,REGULAR_SUBMISSION,PENDING,LOW_2Y_SHARPE,FAIL,-0.17,1.58,MATCHES_COMPETITION,PENDING,AIACv2,AI Alphas Competition 2.0,PASS,MATCHES_PYRAMID,1.0,1.1,ASI/D1/FUNDAMENTAL,1.1,WARNING,MATCHES_THEMES,EDrKL34,2.0,JPN Dataset Utilization Theme,M4ZYx3D,2.0,AMR Dataset Utilization Theme,9B3qxZ4,2.0,KOR Dataset Utilization Theme,PBVkEJD,2.0,TWN Dataset Utilization Theme,by88rqy,2.0,HKG Dataset Utilization Theme,V45896D,1.0,GLB/D1 TOPDIV3000 Power Pool Feb`26 Theme,,,,,,,,,,,,,,,,,,,,,,,,,,,,,,,,,,,,
LLbjKvmv,REGULAR,PS40111,EQUITY,ASI,MINVOL1M,1,0,INDUSTRY,0.08,ON,VERIFY,OFF,OFF,FASTEXPR,False,2014-01-01,2023-12-31,"reverse(ts_zscore(return_equity, 8))",,2,2026-02-02T05:23:01-05:00,,2026-02-02T05:23:01-05:00,,False,False,,,ace_tag,llm_test,confidence_0.68,DATA_USAGE:SINGLE_DATA_SET,Single Data Set Alpha,,IS,UNSUBMITTED,-4431873,20000000,174,166,0.7041,-0.0428,0.6375,-0.000122,-0.48,-0.12,2014-01-01,918590.0,20000000.0,290.0,289.0,0.2413,0.0089,0.3339,7.4e-05,0.02,0.09,-2408553.0,20000000.0,174.0,166.0,0.7041,-0.0233,0.479,-6.6e-05,-0.05,-0.27,LOW_SHARPE,FAIL,1.58,-0.48,LOW_FITNESS,FAIL,1.0,-0.12,LOW_ASI_JPN_SHARPE,FAIL,1,0.04,LOW_INVESTABILITY_CONSTRAINED_SHARPE,PASS,-0.34,0.09,LOW_TURNOVER,PASS,0.01,0.7041,HIGH_TURNOVER,FAIL,0.7,0.7041,CONCENTRATED_WEIGHT,FAIL,2023-01-10,0.1,0.5,LOW_SUB_UNIVERSE_SHARPE,PASS,-0.14,0.25,LOW_ROBUST_UNIVERSE_SHARPE.WITH_RATIO,FAIL,0.9,-0.43,-0.68,LOW_ROBUST_UNIVERSE_RETURNS,FAIL,0.9,-0.0385,-0.0639,SELF_CORRELATION,PENDING,DATA_DIVERSITY,PENDING,PROD_CORRELATION,PENDING,REGULAR_SUBMISSION,PENDING,LOW_2Y_SHARPE,FAIL,0.61,1.58,MATCHES_COMPETITION,PENDING,AIACv2,AI Alphas Competition 2.0,PASS,MATCHES_PYRAMID,1.0,1.1,ASI/D1/FUNDAMENTAL,1.1,WARNING,MATCHES_THEMES,EDrKL34,2.0,JPN Dataset Utilization Theme,M4ZYx3D,2.0,AMR Dataset Utilization Theme,9B3qxZ4,2.0,KOR Dataset Utilization Theme,PBVkEJD,2.0,TWN Dataset Utilization Theme,by88rqy,2.0,HKG Dataset Utilization Theme,V45896D,1.0,GLB/D1 TOPDIV3000 Power Pool Feb`26 Theme,,,,,,,,,,,,,,,,,,,,,,,,,,,,,,,,,,,,
RRZ3exOb,REGULAR,PS40111,EQUITY,ASI,MINVOL1M,1,0,INDUSTRY,0.08,ON,VERIFY,OFF,OFF,FASTEXPR,False,2014-01-01,2023-12-31,"ts_delta(divide(ebitda, revenue), 4)",,2,2026-02-02T05:22:48-05:00,,2026-02-02T05:22:48-05:00,,False,False,,,ace_tag,llm_test,confidence_0.66,DATA_USAGE:SINGLE_DATA_SET,Single Data Set Alpha,,IS,UNSUBMITTED,10436171,20000000,1340,1305,0.7404,0.1009,0.3988,0.000272,0.42,0.16,2014-01-01,-3818965.0,20000000.0,1655.0,1503.0,0.3234,-0.0369,1.3775,-0.000228,-0.05,-0.15,12538408.0,20000000.0,1340.0,1305.0,0.7404,0.1212,0.3972,0.000327,0.23,0.56,LOW_SHARPE,FAIL,1.58,0.42,LOW_FITNESS,FAIL,1.0,0.16,LOW_ASI_JPN_SHARPE,FAIL,1,0.03,LOW_INVESTABILITY_CONSTRAINED_SHARPE,FAIL,0.29,-0.15,LOW_TURNOVER,PASS,0.01,0.7404,HIGH_TURNOVER,FAIL,0.7,0.7404,CONCENTRATED_WEIGHT,FAIL,2017-07-18,0.1,0.499904,LOW_SUB_UNIVERSE_SHARPE,PASS,0.12,0.53,LOW_ROBUST_UNIVERSE_SHARPE.WITH_RATIO,PASS,0.9,0.38,0.43,LOW_ROBUST_UNIVERSE_RETURNS,PASS,0.9,0.0908,0.0938,SELF_CORRELATION,PENDING,DATA_DIVERSITY,PENDING,PROD_CORRELATION,PENDING,REGULAR_SUBMISSION,PENDING,LOW_2Y_SHARPE,FAIL,0.63,1.58,MATCHES_COMPETITION,PENDING,AIACv2,AI Alphas Competition 2.0,PASS,MATCHES_PYRAMID,1.0,1.1,ASI/D1/FUNDAMENTAL,1.1,WARNING,MATCHES_THEMES,EDrKL34,2.0,JPN Dataset Utilization Theme,M4ZYx3D,2.0,AMR Dataset Utilization Theme,9B3qxZ4,2.0,KOR Dataset Utilization Theme,PBVkEJD,2.0,TWN Dataset Utilization Theme,by88rqy,2.0,HKG Dataset Utilization Theme,V45896D,1.0,GLB/D1 TOPDIV3000 Power Pool Feb`26 Theme,,,,,,,,,,,,,,,,,,,,,,,,,,,,,,,,,,,,
le6qgpNl,REGULAR,PS40111,EQUITY,ASI,MINVOL1M,1,0,INDUSTRY,0.08,ON,VERIFY,OFF,OFF,FASTEXPR,False,2014-01-01,2023-12-31,"reverse(divide(receivable, sales))",,2,2026-02-02T05:24:19-05:00,,2026-02-02T05:24:20-05:00,,False,False,,,ace_tag,llm_test,confidence_0.7,DATA_USAGE:SINGLE_DATA_SET,Single Data Set Alpha,,IS,UNSUBMITTED,7859386,20000000,2325,764,0.0617,0.076,0.5601,0.002463,0.28,0.22,2014-01-01,18909943.0,20000000.0,1877.0,1215.0,0.0579,0.1827,0.8561,0.006316,0.86,0.71,7667874.0,20000000.0,2325.0,764.0,0.0617,0.0741,0.6515,0.002403,0.23,0.3,LOW_SHARPE,FAIL,1.58,0.28,LOW_FITNESS,FAIL,1.0,0.22,LOW_ASI_JPN_SHARPE,FAIL,1,0.13,LOW_INVESTABILITY_CONSTRAINED_SHARPE,PASS,0.2,0.71,LOW_TURNOVER,PASS,0.01,0.0617,HIGH_TURNOVER,PASS,0.7,0.0617,CONCENTRATED_WEIGHT,FAIL,2019-08-16,0.1,0.499998,LOW_SUB_UNIVERSE_SHARPE,FAIL,0.08,-0.22,LOW_ROBUST_UNIVERSE_SHARPE.WITH_RATIO,FAIL,0.9,0.25,0.2,LOW_ROBUST_UNIVERSE_RETURNS,FAIL,0.9,0.0684,0.0471,SELF_CORRELATION,PENDING,DATA_DIVERSITY,PENDING,PROD_CORRELATION,PENDING,REGULAR_SUBMISSION,PENDING,LOW_2Y_SHARPE,FAIL,-0.01,1.58,MATCHES_COMPETITION,PENDING,AIACv2,AI Alphas Competition 2.0,PASS,MATCHES_PYRAMID,1.0,1.1,ASI/D1/FUNDAMENTAL,1.1,WARNING,MATCHES_THEMES,EDrKL34,2.0,JPN Dataset Utilization Theme,M4ZYx3D,2.0,AMR Dataset Utilization Theme,9B3qxZ4,2.0,KOR Dataset Utilization Theme,PBVkEJD,2.0,TWN Dataset Utilization Theme,by88rqy,2.0,HKG Dataset Utilization Theme,V45896D,1.0,GLB/D1 TOPDIV3000 Power Pool Feb`26 Theme,,,,,,,,,,,,,,,,,,,,,,,,,,,,,,,,,,,,
mL23KwQ5,REGULAR,PS40111,EQUITY,ASI,MINVOL1M,1,0,INDUSTRY,0.08,ON,VERIFY,OFF,OFF,FASTEXPR,False,2014-01-01,2023-12-31,"divide(subtract(income, cashflow_op), income)",,2,2026-02-02T05:24:19-05:00,,2026-02-02T05:24:19-05:00,,False,False,,,ace_tag,llm_test,confidence_0.64,DATA_USAGE:SINGLE_DATA_SET,Single Data Set Alpha,,IS,UNSUBMITTED,-472841,20000000,1804,1519,0.0563,-0.0046,0.4217,-0.000162,-0.05,-0.01,2014-01-01,-1280646.0,20000000.0,1779.0,1546.0,0.0554,-0.0124,0.3885,-0.000447,-0.05,-0.15,-593010.0,20000000.0,1804.0,1519.0,0.0563,-0.0057,0.3094,-0.000203,-0.02,-0.08,LOW_SHARPE,FAIL,1.58,-0.05,LOW_FITNESS,FAIL,1.0,-0.01,LOW_ASI_JPN_SHARPE,FAIL,1,0.31,LOW_INVESTABILITY_CONSTRAINED_SHARPE,FAIL,-0.03,-0.15,LOW_TURNOVER,PASS,0.01,0.0563,HIGH_TURNOVER,PASS,0.7,0.0563,CONCENTRATED_WEIGHT,FAIL,2016-01-08,0.1,0.413707,LOW_SUB_UNIVERSE_SHARPE,FAIL,-0.01,-0.13,LOW_ROBUST_UNIVERSE_SHARPE.WITH_RATIO,PASS,0.9,-0.05,0.27,LOW_ROBUST_UNIVERSE_RETURNS,PASS,0.9,-0.0041,0.0216,SELF_CORRELATION,PENDING,DATA_DIVERSITY,PENDING,PROD_CORRELATION,PENDING,REGULAR_SUBMISSION,PENDING,LOW_2Y_SHARPE,FAIL,-0.28,1.58,MATCHES_COMPETITION,PENDING,AIACv2,AI Alphas Competition 2.0,PASS,MATCHES_PYRAMID,1.0,1.1,ASI/D1/FUNDAMENTAL,1.1,WARNING,MATCHES_THEMES,EDrKL34,2.0,JPN Dataset Utilization Theme,M4ZYx3D,2.0,AMR Dataset Utilization Theme,9B3qxZ4,2.0,KOR Dataset Utilization Theme,PBVkEJD,2.0,TWN Dataset Utilization Theme,by88rqy,2.0,HKG Dataset Utilization Theme,V45896D,1.0,GLB/D1 TOPDIV3000 Power Pool Feb`26 Theme,,,,,,,,,,,,,,,,,,,,,,,,,,,,,,,,,,,,
QPrJWMvX,REGULAR,PS40111,EQUITY,ASI,MINVOL1M,1,0,INDUSTRY,0.08,ON,VERIFY,OFF,OFF,FASTEXPR,False,2014-01-01,2023-12-31,"ts_delta(fnd23_prgs, 4)",,1,2026-02-02T05:24:32-05:00,,2026-02-02T05:24:32-05:00,,False,False,,,ace_tag,llm_test,confidence_0.67,DATA_USAGE:SINGLE_DATA_SET,Single Data Set Alpha,,IS,UNSUBMITTED,246703,20000000,372,848,0.73,0.0024,0.4449,7e-06,0.01,0.0,2014-01-01,3646709.0,20000000.0,1587.0,1501.0,0.2909,0.0352,0.4276,0.000242,0.07,0.21,39468.0,20000000.0,372.0,848.0,0.73,0.0004,0.4527,1e-06,0.0,0.0,LOW_SHARPE,FAIL,1.58,0.01,LOW_FITNESS,FAIL,1.0,0.0,LOW_ASI_JPN_SHARPE,FAIL,1,0.24,LOW_INVESTABILITY_CONSTRAINED_SHARPE,PASS,0.01,0.21,LOW_TURNOVER,PASS,0.01,0.73,HIGH_TURNOVER,FAIL,0.7,0.73,CONCENTRATED_WEIGHT,FAIL,2018-10-09,0.1,0.500005,LOW_SUB_UNIVERSE_SHARPE,FAIL,0.0,-0.15,LOW_ROBUST_UNIVERSE_SHARPE.WITH_RATIO,PASS,0.9,0.01,0.23,LOW_ROBUST_UNIVERSE_RETURNS,PASS,0.9,0.0022,0.0391,SELF_CORRELATION,PENDING,DATA_DIVERSITY,PENDING,PROD_CORRELATION,PENDING,REGULAR_SUBMISSION,PENDING,LOW_2Y_SHARPE,FAIL,0.33,1.58,MATCHES_COMPETITION,PENDING,AIACv2,AI Alphas Competition 2.0,PASS,MATCHES_PYRAMID,1.0,1.1,ASI/D1/FUNDAMENTAL,1.1,WARNING,MATCHES_THEMES,EDrKL34,2.0,JPN Dataset Utilization Theme,M4ZYx3D,2.0,AMR Dataset Utilization Theme,9B3qxZ4,2.0,KOR Dataset Utilization Theme,PBVkEJD,2.0,TWN Dataset Utilization Theme,by88rqy,2.0,HKG Dataset Utilization Theme,V45896D,1.0,GLB/D1 TOPDIV3000 Power Pool Feb`26 Theme,,,,,,,,,,,,,,,,,,,,,,,,,,,,,,,,,,,,
bl2kxGK6,REGULAR,PS40111,EQUITY,ASI,MINVOL1M,1,0,INDUSTRY,0.08,ON,VERIFY,OFF,OFF,FASTEXPR,False,2014-01-01,2023-12-31,"reverse(divide(sga_expense, revenue))",,2,2026-02-02T05:24:19-05:00,,2026-02-02T05:24:20-05:00,,False,False,,,ace_tag,llm_test,confidence_0.69,DATA_USAGE:SINGLE_DATA_SET,Single Data Set Alpha,,IS,UNSUBMITTED,21663924,20000000,2120,1043,0.0462,0.2094,0.4628,0.009067,0.77,1.0,2014-01-01,17259435.0,20000000.0,1873.0,1294.0,0.044,0.1668,0.4695,0.007584,0.75,0.65,13162121.0,20000000.0,2120.0,1043.0,0.0462,0.1272,0.4904,0.005509,0.53,0.53,LOW_SHARPE,FAIL,1.58,0.77,LOW_FITNESS,PASS,1.0,1.0,LOW_ASI_JPN_SHARPE,FAIL,1,0.23,LOW_INVESTABILITY_CONSTRAINED_SHARPE,PASS,0.54,0.65,LOW_TURNOVER,PASS,0.01,0.0462,HIGH_TURNOVER,PASS,0.7,0.0462,CONCENTRATED_WEIGHT,FAIL,2022-07-08,0.1,0.471568,LOW_SUB_UNIVERSE_SHARPE,FAIL,0.23,-0.12,LOW_ROBUST_UNIVERSE_SHARPE.WITH_RATIO,FAIL,0.9,0.69,0.49,LOW_ROBUST_UNIVERSE_RETURNS,FAIL,0.9,0.1885,0.1158,SELF_CORRELATION,PENDING,DATA_DIVERSITY,PENDING,PROD_CORRELATION,PENDING,REGULAR_SUBMISSION,PENDING,LOW_2Y_SHARPE,FAIL,1.53,1.58,MATCHES_COMPETITION,PENDING,AIACv2,AI Alphas Competition 2.0,PASS,MATCHES_PYRAMID,1.0,1.1,ASI/D1/FUNDAMENTAL,1.1,WARNING,MATCHES_THEMES,EDrKL34,2.0,JPN Dataset Utilization Theme,M4ZYx3D,2.0,AMR Dataset Utilization Theme,9B3qxZ4,2.0,KOR Dataset Utilization Theme,PBVkEJD,2.0,TWN Dataset Utilization Theme,by88rqy,2.0,HKG Dataset Utilization Theme,V45896D,1.0,GLB/D1 TOPDIV3000 Power Pool Feb`26 Theme,,,,,,,,,,,,,,,,,,,,,,,,,,,,,,,,,,,,
O0wY6QVR,REGULAR,PS40111,EQUITY,ASI,MINVOL1M,1,0,INDUSTRY,0.08,ON,VERIFY,OFF,OFF,FASTEXPR,False,2014-01-01,2023-12-31,"ts_zscore(ts_delta(eps, 4), 8)",,2,2026-02-02T05:24:19-05:00,,2026-02-02T05:24:19-05:00,,False,False,,,ace_tag,llm_test,confidence_0.71,DATA_USAGE:SINGLE_DATA_SET,Single Data Set Alpha,,IS,UNSUBMITTED,-770861,20000000,297,303,0.6795,-0.0074,0.1946,-2.2e-05,-0.14,-0.01,2014-01-01,1300354.0,20000000.0,396.0,396.0,0.3085,0.0126,0.1995,8.1e-05,0.04,0.18,-576870.0,20000000.0,297.0,303.0,0.6795,-0.0056,0.1932,-1.6e-05,-0.01,-0.12,LOW_SHARPE,FAIL,1.58,-0.14,LOW_FITNESS,FAIL,1.0,-0.01,LOW_ASI_JPN_SHARPE,FAIL,1,-0.51,LOW_INVESTABILITY_CONSTRAINED_SHARPE,PASS,-0.1,0.18,LOW_TURNOVER,PASS,0.01,0.6795,HIGH_TURNOVER,PASS,0.7,0.6795,CONCENTRATED_WEIGHT,PASS,,,,LOW_SUB_UNIVERSE_SHARPE,PASS,-0.04,0.01,LOW_ROBUST_UNIVERSE_SHARPE.WITH_RATIO,FAIL,0.9,-0.13,-0.2,LOW_ROBUST_UNIVERSE_RETURNS,FAIL,0.9,-0.0067,-0.0106,SELF_CORRELATION,PENDING,DATA_DIVERSITY,PENDING,PROD_CORRELATION,PENDING,REGULAR_SUBMISSION,PENDING,LOW_2Y_SHARPE,FAIL,0.65,1.58,MATCHES_COMPETITION,PENDING,AIACv2,AI Alphas Competition 2.0,PASS,MATCHES_PYRAMID,1.0,1.1,ASI/D1/FUNDAMENTAL,1.1,WARNING,MATCHES_THEMES,EDrKL34,2.0,JPN Dataset Utilization Theme,M4ZYx3D,2.0,AMR Dataset Utilization Theme,9B3qxZ4,2.0,KOR Dataset Utilization Theme,PBVkEJD,2.0,TWN Dataset Utilization Theme,by88rqy,2.0,HKG Dataset Utilization Theme,V45896D,1.0,GLB/D1 TOPDIV3000 Power Pool Feb`26 Theme,,,,,,,,,,,,,,,,,,,,,,,,,,,,,,,,,,,,
omwpPeg6,REGULAR,PS40111,EQUITY,ASI,MINVOL1M,1,0,INDUSTRY,0.08,ON,VERIFY,OFF,OFF,FASTEXPR,False,2014-01-01,2023-12-31,"ts_delta(inventory_turnover, 8)",,1,2026-02-02T05:25:46-05:00,,2026-02-02T05:25:46-05:00,,False,False,,,ace_tag,llm_test,confidence_0.66,DATA_USAGE:SINGLE_DATA_SET,Single Data Set Alpha,,IS,UNSUBMITTED,-3777363,20000000,1264,1101,0.4638,-0.0365,1.0033,-0.000157,-0.17,-0.05,2014-01-01,-5329728.0,20000000.0,1570.0,1253.0,0.2029,-0.0515,0.8643,-0.000508,-0.14,-0.28,-3670097.0,20000000.0,1264.0,1101.0,0.4638,-0.0355,0.7551,-0.000153,-0.05,-0.18,LOW_SHARPE,FAIL,1.58,-0.17,LOW_FITNESS,FAIL,1.0,-0.05,LOW_ASI_JPN_SHARPE,FAIL,1,-0.26,LOW_INVESTABILITY_CONSTRAINED_SHARPE,FAIL,-0.12,-0.28,LOW_TURNOVER,PASS,0.01,0.4638,HIGH_TURNOVER,PASS,0.7,0.4638,CONCENTRATED_WEIGHT,FAIL,2014-09-26,0.1,0.499822,LOW_SUB_UNIVERSE_SHARPE,FAIL,-0.05,-0.11,LOW_ROBUST_UNIVERSE_SHARPE.WITH_RATIO,PASS,0.9,-0.15,-0.12,LOW_ROBUST_UNIVERSE_RETURNS,PASS,0.9,-0.0328,-0.0254,SELF_CORRELATION,PENDING,DATA_DIVERSITY,PENDING,PROD_CORRELATION,PENDING,REGULAR_SUBMISSION,PENDING,LOW_2Y_SHARPE,FAIL,-0.17,1.58,MATCHES_COMPETITION,PENDING,AIACv2,AI Alphas Competition 2.0,PASS,MATCHES_PYRAMID,1.0,1.1,ASI/D1/FUNDAMENTAL,1.1,WARNING,MATCHES_THEMES,EDrKL34,2.0,JPN Dataset Utilization Theme,M4ZYx3D,2.0,AMR Dataset Utilization Theme,9B3qxZ4,2.0,KOR Dataset Utilization Theme,PBVkEJD,2.0,TWN Dataset Utilization Theme,by88rqy,2.0,HKG Dataset Utilization Theme,V45896D,1.0,GLB/D1 TOPDIV3000 Power Pool Feb`26 Theme,,,,,,,,,,,,,,,,,,,,,,,,,,,,,,,,,,,,
zqwMAarR,REGULAR,PS40111,EQUITY,ASI,MINVOL1M,1,0,INDUSTRY,0.08,ON,VERIFY,OFF,OFF,FASTEXPR,False,2014-01-01,2023-12-31,"divide(ebit, ts_backfill(interest_expense, 8))",,2,2026-02-02T05:26:01-05:00,,2026-02-02T05:26:02-05:00,,False,False,,,ace_tag,llm_test,confidence_0.59,DATA_USAGE:SINGLE_DATA_SET,Single Data Set Alpha,,IS,UNSUBMITTED,10298381,20000000,30,63,0.0188,0.0995,0.3796,0.010588,0.46,0.41,2014-01-01,7300859.0,20000000.0,38.0,71.0,0.0222,0.0706,0.6145,0.006352,0.24,0.32,9910561.0,20000000.0,30.0,63.0,0.0188,0.0958,0.4567,0.010189,0.43,0.49,LOW_SHARPE,FAIL,1.58,0.46,LOW_FITNESS,FAIL,1.0,0.41,LOW_ASI_JPN_SHARPE,FAIL,1,-0.14,LOW_INVESTABILITY_CONSTRAINED_SHARPE,PASS,0.32,0.32,LOW_TURNOVER,PASS,0.01,0.0188,HIGH_TURNOVER,PASS,0.7,0.0188,CONCENTRATED_WEIGHT,FAIL,2017-07-18,0.1,0.496966,LOW_SUB_UNIVERSE_SHARPE,PASS,0.14,0.23,LOW_ROBUST_UNIVERSE_SHARPE.WITH_RATIO,FAIL,0.9,0.41,0.4,LOW_ROBUST_UNIVERSE_RETURNS,FAIL,0.9,0.0896,0.0871,SELF_CORRELATION,PENDING,DATA_DIVERSITY,PENDING,PROD_CORRELATION,PENDING,REGULAR_SUBMISSION,PENDING,LOW_2Y_SHARPE,FAIL,0.59,1.58,MATCHES_COMPETITION,PENDING,AIACv2,AI Alphas Competition 2.0,PASS,MATCHES_PYRAMID,1.0,1.1,ASI/D1/FUNDAMENTAL,1.1,WARNING,MATCHES_THEMES,EDrKL34,2.0,JPN Dataset Utilization Theme,M4ZYx3D,2.0,AMR Dataset Utilization Theme,9B3qxZ4,2.0,KOR Dataset Utilization Theme,PBVkEJD,2.0,TWN Dataset Utilization Theme,by88rqy,2.0,HKG Dataset Utilization Theme,V45896D,1.0,GLB/D1 TOPDIV3000 Power Pool Feb`26 Theme,,,,,,,,,,,,,,,,,,,,,,,,,,,,,,,,,,,,
A1JWLjpg,REGULAR,PS40111,EQUITY,ASI,MINVOL1M,1,0,INDUSTRY,0.08,ON,VERIFY,OFF,OFF,FASTEXPR,False,2014-01-01,2023-12-31,"divide(subtract(cashflow_op, capex), cashflow_op)",,2,2026-02-02T05:24:21-05:00,,2026-02-02T05:24:21-05:00,,False,False,,,ace_tag,llm_test,confidence_0.63,DATA_USAGE:SINGLE_DATA_SET,Single Data Set Alpha,,IS,UNSUBMITTED,4236427,20000000,1497,1790,0.0478,0.0409,0.6029,0.001713,0.33,0.19,2014-01-01,1169723.0,20000000.0,1516.0,1774.0,0.0476,0.0113,0.5578,0.000475,0.03,0.1,4178178.0,20000000.0,1497.0,1790.0,0.0478,0.0404,0.4591,0.00169,0.21,0.37,LOW_SHARPE,FAIL,1.58,0.33,LOW_FITNESS,FAIL,1.0,0.19,LOW_ASI_JPN_SHARPE,FAIL,1,-0.0,LOW_INVESTABILITY_CONSTRAINED_SHARPE,FAIL,0.23,0.1,LOW_TURNOVER,PASS,0.01,0.0478,HIGH_TURNOVER,PASS,0.7,0.0478,CONCENTRATED_WEIGHT,FAIL,2021-04-16,0.1,0.499612,LOW_SUB_UNIVERSE_SHARPE,PASS,0.1,0.16,LOW_ROBUST_UNIVERSE_SHARPE.WITH_RATIO,PASS,0.9,0.3,0.3,LOW_ROBUST_UNIVERSE_RETURNS,FAIL,0.9,0.0368,0.0352,SELF_CORRELATION,PENDING,DATA_DIVERSITY,PENDING,PROD_CORRELATION,PENDING,REGULAR_SUBMISSION,PENDING,LOW_2Y_SHARPE,FAIL,0.24,1.58,MATCHES_COMPETITION,PENDING,AIACv2,AI Alphas Competition 2.0,PASS,MATCHES_PYRAMID,1.0,1.1,ASI/D1/FUNDAMENTAL,1.1,WARNING,MATCHES_THEMES,EDrKL34,2.0,JPN Dataset Utilization Theme,M4ZYx3D,2.0,AMR Dataset Utilization Theme,9B3qxZ4,2.0,KOR Dataset Utilization Theme,PBVkEJD,2.0,TWN Dataset Utilization Theme,by88rqy,2.0,HKG Dataset Utilization Theme,V45896D,1.0,GLB/D1 TOPDIV3000 Power Pool Feb`26 Theme,,,,,,,,,,,,,,,,,,,,,,,,,,,,,,,,,,,,
wpwmNeO1,REGULAR,PS40111,EQUITY,ASI,MINVOL1M,1,0,INDUSTRY,0.08,ON,VERIFY,OFF,OFF,FASTEXPR,False,2014-01-01,2023-12-31,"ts_delta(cashflow_op, 4)",,1,2026-02-02T05:28:14-05:00,,2026-02-02T05:28:14-05:00,,False,False,,,ace_tag,llm_test,confidence_0.72,DATA_USAGE:SINGLE_DATA_SET,Single Data Set Alpha,,IS,UNSUBMITTED,12947916,20000000,1015,1344,0.7257,0.1251,0.298,0.000345,0.96,0.4,2014-01-01,-3680823.0,20000000.0,1627.0,1704.0,0.3332,-0.0356,0.4289,-0.000214,-0.09,-0.29,11054953.0,20000000.0,1015.0,1344.0,0.7257,0.1068,0.2391,0.000294,0.39,1.01,LOW_SHARPE,FAIL,1.58,0.96,LOW_FITNESS,FAIL,1.0,0.4,LOW_ASI_JPN_SHARPE,FAIL,1,-0.26,LOW_INVESTABILITY_CONSTRAINED_SHARPE,FAIL,0.67,-0.29,LOW_TURNOVER,PASS,0.01,0.7257,HIGH_TURNOVER,FAIL,0.7,0.7257,CONCENTRATED_WEIGHT,FAIL,2017-01-10,0.1,0.500002,LOW_SUB_UNIVERSE_SHARPE,PASS,0.28,0.68,LOW_ROBUST_UNIVERSE_SHARPE.WITH_RATIO,PASS,0.9,0.86,1.0,LOW_ROBUST_UNIVERSE_RETURNS,PASS,0.9,0.1126,0.1291,SELF_CORRELATION,PENDING,DATA_DIVERSITY,PENDING,PROD_CORRELATION,PENDING,REGULAR_SUBMISSION,PENDING,LOW_2Y_SHARPE,FAIL,0.62,1.58,MATCHES_COMPETITION,PENDING,AIACv2,AI Alphas Competition 2.0,PASS,MATCHES_PYRAMID,1.0,1.1,ASI/D1/FUNDAMENTAL,1.1,WARNING,MATCHES_THEMES,EDrKL34,2.0,JPN Dataset Utilization Theme,M4ZYx3D,2.0,AMR Dataset Utilization Theme,9B3qxZ4,2.0,KOR Dataset Utilization Theme,PBVkEJD,2.0,TWN Dataset Utilization Theme,by88rqy,2.0,HKG Dataset Utilization Theme,V45896D,1.0,GLB/D1 TOPDIV3000 Power Pool Feb`26 Theme,,,,,,,,,,,,,,,,,,,,,,,,,,,,,,,,,,,,
d58X9lVv,REGULAR,PS40111,EQUITY,ASI,MINVOL1M,1,0,INDUSTRY,0.08,ON,VERIFY,OFF,OFF,FASTEXPR,False,2014-01-01,2023-12-31,"ts_delta(return_assets, 4)",,1,2026-02-02T05:27:19-05:00,,2026-02-02T05:27:19-05:00,,False,False,,,ace_tag,llm_test,confidence_0.68,DATA_USAGE:SINGLE_DATA_SET,Single Data Set Alpha,,IS,UNSUBMITTED,-7509461,20000000,1304,1237,0.706,-0.0726,1.0065,-0.000206,-0.43,-0.14,2014-01-01,-11564541.0,20000000.0,1708.0,1625.0,0.3436,-0.1118,1.2568,-0.000651,-0.45,-0.79,-5932374.0,20000000.0,1304.0,1237.0,0.706,-0.0573,0.8066,-0.000162,-0.11,-0.38,LOW_SHARPE,FAIL,1.58,-0.43,LOW_FITNESS,FAIL,1.0,-0.14,LOW_ASI_JPN_SHARPE,FAIL,1,0.09,LOW_INVESTABILITY_CONSTRAINED_SHARPE,FAIL,-0.3,-0.79,LOW_TURNOVER,PASS,0.01,0.706,HIGH_TURNOVER,FAIL,0.7,0.706,CONCENTRATED_WEIGHT,FAIL,2017-01-04,0.1,0.500001,LOW_SUB_UNIVERSE_SHARPE,PASS,-0.13,0.04,LOW_ROBUST_UNIVERSE_SHARPE.WITH_RATIO,PASS,0.9,-0.39,0.05,LOW_ROBUST_UNIVERSE_RETURNS,PASS,0.9,-0.0653,0.0078,SELF_CORRELATION,PENDING,DATA_DIVERSITY,PENDING,PROD_CORRELATION,PENDING,REGULAR_SUBMISSION,PENDING,LOW_2Y_SHARPE,FAIL,-0.75,1.58,MATCHES_COMPETITION,PENDING,AIACv2,AI Alphas Competition 2.0,PASS,MATCHES_PYRAMID,1.0,1.1,ASI/D1/FUNDAMENTAL,1.1,WARNING,MATCHES_THEMES,EDrKL34,2.0,JPN Dataset Utilization Theme,M4ZYx3D,2.0,AMR Dataset Utilization Theme,9B3qxZ4,2.0,KOR Dataset Utilization Theme,PBVkEJD,2.0,TWN Dataset Utilization Theme,by88rqy,2.0,HKG Dataset Utilization Theme,V45896D,1.0,GLB/D1 TOPDIV3000 Power Pool Feb`26 Theme,,,,,,,,,,,,,,,,,,,,,,,,,,,,,,,,,,,,
wpwmNJMl,REGULAR,PS40111,EQUITY,ASI,MINVOL1M,1,0,INDUSTRY,0.08,ON,VERIFY,OFF,OFF,FASTEXPR,False,2014-01-01,2023-12-31,"divide(ts_delta(debt, 4), assets)",,2,2026-02-02T05:27:19-05:00,,2026-02-02T05:27:19-05:00,,False,False,,,ace_tag,llm_test,confidence_0.62,DATA_USAGE:SINGLE_DATA_SET,Single Data Set Alpha,,IS,UNSUBMITTED,-569954,20000000,1138,1379,0.7044,-0.0055,0.3579,-1.6e-05,-0.04,-0.0,2014-01-01,232740.0,20000000.0,1584.0,1640.0,0.315,0.0022,0.4027,1.4e-05,0.0,0.02,443982.0,20000000.0,1138.0,1379.0,0.7044,0.0043,0.3472,1.2e-05,0.0,0.04,LOW_SHARPE,FAIL,1.58,-0.04,LOW_FITNESS,FAIL,1.0,-0.0,LOW_ASI_JPN_SHARPE,FAIL,1,-0.21,LOW_INVESTABILITY_CONSTRAINED_SHARPE,PASS,-0.03,0.02,LOW_TURNOVER,PASS,0.01,0.7044,HIGH_TURNOVER,FAIL,0.7,0.7044,CONCENTRATED_WEIGHT,FAIL,2017-01-03,0.1,0.499912,LOW_SUB_UNIVERSE_SHARPE,FAIL,-0.01,-0.36,LOW_ROBUST_UNIVERSE_SHARPE.WITH_RATIO,FAIL,0.9,-0.04,-0.13,LOW_ROBUST_UNIVERSE_RETURNS,FAIL,0.9,-0.0049,-0.0164,SELF_CORRELATION,PENDING,DATA_DIVERSITY,PENDING,PROD_CORRELATION,PENDING,REGULAR_SUBMISSION,PENDING,LOW_2Y_SHARPE,FAIL,0.21,1.58,MATCHES_COMPETITION,PENDING,AIACv2,AI Alphas Competition 2.0,PASS,MATCHES_PYRAMID,1.0,1.1,ASI/D1/FUNDAMENTAL,1.1,WARNING,MATCHES_THEMES,EDrKL34,2.0,JPN Dataset Utilization Theme,M4ZYx3D,2.0,AMR Dataset Utilization Theme,9B3qxZ4,2.0,KOR Dataset Utilization Theme,PBVkEJD,2.0,TWN Dataset Utilization Theme,by88rqy,2.0,HKG Dataset Utilization Theme,V45896D,1.0,GLB/D1 TOPDIV3000 Power Pool Feb`26 Theme,,,,,,,,,,,,,,,,,,,,,,,,,,,,,,,,,,,,
N1WwK5mw,REGULAR,PS40111,EQUITY,ASI,MINVOL1M,1,0,INDUSTRY,0.08,ON,VERIFY,OFF,OFF,FASTEXPR,False,2014-01-01,2023-12-31,"divide(accum_depre, ppent)",,1,2026-02-02T05:27:18-05:00,,2026-02-02T05:27:19-05:00,,False,False,,,ace_tag,llm_test,confidence_0.55,DATA_USAGE:SINGLE_DATA_SET,Single Data Set Alpha,,IS,UNSUBMITTED,-3492944,20000000,1117,802,0.0584,-0.0338,0.5087,-0.001157,-0.31,-0.16,2014-01-01,-1669572.0,20000000.0,1093.0,834.0,0.0478,-0.0161,0.3273,-0.000675,-0.06,-0.16,-1543821.0,20000000.0,1117.0,802.0,0.0584,-0.0149,0.2634,-0.000511,-0.06,-0.18,LOW_SHARPE,FAIL,1.58,-0.31,LOW_FITNESS,FAIL,1.0,-0.16,LOW_ASI_JPN_SHARPE,FAIL,1,-0.47,LOW_INVESTABILITY_CONSTRAINED_SHARPE,PASS,-0.22,-0.16,LOW_TURNOVER,PASS,0.01,0.0584,HIGH_TURNOVER,PASS,0.7,0.0584,CONCENTRATED_WEIGHT,FAIL,2017-03-30,0.1,0.499935,LOW_SUB_UNIVERSE_SHARPE,FAIL,-0.09,-0.2,LOW_ROBUST_UNIVERSE_SHARPE.WITH_RATIO,PASS,0.9,-0.28,-0.04,LOW_ROBUST_UNIVERSE_RETURNS,PASS,0.9,-0.0304,-0.004,SELF_CORRELATION,PENDING,DATA_DIVERSITY,PENDING,PROD_CORRELATION,PENDING,REGULAR_SUBMISSION,PENDING,LOW_2Y_SHARPE,FAIL,-0.78,1.58,MATCHES_COMPETITION,PENDING,AIACv2,AI Alphas Competition 2.0,PASS,MATCHES_PYRAMID,1.0,1.1,ASI/D1/FUNDAMENTAL,1.1,WARNING,MATCHES_THEMES,EDrKL34,2.0,JPN Dataset Utilization Theme,M4ZYx3D,2.0,AMR Dataset Utilization Theme,9B3qxZ4,2.0,KOR Dataset Utilization Theme,PBVkEJD,2.0,TWN Dataset Utilization Theme,by88rqy,2.0,HKG Dataset Utilization Theme,V45896D,1.0,GLB/D1 TOPDIV3000 Power Pool Feb`26 Theme,,,,,,,,,,,,,,,,,,,,,,,,,,,,,,,,,,,,
E507mraP,REGULAR,PS40111,EQUITY,ASI,MINVOL1M,1,0,INDUSTRY,0.08,ON,VERIFY,OFF,OFF,FASTEXPR,False,2014-01-01,2023-12-31,"ts_delta(current_ratio, 4)",,1,2026-02-02T05:27:22-05:00,,2026-02-02T05:27:22-05:00,,False,False,,,ace_tag,llm_test,confidence_0.61,DATA_USAGE:SINGLE_DATA_SET,Single Data Set Alpha,,IS,UNSUBMITTED,4062514,20000000,1071,1096,0.7105,0.0393,0.4262,0.000111,0.26,0.06,2014-01-01,440456.0,20000000.0,1699.0,1459.0,0.3177,0.0043,0.8585,2.7e-05,0.0,0.02,1505699.0,20000000.0,1071.0,1096.0,0.7105,0.0146,0.556,4.1e-05,0.02,0.11,LOW_SHARPE,FAIL,1.58,0.26,LOW_FITNESS,FAIL,1.0,0.06,LOW_ASI_JPN_SHARPE,FAIL,1,-0.04,LOW_INVESTABILITY_CONSTRAINED_SHARPE,FAIL,0.18,0.02,LOW_TURNOVER,PASS,0.01,0.7105,HIGH_TURNOVER,FAIL,0.7,0.7105,CONCENTRATED_WEIGHT,FAIL,2018-01-05,0.1,0.499997,LOW_SUB_UNIVERSE_SHARPE,PASS,0.08,0.09,LOW_ROBUST_UNIVERSE_SHARPE.WITH_RATIO,PASS,0.9,0.23,0.37,LOW_ROBUST_UNIVERSE_RETURNS,PASS,0.9,0.0354,0.0574,SELF_CORRELATION,PENDING,DATA_DIVERSITY,PENDING,PROD_CORRELATION,PENDING,REGULAR_SUBMISSION,PENDING,LOW_2Y_SHARPE,FAIL,0.93,1.58,MATCHES_COMPETITION,PENDING,AIACv2,AI Alphas Competition 2.0,PASS,MATCHES_PYRAMID,1.0,1.1,ASI/D1/FUNDAMENTAL,1.1,WARNING,MATCHES_THEMES,EDrKL34,2.0,JPN Dataset Utilization Theme,M4ZYx3D,2.0,AMR Dataset Utilization Theme,9B3qxZ4,2.0,KOR Dataset Utilization Theme,PBVkEJD,2.0,TWN Dataset Utilization Theme,by88rqy,2.0,HKG Dataset Utilization Theme,V45896D,1.0,GLB/D1 TOPDIV3000 Power Pool Feb`26 Theme,,,,,,,,,,,,,,,,,,,,,,,,,,,,,,,,,,,,
A1JWLOjd,REGULAR,PS40111,EQUITY,ASI,MINVOL1M,1,0,INDUSTRY,0.08,ON,VERIFY,OFF,OFF,FASTEXPR,False,2014-01-01,2023-12-31,zscore(quick_ratio),,1,2026-02-02T05:27:18-05:00,,2026-02-02T05:27:18-05:00,,False,False,,,ace_tag,llm_test,confidence_0.6,DATA_USAGE:SINGLE_DATA_SET,Single Data Set Alpha,,IS,UNSUBMITTED,-5773735,20000000,960,2210,0.0202,-0.0558,0.7512,-0.005537,-0.49,-0.33,2014-01-01,-5544689.0,20000000.0,985.0,2188.0,0.0206,-0.0536,0.6276,-0.005191,-0.32,-0.49,-1582220.0,20000000.0,960.0,2210.0,0.0202,-0.0153,0.3787,-0.001517,-0.06,-0.18,LOW_SHARPE,FAIL,1.58,-0.49,LOW_FITNESS,FAIL,1.0,-0.33,LOW_ASI_JPN_SHARPE,FAIL,1,-0.41,LOW_INVESTABILITY_CONSTRAINED_SHARPE,FAIL,-0.34,-0.49,LOW_TURNOVER,PASS,0.01,0.0202,HIGH_TURNOVER,PASS,0.7,0.0202,CONCENTRATED_WEIGHT,FAIL,2015-04-13,0.1,0.268117,LOW_SUB_UNIVERSE_SHARPE,FAIL,-0.14,-0.92,LOW_ROBUST_UNIVERSE_SHARPE.WITH_RATIO,PASS,0.9,-0.44,-0.43,LOW_ROBUST_UNIVERSE_RETURNS,FAIL,0.9,-0.0502,-0.0524,SELF_CORRELATION,PENDING,DATA_DIVERSITY,PENDING,PROD_CORRELATION,PENDING,REGULAR_SUBMISSION,PENDING,LOW_2Y_SHARPE,FAIL,-0.64,1.58,MATCHES_COMPETITION,PENDING,AIACv2,AI Alphas Competition 2.0,PASS,MATCHES_PYRAMID,1.0,1.1,ASI/D1/FUNDAMENTAL,1.1,WARNING,MATCHES_THEMES,EDrKL34,2.0,JPN Dataset Utilization Theme,M4ZYx3D,2.0,AMR Dataset Utilization Theme,9B3qxZ4,2.0,KOR Dataset Utilization Theme,PBVkEJD,2.0,TWN Dataset Utilization Theme,by88rqy,2.0,HKG Dataset Utilization Theme,V45896D,1.0,GLB/D1 TOPDIV3000 Power Pool Feb`26 Theme,,,,,,,,,,,,,,,,,,,,,,,,,,,,,,,,,,,,
88koGK7W,REGULAR,PS40111,EQUITY,ASI,MINVOL1M,1,0,INDUSTRY,0.08,ON,VERIFY,OFF,OFF,FASTEXPR,False,2014-01-01,2023-12-31,"divide(eps, cashflow_op)",,1,2026-02-02T05:27:21-05:00,,2026-02-02T05:27:22-05:00,,False,False,,,ace_tag,llm_test,confidence_0.58,DATA_USAGE:SINGLE_DATA_SET,Single Data Set Alpha,,IS,UNSUBMITTED,3071235,20000000,1302,2020,0.0498,0.0297,0.4295,0.001191,0.22,0.11,2014-01-01,-543153.0,20000000.0,1324.0,2000.0,0.0476,-0.0052,0.3904,-0.00022,-0.01,-0.05,500325.0,20000000.0,1302.0,2020.0,0.0498,0.0048,0.3215,0.000194,0.01,0.04,LOW_SHARPE,FAIL,1.58,0.22,LOW_FITNESS,FAIL,1.0,0.11,LOW_ASI_JPN_SHARPE,FAIL,1,0.2,LOW_INVESTABILITY_CONSTRAINED_SHARPE,FAIL,0.15,-0.05,LOW_TURNOVER,PASS,0.01,0.0498,HIGH_TURNOVER,PASS,0.7,0.0498,CONCENTRATED_WEIGHT,FAIL,2021-03-23,0.1,0.499998,LOW_SUB_UNIVERSE_SHARPE,FAIL,0.06,-0.32,LOW_ROBUST_UNIVERSE_SHARPE.WITH_RATIO,FAIL,0.9,0.2,0.0,LOW_ROBUST_UNIVERSE_RETURNS,FAIL,0.9,0.0267,0.0005,SELF_CORRELATION,PENDING,DATA_DIVERSITY,PENDING,PROD_CORRELATION,PENDING,REGULAR_SUBMISSION,PENDING,LOW_2Y_SHARPE,FAIL,0.07,1.58,MATCHES_COMPETITION,PENDING,AIACv2,AI Alphas Competition 2.0,PASS,MATCHES_PYRAMID,1.0,1.1,ASI/D1/FUNDAMENTAL,1.1,WARNING,MATCHES_THEMES,EDrKL34,2.0,JPN Dataset Utilization Theme,M4ZYx3D,2.0,AMR Dataset Utilization Theme,9B3qxZ4,2.0,KOR Dataset Utilization Theme,PBVkEJD,2.0,TWN Dataset Utilization Theme,by88rqy,2.0,HKG Dataset Utilization Theme,V45896D,1.0,GLB/D1 TOPDIV3000 Power Pool Feb`26 Theme,,,,,,,,,,,,,,,,,,,,,,,,,,,,,,,,,,,,
3qYbGnZQ,REGULAR,PS40111,EQUITY,ASI,MINVOL1M,1,0,INDUSTRY,0.08,ON,VERIFY,OFF,OFF,FASTEXPR,False,2014-01-01,2023-12-31,"ts_zscore(ts_delta(sales, 4), 8)",,2,2026-02-02T05:27:19-05:00,,2026-02-02T05:27:19-05:00,,False,False,,,ace_tag,llm_test,confidence_0.7,DATA_USAGE:SINGLE_DATA_SET,Single Data Set Alpha,,IS,UNSUBMITTED,3685436,20000000,240,253,0.7012,0.0356,0.0858,0.000102,0.49,0.11,2014-01-01,717815.0,20000000.0,335.0,343.0,0.282,0.0069,0.2375,4.9e-05,0.01,0.08,4224062.0,20000000.0,240.0,253.0,0.7012,0.0408,0.0788,0.000116,0.15,0.64,LOW_SHARPE,FAIL,1.58,0.49,LOW_FITNESS,FAIL,1.0,0.11,LOW_ASI_JPN_SHARPE,FAIL,1,0.17,LOW_INVESTABILITY_CONSTRAINED_SHARPE,FAIL,0.34,0.08,LOW_TURNOVER,PASS,0.01,0.7012,HIGH_TURNOVER,FAIL,0.7,0.7012,CONCENTRATED_WEIGHT,FAIL,2023-01-06,0.1,0.132737,LOW_SUB_UNIVERSE_SHARPE,PASS,0.14,0.46,LOW_ROBUST_UNIVERSE_SHARPE.WITH_RATIO,FAIL,0.9,0.44,0.31,LOW_ROBUST_UNIVERSE_RETURNS,FAIL,0.9,0.032,0.0226,SELF_CORRELATION,PENDING,DATA_DIVERSITY,PENDING,PROD_CORRELATION,PENDING,REGULAR_SUBMISSION,PENDING,LOW_2Y_SHARPE,FAIL,0.27,1.58,MATCHES_COMPETITION,PENDING,AIACv2,AI Alphas Competition 2.0,PASS,MATCHES_PYRAMID,1.0,1.1,ASI/D1/FUNDAMENTAL,1.1,WARNING,MATCHES_THEMES,EDrKL34,2.0,JPN Dataset Utilization Theme,M4ZYx3D,2.0,AMR Dataset Utilization Theme,9B3qxZ4,2.0,KOR Dataset Utilization Theme,PBVkEJD,2.0,TWN Dataset Utilization Theme,by88rqy,2.0,HKG Dataset Utilization Theme,V45896D,1.0,GLB/D1 TOPDIV3000 Power Pool Feb`26 Theme,,,,,,,,,,,,,,,,,,,,,,,,,,,,,,,,,,,,
YPwrlvRR,REGULAR,PS40111,EQUITY,ASI,MINVOL1M,1,0,INDUSTRY,0.08,ON,VERIFY,OFF,OFF,FASTEXPR,False,2014-01-01,2023-12-31,"ts_delta(divide(sales, assets), 4)",,2,2026-02-02T05:29:28-05:00,,2026-02-02T05:29:28-05:00,,False,False,,,ace_tag,llm_test,confidence_0.66,DATA_USAGE:SINGLE_DATA_SET,Single Data Set Alpha,,IS,UNSUBMITTED,2360822,20000000,1252,1054,0.7278,0.0228,0.4808,6.3e-05,0.13,0.02,2014-01-01,-131383.0,20000000.0,1542.0,1614.0,0.3102,-0.0013,0.53,-8e-06,-0.0,-0.01,1201428.0,20000000.0,1252.0,1054.0,0.7278,0.0116,0.3583,3.2e-05,0.01,0.08,LOW_SHARPE,FAIL,1.58,0.13,LOW_FITNESS,FAIL,1.0,0.02,LOW_ASI_JPN_SHARPE,FAIL,1,0.25,LOW_INVESTABILITY_CONSTRAINED_SHARPE,FAIL,0.09,-0.01,LOW_TURNOVER,PASS,0.01,0.7278,HIGH_TURNOVER,FAIL,0.7,0.7278,CONCENTRATED_WEIGHT,FAIL,2017-01-04,0.1,0.500006,LOW_SUB_UNIVERSE_SHARPE,PASS,0.04,0.29,LOW_ROBUST_UNIVERSE_SHARPE.WITH_RATIO,PASS,0.9,0.12,0.3,LOW_ROBUST_UNIVERSE_RETURNS,PASS,0.9,0.0205,0.0514,SELF_CORRELATION,PENDING,DATA_DIVERSITY,PENDING,PROD_CORRELATION,PENDING,REGULAR_SUBMISSION,PENDING,LOW_2Y_SHARPE,FAIL,0.99,1.58,MATCHES_COMPETITION,PENDING,AIACv2,AI Alphas Competition 2.0,PASS,MATCHES_PYRAMID,1.0,1.1,ASI/D1/FUNDAMENTAL,1.1,WARNING,MATCHES_THEMES,EDrKL34,2.0,JPN Dataset Utilization Theme,M4ZYx3D,2.0,AMR Dataset Utilization Theme,9B3qxZ4,2.0,KOR Dataset Utilization Theme,PBVkEJD,2.0,TWN Dataset Utilization Theme,by88rqy,2.0,HKG Dataset Utilization Theme,V45896D,1.0,GLB/D1 TOPDIV3000 Power Pool Feb`26 Theme,,,,,,,,,,,,,,,,,,,,,,,,,,,,,,,,,,,,
587bGloJ,REGULAR,PS40111,EQUITY,ASI,MINVOL1M,1,0,INDUSTRY,0.08,ON,VERIFY,OFF,OFF,FASTEXPR,False,2014-01-01,2023-12-31,"reverse(ts_std_dev(operating_margin, 20))",,2,2026-02-02T05:29:30-05:00,,2026-02-02T05:29:31-05:00,,False,False,,,ace_tag,llm_test,confidence_0.63,DATA_USAGE:SINGLE_DATA_SET,Single Data Set Alpha,,IS,UNSUBMITTED,10045642,20000000,2644,428,0.1736,0.0971,0.4996,0.001119,0.38,0.28,2014-01-01,19604657.0,20000000.0,2148.0,1044.0,0.1335,0.1895,0.2747,0.002838,1.02,0.86,4051149.0,20000000.0,2644.0,428.0,0.1736,0.0391,0.5079,0.000451,0.09,0.18,LOW_SHARPE,FAIL,1.58,0.38,LOW_FITNESS,FAIL,1.0,0.28,LOW_ASI_JPN_SHARPE,FAIL,1,-0.44,LOW_INVESTABILITY_CONSTRAINED_SHARPE,PASS,0.27,0.86,LOW_TURNOVER,PASS,0.01,0.1736,HIGH_TURNOVER,PASS,0.7,0.1736,CONCENTRATED_WEIGHT,FAIL,2017-02-13,0.1,0.490256,LOW_SUB_UNIVERSE_SHARPE,FAIL,0.11,-0.04,LOW_ROBUST_UNIVERSE_SHARPE.WITH_RATIO,FAIL,0.9,0.34,0.33,LOW_ROBUST_UNIVERSE_RETURNS,FAIL,0.9,0.0874,0.0818,SELF_CORRELATION,PENDING,DATA_DIVERSITY,PENDING,PROD_CORRELATION,PENDING,REGULAR_SUBMISSION,PENDING,LOW_2Y_SHARPE,FAIL,0.98,1.58,MATCHES_COMPETITION,PENDING,AIACv2,AI Alphas Competition 2.0,PASS,MATCHES_PYRAMID,1.0,1.1,ASI/D1/FUNDAMENTAL,1.1,WARNING,MATCHES_THEMES,EDrKL34,2.0,JPN Dataset Utilization Theme,M4ZYx3D,2.0,AMR Dataset Utilization Theme,9B3qxZ4,2.0,KOR Dataset Utilization Theme,PBVkEJD,2.0,TWN Dataset Utilization Theme,by88rqy,2.0,HKG Dataset Utilization Theme,V45896D,1.0,GLB/D1 TOPDIV3000 Power Pool Feb`26 Theme,,,,,,,,,,,,,,,,,,,,,,,,,,,,,,,,,,,,
npkJ67RE,REGULAR,PS40111,EQUITY,ASI,MINVOL1M,1,0,INDUSTRY,0.08,ON,VERIFY,OFF,OFF,FASTEXPR,False,2014-01-01,2023-12-31,"ts_delta(cash, 4)",,1,2026-02-02T05:29:30-05:00,,2026-02-02T05:29:30-05:00,,False,False,,,ace_tag,llm_test,confidence_0.68,DATA_USAGE:SINGLE_DATA_SET,Single Data Set Alpha,,IS,UNSUBMITTED,6396028,20000000,1022,1174,0.7596,0.0618,0.2484,0.000163,0.49,0.14,2014-01-01,6300778.0,20000000.0,1390.0,1521.0,0.3521,0.0609,0.2544,0.000346,0.22,0.52,4998227.0,20000000.0,1022.0,1174.0,0.7596,0.0483,0.2604,0.000127,0.11,0.43,LOW_SHARPE,FAIL,1.58,0.49,LOW_FITNESS,FAIL,1.0,0.14,LOW_ASI_JPN_SHARPE,FAIL,1,0.04,LOW_INVESTABILITY_CONSTRAINED_SHARPE,PASS,0.34,0.52,LOW_TURNOVER,PASS,0.01,0.7596,HIGH_TURNOVER,FAIL,0.7,0.7596,CONCENTRATED_WEIGHT,FAIL,2018-01-05,0.1,0.5,LOW_SUB_UNIVERSE_SHARPE,PASS,0.14,0.4,LOW_ROBUST_UNIVERSE_SHARPE.WITH_RATIO,FAIL,0.9,0.44,0.4,LOW_ROBUST_UNIVERSE_RETURNS,FAIL,0.9,0.0556,0.0503,SELF_CORRELATION,PENDING,DATA_DIVERSITY,PENDING,PROD_CORRELATION,PENDING,REGULAR_SUBMISSION,PENDING,LOW_2Y_SHARPE,FAIL,-0.49,1.58,MATCHES_COMPETITION,PENDING,AIACv2,AI Alphas Competition 2.0,PASS,MATCHES_PYRAMID,1.0,1.1,ASI/D1/FUNDAMENTAL,1.1,WARNING,MATCHES_THEMES,EDrKL34,2.0,JPN Dataset Utilization Theme,M4ZYx3D,2.0,AMR Dataset Utilization Theme,9B3qxZ4,2.0,KOR Dataset Utilization Theme,PBVkEJD,2.0,TWN Dataset Utilization Theme,by88rqy,2.0,HKG Dataset Utilization Theme,V45896D,1.0,GLB/D1 TOPDIV3000 Power Pool Feb`26 Theme,,,,,,,,,,,,,,,,,,,,,,,,,,,,,,,,,,,,
E507mvaG,REGULAR,PS40111,EQUITY,ASI,MINVOL1M,1,0,INDUSTRY,0.08,ON,VERIFY,OFF,OFF,FASTEXPR,False,2014-01-01,2023-12-31,"reverse(divide(debt, assets))",,2,2026-02-02T05:29:48-05:00,,2026-02-02T05:29:48-05:00,,False,False,,,ace_tag,llm_test,confidence_0.66,DATA_USAGE:SINGLE_DATA_SET,Single Data Set Alpha,,IS,UNSUBMITTED,-505116,20000000,1854,1371,0.0357,-0.0049,0.2463,-0.000273,-0.08,-0.02,2014-01-01,3073642.0,20000000.0,1847.0,1381.0,0.0275,0.0297,0.1203,0.00216,0.24,0.49,-1286666.0,20000000.0,1854.0,1371.0,0.0357,-0.0124,0.2042,-0.000696,-0.08,-0.24,LOW_SHARPE,FAIL,1.58,-0.08,LOW_FITNESS,FAIL,1.0,-0.02,LOW_ASI_JPN_SHARPE,FAIL,1,-0.33,LOW_INVESTABILITY_CONSTRAINED_SHARPE,PASS,-0.06,0.49,LOW_TURNOVER,PASS,0.01,0.0357,HIGH_TURNOVER,PASS,0.7,0.0357,CONCENTRATED_WEIGHT,FAIL,2021-07-14,0.1,0.499229,LOW_SUB_UNIVERSE_SHARPE,PASS,-0.02,0.15,LOW_ROBUST_UNIVERSE_SHARPE.WITH_RATIO,FAIL,0.9,-0.07,-0.31,LOW_ROBUST_UNIVERSE_RETURNS,FAIL,0.9,-0.0044,-0.0154,SELF_CORRELATION,PENDING,DATA_DIVERSITY,PENDING,PROD_CORRELATION,PENDING,REGULAR_SUBMISSION,PENDING,LOW_2Y_SHARPE,FAIL,-1.09,1.58,MATCHES_COMPETITION,PENDING,AIACv2,AI Alphas Competition 2.0,PASS,MATCHES_PYRAMID,1.0,1.1,ASI/D1/FUNDAMENTAL,1.1,WARNING,MATCHES_THEMES,EDrKL34,2.0,JPN Dataset Utilization Theme,M4ZYx3D,2.0,AMR Dataset Utilization Theme,9B3qxZ4,2.0,KOR Dataset Utilization Theme,PBVkEJD,2.0,TWN Dataset Utilization Theme,by88rqy,2.0,HKG Dataset Utilization Theme,V45896D,1.0,GLB/D1 TOPDIV3000 Power Pool Feb`26 Theme,,,,,,,,,,,,,,,,,,,,,,,,,,,,,,,,,,,,
A1JWLl1Q,REGULAR,PS40111,EQUITY,ASI,MINVOL1M,1,0,INDUSTRY,0.08,ON,VERIFY,OFF,OFF,FASTEXPR,False,2014-01-01,2023-12-31,"divide(debt_lt, debt)",,1,2026-02-02T05:29:29-05:00,,2026-02-02T05:29:29-05:00,,False,False,,,ace_tag,llm_test,confidence_0.56,DATA_USAGE:SINGLE_DATA_SET,Single Data Set Alpha,,IS,UNSUBMITTED,1336032,20000000,1830,1110,0.0154,0.0129,0.0935,0.001677,0.25,0.08,2014-01-01,1242229.0,20000000.0,1831.0,1119.0,0.0154,0.012,0.0903,0.001563,0.07,0.23,83309.0,20000000.0,1830.0,1110.0,0.0154,0.0008,0.0517,0.000105,0.0,0.05,LOW_SHARPE,FAIL,1.58,0.25,LOW_FITNESS,FAIL,1.0,0.08,LOW_ASI_JPN_SHARPE,FAIL,1,0.54,LOW_INVESTABILITY_CONSTRAINED_SHARPE,PASS,0.17,0.23,LOW_TURNOVER,PASS,0.01,0.0154,HIGH_TURNOVER,PASS,0.7,0.0154,CONCENTRATED_WEIGHT,PASS,,,,LOW_SUB_UNIVERSE_SHARPE,PASS,0.07,0.44,LOW_ROBUST_UNIVERSE_SHARPE.WITH_RATIO,PASS,0.9,0.23,0.24,LOW_ROBUST_UNIVERSE_RETURNS,PASS,0.9,0.0116,0.0117,SELF_CORRELATION,PENDING,DATA_DIVERSITY,PENDING,PROD_CORRELATION,PENDING,REGULAR_SUBMISSION,PENDING,LOW_2Y_SHARPE,FAIL,-0.07,1.58,MATCHES_COMPETITION,PENDING,AIACv2,AI Alphas Competition 2.0,PASS,MATCHES_PYRAMID,1.0,1.1,ASI/D1/FUNDAMENTAL,1.1,WARNING,MATCHES_THEMES,EDrKL34,2.0,JPN Dataset Utilization Theme,M4ZYx3D,2.0,AMR Dataset Utilization Theme,9B3qxZ4,2.0,KOR Dataset Utilization Theme,PBVkEJD,2.0,TWN Dataset Utilization Theme,by88rqy,2.0,HKG Dataset Utilization Theme,V45896D,1.0,GLB/D1 TOPDIV3000 Power Pool Feb`26 Theme,,,,,,,,,,,,,,,,,,,,,,,,,,,,,,,,,,,,
QPrJW7kQ,REGULAR,PS40111,EQUITY,ASI,MINVOL1M,1,0,INDUSTRY,0.08,ON,VERIFY,OFF,OFF,FASTEXPR,False,2014-01-01,2023-12-31,"divide(capex, depre_amort)",,1,2026-02-02T05:29:30-05:00,,2026-02-02T05:29:30-05:00,,False,False,,,ace_tag,llm_test,confidence_0.52,DATA_USAGE:SINGLE_DATA_SET,Single Data Set Alpha,,IS,UNSUBMITTED,3139433,20000000,2174,726,0.0208,0.0303,0.6275,0.002916,0.12,0.06,2014-01-01,3427339.0,20000000.0,2042.0,862.0,0.0215,0.0331,0.577,0.003074,0.07,0.13,-1278182.0,20000000.0,2174.0,726.0,0.0208,-0.0124,0.4566,-0.001187,-0.02,-0.07,LOW_SHARPE,FAIL,1.58,0.12,LOW_FITNESS,FAIL,1.0,0.06,LOW_ASI_JPN_SHARPE,FAIL,1,0.31,LOW_INVESTABILITY_CONSTRAINED_SHARPE,PASS,0.08,0.13,LOW_TURNOVER,PASS,0.01,0.0208,HIGH_TURNOVER,PASS,0.7,0.0208,CONCENTRATED_WEIGHT,FAIL,2023-09-15,0.1,0.477603,LOW_SUB_UNIVERSE_SHARPE,PASS,0.04,0.18,LOW_ROBUST_UNIVERSE_SHARPE.WITH_RATIO,PASS,0.9,0.11,0.12,LOW_ROBUST_UNIVERSE_RETURNS,PASS,0.9,0.0273,0.0331,SELF_CORRELATION,PENDING,DATA_DIVERSITY,PENDING,PROD_CORRELATION,PENDING,REGULAR_SUBMISSION,PENDING,LOW_2Y_SHARPE,FAIL,0.01,1.58,MATCHES_COMPETITION,PENDING,AIACv2,AI Alphas Competition 2.0,PASS,MATCHES_PYRAMID,1.0,1.1,ASI/D1/FUNDAMENTAL,1.1,WARNING,MATCHES_THEMES,EDrKL34,2.0,JPN Dataset Utilization Theme,M4ZYx3D,2.0,AMR Dataset Utilization Theme,9B3qxZ4,2.0,KOR Dataset Utilization Theme,PBVkEJD,2.0,TWN Dataset Utilization Theme,by88rqy,2.0,HKG Dataset Utilization Theme,V45896D,1.0,GLB/D1 TOPDIV3000 Power Pool Feb`26 Theme,,,,,,,,,,,,,,,,,,,,,,,,,,,,,,,,,,,,
ak2YR73W,REGULAR,PS40111,EQUITY,ASI,MINVOL1M,1,0,INDUSTRY,0.08,ON,VERIFY,OFF,OFF,FASTEXPR,False,2014-01-01,2023-12-31,"divide(rad, revenue)",,1,2026-02-02T05:29:30-05:00,,2026-02-02T05:29:31-05:00,,False,False,,,ace_tag,llm_test,confidence_0.54,DATA_USAGE:SINGLE_DATA_SET,Single Data Set Alpha,,IS,UNSUBMITTED,-5661255,20000000,1436,1412,0.0613,-0.0547,0.8096,-0.001786,-0.3,-0.2,2014-01-01,-5932544.0,20000000.0,1397.0,1454.0,0.0532,-0.0573,0.9505,-0.002155,-0.23,-0.34,-3779940.0,20000000.0,1436.0,1412.0,0.0613,-0.0365,0.7418,-0.001193,-0.12,-0.22,LOW_SHARPE,FAIL,1.58,-0.3,LOW_FITNESS,FAIL,1.0,-0.2,LOW_ASI_JPN_SHARPE,FAIL,1,0.13,LOW_INVESTABILITY_CONSTRAINED_SHARPE,FAIL,-0.21,-0.34,LOW_TURNOVER,PASS,0.01,0.0613,HIGH_TURNOVER,PASS,0.7,0.0613,CONCENTRATED_WEIGHT,FAIL,2021-04-16,0.1,0.477031,LOW_SUB_UNIVERSE_SHARPE,FAIL,-0.09,-0.35,LOW_ROBUST_UNIVERSE_SHARPE.WITH_RATIO,FAIL,0.9,-0.27,-0.49,LOW_ROBUST_UNIVERSE_RETURNS,FAIL,0.9,-0.0492,-0.0882,SELF_CORRELATION,PENDING,DATA_DIVERSITY,PENDING,PROD_CORRELATION,PENDING,REGULAR_SUBMISSION,PENDING,LOW_2Y_SHARPE,FAIL,-1.1,1.58,MATCHES_COMPETITION,PENDING,AIACv2,AI Alphas Competition 2.0,PASS,MATCHES_PYRAMID,1.0,1.1,ASI/D1/FUNDAMENTAL,1.1,WARNING,MATCHES_THEMES,EDrKL34,2.0,JPN Dataset Utilization Theme,M4ZYx3D,2.0,AMR Dataset Utilization Theme,9B3qxZ4,2.0,KOR Dataset Utilization Theme,PBVkEJD,2.0,TWN Dataset Utilization Theme,by88rqy,2.0,HKG Dataset Utilization Theme,V45896D,1.0,GLB/D1 TOPDIV3000 Power Pool Feb`26 Theme,,,,,,,,,,,,,,,,,,,,,,,,,,,,,,,,,,,,
88koGlko,REGULAR,PS40111,EQUITY,ASI,MINVOL1M,1,0,INDUSTRY,0.08,ON,VERIFY,OFF,OFF,FASTEXPR,False,2014-01-01,2023-12-31,"ts_delta(divide(inventory, sales), 4)",,2,2026-02-02T05:29:31-05:00,,2026-02-02T05:29:32-05:00,,False,False,,,ace_tag,llm_test,confidence_0.6,DATA_USAGE:SINGLE_DATA_SET,Single Data Set Alpha,,IS,UNSUBMITTED,-980710,20000000,933,1089,0.7828,-0.0095,0.6439,-2.4e-05,-0.04,-0.0,2014-01-01,5033681.0,20000000.0,1322.0,1513.0,0.3004,0.0486,0.5618,0.000324,0.11,0.27,-2239801.0,20000000.0,933.0,1089.0,0.7828,-0.0216,0.5498,-5.5e-05,-0.02,-0.1,LOW_SHARPE,FAIL,1.58,-0.04,LOW_FITNESS,FAIL,1.0,-0.0,LOW_ASI_JPN_SHARPE,FAIL,1,-0.56,LOW_INVESTABILITY_CONSTRAINED_SHARPE,PASS,-0.03,0.27,LOW_TURNOVER,PASS,0.01,0.7828,HIGH_TURNOVER,FAIL,0.7,0.7828,CONCENTRATED_WEIGHT,FAIL,2014-05-27,0.1,0.500004,LOW_SUB_UNIVERSE_SHARPE,FAIL,-0.01,-0.57,LOW_ROBUST_UNIVERSE_SHARPE.WITH_RATIO,PASS,0.9,-0.04,0.03,LOW_ROBUST_UNIVERSE_RETURNS,PASS,0.9,-0.0086,0.0075,SELF_CORRELATION,PENDING,DATA_DIVERSITY,PENDING,PROD_CORRELATION,PENDING,REGULAR_SUBMISSION,PENDING,LOW_2Y_SHARPE,FAIL,-0.83,1.58,MATCHES_COMPETITION,PENDING,AIACv2,AI Alphas Competition 2.0,PASS,MATCHES_PYRAMID,1.0,1.1,ASI/D1/FUNDAMENTAL,1.1,WARNING,MATCHES_THEMES,EDrKL34,2.0,JPN Dataset Utilization Theme,M4ZYx3D,2.0,AMR Dataset Utilization Theme,9B3qxZ4,2.0,KOR Dataset Utilization Theme,PBVkEJD,2.0,TWN Dataset Utilization Theme,by88rqy,2.0,HKG Dataset Utilization Theme,V45896D,1.0,GLB/D1 TOPDIV3000 Power Pool Feb`26 Theme,,,,,,,,,,,,,,,,,,,,,,,,,,,,,,,,,,,,
ak2YRav5,REGULAR,PS40111,EQUITY,ASI,MINVOL1M,1,0,INDUSTRY,0.08,ON,VERIFY,OFF,OFF,FASTEXPR,False,2014-01-01,2023-12-31,"ts_delta(divide(receivable, sales), 4)",,2,2026-02-02T05:31:00-05:00,,2026-02-02T05:31:00-05:00,,False,False,,,ace_tag,llm_test,confidence_0.61,DATA_USAGE:SINGLE_DATA_SET,Single Data Set Alpha,,IS,UNSUBMITTED,618453,20000000,1138,1278,0.7734,0.006,0.8782,1.5e-05,0.02,0.0,2014-01-01,-1038643.0,20000000.0,1446.0,1641.0,0.3175,-0.01,0.7449,-6.3e-05,-0.01,-0.06,-2623715.0,20000000.0,1138.0,1278.0,0.7734,-0.0254,0.7478,-6.6e-05,-0.02,-0.11,LOW_SHARPE,FAIL,1.58,0.02,LOW_FITNESS,FAIL,1.0,0.0,LOW_ASI_JPN_SHARPE,FAIL,1,0.52,LOW_INVESTABILITY_CONSTRAINED_SHARPE,FAIL,0.01,-0.06,LOW_TURNOVER,PASS,0.01,0.7734,HIGH_TURNOVER,FAIL,0.7,0.7734,CONCENTRATED_WEIGHT,FAIL,2020-12-10,0.1,0.500006,LOW_SUB_UNIVERSE_SHARPE,FAIL,0.01,-0.32,LOW_ROBUST_UNIVERSE_SHARPE.WITH_RATIO,PASS,0.9,0.02,0.16,LOW_ROBUST_UNIVERSE_RETURNS,PASS,0.9,0.0054,0.0411,SELF_CORRELATION,PENDING,DATA_DIVERSITY,PENDING,PROD_CORRELATION,PENDING,REGULAR_SUBMISSION,PENDING,LOW_2Y_SHARPE,FAIL,0.01,1.58,MATCHES_COMPETITION,PENDING,AIACv2,AI Alphas Competition 2.0,PASS,MATCHES_PYRAMID,1.0,1.1,ASI/D1/FUNDAMENTAL,1.1,WARNING,MATCHES_THEMES,EDrKL34,2.0,JPN Dataset Utilization Theme,M4ZYx3D,2.0,AMR Dataset Utilization Theme,9B3qxZ4,2.0,KOR Dataset Utilization Theme,PBVkEJD,2.0,TWN Dataset Utilization Theme,by88rqy,2.0,HKG Dataset Utilization Theme,V45896D,1.0,GLB/D1 TOPDIV3000 Power Pool Feb`26 Theme,,,,,,,,,,,,,,,,,,,,,,,,,,,,,,,,,,,,
kqk78vjL,REGULAR,PS40111,EQUITY,ASI,MINVOL1M,1,0,INDUSTRY,0.08,ON,VERIFY,OFF,OFF,FASTEXPR,False,2014-01-01,2023-12-31,"subtract(receivable, inventory)",,1,2026-02-02T05:31:33-05:00,,2026-02-02T05:31:33-05:00,,False,False,,,ace_tag,llm_test,confidence_0.5,DATA_USAGE:SINGLE_DATA_SET,Single Data Set Alpha,,IS,UNSUBMITTED,-347824,20000000,875,2048,0.0093,-0.0034,0.2532,-0.000723,-0.04,-0.01,2014-01-01,240922.0,20000000.0,873.0,2053.0,0.0096,0.0023,0.2276,0.000487,0.0,0.03,-1156274.0,20000000.0,875.0,2048.0,0.0093,-0.0112,0.1641,-0.002402,-0.06,-0.19,LOW_SHARPE,FAIL,1.58,-0.04,LOW_FITNESS,FAIL,1.0,-0.01,LOW_ASI_JPN_SHARPE,FAIL,1,0.07,LOW_INVESTABILITY_CONSTRAINED_SHARPE,PASS,-0.03,0.03,LOW_TURNOVER,FAIL,0.01,0.0093,HIGH_TURNOVER,PASS,0.7,0.0093,CONCENTRATED_WEIGHT,PASS,,,,LOW_SUB_UNIVERSE_SHARPE,FAIL,-0.01,-0.09,LOW_ROBUST_UNIVERSE_SHARPE.WITH_RATIO,FAIL,0.9,-0.04,-0.13,LOW_ROBUST_UNIVERSE_RETURNS,FAIL,0.9,-0.0031,-0.0103,SELF_CORRELATION,PENDING,DATA_DIVERSITY,PENDING,PROD_CORRELATION,PENDING,REGULAR_SUBMISSION,PENDING,LOW_2Y_SHARPE,FAIL,0.2,1.58,MATCHES_COMPETITION,PENDING,AIACv2,AI Alphas Competition 2.0,PASS,MATCHES_PYRAMID,1.0,1.1,ASI/D1/FUNDAMENTAL,1.1,WARNING,MATCHES_THEMES,EDrKL34,2.0,JPN Dataset Utilization Theme,M4ZYx3D,2.0,AMR Dataset Utilization Theme,9B3qxZ4,2.0,KOR Dataset Utilization Theme,PBVkEJD,2.0,TWN Dataset Utilization Theme,by88rqy,2.0,HKG Dataset Utilization Theme,V45896D,1.0,GLB/D1 TOPDIV3000 Power Pool Feb`26 Theme,,,,,,,,,,,,,,,,,,,,,,,,,,,,,,,,,,,,
MPlWg6Zr,REGULAR,PS40111,EQUITY,ASI,MINVOL1M,1,0,INDUSTRY,0.08,ON,VERIFY,OFF,OFF,FASTEXPR,False,2014-01-01,2023-12-31,"divide(operating_income, sales)",,1,2026-02-02T05:31:10-05:00,,2026-02-02T05:31:10-05:00,,False,False,,,ace_tag,llm_test,confidence_0.68,DATA_USAGE:SINGLE_DATA_SET,Single Data Set Alpha,,IS,UNSUBMITTED,5612814,20000000,1481,1611,0.0617,0.0542,0.6283,0.001758,0.21,0.14,2014-01-01,5048370.0,20000000.0,1532.0,1563.0,0.06,0.0488,1.0767,0.001627,0.12,0.19,2419500.0,20000000.0,1481.0,1611.0,0.0617,0.0234,0.5806,0.000758,0.04,0.1,LOW_SHARPE,FAIL,1.58,0.21,LOW_FITNESS,FAIL,1.0,0.14,LOW_ASI_JPN_SHARPE,FAIL,1,-0.09,LOW_INVESTABILITY_CONSTRAINED_SHARPE,PASS,0.15,0.19,LOW_TURNOVER,PASS,0.01,0.0617,HIGH_TURNOVER,PASS,0.7,0.0617,CONCENTRATED_WEIGHT,FAIL,2020-08-14,0.1,0.499984,LOW_SUB_UNIVERSE_SHARPE,PASS,0.06,0.07,LOW_ROBUST_UNIVERSE_SHARPE.WITH_RATIO,PASS,0.9,0.19,0.24,LOW_ROBUST_UNIVERSE_RETURNS,PASS,0.9,0.0488,0.0576,SELF_CORRELATION,PENDING,DATA_DIVERSITY,PENDING,PROD_CORRELATION,PENDING,REGULAR_SUBMISSION,PENDING,LOW_2Y_SHARPE,FAIL,-0.14,1.58,MATCHES_COMPETITION,PENDING,AIACv2,AI Alphas Competition 2.0,PASS,MATCHES_PYRAMID,1.0,1.1,ASI/D1/FUNDAMENTAL,1.1,WARNING,MATCHES_THEMES,EDrKL34,2.0,JPN Dataset Utilization Theme,M4ZYx3D,2.0,AMR Dataset Utilization Theme,9B3qxZ4,2.0,KOR Dataset Utilization Theme,PBVkEJD,2.0,TWN Dataset Utilization Theme,by88rqy,2.0,HKG Dataset Utilization Theme,V45896D,1.0,GLB/D1 TOPDIV3000 Power Pool Feb`26 Theme,,,,,,,,,,,,,,,,,,,,,,,,,,,,,,,,,,,,
Jj0w3W9x,REGULAR,PS40111,EQUITY,ASI,MINVOL1M,1,0,INDUSTRY,0.08,ON,VERIFY,OFF,OFF,FASTEXPR,False,2014-01-01,2023-12-31,zscore(ebitda),,1,2026-02-02T05:31:52-05:00,,2026-02-02T05:31:53-05:00,,False,False,,,ace_tag,llm_test,confidence_0.65,DATA_USAGE:SINGLE_DATA_SET,Single Data Set Alpha,,IS,UNSUBMITTED,2171480,20000000,515,2670,0.0101,0.021,0.1895,0.004144,0.19,0.08,2014-01-01,1796297.0,20000000.0,529.0,2659.0,0.0107,0.0174,0.2021,0.003249,0.06,0.16,-1713635.0,20000000.0,515.0,2670.0,0.0101,-0.0166,0.2177,-0.00327,-0.11,-0.31,LOW_SHARPE,FAIL,1.58,0.19,LOW_FITNESS,FAIL,1.0,0.08,LOW_ASI_JPN_SHARPE,FAIL,1,0.16,LOW_INVESTABILITY_CONSTRAINED_SHARPE,PASS,0.13,0.16,LOW_TURNOVER,PASS,0.01,0.0101,HIGH_TURNOVER,PASS,0.7,0.0101,CONCENTRATED_WEIGHT,PASS,,,,LOW_SUB_UNIVERSE_SHARPE,PASS,0.06,0.19,LOW_ROBUST_UNIVERSE_SHARPE.WITH_RATIO,FAIL,0.9,0.17,-0.05,LOW_ROBUST_UNIVERSE_RETURNS,FAIL,0.9,0.0189,-0.0056,SELF_CORRELATION,PENDING,DATA_DIVERSITY,PENDING,PROD_CORRELATION,PENDING,REGULAR_SUBMISSION,PENDING,LOW_2Y_SHARPE,FAIL,0.32,1.58,MATCHES_COMPETITION,PENDING,AIACv2,AI Alphas Competition 2.0,PASS,MATCHES_PYRAMID,1.0,1.1,ASI/D1/FUNDAMENTAL,1.1,WARNING,MATCHES_THEMES,EDrKL34,2.0,JPN Dataset Utilization Theme,M4ZYx3D,2.0,AMR Dataset Utilization Theme,9B3qxZ4,2.0,KOR Dataset Utilization Theme,PBVkEJD,2.0,TWN Dataset Utilization Theme,by88rqy,2.0,HKG Dataset Utilization Theme,V45896D,1.0,GLB/D1 TOPDIV3000 Power Pool Feb`26 Theme,,,,,,,,,,,,,,,,,,,,,,,,,,,,,,,,,,,,
1YV9GWOm,REGULAR,PS40111,EQUITY,ASI,MINVOL1M,1,0,INDUSTRY,0.08,ON,VERIFY,OFF,OFF,FASTEXPR,False,2014-01-01,2023-12-31,"divide(cash_st, fnd23_sabs)",,1,2026-02-02T05:31:09-05:00,,2026-02-02T05:31:09-05:00,,False,False,,,ace_tag,llm_test,confidence_0.67,DATA_USAGE:SINGLE_DATA_SET,Single Data Set Alpha,,IS,UNSUBMITTED,-3572814,20000000,507,2620,0.011,-0.0345,0.4669,-0.006292,-0.28,-0.15,2014-01-01,-3508055.0,20000000.0,526.0,2604.0,0.011,-0.0339,0.4899,-0.006177,-0.14,-0.27,-4563264.0,20000000.0,507.0,2620.0,0.011,-0.0441,0.4586,-0.008037,-0.45,-0.76,LOW_SHARPE,FAIL,1.58,-0.28,LOW_FITNESS,FAIL,1.0,-0.15,LOW_ASI_JPN_SHARPE,FAIL,1,-0.23,LOW_INVESTABILITY_CONSTRAINED_SHARPE,FAIL,-0.2,-0.27,LOW_TURNOVER,PASS,0.01,0.011,HIGH_TURNOVER,PASS,0.7,0.011,CONCENTRATED_WEIGHT,PASS,,,,LOW_SUB_UNIVERSE_SHARPE,FAIL,-0.08,-0.42,LOW_ROBUST_UNIVERSE_SHARPE.WITH_RATIO,FAIL,0.9,-0.25,-0.5,LOW_ROBUST_UNIVERSE_RETURNS,FAIL,0.9,-0.0311,-0.0601,SELF_CORRELATION,PENDING,DATA_DIVERSITY,PENDING,PROD_CORRELATION,PENDING,REGULAR_SUBMISSION,PENDING,LOW_2Y_SHARPE,FAIL,-0.64,1.58,MATCHES_COMPETITION,PENDING,AIACv2,AI Alphas Competition 2.0,PASS,MATCHES_PYRAMID,1.0,1.1,ASI/D1/FUNDAMENTAL,1.1,WARNING,MATCHES_THEMES,EDrKL34,2.0,JPN Dataset Utilization Theme,M4ZYx3D,2.0,AMR Dataset Utilization Theme,9B3qxZ4,2.0,KOR Dataset Utilization Theme,PBVkEJD,2.0,TWN Dataset Utilization Theme,by88rqy,2.0,HKG Dataset Utilization Theme,V45896D,1.0,GLB/D1 TOPDIV3000 Power Pool Feb`26 Theme,,,,,,,,,,,,,,,,,,,,,,,,,,,,,,,,,,,,
N1WwKJZe,REGULAR,PS40111,EQUITY,ASI,MINVOL1M,1,0,INDUSTRY,0.08,ON,VERIFY,OFF,OFF,FASTEXPR,False,2014-01-01,2023-12-31,"reverse(divide(goodwill, assets))",,2,2026-02-02T05:31:52-05:00,,2026-02-02T05:31:53-05:00,,False,False,,,ace_tag,llm_test,confidence_0.53,DATA_USAGE:SINGLE_DATA_SET,Single Data Set Alpha,,IS,UNSUBMITTED,8784980,20000000,1633,535,0.0397,0.0849,0.56,0.004273,0.42,0.35,2014-01-01,5625052.0,20000000.0,1578.0,592.0,0.0404,0.0544,0.6396,0.00269,0.18,0.27,6747276.0,20000000.0,1633.0,535.0,0.0397,0.0652,0.1867,0.003282,0.33,0.46,LOW_SHARPE,FAIL,1.58,0.42,LOW_FITNESS,FAIL,1.0,0.35,LOW_ASI_JPN_SHARPE,FAIL,1,-0.2,LOW_INVESTABILITY_CONSTRAINED_SHARPE,FAIL,0.29,0.27,LOW_TURNOVER,PASS,0.01,0.0397,HIGH_TURNOVER,PASS,0.7,0.0397,CONCENTRATED_WEIGHT,FAIL,2021-07-14,0.1,0.491068,LOW_SUB_UNIVERSE_SHARPE,FAIL,0.12,0.08,LOW_ROBUST_UNIVERSE_SHARPE.WITH_RATIO,FAIL,0.9,0.38,0.11,LOW_ROBUST_UNIVERSE_RETURNS,FAIL,0.9,0.0764,0.0212,SELF_CORRELATION,PENDING,DATA_DIVERSITY,PENDING,PROD_CORRELATION,PENDING,REGULAR_SUBMISSION,PENDING,LOW_2Y_SHARPE,FAIL,-0.25,1.58,MATCHES_COMPETITION,PENDING,AIACv2,AI Alphas Competition 2.0,PASS,MATCHES_PYRAMID,1.0,1.1,ASI/D1/FUNDAMENTAL,1.1,WARNING,MATCHES_THEMES,EDrKL34,2.0,JPN Dataset Utilization Theme,M4ZYx3D,2.0,AMR Dataset Utilization Theme,9B3qxZ4,2.0,KOR Dataset Utilization Theme,PBVkEJD,2.0,TWN Dataset Utilization Theme,by88rqy,2.0,HKG Dataset Utilization Theme,V45896D,1.0,GLB/D1 TOPDIV3000 Power Pool Feb`26 Theme,,,,,,,,,,,,,,,,,,,,,,,,,,,,,,,,,,,,
88koGVlm,REGULAR,PS40111,EQUITY,ASI,MINVOL1M,1,0,INDUSTRY,0.08,ON,VERIFY,OFF,OFF,FASTEXPR,False,2014-01-01,2023-12-31,"divide(ebit, ppent_net)",,1,2026-02-02T05:31:33-05:00,,2026-02-02T05:31:33-05:00,,False,False,,,ace_tag,llm_test,confidence_0.62,DATA_USAGE:SINGLE_DATA_SET,Single Data Set Alpha,,IS,UNSUBMITTED,4677942,20000000,1093,2078,0.0262,0.0452,0.2805,0.003446,0.35,0.21,2014-01-01,1781729.0,20000000.0,1227.0,1947.0,0.0275,0.0172,0.3608,0.001251,0.05,0.14,1978863.0,20000000.0,1093.0,2078.0,0.0262,0.0191,0.3248,0.001458,0.07,0.17,LOW_SHARPE,FAIL,1.58,0.35,LOW_FITNESS,FAIL,1.0,0.21,LOW_ASI_JPN_SHARPE,FAIL,1,-0.03,LOW_INVESTABILITY_CONSTRAINED_SHARPE,FAIL,0.24,0.14,LOW_TURNOVER,PASS,0.01,0.0262,HIGH_TURNOVER,PASS,0.7,0.0262,CONCENTRATED_WEIGHT,FAIL,2021-12-16,0.1,0.49337,LOW_SUB_UNIVERSE_SHARPE,PASS,0.1,0.16,LOW_ROBUST_UNIVERSE_SHARPE.WITH_RATIO,FAIL,0.9,0.32,0.23,LOW_ROBUST_UNIVERSE_RETURNS,FAIL,0.9,0.0407,0.0301,SELF_CORRELATION,PENDING,DATA_DIVERSITY,PENDING,PROD_CORRELATION,PENDING,REGULAR_SUBMISSION,PENDING,LOW_2Y_SHARPE,FAIL,1.25,1.58,MATCHES_COMPETITION,PENDING,AIACv2,AI Alphas Competition 2.0,PASS,MATCHES_PYRAMID,1.0,1.1,ASI/D1/FUNDAMENTAL,1.1,WARNING,MATCHES_THEMES,EDrKL34,2.0,JPN Dataset Utilization Theme,M4ZYx3D,2.0,AMR Dataset Utilization Theme,9B3qxZ4,2.0,KOR Dataset Utilization Theme,PBVkEJD,2.0,TWN Dataset Utilization Theme,by88rqy,2.0,HKG Dataset Utilization Theme,V45896D,1.0,GLB/D1 TOPDIV3000 Power Pool Feb`26 Theme,,,,,,,,,,,,,,,,,,,,,,,,,,,,,,,,,,,,
3qYbG0kz,REGULAR,PS40111,EQUITY,ASI,MINVOL1M,1,0,INDUSTRY,0.08,ON,VERIFY,OFF,OFF,FASTEXPR,False,2014-01-01,2023-12-31,"reverse(ts_std_dev(sales, 20))",,2,2026-02-02T05:31:09-05:00,,2026-02-02T05:31:10-05:00,,False,False,,,ace_tag,llm_test,confidence_0.55,DATA_USAGE:SINGLE_DATA_SET,Single Data Set Alpha,,IS,UNSUBMITTED,-730127,20000000,2753,250,0.1726,-0.0071,0.3369,-8.2e-05,-0.06,-0.01,2014-01-01,-1492293.0,20000000.0,2492.0,671.0,0.1276,-0.0144,0.3998,-0.000226,-0.04,-0.12,1908422.0,20000000.0,2753.0,250.0,0.1726,0.0184,0.2636,0.000214,0.08,0.23,LOW_SHARPE,FAIL,1.58,-0.06,LOW_FITNESS,FAIL,1.0,-0.01,LOW_ASI_JPN_SHARPE,FAIL,1,0.04,LOW_INVESTABILITY_CONSTRAINED_SHARPE,FAIL,-0.04,-0.12,LOW_TURNOVER,PASS,0.01,0.1726,HIGH_TURNOVER,PASS,0.7,0.1726,CONCENTRATED_WEIGHT,FAIL,2021-04-23,0.1,0.499807,LOW_SUB_UNIVERSE_SHARPE,FAIL,-0.02,-0.06,LOW_ROBUST_UNIVERSE_SHARPE.WITH_RATIO,PASS,0.9,-0.05,-0.02,LOW_ROBUST_UNIVERSE_RETURNS,PASS,0.9,-0.0064,-0.0027,SELF_CORRELATION,PENDING,DATA_DIVERSITY,PENDING,PROD_CORRELATION,PENDING,REGULAR_SUBMISSION,PENDING,LOW_2Y_SHARPE,FAIL,0.07,1.58,MATCHES_COMPETITION,PENDING,AIACv2,AI Alphas Competition 2.0,PASS,MATCHES_PYRAMID,1.0,1.1,ASI/D1/FUNDAMENTAL,1.1,WARNING,MATCHES_THEMES,EDrKL34,2.0,JPN Dataset Utilization Theme,M4ZYx3D,2.0,AMR Dataset Utilization Theme,9B3qxZ4,2.0,KOR Dataset Utilization Theme,PBVkEJD,2.0,TWN Dataset Utilization Theme,by88rqy,2.0,HKG Dataset Utilization Theme,V45896D,1.0,GLB/D1 TOPDIV3000 Power Pool Feb`26 Theme,,,,,,,,,,,,,,,,,,,,,,,,,,,,,,,,,,,,
WjwqY2wP,REGULAR,PS40111,EQUITY,ASI,MINVOL1M,1,0,INDUSTRY,0.08,ON,VERIFY,OFF,OFF,FASTEXPR,False,2014-01-01,2023-12-31,"reverse(divide(fnd23_cpdf, income))",,2,2026-02-02T05:33:10-05:00,,2026-02-02T05:33:10-05:00,,False,False,,,ace_tag,llm_test,confidence_0.57,DATA_USAGE:SINGLE_DATA_SET,Single Data Set Alpha,,IS,UNSUBMITTED,-965657,20000000,1113,1748,0.0532,-0.0093,0.2437,-0.000351,-0.13,-0.04,2014-01-01,-826473.0,20000000.0,1125.0,1739.0,0.0503,-0.008,0.1572,-0.000318,-0.03,-0.12,-1603931.0,20000000.0,1113.0,1748.0,0.0532,-0.0155,0.2457,-0.000582,-0.09,-0.25,LOW_SHARPE,FAIL,1.58,-0.13,LOW_FITNESS,FAIL,1.0,-0.04,LOW_ASI_JPN_SHARPE,FAIL,1,0.23,LOW_INVESTABILITY_CONSTRAINED_SHARPE,FAIL,-0.09,-0.12,LOW_TURNOVER,PASS,0.01,0.0532,HIGH_TURNOVER,PASS,0.7,0.0532,CONCENTRATED_WEIGHT,FAIL,2014-04-16,0.1,0.227598,LOW_SUB_UNIVERSE_SHARPE,PASS,-0.04,0.57,LOW_ROBUST_UNIVERSE_SHARPE.WITH_RATIO,PASS,0.9,-0.12,-0.09,LOW_ROBUST_UNIVERSE_RETURNS,PASS,0.9,-0.0084,-0.0064,SELF_CORRELATION,PENDING,DATA_DIVERSITY,PENDING,PROD_CORRELATION,PENDING,REGULAR_SUBMISSION,PENDING,LOW_2Y_SHARPE,FAIL,0.14,1.58,MATCHES_COMPETITION,PENDING,AIACv2,AI Alphas Competition 2.0,PASS,MATCHES_PYRAMID,1.0,1.1,ASI/D1/FUNDAMENTAL,1.1,WARNING,MATCHES_THEMES,EDrKL34,2.0,JPN Dataset Utilization Theme,M4ZYx3D,2.0,AMR Dataset Utilization Theme,9B3qxZ4,2.0,KOR Dataset Utilization Theme,PBVkEJD,2.0,TWN Dataset Utilization Theme,by88rqy,2.0,HKG Dataset Utilization Theme,V45896D,1.0,GLB/D1 TOPDIV3000 Power Pool Feb`26 Theme,,,,,,,,,,,,,,,,,,,,,,,,,,,,,,,,,,,,
gJqArVmJ,REGULAR,PS40111,EQUITY,ASI,MINVOL1M,1,0,INDUSTRY,0.08,ON,VERIFY,OFF,OFF,FASTEXPR,False,2014-01-01,2023-12-31,"ts_sum(ts_delta(eps, 4), 4)",,2,2026-02-02T05:33:12-05:00,,2026-02-02T05:33:12-05:00,,False,False,,,ace_tag,llm_test,confidence_0.63,DATA_USAGE:SINGLE_DATA_SET,Single Data Set Alpha,,IS,UNSUBMITTED,-5473390,20000000,1432,1507,0.4531,-0.0529,0.7046,-0.000233,-0.33,-0.11,2014-01-01,-9070588.0,20000000.0,1675.0,1663.0,0.2475,-0.0877,0.9294,-0.000708,-0.38,-0.63,-1175807.0,20000000.0,1432.0,1507.0,0.4531,-0.0114,0.4342,-5e-05,-0.01,-0.08,LOW_SHARPE,FAIL,1.58,-0.33,LOW_FITNESS,FAIL,1.0,-0.11,LOW_ASI_JPN_SHARPE,FAIL,1,-0.4,LOW_INVESTABILITY_CONSTRAINED_SHARPE,FAIL,-0.23,-0.63,LOW_TURNOVER,PASS,0.01,0.4531,HIGH_TURNOVER,PASS,0.7,0.4531,CONCENTRATED_WEIGHT,FAIL,2022-09-28,0.1,0.499613,LOW_SUB_UNIVERSE_SHARPE,FAIL,-0.1,-0.54,LOW_ROBUST_UNIVERSE_SHARPE.WITH_RATIO,FAIL,0.9,-0.3,-0.42,LOW_ROBUST_UNIVERSE_RETURNS,FAIL,0.9,-0.0476,-0.0645,SELF_CORRELATION,PENDING,DATA_DIVERSITY,PENDING,PROD_CORRELATION,PENDING,REGULAR_SUBMISSION,PENDING,LOW_2Y_SHARPE,FAIL,-0.3,1.58,MATCHES_COMPETITION,PENDING,AIACv2,AI Alphas Competition 2.0,PASS,MATCHES_PYRAMID,1.0,1.1,ASI/D1/FUNDAMENTAL,1.1,WARNING,MATCHES_THEMES,EDrKL34,2.0,JPN Dataset Utilization Theme,M4ZYx3D,2.0,AMR Dataset Utilization Theme,9B3qxZ4,2.0,KOR Dataset Utilization Theme,PBVkEJD,2.0,TWN Dataset Utilization Theme,by88rqy,2.0,HKG Dataset Utilization Theme,V45896D,1.0,GLB/D1 TOPDIV3000 Power Pool Feb`26 Theme,,,,,,,,,,,,,,,,,,,,,,,,,,,,,,,,,,,,
qMk1OM3P,REGULAR,PS40111,EQUITY,ASI,MINVOL1M,1,0,INDUSTRY,0.08,ON,VERIFY,OFF,OFF,FASTEXPR,False,2014-01-01,2023-12-31,"divide(operating_margin, sga_expense)",,1,2026-02-02T05:34:47-05:00,,2026-02-02T05:34:47-05:00,,False,False,,,ace_tag,llm_test,confidence_0.48,DATA_USAGE:SINGLE_DATA_SET,Single Data Set Alpha,,IS,UNSUBMITTED,7141359,20000000,1408,1665,0.035,0.069,0.8635,0.003947,0.18,0.13,2014-01-01,5755432.0,20000000.0,1326.0,1750.0,0.0384,0.0556,0.8486,0.002895,0.12,0.18,-7821862.0,20000000.0,1408.0,1665.0,0.035,-0.0756,1.4396,-0.004324,-0.17,-0.22,LOW_SHARPE,FAIL,1.58,0.18,LOW_FITNESS,FAIL,1.0,0.13,LOW_ASI_JPN_SHARPE,FAIL,1,-0.07,LOW_INVESTABILITY_CONSTRAINED_SHARPE,PASS,0.13,0.18,LOW_TURNOVER,PASS,0.01,0.035,HIGH_TURNOVER,PASS,0.7,0.035,CONCENTRATED_WEIGHT,FAIL,2021-03-04,0.1,0.473395,LOW_SUB_UNIVERSE_SHARPE,PASS,0.05,0.22,LOW_ROBUST_UNIVERSE_SHARPE.WITH_RATIO,PASS,0.9,0.16,0.18,LOW_ROBUST_UNIVERSE_RETURNS,PASS,0.9,0.0621,0.0669,SELF_CORRELATION,PENDING,DATA_DIVERSITY,PENDING,PROD_CORRELATION,PENDING,REGULAR_SUBMISSION,PENDING,LOW_2Y_SHARPE,FAIL,0.23,1.58,MATCHES_COMPETITION,PENDING,AIACv2,AI Alphas Competition 2.0,PASS,MATCHES_PYRAMID,1.0,1.1,ASI/D1/FUNDAMENTAL,1.1,WARNING,MATCHES_THEMES,EDrKL34,2.0,JPN Dataset Utilization Theme,M4ZYx3D,2.0,AMR Dataset Utilization Theme,9B3qxZ4,2.0,KOR Dataset Utilization Theme,PBVkEJD,2.0,TWN Dataset Utilization Theme,by88rqy,2.0,HKG Dataset Utilization Theme,V45896D,1.0,GLB/D1 TOPDIV3000 Power Pool Feb`26 Theme,,,,,,,,,,,,,,,,,,,,,,,,,,,,,,,,,,,,
wpwmNdVd,REGULAR,PS40111,EQUITY,ASI,MINVOL1M,1,0,INDUSTRY,0.08,ON,VERIFY,OFF,OFF,FASTEXPR,False,2014-01-01,2023-12-31,"divide(fnd23_toia, inventory)",,1,2026-02-02T05:33:39-05:00,,2026-02-02T05:33:39-05:00,,False,False,,,ace_tag,llm_test,confidence_0.5,DATA_USAGE:SINGLE_DATA_SET,Single Data Set Alpha,,IS,UNSUBMITTED,-3137324,20000000,657,1173,0.0439,-0.0303,0.4858,-0.001383,-0.33,-0.16,2014-01-01,-3265920.0,20000000.0,679.0,1157.0,0.0306,-0.0316,0.6972,-0.002062,-0.19,-0.37,-2549901.0,20000000.0,657.0,1173.0,0.0439,-0.0246,0.4698,-0.001124,-0.14,-0.31,LOW_SHARPE,FAIL,1.58,-0.33,LOW_FITNESS,FAIL,1.0,-0.16,LOW_ASI_JPN_SHARPE,FAIL,1,0.15,LOW_INVESTABILITY_CONSTRAINED_SHARPE,FAIL,-0.23,-0.37,LOW_TURNOVER,PASS,0.01,0.0439,HIGH_TURNOVER,PASS,0.7,0.0439,CONCENTRATED_WEIGHT,FAIL,2014-03-17,0.1,0.442777,LOW_SUB_UNIVERSE_SHARPE,PASS,-0.1,0.04,LOW_ROBUST_UNIVERSE_SHARPE.WITH_RATIO,FAIL,0.9,-0.3,-0.32,LOW_ROBUST_UNIVERSE_RETURNS,FAIL,0.9,-0.0273,-0.0293,SELF_CORRELATION,PENDING,DATA_DIVERSITY,PENDING,PROD_CORRELATION,PENDING,REGULAR_SUBMISSION,PENDING,LOW_2Y_SHARPE,FAIL,-0.48,1.58,MATCHES_COMPETITION,PENDING,AIACv2,AI Alphas Competition 2.0,PASS,MATCHES_PYRAMID,1.0,1.1,ASI/D1/FUNDAMENTAL,1.1,WARNING,MATCHES_THEMES,EDrKL34,2.0,JPN Dataset Utilization Theme,M4ZYx3D,2.0,AMR Dataset Utilization Theme,9B3qxZ4,2.0,KOR Dataset Utilization Theme,PBVkEJD,2.0,TWN Dataset Utilization Theme,by88rqy,2.0,HKG Dataset Utilization Theme,V45896D,1.0,GLB/D1 TOPDIV3000 Power Pool Feb`26 Theme,,,,,,,,,,,,,,,,,,,,,,,,,,,,,,,,,,,,
mL23KWr6,REGULAR,PS40111,EQUITY,ASI,MINVOL1M,1,0,INDUSTRY,0.08,ON,VERIFY,OFF,OFF,FASTEXPR,False,2014-01-01,2023-12-31,"zscore(divide(receivable, assets))",,2,2026-02-02T05:33:12-05:00,,2026-02-02T05:33:12-05:00,,False,False,,,ace_tag,llm_test,confidence_0.52,DATA_USAGE:SINGLE_DATA_SET,Single Data Set Alpha,,IS,UNSUBMITTED,106169,20000000,1323,1891,0.0159,0.001,0.1714,0.000129,0.03,0.0,2014-01-01,144093.0,20000000.0,1326.0,1891.0,0.0147,0.0014,0.2081,0.000189,0.0,0.04,-240247.0,20000000.0,1323.0,1891.0,0.0159,-0.0023,0.1045,-0.000292,-0.01,-0.09,LOW_SHARPE,FAIL,1.58,0.03,LOW_FITNESS,FAIL,1.0,0.0,LOW_ASI_JPN_SHARPE,FAIL,1,0.18,LOW_INVESTABILITY_CONSTRAINED_SHARPE,PASS,0.02,0.04,LOW_TURNOVER,PASS,0.01,0.0159,HIGH_TURNOVER,PASS,0.7,0.0159,CONCENTRATED_WEIGHT,FAIL,2021-07-14,0.1,0.499065,LOW_SUB_UNIVERSE_SHARPE,FAIL,0.01,-0.37,LOW_ROBUST_UNIVERSE_SHARPE.WITH_RATIO,PASS,0.9,0.03,0.08,LOW_ROBUST_UNIVERSE_RETURNS,PASS,0.9,0.0009,0.0029,SELF_CORRELATION,PENDING,DATA_DIVERSITY,PENDING,PROD_CORRELATION,PENDING,REGULAR_SUBMISSION,PENDING,LOW_2Y_SHARPE,FAIL,1.09,1.58,MATCHES_COMPETITION,PENDING,AIACv2,AI Alphas Competition 2.0,PASS,MATCHES_PYRAMID,1.0,1.1,ASI/D1/FUNDAMENTAL,1.1,WARNING,MATCHES_THEMES,EDrKL34,2.0,JPN Dataset Utilization Theme,M4ZYx3D,2.0,AMR Dataset Utilization Theme,9B3qxZ4,2.0,KOR Dataset Utilization Theme,PBVkEJD,2.0,TWN Dataset Utilization Theme,by88rqy,2.0,HKG Dataset Utilization Theme,V45896D,1.0,GLB/D1 TOPDIV3000 Power Pool Feb`26 Theme,,,,,,,,,,,,,,,,,,,,,,,,,,,,,,,,,,,,
E507mjwP,REGULAR,PS40111,EQUITY,ASI,MINVOL1M,1,0,INDUSTRY,0.08,ON,VERIFY,OFF,OFF,FASTEXPR,False,2014-01-01,2023-12-31,"reverse(ts_std_dev(fnd23_prgs, 20))",,2,2026-02-02T05:33:43-05:00,,2026-02-02T05:33:43-05:00,,False,False,,,ace_tag,llm_test,confidence_0.56,DATA_USAGE:SINGLE_DATA_SET,Single Data Set Alpha,,IS,UNSUBMITTED,-4360075,20000000,2082,120,0.1697,-0.0421,0.6025,-0.000496,-0.31,-0.15,2014-01-01,-4631824.0,20000000.0,2149.0,941.0,0.1361,-0.0448,0.7981,-0.000658,-0.21,-0.36,-592533.0,20000000.0,2082.0,120.0,0.1697,-0.0057,0.2494,-6.7e-05,-0.01,-0.05,LOW_SHARPE,FAIL,1.58,-0.31,LOW_FITNESS,FAIL,1.0,-0.15,LOW_ASI_JPN_SHARPE,FAIL,1,-0.9,LOW_INVESTABILITY_CONSTRAINED_SHARPE,FAIL,-0.22,-0.36,LOW_TURNOVER,PASS,0.01,0.1697,HIGH_TURNOVER,PASS,0.7,0.1697,CONCENTRATED_WEIGHT,FAIL,2023-10-10,0.1,0.448076,LOW_SUB_UNIVERSE_SHARPE,FAIL,-0.09,-0.78,LOW_ROBUST_UNIVERSE_SHARPE.WITH_RATIO,FAIL,0.9,-0.28,-0.43,LOW_ROBUST_UNIVERSE_RETURNS,FAIL,0.9,-0.0379,-0.0564,SELF_CORRELATION,PENDING,DATA_DIVERSITY,PENDING,PROD_CORRELATION,PENDING,REGULAR_SUBMISSION,PENDING,LOW_2Y_SHARPE,FAIL,-0.8,1.58,MATCHES_COMPETITION,PENDING,AIACv2,AI Alphas Competition 2.0,PASS,MATCHES_PYRAMID,1.0,1.1,ASI/D1/FUNDAMENTAL,1.1,WARNING,MATCHES_THEMES,EDrKL34,2.0,JPN Dataset Utilization Theme,M4ZYx3D,2.0,AMR Dataset Utilization Theme,9B3qxZ4,2.0,KOR Dataset Utilization Theme,PBVkEJD,2.0,TWN Dataset Utilization Theme,by88rqy,2.0,HKG Dataset Utilization Theme,V45896D,1.0,GLB/D1 TOPDIV3000 Power Pool Feb`26 Theme,,,,,,,,,,,,,,,,,,,,,,,,,,,,,,,,,,,,
3qYbGvx0,REGULAR,PS40111,EQUITY,ASI,MINVOL1M,1,0,INDUSTRY,0.08,ON,VERIFY,OFF,OFF,FASTEXPR,False,2014-01-01,2023-12-31,"divide(debt, ebitda)",,1,2026-02-02T05:33:10-05:00,,2026-02-02T05:33:11-05:00,,False,False,,,ace_tag,llm_test,confidence_0.6,DATA_USAGE:SINGLE_DATA_SET,Single Data Set Alpha,,IS,UNSUBMITTED,-1456760,20000000,1280,1833,0.0459,-0.0141,0.4298,-0.000613,-0.09,-0.03,2014-01-01,475229.0,20000000.0,1329.0,1788.0,0.0485,0.0046,0.3707,0.000189,0.01,0.03,-2549763.0,20000000.0,1280.0,1833.0,0.0459,-0.0246,0.3313,-0.001073,-0.08,-0.19,LOW_SHARPE,FAIL,1.58,-0.09,LOW_FITNESS,FAIL,1.0,-0.03,LOW_ASI_JPN_SHARPE,FAIL,1,-0.44,LOW_INVESTABILITY_CONSTRAINED_SHARPE,PASS,-0.06,0.03,LOW_TURNOVER,PASS,0.01,0.0459,HIGH_TURNOVER,PASS,0.7,0.0459,CONCENTRATED_WEIGHT,FAIL,2023-08-18,0.1,0.452662,LOW_SUB_UNIVERSE_SHARPE,PASS,-0.03,0.18,LOW_ROBUST_UNIVERSE_SHARPE.WITH_RATIO,FAIL,0.9,-0.08,-0.11,LOW_ROBUST_UNIVERSE_RETURNS,FAIL,0.9,-0.0127,-0.0162,SELF_CORRELATION,PENDING,DATA_DIVERSITY,PENDING,PROD_CORRELATION,PENDING,REGULAR_SUBMISSION,PENDING,LOW_2Y_SHARPE,FAIL,-0.39,1.58,MATCHES_COMPETITION,PENDING,AIACv2,AI Alphas Competition 2.0,PASS,MATCHES_PYRAMID,1.0,1.1,ASI/D1/FUNDAMENTAL,1.1,WARNING,MATCHES_THEMES,EDrKL34,2.0,JPN Dataset Utilization Theme,M4ZYx3D,2.0,AMR Dataset Utilization Theme,9B3qxZ4,2.0,KOR Dataset Utilization Theme,PBVkEJD,2.0,TWN Dataset Utilization Theme,by88rqy,2.0,HKG Dataset Utilization Theme,V45896D,1.0,GLB/D1 TOPDIV3000 Power Pool Feb`26 Theme,,,,,,,,,,,,,,,,,,,,,,,,,,,,,,,,,,,,
WjwqY2dx,REGULAR,PS40111,EQUITY,ASI,MINVOL1M,1,0,INDUSTRY,0.08,ON,VERIFY,OFF,OFF,FASTEXPR,False,2014-01-01,2023-12-31,"reverse(ts_std_dev(cashflow_op, 20))",,2,2026-02-02T05:33:11-05:00,,2026-02-02T05:33:11-05:00,,False,False,,,ace_tag,llm_test,confidence_0.62,DATA_USAGE:SINGLE_DATA_SET,Single Data Set Alpha,,IS,UNSUBMITTED,-125812,20000000,2874,268,0.1765,-0.0012,0.3784,-1.4e-05,-0.01,-0.0,2014-01-01,-566065.0,20000000.0,2421.0,912.0,0.1405,-0.0055,0.3953,-7.8e-05,-0.01,-0.05,-1766664.0,20000000.0,2874.0,268.0,0.1765,-0.0171,0.4413,-0.000193,-0.07,-0.22,LOW_SHARPE,FAIL,1.58,-0.01,LOW_FITNESS,FAIL,1.0,-0.0,LOW_ASI_JPN_SHARPE,FAIL,1,0.17,LOW_INVESTABILITY_CONSTRAINED_SHARPE,FAIL,-0.01,-0.05,LOW_TURNOVER,PASS,0.01,0.1765,HIGH_TURNOVER,PASS,0.7,0.1765,CONCENTRATED_WEIGHT,FAIL,2018-01-26,0.1,0.388357,LOW_SUB_UNIVERSE_SHARPE,PASS,-0.0,0.05,LOW_ROBUST_UNIVERSE_SHARPE.WITH_RATIO,PASS,0.9,-0.01,0.04,LOW_ROBUST_UNIVERSE_RETURNS,PASS,0.9,-0.0011,0.0052,SELF_CORRELATION,PENDING,DATA_DIVERSITY,PENDING,PROD_CORRELATION,PENDING,REGULAR_SUBMISSION,PENDING,LOW_2Y_SHARPE,FAIL,0.13,1.58,MATCHES_COMPETITION,PENDING,AIACv2,AI Alphas Competition 2.0,PASS,MATCHES_PYRAMID,1.0,1.1,ASI/D1/FUNDAMENTAL,1.1,WARNING,MATCHES_THEMES,EDrKL34,2.0,JPN Dataset Utilization Theme,M4ZYx3D,2.0,AMR Dataset Utilization Theme,9B3qxZ4,2.0,KOR Dataset Utilization Theme,PBVkEJD,2.0,TWN Dataset Utilization Theme,by88rqy,2.0,HKG Dataset Utilization Theme,V45896D,1.0,GLB/D1 TOPDIV3000 Power Pool Feb`26 Theme,,,,,,,,,,,,,,,,,,,,,,,,,,,,,,,,,,,,
rK63Opem,REGULAR,PS40111,EQUITY,ASI,MINVOL1M,1,0,INDUSTRY,0.08,ON,VERIFY,OFF,OFF,FASTEXPR,False,2014-01-01,2023-12-31,"divide(operating_income, fnd23_ltem)",Operating_income divided by number of full-time employees (fnd23_ltem) measures labor productivity. SUG1 applied; both fields have high coverage (SUG4). Confidence 0.7.,1,2026-02-02T04:33:46-05:00,,2026-02-02T04:33:50-05:00,,False,False,,,ace_tag,llm_test,confidence_0.58,DATA_USAGE:SINGLE_DATA_SET,Single Data Set Alpha,,IS,UNSUBMITTED,2944281,20000000,558,2094,0.0214,0.0285,0.33,0.002663,0.22,0.11,2014-01-01,2675495.0,20000000.0,625.0,2032.0,0.0228,0.0259,0.3876,0.002269,0.09,0.2,115982.0,20000000.0,558.0,2094.0,0.0214,0.0011,0.2222,0.000105,0.0,0.01,LOW_SHARPE,FAIL,1.58,0.22,LOW_FITNESS,FAIL,1.0,0.11,LOW_ASI_JPN_SHARPE,FAIL,1,-0.04,LOW_INVESTABILITY_CONSTRAINED_SHARPE,PASS,0.15,0.2,LOW_TURNOVER,PASS,0.01,0.0214,HIGH_TURNOVER,PASS,0.7,0.0214,CONCENTRATED_WEIGHT,FAIL,2023-03-15,0.1,0.112758,LOW_SUB_UNIVERSE_SHARPE,PASS,0.06,0.12,LOW_ROBUST_UNIVERSE_SHARPE.WITH_RATIO,FAIL,0.9,0.2,-0.18,LOW_ROBUST_UNIVERSE_RETURNS,FAIL,0.9,0.0257,-0.0243,SELF_CORRELATION,PENDING,DATA_DIVERSITY,PENDING,PROD_CORRELATION,PENDING,REGULAR_SUBMISSION,PENDING,LOW_2Y_SHARPE,FAIL,-0.08,1.58,MATCHES_COMPETITION,PENDING,AIACv2,AI Alphas Competition 2.0,PASS,MATCHES_PYRAMID,1.0,1.1,ASI/D1/FUNDAMENTAL,1.1,WARNING,MATCHES_THEMES,EDrKL34,2.0,JPN Dataset Utilization Theme,M4ZYx3D,2.0,AMR Dataset Utilization Theme,9B3qxZ4,2.0,KOR Dataset Utilization Theme,PBVkEJD,2.0,TWN Dataset Utilization Theme,by88rqy,2.0,HKG Dataset Utilization Theme,V45896D,1.0,GLB/D1 TOPDIV3000 Power Pool Feb`26 Theme,,,,,,,,,,,,,,,,,,,,,,,,,,,,,,,,,,,,
rK639Jlo,REGULAR,PS40111,EQUITY,ASI,MINVOL1M,1,0,INDUSTRY,0.08,ON,VERIFY,OFF,OFF,FASTEXPR,False,2014-01-01,2023-12-31,"reverse(ts_zscore(fnd23_rtes, 8))",,2,2026-02-02T05:38:19-05:00,,2026-02-02T05:38:19-05:00,,False,False,,,ace_tag,llm_test,confidence_0.45,DATA_USAGE:SINGLE_DATA_SET,Single Data Set Alpha,,IS,UNSUBMITTED,6026313,20000000,33,32,0.6281,0.0585,0.818,0.000186,0.21,0.06,2014-01-01,1216873.0,20000000.0,82.0,75.0,0.1828,0.0118,0.8084,0.000129,0.01,0.05,5138976.0,20000000.0,33.0,32.0,0.6281,0.0499,0.6998,0.000159,0.05,0.19,LOW_SHARPE,FAIL,1.58,0.21,LOW_FITNESS,FAIL,1.0,0.06,LOW_ASI_JPN_SHARPE,FAIL,1,0.31,LOW_INVESTABILITY_CONSTRAINED_SHARPE,FAIL,0.15,0.05,LOW_TURNOVER,PASS,0.01,0.6281,HIGH_TURNOVER,PASS,0.7,0.6281,CONCENTRATED_WEIGHT,FAIL,2020-12-09,0.1,0.5,LOW_SUB_UNIVERSE_SHARPE,PASS,0.06,0.08,LOW_ROBUST_UNIVERSE_SHARPE.WITH_RATIO,FAIL,0.9,0.19,0.06,LOW_ROBUST_UNIVERSE_RETURNS,FAIL,0.9,0.0527,0.0165,SELF_CORRELATION,PENDING,DATA_DIVERSITY,PENDING,PROD_CORRELATION,PENDING,REGULAR_SUBMISSION,PENDING,LOW_2Y_SHARPE,FAIL,1.01,1.58,MATCHES_COMPETITION,PENDING,AIACv2,AI Alphas Competition 2.0,PASS,MATCHES_PYRAMID,1.0,1.1,ASI/D1/FUNDAMENTAL,1.1,WARNING,MATCHES_THEMES,EDrKL34,2.0,JPN Dataset Utilization Theme,M4ZYx3D,2.0,AMR Dataset Utilization Theme,9B3qxZ4,2.0,KOR Dataset Utilization Theme,PBVkEJD,2.0,TWN Dataset Utilization Theme,by88rqy,2.0,HKG Dataset Utilization Theme,V45896D,1.0,GLB/D1 TOPDIV3000 Power Pool Feb`26 Theme,,,,,,,,,,,,,,,,,,,,,,,,,,,,,,,,,,,,
6XP8ZqZY,REGULAR,PS40111,EQUITY,ASI,MINVOL1M,1,0,INDUSTRY,0.08,ON,VERIFY,OFF,OFF,FASTEXPR,False,2014-01-01,2023-12-31,"ts_delta(assets, 4)",,1,2026-02-02T05:37:56-05:00,,2026-02-02T05:37:56-05:00,,False,False,,,ace_tag,llm_test,confidence_0.55,DATA_USAGE:SINGLE_DATA_SET,Single Data Set Alpha,,IS,UNSUBMITTED,3366945,20000000,697,1598,0.7241,0.0325,0.2225,9e-05,0.24,0.05,2014-01-01,4322598.0,20000000.0,1563.0,1775.0,0.3286,0.0418,0.2795,0.000254,0.12,0.35,3656605.0,20000000.0,697.0,1598.0,0.7241,0.0353,0.2389,9.8e-05,0.07,0.31,LOW_SHARPE,FAIL,1.58,0.24,LOW_FITNESS,FAIL,1.0,0.05,LOW_ASI_JPN_SHARPE,FAIL,1,-0.02,LOW_INVESTABILITY_CONSTRAINED_SHARPE,PASS,0.17,0.35,LOW_TURNOVER,PASS,0.01,0.7241,HIGH_TURNOVER,FAIL,0.7,0.7241,CONCENTRATED_WEIGHT,FAIL,2019-01-04,0.1,0.500004,LOW_SUB_UNIVERSE_SHARPE,PASS,0.07,0.22,LOW_ROBUST_UNIVERSE_SHARPE.WITH_RATIO,FAIL,0.9,0.22,0.21,LOW_ROBUST_UNIVERSE_RETURNS,FAIL,0.9,0.0293,0.0281,SELF_CORRELATION,PENDING,DATA_DIVERSITY,PENDING,PROD_CORRELATION,PENDING,REGULAR_SUBMISSION,PENDING,LOW_2Y_SHARPE,FAIL,-0.02,1.58,MATCHES_COMPETITION,PENDING,AIACv2,AI Alphas Competition 2.0,PASS,MATCHES_PYRAMID,1.0,1.1,ASI/D1/FUNDAMENTAL,1.1,WARNING,MATCHES_THEMES,EDrKL34,2.0,JPN Dataset Utilization Theme,M4ZYx3D,2.0,AMR Dataset Utilization Theme,9B3qxZ4,2.0,KOR Dataset Utilization Theme,PBVkEJD,2.0,TWN Dataset Utilization Theme,by88rqy,2.0,HKG Dataset Utilization Theme,V45896D,1.0,GLB/D1 TOPDIV3000 Power Pool Feb`26 Theme,,,,,,,,,,,,,,,,,,,,,,,,,,,,,,,,,,,,
vRnqZgjw,REGULAR,PS40111,EQUITY,ASI,MINVOL1M,1,0,INDUSTRY,0.08,ON,VERIFY,OFF,OFF,FASTEXPR,False,2014-01-01,2023-12-31,"reverse(ts_zscore(divide(subtract(income, cashflow_op), income), 8))",,4,2026-02-02T05:36:08-05:00,,2026-02-02T05:36:09-05:00,,False,False,,,ace_tag,llm_test,confidence_0.61,DATA_USAGE:SINGLE_DATA_SET,Single Data Set Alpha,,IS,UNSUBMITTED,9752560,20000000,189,177,0.6977,0.0942,0.1239,0.00027,1.08,0.4,2014-01-01,4234172.0,20000000.0,316.0,304.0,0.2455,0.0409,0.2668,0.000333,0.14,0.34,8714707.0,20000000.0,189.0,177.0,0.6977,0.0842,0.1174,0.000241,0.36,1.03,LOW_SHARPE,FAIL,1.58,1.08,LOW_FITNESS,FAIL,1.0,0.4,LOW_ASI_JPN_SHARPE,FAIL,1,-0.07,LOW_INVESTABILITY_CONSTRAINED_SHARPE,FAIL,0.76,0.34,LOW_TURNOVER,PASS,0.01,0.6977,HIGH_TURNOVER,PASS,0.7,0.6977,CONCENTRATED_WEIGHT,FAIL,2021-01-06,0.1,0.412742,LOW_SUB_UNIVERSE_SHARPE,FAIL,0.32,-0.21,LOW_ROBUST_UNIVERSE_SHARPE.WITH_RATIO,PASS,0.9,0.97,1.04,LOW_ROBUST_UNIVERSE_RETURNS,PASS,0.9,0.0848,0.0955,SELF_CORRELATION,PENDING,DATA_DIVERSITY,PENDING,PROD_CORRELATION,PENDING,REGULAR_SUBMISSION,PENDING,LOW_2Y_SHARPE,FAIL,1.16,1.58,MATCHES_COMPETITION,PENDING,AIACv2,AI Alphas Competition 2.0,PASS,MATCHES_PYRAMID,1.0,1.1,ASI/D1/FUNDAMENTAL,1.1,WARNING,MATCHES_THEMES,EDrKL34,2.0,JPN Dataset Utilization Theme,M4ZYx3D,2.0,AMR Dataset Utilization Theme,9B3qxZ4,2.0,KOR Dataset Utilization Theme,PBVkEJD,2.0,TWN Dataset Utilization Theme,by88rqy,2.0,HKG Dataset Utilization Theme,V45896D,1.0,GLB/D1 TOPDIV3000 Power Pool Feb`26 Theme,,,,,,,,,,,,,,,,,,,,,,,,,,,,,,,,,,,,
npkJmME8,REGULAR,PS40111,EQUITY,ASI,MINVOL1M,1,0,INDUSTRY,0.08,ON,VERIFY,OFF,OFF,FASTEXPR,False,2014-01-01,2023-12-31,zscore(inventory_turnover),,1,2026-02-02T05:36:01-05:00,,2026-02-02T05:36:01-05:00,,False,False,,,ace_tag,llm_test,confidence_0.59,DATA_USAGE:SINGLE_DATA_SET,Single Data Set Alpha,,IS,UNSUBMITTED,-1837265,20000000,623,2203,0.019,-0.0178,0.5751,-0.001866,-0.13,-0.05,2014-01-01,-1700265.0,20000000.0,970.0,1859.0,0.0184,-0.0164,0.5801,-0.001786,-0.05,-0.13,494921.0,20000000.0,623.0,2203.0,0.019,0.0048,0.4079,0.000503,0.01,0.04,LOW_SHARPE,FAIL,1.58,-0.13,LOW_FITNESS,FAIL,1.0,-0.05,LOW_ASI_JPN_SHARPE,FAIL,1,-0.28,LOW_INVESTABILITY_CONSTRAINED_SHARPE,FAIL,-0.09,-0.13,LOW_TURNOVER,PASS,0.01,0.019,HIGH_TURNOVER,PASS,0.7,0.019,CONCENTRATED_WEIGHT,FAIL,2014-09-16,0.1,0.468387,LOW_SUB_UNIVERSE_SHARPE,PASS,-0.04,-0.03,LOW_ROBUST_UNIVERSE_SHARPE.WITH_RATIO,FAIL,0.9,-0.12,-0.33,LOW_ROBUST_UNIVERSE_RETURNS,FAIL,0.9,-0.016,-0.0419,SELF_CORRELATION,PENDING,DATA_DIVERSITY,PENDING,PROD_CORRELATION,PENDING,REGULAR_SUBMISSION,PENDING,LOW_2Y_SHARPE,FAIL,-1.06,1.58,MATCHES_COMPETITION,PENDING,AIACv2,AI Alphas Competition 2.0,PASS,MATCHES_PYRAMID,1.0,1.1,ASI/D1/FUNDAMENTAL,1.1,WARNING,MATCHES_THEMES,EDrKL34,2.0,JPN Dataset Utilization Theme,M4ZYx3D,2.0,AMR Dataset Utilization Theme,9B3qxZ4,2.0,KOR Dataset Utilization Theme,PBVkEJD,2.0,TWN Dataset Utilization Theme,by88rqy,2.0,HKG Dataset Utilization Theme,V45896D,1.0,GLB/D1 TOPDIV3000 Power Pool Feb`26 Theme,,,,,,,,,,,,,,,,,,,,,,,,,,,,,,,,,,,,
O0wYRa7v,REGULAR,PS40111,EQUITY,ASI,MINVOL1M,1,0,INDUSTRY,0.08,ON,VERIFY,OFF,OFF,FASTEXPR,False,2014-01-01,2023-12-31,"divide(fnd23_ists, fnd23_sabs)",,1,2026-02-02T05:36:08-05:00,,2026-02-02T05:36:09-05:00,,False,False,,,ace_tag,llm_test,confidence_0.6,DATA_USAGE:SINGLE_DATA_SET,Single Data Set Alpha,,IS,UNSUBMITTED,886405,20000000,904,2299,0.0129,0.0086,0.3264,0.001327,0.09,0.02,2014-01-01,1298043.0,20000000.0,923.0,2282.0,0.0141,0.0125,0.379,0.001776,0.04,0.14,-1065889.0,20000000.0,904.0,2299.0,0.0129,-0.0103,0.3241,-0.001596,-0.04,-0.15,LOW_SHARPE,FAIL,1.58,0.09,LOW_FITNESS,FAIL,1.0,0.02,LOW_ASI_JPN_SHARPE,FAIL,1,-0.04,LOW_INVESTABILITY_CONSTRAINED_SHARPE,PASS,0.06,0.14,LOW_TURNOVER,PASS,0.01,0.0129,HIGH_TURNOVER,PASS,0.7,0.0129,CONCENTRATED_WEIGHT,PASS,,,,LOW_SUB_UNIVERSE_SHARPE,PASS,0.03,0.29,LOW_ROBUST_UNIVERSE_SHARPE.WITH_RATIO,FAIL,0.9,0.08,-0.14,LOW_ROBUST_UNIVERSE_RETURNS,FAIL,0.9,0.0077,-0.0129,SELF_CORRELATION,PENDING,DATA_DIVERSITY,PENDING,PROD_CORRELATION,PENDING,REGULAR_SUBMISSION,PENDING,LOW_2Y_SHARPE,FAIL,1.0,1.58,MATCHES_COMPETITION,PENDING,AIACv2,AI Alphas Competition 2.0,PASS,MATCHES_PYRAMID,1.0,1.1,ASI/D1/FUNDAMENTAL,1.1,WARNING,MATCHES_THEMES,EDrKL34,2.0,JPN Dataset Utilization Theme,M4ZYx3D,2.0,AMR Dataset Utilization Theme,9B3qxZ4,2.0,KOR Dataset Utilization Theme,PBVkEJD,2.0,TWN Dataset Utilization Theme,by88rqy,2.0,HKG Dataset Utilization Theme,V45896D,1.0,GLB/D1 TOPDIV3000 Power Pool Feb`26 Theme,,,,,,,,,,,,,,,,,,,,,,,,,,,,,,,,,,,,
Vkw9ZJGV,REGULAR,PS40111,EQUITY,ASI,MINVOL1M,1,0,INDUSTRY,0.08,ON,VERIFY,OFF,OFF,FASTEXPR,False,2014-01-01,2023-12-31,"ts_delta(divide(capex, ppent_net), 8)",,2,2026-02-02T05:36:08-05:00,,2026-02-02T05:36:08-05:00,,False,False,,,ace_tag,llm_test,confidence_0.53,DATA_USAGE:SINGLE_DATA_SET,Single Data Set Alpha,,IS,UNSUBMITTED,-2542415,20000000,1523,1297,0.4235,-0.0246,0.4766,-0.000116,-0.15,-0.04,2014-01-01,-1091360.0,20000000.0,1720.0,1552.0,0.22,-0.0105,0.6386,-9.6e-05,-0.02,-0.07,-100219.0,20000000.0,1523.0,1297.0,0.4235,-0.001,0.4567,-5e-06,-0.0,-0.01,LOW_SHARPE,FAIL,1.58,-0.15,LOW_FITNESS,FAIL,1.0,-0.04,LOW_ASI_JPN_SHARPE,FAIL,1,-0.36,LOW_INVESTABILITY_CONSTRAINED_SHARPE,PASS,-0.1,-0.07,LOW_TURNOVER,PASS,0.01,0.4235,HIGH_TURNOVER,PASS,0.7,0.4235,CONCENTRATED_WEIGHT,FAIL,2022-01-27,0.1,0.500001,LOW_SUB_UNIVERSE_SHARPE,FAIL,-0.04,-0.2,LOW_ROBUST_UNIVERSE_SHARPE.WITH_RATIO,FAIL,0.9,-0.14,-0.2,LOW_ROBUST_UNIVERSE_RETURNS,FAIL,0.9,-0.0221,-0.0335,SELF_CORRELATION,PENDING,DATA_DIVERSITY,PENDING,PROD_CORRELATION,PENDING,REGULAR_SUBMISSION,PENDING,LOW_2Y_SHARPE,FAIL,-0.48,1.58,MATCHES_COMPETITION,PENDING,AIACv2,AI Alphas Competition 2.0,PASS,MATCHES_PYRAMID,1.0,1.1,ASI/D1/FUNDAMENTAL,1.1,WARNING,MATCHES_THEMES,EDrKL34,2.0,JPN Dataset Utilization Theme,M4ZYx3D,2.0,AMR Dataset Utilization Theme,9B3qxZ4,2.0,KOR Dataset Utilization Theme,PBVkEJD,2.0,TWN Dataset Utilization Theme,by88rqy,2.0,HKG Dataset Utilization Theme,V45896D,1.0,GLB/D1 TOPDIV3000 Power Pool Feb`26 Theme,,,,,,,,,,,,,,,,,,,,,,,,,,,,,,,,,,,,
gJqAXPdQ,REGULAR,PS40111,EQUITY,ASI,MINVOL1M,1,0,INDUSTRY,0.08,ON,VERIFY,OFF,OFF,FASTEXPR,False,2014-01-01,2023-12-31,"divide(cashflow_op, sales)",,1,2026-02-02T05:37:57-05:00,,2026-02-02T05:37:57-05:00,,False,False,,,ace_tag,llm_test,confidence_0.64,DATA_USAGE:SINGLE_DATA_SET,Single Data Set Alpha,,IS,UNSUBMITTED,3444333,20000000,1429,1656,0.0601,0.0333,0.5148,0.001108,0.13,0.07,2014-01-01,-763858.0,20000000.0,1388.0,1701.0,0.0584,-0.0074,1.438,-0.000253,-0.01,-0.03,-1385311.0,20000000.0,1429.0,1656.0,0.0601,-0.0134,0.5247,-0.000446,-0.02,-0.06,LOW_SHARPE,FAIL,1.58,0.13,LOW_FITNESS,FAIL,1.0,0.07,LOW_ASI_JPN_SHARPE,FAIL,1,-0.08,LOW_INVESTABILITY_CONSTRAINED_SHARPE,FAIL,0.09,-0.03,LOW_TURNOVER,PASS,0.01,0.0601,HIGH_TURNOVER,PASS,0.7,0.0601,CONCENTRATED_WEIGHT,FAIL,2014-08-18,0.1,0.499978,LOW_SUB_UNIVERSE_SHARPE,FAIL,0.04,-0.08,LOW_ROBUST_UNIVERSE_SHARPE.WITH_RATIO,PASS,0.9,0.12,0.16,LOW_ROBUST_UNIVERSE_RETURNS,PASS,0.9,0.03,0.0377,SELF_CORRELATION,PENDING,DATA_DIVERSITY,PENDING,PROD_CORRELATION,PENDING,REGULAR_SUBMISSION,PENDING,LOW_2Y_SHARPE,FAIL,-0.24,1.58,MATCHES_COMPETITION,PENDING,AIACv2,AI Alphas Competition 2.0,PASS,MATCHES_PYRAMID,1.0,1.1,ASI/D1/FUNDAMENTAL,1.1,WARNING,MATCHES_THEMES,EDrKL34,2.0,JPN Dataset Utilization Theme,M4ZYx3D,2.0,AMR Dataset Utilization Theme,9B3qxZ4,2.0,KOR Dataset Utilization Theme,PBVkEJD,2.0,TWN Dataset Utilization Theme,by88rqy,2.0,HKG Dataset Utilization Theme,V45896D,1.0,GLB/D1 TOPDIV3000 Power Pool Feb`26 Theme,,,,,,,,,,,,,,,,,,,,,,,,,,,,,,,,,,,,
A1JWeP2Y,REGULAR,PS40111,EQUITY,ASI,MINVOL1M,1,0,INDUSTRY,0.08,ON,VERIFY,OFF,OFF,FASTEXPR,False,2014-01-01,2023-12-31,"ts_delta(divide(rad, revenue), 8)",,2,2026-02-02T05:39:37-05:00,,2026-02-02T05:39:38-05:00,,False,False,,,ace_tag,llm_test,confidence_0.49,DATA_USAGE:SINGLE_DATA_SET,Single Data Set Alpha,,IS,UNSUBMITTED,10658624,20000000,1313,1268,0.4717,0.103,0.4204,0.000437,0.58,0.27,2014-01-01,454595.0,20000000.0,1430.0,1415.0,0.2402,0.0044,0.7181,3.7e-05,0.0,0.03,8988374.0,20000000.0,1313.0,1268.0,0.4717,0.0869,0.4177,0.000368,0.23,0.54,LOW_SHARPE,FAIL,1.58,0.58,LOW_FITNESS,FAIL,1.0,0.27,LOW_ASI_JPN_SHARPE,FAIL,1,-0.02,LOW_INVESTABILITY_CONSTRAINED_SHARPE,FAIL,0.41,0.03,LOW_TURNOVER,PASS,0.01,0.4717,HIGH_TURNOVER,PASS,0.7,0.4717,CONCENTRATED_WEIGHT,FAIL,2017-03-10,0.1,0.49983,LOW_SUB_UNIVERSE_SHARPE,FAIL,0.17,-0.2,LOW_ROBUST_UNIVERSE_SHARPE.WITH_RATIO,FAIL,0.9,0.52,0.35,LOW_ROBUST_UNIVERSE_RETURNS,FAIL,0.9,0.0927,0.063,SELF_CORRELATION,PENDING,DATA_DIVERSITY,PENDING,PROD_CORRELATION,PENDING,REGULAR_SUBMISSION,PENDING,LOW_2Y_SHARPE,FAIL,0.52,1.58,MATCHES_COMPETITION,PENDING,AIACv2,AI Alphas Competition 2.0,PASS,MATCHES_PYRAMID,1.0,1.1,ASI/D1/FUNDAMENTAL,1.1,WARNING,MATCHES_THEMES,EDrKL34,2.0,JPN Dataset Utilization Theme,M4ZYx3D,2.0,AMR Dataset Utilization Theme,9B3qxZ4,2.0,KOR Dataset Utilization Theme,PBVkEJD,2.0,TWN Dataset Utilization Theme,by88rqy,2.0,HKG Dataset Utilization Theme,V45896D,1.0,GLB/D1 TOPDIV3000 Power Pool Feb`26 Theme,,,,,,,,,,,,,,,,,,,,,,,,,,,,,,,,,,,,
587brzl1,REGULAR,PS40111,EQUITY,ASI,MINVOL1M,1,0,INDUSTRY,0.08,ON,VERIFY,OFF,OFF,FASTEXPR,False,2014-01-01,2023-12-31,"reverse(ts_delta(ts_backfill(interest_expense, 8), 8))",,3,2026-02-02T05:40:45-05:00,,2026-02-02T05:40:46-05:00,,False,False,,,ace_tag,llm_test,confidence_0.52,DATA_USAGE:SINGLE_DATA_SET,Single Data Set Alpha,,IS,UNSUBMITTED,5027702,20000000,115,101,0.4176,0.0487,0.4856,0.000233,0.23,0.08,2014-01-01,3298819.0,20000000.0,725.0,609.0,0.1873,0.0319,0.7751,0.00034,0.07,0.18,-351961.0,20000000.0,115.0,101.0,0.4176,-0.0034,0.644,-1.6e-05,-0.0,-0.02,LOW_SHARPE,FAIL,1.58,0.23,LOW_FITNESS,FAIL,1.0,0.08,LOW_ASI_JPN_SHARPE,FAIL,1,0.45,LOW_INVESTABILITY_CONSTRAINED_SHARPE,PASS,0.16,0.18,LOW_TURNOVER,PASS,0.01,0.4176,HIGH_TURNOVER,PASS,0.7,0.4176,CONCENTRATED_WEIGHT,FAIL,2016-02-10,0.1,0.500002,LOW_SUB_UNIVERSE_SHARPE,PASS,0.07,0.4,LOW_ROBUST_UNIVERSE_SHARPE.WITH_RATIO,FAIL,0.9,0.21,0.11,LOW_ROBUST_UNIVERSE_RETURNS,FAIL,0.9,0.0438,0.0214,SELF_CORRELATION,PENDING,DATA_DIVERSITY,PENDING,PROD_CORRELATION,PENDING,REGULAR_SUBMISSION,PENDING,LOW_2Y_SHARPE,FAIL,-0.37,1.58,MATCHES_COMPETITION,PENDING,AIACv2,AI Alphas Competition 2.0,PASS,MATCHES_PYRAMID,1.0,1.1,ASI/D1/FUNDAMENTAL,1.1,WARNING,MATCHES_THEMES,EDrKL34,2.0,JPN Dataset Utilization Theme,M4ZYx3D,2.0,AMR Dataset Utilization Theme,9B3qxZ4,2.0,KOR Dataset Utilization Theme,PBVkEJD,2.0,TWN Dataset Utilization Theme,by88rqy,2.0,HKG Dataset Utilization Theme,V45896D,1.0,GLB/D1 TOPDIV3000 Power Pool Feb`26 Theme,,,,,,,,,,,,,,,,,,,,,,,,,,,,,,,,,,,,
E507NlaK,REGULAR,PS40111,EQUITY,ASI,MINVOL1M,1,0,INDUSTRY,0.08,ON,VERIFY,OFF,OFF,FASTEXPR,False,2014-01-01,2023-12-31,"zscore(divide(ebitda, ts_backfill(interest_expense, 8)))",,3,2026-02-02T05:40:13-05:00,,2026-02-02T05:40:13-05:00,,False,False,,,ace_tag,llm_test,confidence_0.56,DATA_USAGE:SINGLE_DATA_SET,Single Data Set Alpha,,IS,UNSUBMITTED,10561034,20000000,29,62,0.0113,0.1021,0.3551,0.018038,0.43,0.39,2014-01-01,6223964.0,20000000.0,37.0,69.0,0.017,0.0601,0.496,0.007091,0.18,0.26,9909179.0,20000000.0,29.0,62.0,0.0113,0.0958,0.4244,0.016925,0.4,0.46,LOW_SHARPE,FAIL,1.58,0.43,LOW_FITNESS,FAIL,1.0,0.39,LOW_ASI_JPN_SHARPE,FAIL,1,-0.13,LOW_INVESTABILITY_CONSTRAINED_SHARPE,FAIL,0.3,0.26,LOW_TURNOVER,PASS,0.01,0.0113,HIGH_TURNOVER,PASS,0.7,0.0113,CONCENTRATED_WEIGHT,FAIL,2017-07-25,0.1,0.497368,LOW_SUB_UNIVERSE_SHARPE,PASS,0.13,0.17,LOW_ROBUST_UNIVERSE_SHARPE.WITH_RATIO,FAIL,0.9,0.39,0.37,LOW_ROBUST_UNIVERSE_RETURNS,FAIL,0.9,0.0919,0.0883,SELF_CORRELATION,PENDING,DATA_DIVERSITY,PENDING,PROD_CORRELATION,PENDING,REGULAR_SUBMISSION,PENDING,LOW_2Y_SHARPE,FAIL,0.7,1.58,MATCHES_COMPETITION,PENDING,AIACv2,AI Alphas Competition 2.0,PASS,MATCHES_PYRAMID,1.0,1.1,ASI/D1/FUNDAMENTAL,1.1,WARNING,MATCHES_THEMES,EDrKL34,2.0,JPN Dataset Utilization Theme,M4ZYx3D,2.0,AMR Dataset Utilization Theme,9B3qxZ4,2.0,KOR Dataset Utilization Theme,PBVkEJD,2.0,TWN Dataset Utilization Theme,by88rqy,2.0,HKG Dataset Utilization Theme,V45896D,1.0,GLB/D1 TOPDIV3000 Power Pool Feb`26 Theme,,,,,,,,,,,,,,,,,,,,,,,,,,,,,,,,,,,,
Gr0aXdGQ,REGULAR,PS40111,EQUITY,ASI,MINVOL1M,1,0,INDUSTRY,0.08,ON,VERIFY,OFF,OFF,FASTEXPR,False,2014-01-01,2023-12-31,"divide(ts_backfill(fnd23_nscf, 8), fnd23_sabs)",,2,2026-02-02T05:40:30-05:00,,2026-02-02T05:40:30-05:00,,False,False,,,ace_tag,llm_test,confidence_0.44,DATA_USAGE:SINGLE_DATA_SET,Single Data Set Alpha,,IS,UNSUBMITTED,-2290862,20000000,817,2263,0.01,-0.0221,0.2798,-0.00442,-0.27,-0.11,2014-01-01,-1875490.0,20000000.0,869.0,2214.0,0.0127,-0.0181,0.2584,-0.002852,-0.08,-0.22,-1497877.0,20000000.0,817.0,2263.0,0.01,-0.0145,0.2279,-0.00289,-0.1,-0.28,LOW_SHARPE,FAIL,1.58,-0.27,LOW_FITNESS,FAIL,1.0,-0.11,LOW_ASI_JPN_SHARPE,FAIL,1,0.01,LOW_INVESTABILITY_CONSTRAINED_SHARPE,FAIL,-0.19,-0.22,LOW_TURNOVER,PASS,0.01,0.01,HIGH_TURNOVER,PASS,0.7,0.01,CONCENTRATED_WEIGHT,PASS,,,,LOW_SUB_UNIVERSE_SHARPE,FAIL,-0.08,-0.36,LOW_ROBUST_UNIVERSE_SHARPE.WITH_RATIO,FAIL,0.9,-0.24,-0.29,LOW_ROBUST_UNIVERSE_RETURNS,FAIL,0.9,-0.0199,-0.0246,SELF_CORRELATION,PENDING,DATA_DIVERSITY,PENDING,PROD_CORRELATION,PENDING,REGULAR_SUBMISSION,PENDING,LOW_2Y_SHARPE,FAIL,-0.67,1.58,MATCHES_COMPETITION,PENDING,AIACv2,AI Alphas Competition 2.0,PASS,MATCHES_PYRAMID,1.0,1.1,ASI/D1/FUNDAMENTAL,1.1,WARNING,MATCHES_THEMES,EDrKL34,2.0,JPN Dataset Utilization Theme,M4ZYx3D,2.0,AMR Dataset Utilization Theme,9B3qxZ4,2.0,KOR Dataset Utilization Theme,PBVkEJD,2.0,TWN Dataset Utilization Theme,by88rqy,2.0,HKG Dataset Utilization Theme,V45896D,1.0,GLB/D1 TOPDIV3000 Power Pool Feb`26 Theme,,,,,,,,,,,,,,,,,,,,,,,,,,,,,,,,,,,,
kqk7vZm8,REGULAR,PS40111,EQUITY,ASI,MINVOL1M,1,0,INDUSTRY,0.08,ON,VERIFY,OFF,OFF,FASTEXPR,False,2014-01-01,2023-12-31,zscore(fnd23_pbts),,1,2026-02-02T05:39:45-05:00,,2026-02-02T05:39:45-05:00,,False,False,,,ace_tag,llm_test,confidence_0.72,DATA_USAGE:SINGLE_DATA_SET,Single Data Set Alpha,,IS,UNSUBMITTED,-2797874,20000000,630,2675,0.0085,-0.027,0.4216,-0.006374,-0.26,-0.12,2014-01-01,-2475127.0,20000000.0,652.0,2655.0,0.0089,-0.0239,0.3663,-0.005345,-0.1,-0.23,-4001760.0,20000000.0,630.0,2675.0,0.0085,-0.0387,0.426,-0.009116,-0.41,-0.73,LOW_SHARPE,FAIL,1.58,-0.26,LOW_FITNESS,FAIL,1.0,-0.12,LOW_ASI_JPN_SHARPE,FAIL,1,-0.05,LOW_INVESTABILITY_CONSTRAINED_SHARPE,FAIL,-0.18,-0.23,LOW_TURNOVER,FAIL,0.01,0.0085,HIGH_TURNOVER,PASS,0.7,0.0085,CONCENTRATED_WEIGHT,FAIL,2015-05-26,0.1,0.450542,LOW_SUB_UNIVERSE_SHARPE,FAIL,-0.08,-0.27,LOW_ROBUST_UNIVERSE_SHARPE.WITH_RATIO,FAIL,0.9,-0.23,-0.55,LOW_ROBUST_UNIVERSE_RETURNS,FAIL,0.9,-0.0243,-0.0575,SELF_CORRELATION,PENDING,DATA_DIVERSITY,PENDING,PROD_CORRELATION,PENDING,REGULAR_SUBMISSION,PENDING,LOW_2Y_SHARPE,FAIL,-0.31,1.58,MATCHES_COMPETITION,PENDING,AIACv2,AI Alphas Competition 2.0,PASS,MATCHES_PYRAMID,1.0,1.1,ASI/D1/FUNDAMENTAL,1.1,WARNING,MATCHES_THEMES,EDrKL34,2.0,JPN Dataset Utilization Theme,M4ZYx3D,2.0,AMR Dataset Utilization Theme,9B3qxZ4,2.0,KOR Dataset Utilization Theme,PBVkEJD,2.0,TWN Dataset Utilization Theme,by88rqy,2.0,HKG Dataset Utilization Theme,V45896D,1.0,GLB/D1 TOPDIV3000 Power Pool Feb`26 Theme,,,,,,,,,,,,,,,,,,,,,,,,,,,,,,,,,,,,
587brl8k,REGULAR,PS40111,EQUITY,ASI,MINVOL1M,1,0,INDUSTRY,0.08,ON,VERIFY,OFF,OFF,FASTEXPR,False,2014-01-01,2023-12-31,"ts_delta(divide(sales, fnd23_sabs), 4)",,2,2026-02-02T05:40:08-05:00,,2026-02-02T05:40:09-05:00,,False,False,,,ace_tag,llm_test,confidence_0.63,DATA_USAGE:SINGLE_DATA_SET,Single Data Set Alpha,,IS,UNSUBMITTED,-5782403,20000000,1156,1212,0.7935,-0.0559,0.9294,-0.000141,-0.37,-0.1,2014-01-01,-1732224.0,20000000.0,1430.0,1660.0,0.3151,-0.0167,0.6787,-0.000106,-0.03,-0.12,-5829174.0,20000000.0,1156.0,1212.0,0.7935,-0.0563,1.0077,-0.000142,-0.12,-0.44,LOW_SHARPE,FAIL,1.58,-0.37,LOW_FITNESS,FAIL,1.0,-0.1,LOW_ASI_JPN_SHARPE,FAIL,1,0.36,LOW_INVESTABILITY_CONSTRAINED_SHARPE,PASS,-0.26,-0.12,LOW_TURNOVER,PASS,0.01,0.7935,HIGH_TURNOVER,FAIL,0.7,0.7935,CONCENTRATED_WEIGHT,FAIL,2019-01-04,0.1,0.500001,LOW_SUB_UNIVERSE_SHARPE,PASS,-0.11,-0.01,LOW_ROBUST_UNIVERSE_SHARPE.WITH_RATIO,PASS,0.9,-0.33,-0.11,LOW_ROBUST_UNIVERSE_RETURNS,PASS,0.9,-0.0503,-0.0164,SELF_CORRELATION,PENDING,DATA_DIVERSITY,PENDING,PROD_CORRELATION,PENDING,REGULAR_SUBMISSION,PENDING,LOW_2Y_SHARPE,FAIL,0.65,1.58,MATCHES_COMPETITION,PENDING,AIACv2,AI Alphas Competition 2.0,PASS,MATCHES_PYRAMID,1.0,1.1,ASI/D1/FUNDAMENTAL,1.1,WARNING,MATCHES_THEMES,EDrKL34,2.0,JPN Dataset Utilization Theme,M4ZYx3D,2.0,AMR Dataset Utilization Theme,9B3qxZ4,2.0,KOR Dataset Utilization Theme,PBVkEJD,2.0,TWN Dataset Utilization Theme,by88rqy,2.0,HKG Dataset Utilization Theme,V45896D,1.0,GLB/D1 TOPDIV3000 Power Pool Feb`26 Theme,,,,,,,,,,,,,,,,,,,,,,,,,,,,,,,,,,,,
O0wYR7Gd,REGULAR,PS40111,EQUITY,ASI,MINVOL1M,1,0,INDUSTRY,0.08,ON,VERIFY,OFF,OFF,FASTEXPR,False,2014-01-01,2023-12-31,"reverse(ts_delta(goodwill, 4))",,2,2026-02-02T05:40:16-05:00,,2026-02-02T05:40:17-05:00,,False,False,,,ace_tag,llm_test,confidence_0.46,DATA_USAGE:SINGLE_DATA_SET,Single Data Set Alpha,,IS,UNSUBMITTED,-8658891,20000000,506,603,0.7576,-0.0837,1.0631,-0.000221,-0.51,-0.17,2014-01-01,-1818366.0,20000000.0,1018.0,1151.0,0.3008,-0.0176,0.4951,-0.000117,-0.03,-0.13,-4250861.0,20000000.0,506.0,603.0,0.7576,-0.0411,0.7987,-0.000108,-0.07,-0.28,LOW_SHARPE,FAIL,1.58,-0.51,LOW_FITNESS,FAIL,1.0,-0.17,LOW_ASI_JPN_SHARPE,FAIL,1,-0.14,LOW_INVESTABILITY_CONSTRAINED_SHARPE,PASS,-0.36,-0.13,LOW_TURNOVER,PASS,0.01,0.7576,HIGH_TURNOVER,FAIL,0.7,0.7576,CONCENTRATED_WEIGHT,FAIL,2022-12-09,0.1,0.500003,LOW_SUB_UNIVERSE_SHARPE,FAIL,-0.15,-0.56,LOW_ROBUST_UNIVERSE_SHARPE.WITH_RATIO,PASS,0.9,-0.46,-0.4,LOW_ROBUST_UNIVERSE_RETURNS,PASS,0.9,-0.0753,-0.0628,SELF_CORRELATION,PENDING,DATA_DIVERSITY,PENDING,PROD_CORRELATION,PENDING,REGULAR_SUBMISSION,PENDING,LOW_2Y_SHARPE,FAIL,-0.24,1.58,MATCHES_COMPETITION,PENDING,AIACv2,AI Alphas Competition 2.0,PASS,MATCHES_PYRAMID,1.0,1.1,ASI/D1/FUNDAMENTAL,1.1,WARNING,MATCHES_THEMES,EDrKL34,2.0,JPN Dataset Utilization Theme,M4ZYx3D,2.0,AMR Dataset Utilization Theme,9B3qxZ4,2.0,KOR Dataset Utilization Theme,PBVkEJD,2.0,TWN Dataset Utilization Theme,by88rqy,2.0,HKG Dataset Utilization Theme,V45896D,1.0,GLB/D1 TOPDIV3000 Power Pool Feb`26 Theme,,,,,,,,,,,,,,,,,,,,,,,,,,,,,,,,,,,,
Vkw9aobG,REGULAR,PS40111,EQUITY,ASI,MINVOL1M,1,0,INDUSTRY,0.08,ON,VERIFY,OFF,OFF,FASTEXPR,False,2014-01-01,2023-12-31,zscore(operating_margin),Standardize operating_margin cross-sectionally to find relative margin leaders. SUG1 not required; SUG4 applied. KEEP_IN_MIND: uses single field. Confidence 0.75.,1,2026-02-02T04:35:07-05:00,,2026-02-02T04:35:14-05:00,,False,False,,,ace_tag,llm_test,confidence_0.66,DATA_USAGE:SINGLE_DATA_SET,Single Data Set Alpha,,IS,UNSUBMITTED,21712467,20000000,1880,1310,0.0325,0.2098,0.8237,0.012922,0.57,0.74,2014-01-01,17263659.0,20000000.0,1655.0,1537.0,0.0367,0.1668,0.8247,0.009079,0.55,0.48,9016082.0,20000000.0,1880.0,1310.0,0.0325,0.0871,0.8143,0.005366,0.23,0.27,LOW_SHARPE,FAIL,1.58,0.57,LOW_FITNESS,FAIL,1.0,0.74,LOW_ASI_JPN_SHARPE,FAIL,1,0.43,LOW_INVESTABILITY_CONSTRAINED_SHARPE,PASS,0.4,0.48,LOW_TURNOVER,PASS,0.01,0.0325,HIGH_TURNOVER,PASS,0.7,0.0325,CONCENTRATED_WEIGHT,FAIL,2014-02-19,0.1,0.388224,LOW_SUB_UNIVERSE_SHARPE,FAIL,0.17,-0.07,LOW_ROBUST_UNIVERSE_SHARPE.WITH_RATIO,PASS,0.9,0.51,0.67,LOW_ROBUST_UNIVERSE_RETURNS,PASS,0.9,0.1888,0.2302,SELF_CORRELATION,PENDING,DATA_DIVERSITY,PENDING,PROD_CORRELATION,PENDING,REGULAR_SUBMISSION,PENDING,LOW_2Y_SHARPE,FAIL,0.32,1.58,MATCHES_COMPETITION,PENDING,AIACv2,AI Alphas Competition 2.0,PASS,MATCHES_PYRAMID,1.0,1.1,ASI/D1/FUNDAMENTAL,1.1,WARNING,MATCHES_THEMES,EDrKL34,2.0,JPN Dataset Utilization Theme,M4ZYx3D,2.0,AMR Dataset Utilization Theme,9B3qxZ4,2.0,KOR Dataset Utilization Theme,PBVkEJD,2.0,TWN Dataset Utilization Theme,by88rqy,2.0,HKG Dataset Utilization Theme,V45896D,1.0,GLB/D1 TOPDIV3000 Power Pool Feb`26 Theme,,,,,,,,,,,,,,,,,,,,,,,,,,,,,,,,,,,,
ZYw5gNP1,REGULAR,PS40111,EQUITY,ASI,MINVOL1M,1,0,INDUSTRY,0.08,ON,VERIFY,OFF,OFF,FASTEXPR,False,2014-01-01,2023-12-31,"reverse(ts_delta(divide(capex, cash), 4))",,3,2026-02-02T05:43:04-05:00,,2026-02-02T05:43:05-05:00,,False,False,,,ace_tag,llm_test,confidence_0.5,DATA_USAGE:SINGLE_DATA_SET,Single Data Set Alpha,,IS,UNSUBMITTED,4001189,20000000,960,1250,0.6917,0.0387,0.6396,0.000112,0.33,0.08,2014-01-01,1826072.0,20000000.0,1433.0,1444.0,0.3212,0.0176,0.3748,0.00011,0.04,0.16,2242402.0,20000000.0,960.0,1250.0,0.6917,0.0217,0.6121,6.3e-05,0.04,0.22,LOW_SHARPE,FAIL,1.58,0.33,LOW_FITNESS,FAIL,1.0,0.08,LOW_ASI_JPN_SHARPE,FAIL,1,-0.17,LOW_INVESTABILITY_CONSTRAINED_SHARPE,FAIL,0.23,0.16,LOW_TURNOVER,PASS,0.01,0.6917,HIGH_TURNOVER,PASS,0.7,0.6917,CONCENTRATED_WEIGHT,FAIL,2017-01-04,0.1,0.499999,LOW_SUB_UNIVERSE_SHARPE,FAIL,0.1,-0.65,LOW_ROBUST_UNIVERSE_SHARPE.WITH_RATIO,PASS,0.9,0.3,0.43,LOW_ROBUST_UNIVERSE_RETURNS,PASS,0.9,0.0348,0.0519,SELF_CORRELATION,PENDING,DATA_DIVERSITY,PENDING,PROD_CORRELATION,PENDING,REGULAR_SUBMISSION,PENDING,LOW_2Y_SHARPE,FAIL,1.32,1.58,MATCHES_COMPETITION,PENDING,AIACv2,AI Alphas Competition 2.0,PASS,MATCHES_PYRAMID,1.0,1.1,ASI/D1/FUNDAMENTAL,1.1,WARNING,MATCHES_THEMES,EDrKL34,2.0,JPN Dataset Utilization Theme,M4ZYx3D,2.0,AMR Dataset Utilization Theme,9B3qxZ4,2.0,KOR Dataset Utilization Theme,PBVkEJD,2.0,TWN Dataset Utilization Theme,by88rqy,2.0,HKG Dataset Utilization Theme,V45896D,1.0,GLB/D1 TOPDIV3000 Power Pool Feb`26 Theme,,,,,,,,,,,,,,,,,,,,,,,,,,,,,,,,,,,,
vRnqZYoa,REGULAR,PS40111,EQUITY,ASI,MINVOL1M,1,0,INDUSTRY,0.08,ON,VERIFY,OFF,OFF,FASTEXPR,False,2014-01-01,2023-12-31,"ts_sum(income, 4)",,1,2026-02-02T05:42:00-05:00,,2026-02-02T05:42:00-05:00,,False,False,,,ace_tag,llm_test,confidence_0.58,DATA_USAGE:SINGLE_DATA_SET,Single Data Set Alpha,,IS,UNSUBMITTED,6299028,20000000,691,2648,0.0124,0.0609,0.2547,0.0098,0.5,0.35,2014-01-01,4913304.0,20000000.0,718.0,2623.0,0.0134,0.0475,0.2519,0.007103,0.24,0.39,2381729.0,20000000.0,691.0,2648.0,0.0124,0.023,0.1624,0.003706,0.16,0.37,LOW_SHARPE,FAIL,1.58,0.5,LOW_FITNESS,FAIL,1.0,0.35,LOW_ASI_JPN_SHARPE,FAIL,1,0.17,LOW_INVESTABILITY_CONSTRAINED_SHARPE,PASS,0.35,0.39,LOW_TURNOVER,PASS,0.01,0.0124,HIGH_TURNOVER,PASS,0.7,0.0124,CONCENTRATED_WEIGHT,PASS,,,,LOW_SUB_UNIVERSE_SHARPE,PASS,0.15,0.62,LOW_ROBUST_UNIVERSE_SHARPE.WITH_RATIO,FAIL,0.9,0.45,0.31,LOW_ROBUST_UNIVERSE_RETURNS,FAIL,0.9,0.0548,0.0398,SELF_CORRELATION,PENDING,DATA_DIVERSITY,PENDING,PROD_CORRELATION,PENDING,REGULAR_SUBMISSION,PENDING,LOW_2Y_SHARPE,FAIL,0.46,1.58,MATCHES_COMPETITION,PENDING,AIACv2,AI Alphas Competition 2.0,PASS,MATCHES_PYRAMID,1.0,1.1,ASI/D1/FUNDAMENTAL,1.1,WARNING,MATCHES_THEMES,EDrKL34,2.0,JPN Dataset Utilization Theme,M4ZYx3D,2.0,AMR Dataset Utilization Theme,9B3qxZ4,2.0,KOR Dataset Utilization Theme,PBVkEJD,2.0,TWN Dataset Utilization Theme,by88rqy,2.0,HKG Dataset Utilization Theme,V45896D,1.0,GLB/D1 TOPDIV3000 Power Pool Feb`26 Theme,,,,,,,,,,,,,,,,,,,,,,,,,,,,,,,,,,,,
A1JWeX9E,REGULAR,PS40111,EQUITY,ASI,MINVOL1M,1,0,INDUSTRY,0.08,ON,VERIFY,OFF,OFF,FASTEXPR,False,2014-01-01,2023-12-31,"reverse(ts_delta(fnd23_ltem, 4))",,2,2026-02-02T05:44:00-05:00,,2026-02-02T05:44:01-05:00,,False,False,,,ace_tag,llm_test,confidence_0.48,DATA_USAGE:SINGLE_DATA_SET,Single Data Set Alpha,,IS,UNSUBMITTED,-1711687,20000000,728,401,0.7224,-0.0165,0.9052,-4.6e-05,-0.09,-0.01,2014-01-01,-1142382.0,20000000.0,1557.0,1448.0,0.3194,-0.011,0.59,-6.9e-05,-0.01,-0.07,-1518074.0,20000000.0,728.0,401.0,0.7224,-0.0147,0.6998,-4.1e-05,-0.01,-0.09,LOW_SHARPE,FAIL,1.58,-0.09,LOW_FITNESS,FAIL,1.0,-0.01,LOW_ASI_JPN_SHARPE,FAIL,1,0.08,LOW_INVESTABILITY_CONSTRAINED_SHARPE,FAIL,-0.06,-0.07,LOW_TURNOVER,PASS,0.01,0.7224,HIGH_TURNOVER,FAIL,0.7,0.7224,CONCENTRATED_WEIGHT,FAIL,2016-12-21,0.1,0.500004,LOW_SUB_UNIVERSE_SHARPE,PASS,-0.03,0.46,LOW_ROBUST_UNIVERSE_SHARPE.WITH_RATIO,FAIL,0.9,-0.08,-0.11,LOW_ROBUST_UNIVERSE_RETURNS,FAIL,0.9,-0.0149,-0.0197,SELF_CORRELATION,PENDING,DATA_DIVERSITY,PENDING,PROD_CORRELATION,PENDING,REGULAR_SUBMISSION,PENDING,LOW_2Y_SHARPE,FAIL,0.45,1.58,MATCHES_COMPETITION,PENDING,AIACv2,AI Alphas Competition 2.0,PASS,MATCHES_PYRAMID,1.0,1.1,ASI/D1/FUNDAMENTAL,1.1,WARNING,MATCHES_THEMES,EDrKL34,2.0,JPN Dataset Utilization Theme,M4ZYx3D,2.0,AMR Dataset Utilization Theme,9B3qxZ4,2.0,KOR Dataset Utilization Theme,PBVkEJD,2.0,TWN Dataset Utilization Theme,by88rqy,2.0,HKG Dataset Utilization Theme,V45896D,1.0,GLB/D1 TOPDIV3000 Power Pool Feb`26 Theme,,,,,,,,,,,,,,,,,,,,,,,,,,,,,,,,,,,,
1YV9O09K,REGULAR,PS40111,EQUITY,ASI,MINVOL1M,1,0,INDUSTRY,0.08,ON,VERIFY,OFF,OFF,FASTEXPR,False,2014-01-01,2023-12-31,"zscore(divide(ebitda, revenue))",,2,2026-02-02T05:43:05-05:00,,2026-02-02T05:43:05-05:00,,False,False,,,ace_tag,llm_test,confidence_0.65,DATA_USAGE:SINGLE_DATA_SET,Single Data Set Alpha,,IS,UNSUBMITTED,24031478,20000000,1785,1374,0.0434,0.2322,0.7116,0.010702,0.69,0.94,2014-01-01,21527871.0,20000000.0,1687.0,1475.0,0.0443,0.208,0.6535,0.009403,0.81,0.63,14460804.0,20000000.0,1785.0,1374.0,0.0434,0.1397,0.7647,0.00644,0.5,0.47,LOW_SHARPE,FAIL,1.58,0.69,LOW_FITNESS,FAIL,1.0,0.94,LOW_ASI_JPN_SHARPE,FAIL,1,0.42,LOW_INVESTABILITY_CONSTRAINED_SHARPE,PASS,0.48,0.63,LOW_TURNOVER,PASS,0.01,0.0434,HIGH_TURNOVER,PASS,0.7,0.0434,CONCENTRATED_WEIGHT,FAIL,2017-07-17,0.1,0.465397,LOW_SUB_UNIVERSE_SHARPE,PASS,0.2,0.24,LOW_ROBUST_UNIVERSE_SHARPE.WITH_RATIO,FAIL,0.9,0.62,0.59,LOW_ROBUST_UNIVERSE_RETURNS,FAIL,0.9,0.209,0.1915,SELF_CORRELATION,PENDING,DATA_DIVERSITY,PENDING,PROD_CORRELATION,PENDING,REGULAR_SUBMISSION,PENDING,LOW_2Y_SHARPE,FAIL,1.01,1.58,MATCHES_COMPETITION,PENDING,AIACv2,AI Alphas Competition 2.0,PASS,MATCHES_PYRAMID,1.0,1.1,ASI/D1/FUNDAMENTAL,1.1,WARNING,MATCHES_THEMES,EDrKL34,2.0,JPN Dataset Utilization Theme,M4ZYx3D,2.0,AMR Dataset Utilization Theme,9B3qxZ4,2.0,KOR Dataset Utilization Theme,PBVkEJD,2.0,TWN Dataset Utilization Theme,by88rqy,2.0,HKG Dataset Utilization Theme,V45896D,1.0,GLB/D1 TOPDIV3000 Power Pool Feb`26 Theme,,,,,,,,,,,,,,,,,,,,,,,,,,,,,,,,,,,,
LLbjEEp9,REGULAR,PS40111,EQUITY,ASI,MINVOL1M,1,0,INDUSTRY,0.08,ON,VERIFY,OFF,OFF,FASTEXPR,False,2014-01-01,2023-12-31,"zscore(divide(debt, assets))",,2,2026-02-02T05:42:09-05:00,,2026-02-02T05:42:10-05:00,,False,False,,,ace_tag,llm_test,confidence_0.61,DATA_USAGE:SINGLE_DATA_SET,Single Data Set Alpha,,IS,UNSUBMITTED,505119,20000000,1371,1854,0.0357,0.0049,0.1876,0.000273,0.08,0.02,2014-01-01,-3073634.0,20000000.0,1381.0,1847.0,0.0275,-0.0297,0.3675,-0.00216,-0.24,-0.49,1286667.0,20000000.0,1371.0,1854.0,0.0357,0.0124,0.168,0.000696,0.08,0.24,LOW_SHARPE,FAIL,1.58,0.08,LOW_FITNESS,FAIL,1.0,0.02,LOW_ASI_JPN_SHARPE,FAIL,1,0.33,LOW_INVESTABILITY_CONSTRAINED_SHARPE,FAIL,0.06,-0.49,LOW_TURNOVER,PASS,0.01,0.0357,HIGH_TURNOVER,PASS,0.7,0.0357,CONCENTRATED_WEIGHT,FAIL,2021-07-14,0.1,0.499233,LOW_SUB_UNIVERSE_SHARPE,FAIL,0.02,-0.15,LOW_ROBUST_UNIVERSE_SHARPE.WITH_RATIO,PASS,0.9,0.07,0.31,LOW_ROBUST_UNIVERSE_RETURNS,PASS,0.9,0.0044,0.0154,SELF_CORRELATION,PENDING,DATA_DIVERSITY,PENDING,PROD_CORRELATION,PENDING,REGULAR_SUBMISSION,PENDING,LOW_2Y_SHARPE,FAIL,1.09,1.58,MATCHES_COMPETITION,PENDING,AIACv2,AI Alphas Competition 2.0,PASS,MATCHES_PYRAMID,1.0,1.1,ASI/D1/FUNDAMENTAL,1.1,WARNING,MATCHES_THEMES,EDrKL34,2.0,JPN Dataset Utilization Theme,M4ZYx3D,2.0,AMR Dataset Utilization Theme,9B3qxZ4,2.0,KOR Dataset Utilization Theme,PBVkEJD,2.0,TWN Dataset Utilization Theme,by88rqy,2.0,HKG Dataset Utilization Theme,V45896D,1.0,GLB/D1 TOPDIV3000 Power Pool Feb`26 Theme,,,,,,,,,,,,,,,,,,,,,,,,,,,,,,,,,,,,
omwpRZMk,REGULAR,PS40111,EQUITY,ASI,MINVOL1M,1,0,INDUSTRY,0.08,ON,VERIFY,OFF,OFF,FASTEXPR,False,2014-01-01,2023-12-31,"zscore(divide(cash, assets))",,2,2026-02-02T05:43:05-05:00,,2026-02-02T05:43:06-05:00,,False,False,,,ace_tag,llm_test,confidence_0.63,DATA_USAGE:SINGLE_DATA_SET,Single Data Set Alpha,,IS,UNSUBMITTED,6743153,20000000,1237,1671,0.0254,0.0652,0.4228,0.005129,0.39,0.28,2014-01-01,5521436.0,20000000.0,1278.0,1633.0,0.0259,0.0534,0.4566,0.004128,0.2,0.3,8215553.0,20000000.0,1237.0,1671.0,0.0254,0.0794,0.1497,0.00625,0.49,0.61,LOW_SHARPE,FAIL,1.58,0.39,LOW_FITNESS,FAIL,1.0,0.28,LOW_ASI_JPN_SHARPE,FAIL,1,-0.2,LOW_INVESTABILITY_CONSTRAINED_SHARPE,PASS,0.27,0.3,LOW_TURNOVER,PASS,0.01,0.0254,HIGH_TURNOVER,PASS,0.7,0.0254,CONCENTRATED_WEIGHT,FAIL,2019-03-15,0.1,0.484546,LOW_SUB_UNIVERSE_SHARPE,PASS,0.12,0.23,LOW_ROBUST_UNIVERSE_SHARPE.WITH_RATIO,FAIL,0.9,0.35,0.12,LOW_ROBUST_UNIVERSE_RETURNS,FAIL,0.9,0.0587,0.0209,SELF_CORRELATION,PENDING,DATA_DIVERSITY,PENDING,PROD_CORRELATION,PENDING,REGULAR_SUBMISSION,PENDING,LOW_2Y_SHARPE,FAIL,-0.32,1.58,MATCHES_COMPETITION,PENDING,AIACv2,AI Alphas Competition 2.0,PASS,MATCHES_PYRAMID,1.0,1.1,ASI/D1/FUNDAMENTAL,1.1,WARNING,MATCHES_THEMES,EDrKL34,2.0,JPN Dataset Utilization Theme,M4ZYx3D,2.0,AMR Dataset Utilization Theme,9B3qxZ4,2.0,KOR Dataset Utilization Theme,PBVkEJD,2.0,TWN Dataset Utilization Theme,by88rqy,2.0,HKG Dataset Utilization Theme,V45896D,1.0,GLB/D1 TOPDIV3000 Power Pool Feb`26 Theme,,,,,,,,,,,,,,,,,,,,,,,,,,,,,,,,,,,,
xAw6VlEm,REGULAR,PS40111,EQUITY,ASI,MINVOL1M,1,0,INDUSTRY,0.08,ON,VERIFY,OFF,OFF,FASTEXPR,False,2014-01-01,2023-12-31,"ts_zscore(ts_delta(return_assets, 4), 8)",,2,2026-02-02T05:42:00-05:00,,2026-02-02T05:42:00-05:00,,False,False,,,ace_tag,llm_test,confidence_0.66,DATA_USAGE:SINGLE_DATA_SET,Single Data Set Alpha,,IS,UNSUBMITTED,980994,20000000,307,307,0.6735,0.0095,0.1085,2.8e-05,0.17,0.02,2014-01-01,1366035.0,20000000.0,403.0,396.0,0.3016,0.0132,0.1691,8.8e-05,0.04,0.19,622641.0,20000000.0,307.0,307.0,0.6735,0.006,0.1155,1.8e-05,0.01,0.12,LOW_SHARPE,FAIL,1.58,0.17,LOW_FITNESS,FAIL,1.0,0.02,LOW_ASI_JPN_SHARPE,FAIL,1,-0.01,LOW_INVESTABILITY_CONSTRAINED_SHARPE,PASS,0.12,0.19,LOW_TURNOVER,PASS,0.01,0.6735,HIGH_TURNOVER,PASS,0.7,0.6735,CONCENTRATED_WEIGHT,PASS,,,,LOW_SUB_UNIVERSE_SHARPE,FAIL,0.05,-0.09,LOW_ROBUST_UNIVERSE_SHARPE.WITH_RATIO,PASS,0.9,0.15,0.24,LOW_ROBUST_UNIVERSE_RETURNS,PASS,0.9,0.0086,0.0138,SELF_CORRELATION,PENDING,DATA_DIVERSITY,PENDING,PROD_CORRELATION,PENDING,REGULAR_SUBMISSION,PENDING,LOW_2Y_SHARPE,FAIL,0.09,1.58,MATCHES_COMPETITION,PENDING,AIACv2,AI Alphas Competition 2.0,PASS,MATCHES_PYRAMID,1.0,1.1,ASI/D1/FUNDAMENTAL,1.1,WARNING,MATCHES_THEMES,EDrKL34,2.0,JPN Dataset Utilization Theme,M4ZYx3D,2.0,AMR Dataset Utilization Theme,9B3qxZ4,2.0,KOR Dataset Utilization Theme,PBVkEJD,2.0,TWN Dataset Utilization Theme,by88rqy,2.0,HKG Dataset Utilization Theme,V45896D,1.0,GLB/D1 TOPDIV3000 Power Pool Feb`26 Theme,,,,,,,,,,,,,,,,,,,,,,,,,,,,,,,,,,,,
npkJmlmw,REGULAR,PS40111,EQUITY,ASI,MINVOL1M,1,0,INDUSTRY,0.08,ON,VERIFY,OFF,OFF,FASTEXPR,False,2014-01-01,2023-12-31,"ts_delta(divide(sales, inventory), 4)",,2,2026-02-02T05:43:43-05:00,,2026-02-02T05:43:43-05:00,,False,False,,,ace_tag,llm_test,confidence_0.58,DATA_USAGE:SINGLE_DATA_SET,Single Data Set Alpha,,IS,UNSUBMITTED,-7265010,20000000,1088,937,0.7728,-0.0702,0.98,-0.000182,-0.29,-0.09,2014-01-01,-5186610.0,20000000.0,1457.0,1369.0,0.2792,-0.0501,0.9815,-0.000359,-0.13,-0.3,-9275026.0,20000000.0,1088.0,937.0,0.7728,-0.0896,1.0829,-0.000232,-0.14,-0.4,LOW_SHARPE,FAIL,1.58,-0.29,LOW_FITNESS,FAIL,1.0,-0.09,LOW_ASI_JPN_SHARPE,FAIL,1,-0.21,LOW_INVESTABILITY_CONSTRAINED_SHARPE,FAIL,-0.2,-0.3,LOW_TURNOVER,PASS,0.01,0.7728,HIGH_TURNOVER,FAIL,0.7,0.7728,CONCENTRATED_WEIGHT,FAIL,2017-01-04,0.1,0.499997,LOW_SUB_UNIVERSE_SHARPE,FAIL,-0.09,-0.37,LOW_ROBUST_UNIVERSE_SHARPE.WITH_RATIO,PASS,0.9,-0.26,-0.17,LOW_ROBUST_UNIVERSE_RETURNS,PASS,0.9,-0.0632,-0.0389,SELF_CORRELATION,PENDING,DATA_DIVERSITY,PENDING,PROD_CORRELATION,PENDING,REGULAR_SUBMISSION,PENDING,LOW_2Y_SHARPE,FAIL,-0.02,1.58,MATCHES_COMPETITION,PENDING,AIACv2,AI Alphas Competition 2.0,PASS,MATCHES_PYRAMID,1.0,1.1,ASI/D1/FUNDAMENTAL,1.1,WARNING,MATCHES_THEMES,EDrKL34,2.0,JPN Dataset Utilization Theme,M4ZYx3D,2.0,AMR Dataset Utilization Theme,9B3qxZ4,2.0,KOR Dataset Utilization Theme,PBVkEJD,2.0,TWN Dataset Utilization Theme,by88rqy,2.0,HKG Dataset Utilization Theme,V45896D,1.0,GLB/D1 TOPDIV3000 Power Pool Feb`26 Theme,,,,,,,,,,,,,,,,,,,,,,,,,,,,,,,,,,,,
78qAv7d8,REGULAR,PS40111,EQUITY,ASI,MINVOL1M,1,0,INDUSTRY,0.08,ON,VERIFY,OFF,OFF,FASTEXPR,False,2014-01-01,2023-12-31,"reverse(ts_std_dev(capex, 8))",,2,2026-02-02T05:45:27-05:00,,2026-02-02T05:45:27-05:00,,False,False,,,ace_tag,llm_test,confidence_0.47,DATA_USAGE:SINGLE_DATA_SET,Single Data Set Alpha,,IS,UNSUBMITTED,971371,20000000,2473,133,0.4059,0.0094,0.4207,4.6e-05,0.07,0.01,2014-01-01,-1884203.0,20000000.0,2236.0,1060.0,0.2487,-0.0182,0.4248,-0.000146,-0.04,-0.15,952686.0,20000000.0,2473.0,133.0,0.4059,0.0092,0.3245,4.5e-05,0.02,0.11,LOW_SHARPE,FAIL,1.58,0.07,LOW_FITNESS,FAIL,1.0,0.01,LOW_ASI_JPN_SHARPE,FAIL,1,0.03,LOW_INVESTABILITY_CONSTRAINED_SHARPE,FAIL,0.05,-0.15,LOW_TURNOVER,PASS,0.01,0.4059,HIGH_TURNOVER,PASS,0.7,0.4059,CONCENTRATED_WEIGHT,FAIL,2018-01-26,0.1,0.443644,LOW_SUB_UNIVERSE_SHARPE,FAIL,0.02,-0.14,LOW_ROBUST_UNIVERSE_SHARPE.WITH_RATIO,FAIL,0.9,0.06,-0.02,LOW_ROBUST_UNIVERSE_RETURNS,FAIL,0.9,0.0085,-0.0025,SELF_CORRELATION,PENDING,DATA_DIVERSITY,PENDING,PROD_CORRELATION,PENDING,REGULAR_SUBMISSION,PENDING,LOW_2Y_SHARPE,FAIL,0.28,1.58,MATCHES_COMPETITION,PENDING,AIACv2,AI Alphas Competition 2.0,PASS,MATCHES_PYRAMID,1.0,1.1,ASI/D1/FUNDAMENTAL,1.1,WARNING,MATCHES_THEMES,EDrKL34,2.0,JPN Dataset Utilization Theme,M4ZYx3D,2.0,AMR Dataset Utilization Theme,9B3qxZ4,2.0,KOR Dataset Utilization Theme,PBVkEJD,2.0,TWN Dataset Utilization Theme,by88rqy,2.0,HKG Dataset Utilization Theme,V45896D,1.0,GLB/D1 TOPDIV3000 Power Pool Feb`26 Theme,,,,,,,,,,,,,,,,,,,,,,,,,,,,,,,,,,,,
QPrJNPxp,REGULAR,PS40111,EQUITY,ASI,MINVOL1M,1,0,INDUSTRY,0.08,ON,VERIFY,OFF,OFF,FASTEXPR,False,2014-01-01,2023-12-31,"reverse(divide(fnd23_tdbs, assets))",,2,2026-02-02T05:45:20-05:00,,2026-02-02T05:45:20-05:00,,False,False,,,ace_tag,llm_test,confidence_0.4,DATA_USAGE:SINGLE_DATA_SET,Single Data Set Alpha,,IS,UNSUBMITTED,4143901,20000000,1895,875,0.0418,0.04,0.2391,0.001916,0.29,0.16,2014-01-01,2145628.0,20000000.0,1893.0,879.0,0.0393,0.0207,0.2349,0.001054,0.06,0.15,3862200.0,20000000.0,1895.0,875.0,0.0418,0.0373,0.257,0.001785,0.17,0.32,LOW_SHARPE,FAIL,1.58,0.29,LOW_FITNESS,FAIL,1.0,0.16,LOW_ASI_JPN_SHARPE,FAIL,1,-0.16,LOW_INVESTABILITY_CONSTRAINED_SHARPE,FAIL,0.2,0.15,LOW_TURNOVER,PASS,0.01,0.0418,HIGH_TURNOVER,PASS,0.7,0.0418,CONCENTRATED_WEIGHT,FAIL,2017-12-08,0.1,0.499899,LOW_SUB_UNIVERSE_SHARPE,FAIL,0.09,0.01,LOW_ROBUST_UNIVERSE_SHARPE.WITH_RATIO,FAIL,0.9,0.26,0.2,LOW_ROBUST_UNIVERSE_RETURNS,FAIL,0.9,0.036,0.025,SELF_CORRELATION,PENDING,DATA_DIVERSITY,PENDING,PROD_CORRELATION,PENDING,REGULAR_SUBMISSION,PENDING,LOW_2Y_SHARPE,FAIL,0.31,1.58,MATCHES_COMPETITION,PENDING,AIACv2,AI Alphas Competition 2.0,PASS,MATCHES_PYRAMID,1.0,1.1,ASI/D1/FUNDAMENTAL,1.1,WARNING,MATCHES_THEMES,EDrKL34,2.0,JPN Dataset Utilization Theme,M4ZYx3D,2.0,AMR Dataset Utilization Theme,9B3qxZ4,2.0,KOR Dataset Utilization Theme,PBVkEJD,2.0,TWN Dataset Utilization Theme,by88rqy,2.0,HKG Dataset Utilization Theme,V45896D,1.0,GLB/D1 TOPDIV3000 Power Pool Feb`26 Theme,,,,,,,,,,,,,,,,,,,,,,,,,,,,,,,,,,,,
Xgwrvge8,REGULAR,PS40111,EQUITY,ASI,MINVOL1M,1,0,INDUSTRY,0.08,ON,VERIFY,OFF,OFF,FASTEXPR,False,2014-01-01,2023-12-31,"divide(operating_income, assets)",,1,2026-02-02T05:45:18-05:00,,2026-02-02T05:45:18-05:00,,False,False,,,ace_tag,llm_test,confidence_0.64,DATA_USAGE:SINGLE_DATA_SET,Single Data Set Alpha,,IS,UNSUBMITTED,8693472,20000000,1477,1753,0.0354,0.084,0.5176,0.004751,0.4,0.33,2014-01-01,10143089.0,20000000.0,1489.0,1742.0,0.0329,0.098,0.4443,0.005954,0.48,0.54,5070150.0,20000000.0,1477.0,1753.0,0.0354,0.049,0.2347,0.002771,0.19,0.31,LOW_SHARPE,FAIL,1.58,0.4,LOW_FITNESS,FAIL,1.0,0.33,LOW_ASI_JPN_SHARPE,FAIL,1,-0.11,LOW_INVESTABILITY_CONSTRAINED_SHARPE,PASS,0.28,0.54,LOW_TURNOVER,PASS,0.01,0.0354,HIGH_TURNOVER,PASS,0.7,0.0354,CONCENTRATED_WEIGHT,FAIL,2020-11-30,0.1,0.489044,LOW_SUB_UNIVERSE_SHARPE,PASS,0.12,0.44,LOW_ROBUST_UNIVERSE_SHARPE.WITH_RATIO,PASS,0.9,0.36,0.5,LOW_ROBUST_UNIVERSE_RETURNS,FAIL,0.9,0.0756,0.0455,SELF_CORRELATION,PENDING,DATA_DIVERSITY,PENDING,PROD_CORRELATION,PENDING,REGULAR_SUBMISSION,PENDING,LOW_2Y_SHARPE,FAIL,0.98,1.58,MATCHES_COMPETITION,PENDING,AIACv2,AI Alphas Competition 2.0,PASS,MATCHES_PYRAMID,1.0,1.1,ASI/D1/FUNDAMENTAL,1.1,WARNING,MATCHES_THEMES,EDrKL34,2.0,JPN Dataset Utilization Theme,M4ZYx3D,2.0,AMR Dataset Utilization Theme,9B3qxZ4,2.0,KOR Dataset Utilization Theme,PBVkEJD,2.0,TWN Dataset Utilization Theme,by88rqy,2.0,HKG Dataset Utilization Theme,V45896D,1.0,GLB/D1 TOPDIV3000 Power Pool Feb`26 Theme,,,,,,,,,,,,,,,,,,,,,,,,,,,,,,,,,,,,
Vkw9mkN0,REGULAR,PS40111,EQUITY,ASI,MINVOL1M,1,0,INDUSTRY,0.08,ON,VERIFY,OFF,OFF,FASTEXPR,False,2014-01-01,2023-12-31,"ts_delta(pretax_income, 4)",,1,2026-02-02T05:45:16-05:00,,2026-02-02T05:45:17-05:00,,False,False,,,ace_tag,llm_test,confidence_0.6,DATA_USAGE:SINGLE_DATA_SET,Single Data Set Alpha,,IS,UNSUBMITTED,5245398,20000000,1163,1217,0.739,0.0507,0.3158,0.000137,0.4,0.1,2014-01-01,3991995.0,20000000.0,1785.0,1555.0,0.3576,0.0386,0.4208,0.000216,0.11,0.33,5395111.0,20000000.0,1163.0,1217.0,0.739,0.0521,0.2596,0.000141,0.12,0.46,LOW_SHARPE,FAIL,1.58,0.4,LOW_FITNESS,FAIL,1.0,0.1,LOW_ASI_JPN_SHARPE,FAIL,1,0.19,LOW_INVESTABILITY_CONSTRAINED_SHARPE,PASS,0.28,0.33,LOW_TURNOVER,PASS,0.01,0.739,HIGH_TURNOVER,FAIL,0.7,0.739,CONCENTRATED_WEIGHT,FAIL,2019-01-04,0.1,0.500004,LOW_SUB_UNIVERSE_SHARPE,FAIL,0.12,0.03,LOW_ROBUST_UNIVERSE_SHARPE.WITH_RATIO,PASS,0.9,0.36,0.5,LOW_ROBUST_UNIVERSE_RETURNS,PASS,0.9,0.0456,0.0625,SELF_CORRELATION,PENDING,DATA_DIVERSITY,PENDING,PROD_CORRELATION,PENDING,REGULAR_SUBMISSION,PENDING,LOW_2Y_SHARPE,PASS,1.75,1.58,MATCHES_COMPETITION,PENDING,AIACv2,AI Alphas Competition 2.0,PASS,MATCHES_PYRAMID,1.0,1.1,ASI/D1/FUNDAMENTAL,1.1,WARNING,MATCHES_THEMES,EDrKL34,2.0,JPN Dataset Utilization Theme,M4ZYx3D,2.0,AMR Dataset Utilization Theme,9B3qxZ4,2.0,KOR Dataset Utilization Theme,PBVkEJD,2.0,TWN Dataset Utilization Theme,by88rqy,2.0,HKG Dataset Utilization Theme,V45896D,1.0,GLB/D1 TOPDIV3000 Power Pool Feb`26 Theme,,,,,,,,,,,,,,,,,,,,,,,,,,,,,,,,,,,,
3qYbkQA0,REGULAR,PS40111,EQUITY,ASI,MINVOL1M,1,0,INDUSTRY,0.08,ON,VERIFY,OFF,OFF,FASTEXPR,False,2014-01-01,2023-12-31,"ts_delta(fnd23_toia, 4)",,1,2026-02-02T05:45:27-05:00,,2026-02-02T05:45:27-05:00,,False,False,,,ace_tag,llm_test,confidence_0.45,DATA_USAGE:SINGLE_DATA_SET,Single Data Set Alpha,,IS,UNSUBMITTED,-14618074,20000000,252,285,0.7239,-0.1413,2.083,-0.00039,-0.57,-0.25,2014-01-01,3788455.0,20000000.0,1078.0,808.0,0.2554,0.0366,0.5432,0.000287,0.06,0.17,-12978154.0,20000000.0,252.0,285.0,0.7239,-0.1254,1.8772,-0.000347,-0.23,-0.56,LOW_SHARPE,FAIL,1.58,-0.57,LOW_FITNESS,FAIL,1.0,-0.25,LOW_ASI_JPN_SHARPE,FAIL,1,-0.18,LOW_INVESTABILITY_CONSTRAINED_SHARPE,PASS,-0.4,0.17,LOW_TURNOVER,PASS,0.01,0.7239,HIGH_TURNOVER,FAIL,0.7,0.7239,CONCENTRATED_WEIGHT,FAIL,2023-12-25,0.1,0.500004,LOW_SUB_UNIVERSE_SHARPE,PASS,-0.17,-0.01,LOW_ROBUST_UNIVERSE_SHARPE.WITH_RATIO,FAIL,0.9,-0.51,-0.52,LOW_ROBUST_UNIVERSE_RETURNS,FAIL,0.9,-0.1272,-0.1273,SELF_CORRELATION,PENDING,DATA_DIVERSITY,PENDING,PROD_CORRELATION,PENDING,REGULAR_SUBMISSION,PENDING,LOW_2Y_SHARPE,FAIL,-0.8,1.58,MATCHES_COMPETITION,PENDING,AIACv2,AI Alphas Competition 2.0,PASS,MATCHES_PYRAMID,1.0,1.1,ASI/D1/FUNDAMENTAL,1.1,WARNING,MATCHES_THEMES,EDrKL34,2.0,JPN Dataset Utilization Theme,M4ZYx3D,2.0,AMR Dataset Utilization Theme,9B3qxZ4,2.0,KOR Dataset Utilization Theme,PBVkEJD,2.0,TWN Dataset Utilization Theme,by88rqy,2.0,HKG Dataset Utilization Theme,V45896D,1.0,GLB/D1 TOPDIV3000 Power Pool Feb`26 Theme,,,,,,,,,,,,,,,,,,,,,,,,,,,,,,,,,,,,
e78pVk9O,REGULAR,PS40111,EQUITY,ASI,MINVOL1M,1,0,INDUSTRY,0.08,ON,VERIFY,OFF,OFF,FASTEXPR,False,2014-01-01,2023-12-31,"ts_delta(divide(accounts_payable, cost_of_revenue), 4)",,2,2026-02-02T05:45:29-05:00,,2026-02-02T05:45:29-05:00,,False,False,,,ace_tag,llm_test,confidence_0.59,DATA_USAGE:SINGLE_DATA_SET,Single Data Set Alpha,,IS,UNSUBMITTED,-8431276,20000000,1178,1062,0.744,-0.0815,1.223,-0.000219,-0.45,-0.15,2014-01-01,4786792.0,20000000.0,1497.0,1504.0,0.3043,0.0463,0.5971,0.000304,0.12,0.3,-5199550.0,20000000.0,1178.0,1062.0,0.744,-0.0502,0.9401,-0.000135,-0.08,-0.32,LOW_SHARPE,FAIL,1.58,-0.45,LOW_FITNESS,FAIL,1.0,-0.15,LOW_ASI_JPN_SHARPE,FAIL,1,0.03,LOW_INVESTABILITY_CONSTRAINED_SHARPE,PASS,-0.32,0.3,LOW_TURNOVER,PASS,0.01,0.744,HIGH_TURNOVER,FAIL,0.7,0.744,CONCENTRATED_WEIGHT,FAIL,2015-03-25,0.1,0.5,LOW_SUB_UNIVERSE_SHARPE,FAIL,-0.13,-0.26,LOW_ROBUST_UNIVERSE_SHARPE.WITH_RATIO,FAIL,0.9,-0.41,-0.47,LOW_ROBUST_UNIVERSE_RETURNS,FAIL,0.9,-0.0733,-0.0835,SELF_CORRELATION,PENDING,DATA_DIVERSITY,PENDING,PROD_CORRELATION,PENDING,REGULAR_SUBMISSION,PENDING,LOW_2Y_SHARPE,FAIL,-0.29,1.58,MATCHES_COMPETITION,PENDING,AIACv2,AI Alphas Competition 2.0,PASS,MATCHES_PYRAMID,1.0,1.1,ASI/D1/FUNDAMENTAL,1.1,WARNING,MATCHES_THEMES,EDrKL34,2.0,JPN Dataset Utilization Theme,M4ZYx3D,2.0,AMR Dataset Utilization Theme,9B3qxZ4,2.0,KOR Dataset Utilization Theme,PBVkEJD,2.0,TWN Dataset Utilization Theme,by88rqy,2.0,HKG Dataset Utilization Theme,V45896D,1.0,GLB/D1 TOPDIV3000 Power Pool Feb`26 Theme,,,,,,,,,,,,,,,,,,,,,,,,,,,,,,,,,,,,
1YV9lYGz,REGULAR,PS40111,EQUITY,ASI,MINVOL1M,1,0,INDUSTRY,0.08,ON,VERIFY,OFF,OFF,FASTEXPR,False,2014-01-01,2023-12-31,"ts_delta(fnd23_cdav, 4)",,1,2026-02-02T05:45:16-05:00,,2026-02-02T05:45:17-05:00,,False,False,,,ace_tag,llm_test,confidence_0.5,DATA_USAGE:SINGLE_DATA_SET,Single Data Set Alpha,,IS,UNSUBMITTED,4810223,20000000,254,423,0.7316,0.0465,0.8785,0.000127,0.18,0.05,2014-01-01,2950687.0,20000000.0,1120.0,1036.0,0.2857,0.0285,0.6389,0.0002,0.04,0.12,4358134.0,20000000.0,254.0,423.0,0.7316,0.0421,1.1513,0.000115,0.04,0.18,LOW_SHARPE,FAIL,1.58,0.18,LOW_FITNESS,FAIL,1.0,0.05,LOW_ASI_JPN_SHARPE,FAIL,1,0.35,LOW_INVESTABILITY_CONSTRAINED_SHARPE,FAIL,0.13,0.12,LOW_TURNOVER,PASS,0.01,0.7316,HIGH_TURNOVER,FAIL,0.7,0.7316,CONCENTRATED_WEIGHT,FAIL,2023-06-12,0.1,0.500004,LOW_SUB_UNIVERSE_SHARPE,PASS,0.05,0.08,LOW_ROBUST_UNIVERSE_SHARPE.WITH_RATIO,PASS,0.9,0.16,0.25,LOW_ROBUST_UNIVERSE_RETURNS,PASS,0.9,0.0418,0.0564,SELF_CORRELATION,PENDING,DATA_DIVERSITY,PENDING,PROD_CORRELATION,PENDING,REGULAR_SUBMISSION,PENDING,LOW_2Y_SHARPE,FAIL,-0.9,1.58,MATCHES_COMPETITION,PENDING,AIACv2,AI Alphas Competition 2.0,PASS,MATCHES_PYRAMID,1.0,1.1,ASI/D1/FUNDAMENTAL,1.1,WARNING,MATCHES_THEMES,EDrKL34,2.0,JPN Dataset Utilization Theme,M4ZYx3D,2.0,AMR Dataset Utilization Theme,9B3qxZ4,2.0,KOR Dataset Utilization Theme,PBVkEJD,2.0,TWN Dataset Utilization Theme,by88rqy,2.0,HKG Dataset Utilization Theme,V45896D,1.0,GLB/D1 TOPDIV3000 Power Pool Feb`26 Theme,,,,,,,,,,,,,,,,,,,,,,,,,,,,,,,,,,,,
QPrJNZXw,REGULAR,PS40111,EQUITY,ASI,MINVOL1M,1,0,INDUSTRY,0.08,ON,VERIFY,OFF,OFF,FASTEXPR,False,2014-01-01,2023-12-31,"divide(sales, fnd23_ltem)",,1,2026-02-02T05:45:24-05:00,,2026-02-02T05:45:24-05:00,,False,False,,,ace_tag,llm_test,confidence_0.57,DATA_USAGE:SINGLE_DATA_SET,Single Data Set Alpha,,IS,UNSUBMITTED,-2913862,20000000,421,2162,0.0204,-0.0282,0.6088,-0.002767,-0.18,-0.09,2014-01-01,-1982689.0,20000000.0,484.0,2105.0,0.0181,-0.0192,0.5884,-0.002122,-0.05,-0.13,-4854112.0,20000000.0,421.0,2162.0,0.0204,-0.0469,0.5321,-0.004609,-0.36,-0.59,LOW_SHARPE,FAIL,1.58,-0.18,LOW_FITNESS,FAIL,1.0,-0.09,LOW_ASI_JPN_SHARPE,FAIL,1,0.11,LOW_INVESTABILITY_CONSTRAINED_SHARPE,PASS,-0.13,-0.13,LOW_TURNOVER,PASS,0.01,0.0204,HIGH_TURNOVER,PASS,0.7,0.0204,CONCENTRATED_WEIGHT,FAIL,2021-04-16,0.1,0.496955,LOW_SUB_UNIVERSE_SHARPE,FAIL,-0.05,-0.19,LOW_ROBUST_UNIVERSE_SHARPE.WITH_RATIO,FAIL,0.9,-0.16,-0.43,LOW_ROBUST_UNIVERSE_RETURNS,FAIL,0.9,-0.0254,-0.0611,SELF_CORRELATION,PENDING,DATA_DIVERSITY,PENDING,PROD_CORRELATION,PENDING,REGULAR_SUBMISSION,PENDING,LOW_2Y_SHARPE,FAIL,-0.55,1.58,MATCHES_COMPETITION,PENDING,AIACv2,AI Alphas Competition 2.0,PASS,MATCHES_PYRAMID,1.0,1.1,ASI/D1/FUNDAMENTAL,1.1,WARNING,MATCHES_THEMES,EDrKL34,2.0,JPN Dataset Utilization Theme,M4ZYx3D,2.0,AMR Dataset Utilization Theme,9B3qxZ4,2.0,KOR Dataset Utilization Theme,PBVkEJD,2.0,TWN Dataset Utilization Theme,by88rqy,2.0,HKG Dataset Utilization Theme,V45896D,1.0,GLB/D1 TOPDIV3000 Power Pool Feb`26 Theme,,,,,,,,,,,,,,,,,,,,,,,,,,,,,,,,,,,,
Jj0wW0kx,REGULAR,PS40111,EQUITY,ASI,MINVOL1M,1,0,INDUSTRY,0.08,ON,VERIFY,OFF,OFF,FASTEXPR,False,2014-01-01,2023-12-31,"reverse(ts_std_dev(eps, 20))",,2,2026-02-02T05:47:48-05:00,,2026-02-02T05:47:49-05:00,,False,False,,,ace_tag,llm_test,confidence_0.49,DATA_USAGE:SINGLE_DATA_SET,Single Data Set Alpha,,IS,UNSUBMITTED,9116792,20000000,2952,294,0.169,0.0881,0.2682,0.001043,0.63,0.45,2014-01-01,3907137.0,20000000.0,2641.0,700.0,0.1292,0.0378,0.2486,0.000585,0.15,0.27,9239107.0,20000000.0,2952.0,294.0,0.169,0.0893,0.193,0.001057,0.6,0.82,LOW_SHARPE,FAIL,1.58,0.63,LOW_FITNESS,FAIL,1.0,0.45,LOW_ASI_JPN_SHARPE,FAIL,1,0.06,LOW_INVESTABILITY_CONSTRAINED_SHARPE,FAIL,0.44,0.27,LOW_TURNOVER,PASS,0.01,0.169,HIGH_TURNOVER,PASS,0.7,0.169,CONCENTRATED_WEIGHT,FAIL,2022-10-13,0.1,0.490617,LOW_SUB_UNIVERSE_SHARPE,PASS,0.19,0.35,LOW_ROBUST_UNIVERSE_SHARPE.WITH_RATIO,FAIL,0.9,0.57,0.46,LOW_ROBUST_UNIVERSE_RETURNS,FAIL,0.9,0.0793,0.0579,SELF_CORRELATION,PENDING,DATA_DIVERSITY,PENDING,PROD_CORRELATION,PENDING,REGULAR_SUBMISSION,PENDING,LOW_2Y_SHARPE,FAIL,1.14,1.58,MATCHES_COMPETITION,PENDING,AIACv2,AI Alphas Competition 2.0,PASS,MATCHES_PYRAMID,1.0,1.1,ASI/D1/FUNDAMENTAL,1.1,WARNING,MATCHES_THEMES,EDrKL34,2.0,JPN Dataset Utilization Theme,M4ZYx3D,2.0,AMR Dataset Utilization Theme,9B3qxZ4,2.0,KOR Dataset Utilization Theme,PBVkEJD,2.0,TWN Dataset Utilization Theme,by88rqy,2.0,HKG Dataset Utilization Theme,V45896D,1.0,GLB/D1 TOPDIV3000 Power Pool Feb`26 Theme,,,,,,,,,,,,,,,,,,,,,,,,,,,,,,,,,,,,
6XP8oOxL,REGULAR,PS40111,EQUITY,ASI,MINVOL1M,1,0,INDUSTRY,0.08,ON,VERIFY,OFF,OFF,FASTEXPR,False,2014-01-01,2023-12-31,"divide(fnd23_acta, liabilities_curr)",,1,2026-02-02T05:46:36-05:00,,2026-02-02T05:46:36-05:00,,False,False,,,ace_tag,llm_test,confidence_0.6,DATA_USAGE:SINGLE_DATA_SET,Single Data Set Alpha,,IS,UNSUBMITTED,-9635932,20000000,973,2139,0.0395,-0.0931,1.0687,-0.004709,-0.87,-0.75,2014-01-01,-9271985.0,20000000.0,990.0,2124.0,0.0318,-0.0896,1.0081,-0.00563,-0.75,-0.88,-3585608.0,20000000.0,973.0,2139.0,0.0395,-0.0347,0.6701,-0.001752,-0.2,-0.38,LOW_SHARPE,FAIL,1.58,-0.87,LOW_FITNESS,FAIL,1.0,-0.75,LOW_ASI_JPN_SHARPE,FAIL,1,-0.3,LOW_INVESTABILITY_CONSTRAINED_SHARPE,FAIL,-0.61,-0.88,LOW_TURNOVER,PASS,0.01,0.0395,HIGH_TURNOVER,PASS,0.7,0.0395,CONCENTRATED_WEIGHT,FAIL,2015-10-20,0.1,0.499364,LOW_SUB_UNIVERSE_SHARPE,FAIL,-0.26,-1.17,LOW_ROBUST_UNIVERSE_SHARPE.WITH_RATIO,FAIL,0.9,-0.78,-0.8,LOW_ROBUST_UNIVERSE_RETURNS,PASS,0.9,-0.0838,-0.0779,SELF_CORRELATION,PENDING,DATA_DIVERSITY,PENDING,PROD_CORRELATION,PENDING,REGULAR_SUBMISSION,PENDING,LOW_2Y_SHARPE,FAIL,-1.21,1.58,MATCHES_COMPETITION,PENDING,AIACv2,AI Alphas Competition 2.0,PASS,MATCHES_PYRAMID,1.0,1.1,ASI/D1/FUNDAMENTAL,1.1,WARNING,MATCHES_THEMES,EDrKL34,2.0,JPN Dataset Utilization Theme,M4ZYx3D,2.0,AMR Dataset Utilization Theme,9B3qxZ4,2.0,KOR Dataset Utilization Theme,PBVkEJD,2.0,TWN Dataset Utilization Theme,by88rqy,2.0,HKG Dataset Utilization Theme,V45896D,1.0,GLB/D1 TOPDIV3000 Power Pool Feb`26 Theme,,,,,,,,,,,,,,,,,,,,,,,,,,,,,,,,,,,,
omwpJwYk,REGULAR,PS40111,EQUITY,ASI,MINVOL1M,1,0,INDUSTRY,0.08,ON,VERIFY,OFF,OFF,FASTEXPR,False,2014-01-01,2023-12-31,"divide(ts_delta(assets, 4), assets)",,2,2026-02-02T05:47:40-05:00,,2026-02-02T05:47:40-05:00,,False,False,,,ace_tag,llm_test,confidence_0.52,DATA_USAGE:SINGLE_DATA_SET,Single Data Set Alpha,,IS,UNSUBMITTED,181943,20000000,657,1633,0.6911,0.0018,0.5414,5e-06,0.01,0.0,2014-01-01,3500021.0,20000000.0,1407.0,1929.0,0.3192,0.0338,0.3076,0.000212,0.07,0.23,2091480.0,20000000.0,657.0,1633.0,0.6911,0.0202,0.3128,5.8e-05,0.03,0.17,LOW_SHARPE,FAIL,1.58,0.01,LOW_FITNESS,FAIL,1.0,0.0,LOW_ASI_JPN_SHARPE,FAIL,1,0.36,LOW_INVESTABILITY_CONSTRAINED_SHARPE,PASS,0.01,0.23,LOW_TURNOVER,PASS,0.01,0.6911,HIGH_TURNOVER,PASS,0.7,0.6911,CONCENTRATED_WEIGHT,FAIL,2019-01-04,0.1,0.5,LOW_SUB_UNIVERSE_SHARPE,FAIL,0.0,-0.15,LOW_ROBUST_UNIVERSE_SHARPE.WITH_RATIO,PASS,0.9,0.01,0.22,LOW_ROBUST_UNIVERSE_RETURNS,PASS,0.9,0.0016,0.0338,SELF_CORRELATION,PENDING,DATA_DIVERSITY,PENDING,PROD_CORRELATION,PENDING,REGULAR_SUBMISSION,PENDING,LOW_2Y_SHARPE,FAIL,-0.95,1.58,MATCHES_COMPETITION,PENDING,AIACv2,AI Alphas Competition 2.0,PASS,MATCHES_PYRAMID,1.0,1.1,ASI/D1/FUNDAMENTAL,1.1,WARNING,MATCHES_THEMES,EDrKL34,2.0,JPN Dataset Utilization Theme,M4ZYx3D,2.0,AMR Dataset Utilization Theme,9B3qxZ4,2.0,KOR Dataset Utilization Theme,PBVkEJD,2.0,TWN Dataset Utilization Theme,by88rqy,2.0,HKG Dataset Utilization Theme,V45896D,1.0,GLB/D1 TOPDIV3000 Power Pool Feb`26 Theme,,,,,,,,,,,,,,,,,,,,,,,,,,,,,,,,,,,,
Vkw9mJ20,REGULAR,PS40111,EQUITY,ASI,MINVOL1M,1,0,INDUSTRY,0.08,ON,VERIFY,OFF,OFF,FASTEXPR,False,2014-01-01,2023-12-31,"divide(inventory, ppent_net)",,1,2026-02-02T05:46:38-05:00,,2026-02-02T05:46:38-05:00,,False,False,,,ace_tag,llm_test,confidence_0.44,DATA_USAGE:SINGLE_DATA_SET,Single Data Set Alpha,,IS,UNSUBMITTED,-2633510,20000000,672,2246,0.0239,-0.0254,1.0086,-0.002133,-0.13,-0.06,2014-01-01,1985862.0,20000000.0,788.0,2133.0,0.0265,0.0192,0.7956,0.001447,0.04,0.1,377319.0,20000000.0,672.0,2246.0,0.0239,0.0036,0.606,0.000306,0.01,0.03,LOW_SHARPE,FAIL,1.58,-0.13,LOW_FITNESS,FAIL,1.0,-0.06,LOW_ASI_JPN_SHARPE,FAIL,1,-0.05,LOW_INVESTABILITY_CONSTRAINED_SHARPE,PASS,-0.09,0.1,LOW_TURNOVER,PASS,0.01,0.0239,HIGH_TURNOVER,PASS,0.7,0.0239,CONCENTRATED_WEIGHT,FAIL,2023-11-23,0.1,0.435207,LOW_SUB_UNIVERSE_SHARPE,PASS,-0.04,0.0,LOW_ROBUST_UNIVERSE_SHARPE.WITH_RATIO,FAIL,0.9,-0.12,-0.15,LOW_ROBUST_UNIVERSE_RETURNS,FAIL,0.9,-0.0229,-0.0296,SELF_CORRELATION,PENDING,DATA_DIVERSITY,PENDING,PROD_CORRELATION,PENDING,REGULAR_SUBMISSION,PENDING,LOW_2Y_SHARPE,FAIL,-0.37,1.58,MATCHES_COMPETITION,PENDING,AIACv2,AI Alphas Competition 2.0,PASS,MATCHES_PYRAMID,1.0,1.1,ASI/D1/FUNDAMENTAL,1.1,WARNING,MATCHES_THEMES,EDrKL34,2.0,JPN Dataset Utilization Theme,M4ZYx3D,2.0,AMR Dataset Utilization Theme,9B3qxZ4,2.0,KOR Dataset Utilization Theme,PBVkEJD,2.0,TWN Dataset Utilization Theme,by88rqy,2.0,HKG Dataset Utilization Theme,V45896D,1.0,GLB/D1 TOPDIV3000 Power Pool Feb`26 Theme,,,,,,,,,,,,,,,,,,,,,,,,,,,,,,,,,,,,
3qYbkLKX,REGULAR,PS40111,EQUITY,ASI,MINVOL1M,1,0,INDUSTRY,0.08,ON,VERIFY,OFF,OFF,FASTEXPR,False,2014-01-01,2023-12-31,"divide(ebit, liabilities)",,1,2026-02-02T05:46:47-05:00,,2026-02-02T05:46:47-05:00,,False,False,,,ace_tag,llm_test,confidence_0.55,DATA_USAGE:SINGLE_DATA_SET,Single Data Set Alpha,,IS,UNSUBMITTED,5992779,20000000,1293,1898,0.0289,0.0579,0.2295,0.004014,0.54,0.37,2014-01-01,4338131.0,20000000.0,1274.0,1920.0,0.0262,0.0419,0.2555,0.003205,0.24,0.42,-796772.0,20000000.0,1293.0,1898.0,0.0289,-0.0077,0.2634,-0.000534,-0.02,-0.09,LOW_SHARPE,FAIL,1.58,0.54,LOW_FITNESS,FAIL,1.0,0.37,LOW_ASI_JPN_SHARPE,FAIL,1,-0.03,LOW_INVESTABILITY_CONSTRAINED_SHARPE,PASS,0.38,0.42,LOW_TURNOVER,PASS,0.01,0.0289,HIGH_TURNOVER,PASS,0.7,0.0289,CONCENTRATED_WEIGHT,FAIL,2019-12-04,0.1,0.317797,LOW_SUB_UNIVERSE_SHARPE,PASS,0.16,0.43,LOW_ROBUST_UNIVERSE_SHARPE.WITH_RATIO,PASS,0.9,0.49,0.7,LOW_ROBUST_UNIVERSE_RETURNS,PASS,0.9,0.0521,0.0778,SELF_CORRELATION,PENDING,DATA_DIVERSITY,PENDING,PROD_CORRELATION,PENDING,REGULAR_SUBMISSION,PENDING,LOW_2Y_SHARPE,FAIL,1.0,1.58,MATCHES_COMPETITION,PENDING,AIACv2,AI Alphas Competition 2.0,PASS,MATCHES_PYRAMID,1.0,1.1,ASI/D1/FUNDAMENTAL,1.1,WARNING,MATCHES_THEMES,EDrKL34,2.0,JPN Dataset Utilization Theme,M4ZYx3D,2.0,AMR Dataset Utilization Theme,9B3qxZ4,2.0,KOR Dataset Utilization Theme,PBVkEJD,2.0,TWN Dataset Utilization Theme,by88rqy,2.0,HKG Dataset Utilization Theme,V45896D,1.0,GLB/D1 TOPDIV3000 Power Pool Feb`26 Theme,,,,,,,,,,,,,,,,,,,,,,,,,,,,,,,,,,,,
omwpJOY6,REGULAR,PS40111,EQUITY,ASI,MINVOL1M,1,0,INDUSTRY,0.08,ON,VERIFY,OFF,OFF,FASTEXPR,False,2014-01-01,2023-12-31,"divide(income_tax_payable, income)",,1,2026-02-02T05:46:39-05:00,,2026-02-02T05:46:39-05:00,,False,False,,,ace_tag,llm_test,confidence_0.53,DATA_USAGE:SINGLE_DATA_SET,Single Data Set Alpha,,IS,UNSUBMITTED,-3481738,20000000,1251,1920,0.057,-0.0336,0.4561,-0.00118,-0.32,-0.17,2014-01-01,-143021.0,20000000.0,1273.0,1901.0,0.0564,-0.0014,0.5163,-4.9e-05,-0.0,-0.01,-3322555.0,20000000.0,1251.0,1920.0,0.057,-0.0321,0.4875,-0.001126,-0.18,-0.35,LOW_SHARPE,FAIL,1.58,-0.32,LOW_FITNESS,FAIL,1.0,-0.17,LOW_ASI_JPN_SHARPE,FAIL,1,0.15,LOW_INVESTABILITY_CONSTRAINED_SHARPE,PASS,-0.22,-0.01,LOW_TURNOVER,PASS,0.01,0.057,HIGH_TURNOVER,PASS,0.7,0.057,CONCENTRATED_WEIGHT,FAIL,2016-01-19,0.1,0.462933,LOW_SUB_UNIVERSE_SHARPE,PASS,-0.09,0.59,LOW_ROBUST_UNIVERSE_SHARPE.WITH_RATIO,PASS,0.9,-0.29,-0.17,LOW_ROBUST_UNIVERSE_RETURNS,PASS,0.9,-0.0302,-0.0161,SELF_CORRELATION,PENDING,DATA_DIVERSITY,PENDING,PROD_CORRELATION,PENDING,REGULAR_SUBMISSION,PENDING,LOW_2Y_SHARPE,FAIL,-0.23,1.58,MATCHES_COMPETITION,PENDING,AIACv2,AI Alphas Competition 2.0,PASS,MATCHES_PYRAMID,1.0,1.1,ASI/D1/FUNDAMENTAL,1.1,WARNING,MATCHES_THEMES,EDrKL34,2.0,JPN Dataset Utilization Theme,M4ZYx3D,2.0,AMR Dataset Utilization Theme,9B3qxZ4,2.0,KOR Dataset Utilization Theme,PBVkEJD,2.0,TWN Dataset Utilization Theme,by88rqy,2.0,HKG Dataset Utilization Theme,V45896D,1.0,GLB/D1 TOPDIV3000 Power Pool Feb`26 Theme,,,,,,,,,,,,,,,,,,,,,,,,,,,,,,,,,,,,
RRZ3lZpg,REGULAR,PS40111,EQUITY,ASI,MINVOL1M,1,0,INDUSTRY,0.08,ON,VERIFY,OFF,OFF,FASTEXPR,False,2014-01-01,2023-12-31,"subtract(fnd23_ppos, fnd23_ppgs)",,1,2026-02-02T05:47:40-05:00,,2026-02-02T05:47:41-05:00,,False,False,,,ace_tag,llm_test,confidence_0.48,DATA_USAGE:SINGLE_DATA_SET,Single Data Set Alpha,,IS,UNSUBMITTED,10300081,20000000,1966,1119,0.0155,0.0995,0.7475,0.012872,0.4,0.36,2014-01-01,13025720.0,20000000.0,1737.0,1350.0,0.0201,0.1259,0.6561,0.012495,0.57,0.57,2371977.0,20000000.0,1966.0,1119.0,0.0155,0.0229,0.611,0.002964,0.05,0.11,LOW_SHARPE,FAIL,1.58,0.4,LOW_FITNESS,FAIL,1.0,0.36,LOW_ASI_JPN_SHARPE,FAIL,1,0.61,LOW_INVESTABILITY_CONSTRAINED_SHARPE,PASS,0.28,0.57,LOW_TURNOVER,PASS,0.01,0.0155,HIGH_TURNOVER,PASS,0.7,0.0155,CONCENTRATED_WEIGHT,FAIL,2021-04-06,0.1,0.296921,LOW_SUB_UNIVERSE_SHARPE,PASS,0.12,0.4,LOW_ROBUST_UNIVERSE_SHARPE.WITH_RATIO,FAIL,0.9,0.36,0.34,LOW_ROBUST_UNIVERSE_RETURNS,PASS,0.9,0.0896,0.0912,SELF_CORRELATION,PENDING,DATA_DIVERSITY,PENDING,PROD_CORRELATION,PENDING,REGULAR_SUBMISSION,PENDING,LOW_2Y_SHARPE,FAIL,-0.22,1.58,MATCHES_COMPETITION,PENDING,AIACv2,AI Alphas Competition 2.0,PASS,MATCHES_PYRAMID,1.0,1.1,ASI/D1/FUNDAMENTAL,1.1,WARNING,MATCHES_THEMES,EDrKL34,2.0,JPN Dataset Utilization Theme,M4ZYx3D,2.0,AMR Dataset Utilization Theme,9B3qxZ4,2.0,KOR Dataset Utilization Theme,PBVkEJD,2.0,TWN Dataset Utilization Theme,by88rqy,2.0,HKG Dataset Utilization Theme,V45896D,1.0,GLB/D1 TOPDIV3000 Power Pool Feb`26 Theme,,,,,,,,,,,,,,,,,,,,,,,,,,,,,,,,,,,,
zqwM2pEV,REGULAR,PS40111,EQUITY,ASI,MINVOL1M,1,0,INDUSTRY,0.08,ON,VERIFY,OFF,OFF,FASTEXPR,False,2014-01-01,2023-12-31,"ts_delta(fnd23_cnin, 4)",,1,2026-02-02T05:46:46-05:00,,2026-02-02T05:46:46-05:00,,False,False,,,ace_tag,llm_test,confidence_0.66,DATA_USAGE:SINGLE_DATA_SET,Single Data Set Alpha,,IS,UNSUBMITTED,11843936,20000000,482,810,0.7393,0.1145,0.5381,0.00031,0.5,0.2,2014-01-01,-1193570.0,20000000.0,1653.0,1647.0,0.3138,-0.0115,0.6843,-7.4e-05,-0.01,-0.06,13916574.0,20000000.0,482.0,810.0,0.7393,0.1345,0.4967,0.000364,0.27,0.64,LOW_SHARPE,FAIL,1.58,0.5,LOW_FITNESS,FAIL,1.0,0.2,LOW_ASI_JPN_SHARPE,FAIL,1,0.81,LOW_INVESTABILITY_CONSTRAINED_SHARPE,FAIL,0.35,-0.06,LOW_TURNOVER,PASS,0.01,0.7393,HIGH_TURNOVER,FAIL,0.7,0.7393,CONCENTRATED_WEIGHT,FAIL,2018-01-04,0.1,0.500004,LOW_SUB_UNIVERSE_SHARPE,FAIL,0.15,0.08,LOW_ROBUST_UNIVERSE_SHARPE.WITH_RATIO,PASS,0.9,0.45,0.73,LOW_ROBUST_UNIVERSE_RETURNS,PASS,0.9,0.1031,0.14,SELF_CORRELATION,PENDING,DATA_DIVERSITY,PENDING,PROD_CORRELATION,PENDING,REGULAR_SUBMISSION,PENDING,LOW_2Y_SHARPE,FAIL,0.13,1.58,MATCHES_COMPETITION,PENDING,AIACv2,AI Alphas Competition 2.0,PASS,MATCHES_PYRAMID,1.0,1.1,ASI/D1/FUNDAMENTAL,1.1,WARNING,MATCHES_THEMES,EDrKL34,2.0,JPN Dataset Utilization Theme,M4ZYx3D,2.0,AMR Dataset Utilization Theme,9B3qxZ4,2.0,KOR Dataset Utilization Theme,PBVkEJD,2.0,TWN Dataset Utilization Theme,by88rqy,2.0,HKG Dataset Utilization Theme,V45896D,1.0,GLB/D1 TOPDIV3000 Power Pool Feb`26 Theme,,,,,,,,,,,,,,,,,,,,,,,,,,,,,,,,,,,,
le6q5Q9N,REGULAR,PS40111,EQUITY,ASI,MINVOL1M,1,0,INDUSTRY,0.08,ON,VERIFY,OFF,OFF,FASTEXPR,False,2014-01-01,2023-12-31,"divide(accounts_payable, liabilities_curr)",,1,2026-02-02T05:49:08-05:00,,2026-02-02T05:49:08-05:00,,False,False,,,ace_tag,llm_test,confidence_0.58,DATA_USAGE:SINGLE_DATA_SET,Single Data Set Alpha,,IS,UNSUBMITTED,-3448516,20000000,1363,1717,0.0246,-0.0333,0.5248,-0.002713,-0.22,-0.11,2014-01-01,1935149.0,20000000.0,1414.0,1668.0,0.0306,0.0187,0.4189,0.001224,0.05,0.12,-2876969.0,20000000.0,1363.0,1717.0,0.0246,-0.0278,0.3647,-0.002263,-0.1,-0.22,LOW_SHARPE,FAIL,1.58,-0.22,LOW_FITNESS,FAIL,1.0,-0.11,LOW_ASI_JPN_SHARPE,FAIL,1,-0.39,LOW_INVESTABILITY_CONSTRAINED_SHARPE,PASS,-0.15,0.12,LOW_TURNOVER,PASS,0.01,0.0246,HIGH_TURNOVER,PASS,0.7,0.0246,CONCENTRATED_WEIGHT,FAIL,2023-12-27,0.1,0.497325,LOW_SUB_UNIVERSE_SHARPE,PASS,-0.06,0.05,LOW_ROBUST_UNIVERSE_SHARPE.WITH_RATIO,PASS,0.9,-0.2,-0.14,LOW_ROBUST_UNIVERSE_RETURNS,PASS,0.9,-0.03,-0.0202,SELF_CORRELATION,PENDING,DATA_DIVERSITY,PENDING,PROD_CORRELATION,PENDING,REGULAR_SUBMISSION,PENDING,LOW_2Y_SHARPE,FAIL,-0.41,1.58,MATCHES_COMPETITION,PENDING,AIACv2,AI Alphas Competition 2.0,PASS,MATCHES_PYRAMID,1.0,1.1,ASI/D1/FUNDAMENTAL,1.1,WARNING,MATCHES_THEMES,EDrKL34,2.0,JPN Dataset Utilization Theme,M4ZYx3D,2.0,AMR Dataset Utilization Theme,9B3qxZ4,2.0,KOR Dataset Utilization Theme,PBVkEJD,2.0,TWN Dataset Utilization Theme,by88rqy,2.0,HKG Dataset Utilization Theme,V45896D,1.0,GLB/D1 TOPDIV3000 Power Pool Feb`26 Theme,,,,,,,,,,,,,,,,,,,,,,,,,,,,,,,,,,,,
9qPvd9oV,REGULAR,PS40111,EQUITY,ASI,MINVOL1M,1,0,INDUSTRY,0.08,ON,VERIFY,OFF,OFF,FASTEXPR,False,2014-01-01,2023-12-31,"divide(cash_st, liabilities_curr)",,1,2026-02-02T05:49:14-05:00,,2026-02-02T05:49:14-05:00,,False,False,,,ace_tag,llm_test,confidence_0.62,DATA_USAGE:SINGLE_DATA_SET,Single Data Set Alpha,,IS,UNSUBMITTED,-11270948,20000000,899,2259,0.0217,-0.1089,1.2187,-0.010016,-1.13,-1.05,2014-01-01,-9451567.0,20000000.0,923.0,2238.0,0.0203,-0.0913,1.0384,-0.008983,-0.85,-0.99,-4526591.0,20000000.0,899.0,2259.0,0.0217,-0.0437,0.6374,-0.004023,-0.37,-0.62,LOW_SHARPE,FAIL,1.58,-1.13,LOW_FITNESS,FAIL,1.0,-1.05,LOW_ASI_JPN_SHARPE,FAIL,1,-0.45,LOW_INVESTABILITY_CONSTRAINED_SHARPE,FAIL,-0.79,-0.99,LOW_TURNOVER,PASS,0.01,0.0217,HIGH_TURNOVER,PASS,0.7,0.0217,CONCENTRATED_WEIGHT,FAIL,2021-07-14,0.1,0.498844,LOW_SUB_UNIVERSE_SHARPE,FAIL,-0.33,-0.98,LOW_ROBUST_UNIVERSE_SHARPE.WITH_RATIO,FAIL,0.9,-1.02,-1.06,LOW_ROBUST_UNIVERSE_RETURNS,FAIL,0.9,-0.098,-0.1098,SELF_CORRELATION,PENDING,DATA_DIVERSITY,PENDING,PROD_CORRELATION,PENDING,REGULAR_SUBMISSION,PENDING,LOW_2Y_SHARPE,FAIL,-0.79,1.58,MATCHES_COMPETITION,PENDING,AIACv2,AI Alphas Competition 2.0,PASS,MATCHES_PYRAMID,1.0,1.1,ASI/D1/FUNDAMENTAL,1.1,WARNING,MATCHES_THEMES,EDrKL34,2.0,JPN Dataset Utilization Theme,M4ZYx3D,2.0,AMR Dataset Utilization Theme,9B3qxZ4,2.0,KOR Dataset Utilization Theme,PBVkEJD,2.0,TWN Dataset Utilization Theme,by88rqy,2.0,HKG Dataset Utilization Theme,V45896D,1.0,GLB/D1 TOPDIV3000 Power Pool Feb`26 Theme,,,,,,,,,,,,,,,,,,,,,,,,,,,,,,,,,,,,
omwpJnXE,REGULAR,PS40111,EQUITY,ASI,MINVOL1M,1,0,INDUSTRY,0.08,ON,VERIFY,OFF,OFF,FASTEXPR,False,2014-01-01,2023-12-31,"subtract(fnd23_rtes, ts_mean(fnd23_rtes, 8))",,2,2026-02-02T05:49:23-05:00,,2026-02-02T05:49:23-05:00,,False,False,,,ace_tag,llm_test,confidence_0.46,DATA_USAGE:SINGLE_DATA_SET,Single Data Set Alpha,,IS,UNSUBMITTED,-3748375,20000000,761,707,0.5024,-0.0362,0.8204,-0.000144,-0.2,-0.05,2014-01-01,1030061.0,20000000.0,1670.0,1532.0,0.2465,0.01,0.3323,8.1e-05,0.01,0.06,-4479113.0,20000000.0,761.0,707.0,0.5024,-0.0433,0.8885,-0.000172,-0.08,-0.26,LOW_SHARPE,FAIL,1.58,-0.2,LOW_FITNESS,FAIL,1.0,-0.05,LOW_ASI_JPN_SHARPE,FAIL,1,-0.04,LOW_INVESTABILITY_CONSTRAINED_SHARPE,PASS,-0.14,0.06,LOW_TURNOVER,PASS,0.01,0.5024,HIGH_TURNOVER,PASS,0.7,0.5024,CONCENTRATED_WEIGHT,FAIL,2023-07-28,0.1,0.500004,LOW_SUB_UNIVERSE_SHARPE,FAIL,-0.06,-0.24,LOW_ROBUST_UNIVERSE_SHARPE.WITH_RATIO,PASS,0.9,-0.18,0.08,LOW_ROBUST_UNIVERSE_RETURNS,PASS,0.9,-0.0326,0.0134,SELF_CORRELATION,PENDING,DATA_DIVERSITY,PENDING,PROD_CORRELATION,PENDING,REGULAR_SUBMISSION,PENDING,LOW_2Y_SHARPE,FAIL,-0.61,1.58,MATCHES_COMPETITION,PENDING,AIACv2,AI Alphas Competition 2.0,PASS,MATCHES_PYRAMID,1.0,1.1,ASI/D1/FUNDAMENTAL,1.1,WARNING,MATCHES_THEMES,EDrKL34,2.0,JPN Dataset Utilization Theme,M4ZYx3D,2.0,AMR Dataset Utilization Theme,9B3qxZ4,2.0,KOR Dataset Utilization Theme,PBVkEJD,2.0,TWN Dataset Utilization Theme,by88rqy,2.0,HKG Dataset Utilization Theme,V45896D,1.0,GLB/D1 TOPDIV3000 Power Pool Feb`26 Theme,,,,,,,,,,,,,,,,,,,,,,,,,,,,,,,,,,,,
xAw62ejg,REGULAR,PS40111,EQUITY,ASI,MINVOL1M,1,0,INDUSTRY,0.08,ON,VERIFY,OFF,OFF,FASTEXPR,False,2014-01-01,2023-12-31,"zscore(divide(cashflow_op, sales))",,2,2026-02-02T05:49:19-05:00,,2026-02-02T05:49:19-05:00,,False,False,,,ace_tag,llm_test,confidence_0.61,DATA_USAGE:SINGLE_DATA_SET,Single Data Set Alpha,,IS,UNSUBMITTED,3444306,20000000,1216,1441,0.0601,0.0333,0.5148,0.001108,0.13,0.07,2014-01-01,-763862.0,20000000.0,1391.0,1698.0,0.0584,-0.0074,1.438,-0.000253,-0.01,-0.03,-1385297.0,20000000.0,1216.0,1441.0,0.0601,-0.0134,0.5247,-0.000446,-0.02,-0.06,LOW_SHARPE,FAIL,1.58,0.13,LOW_FITNESS,FAIL,1.0,0.07,LOW_ASI_JPN_SHARPE,FAIL,1,-0.08,LOW_INVESTABILITY_CONSTRAINED_SHARPE,FAIL,0.09,-0.03,LOW_TURNOVER,PASS,0.01,0.0601,HIGH_TURNOVER,PASS,0.7,0.0601,CONCENTRATED_WEIGHT,FAIL,2014-08-18,0.1,0.499974,LOW_SUB_UNIVERSE_SHARPE,FAIL,0.04,-0.08,LOW_ROBUST_UNIVERSE_SHARPE.WITH_RATIO,PASS,0.9,0.12,0.16,LOW_ROBUST_UNIVERSE_RETURNS,PASS,0.9,0.03,0.0377,SELF_CORRELATION,PENDING,DATA_DIVERSITY,PENDING,PROD_CORRELATION,PENDING,REGULAR_SUBMISSION,PENDING,LOW_2Y_SHARPE,FAIL,-0.24,1.58,MATCHES_COMPETITION,PENDING,AIACv2,AI Alphas Competition 2.0,PASS,MATCHES_PYRAMID,1.0,1.1,ASI/D1/FUNDAMENTAL,1.1,WARNING,MATCHES_THEMES,EDrKL34,2.0,JPN Dataset Utilization Theme,M4ZYx3D,2.0,AMR Dataset Utilization Theme,9B3qxZ4,2.0,KOR Dataset Utilization Theme,PBVkEJD,2.0,TWN Dataset Utilization Theme,by88rqy,2.0,HKG Dataset Utilization Theme,V45896D,1.0,GLB/D1 TOPDIV3000 Power Pool Feb`26 Theme,,,,,,,,,,,,,,,,,,,,,,,,,,,,,,,,,,,,
Xgwrv2A5,REGULAR,PS40111,EQUITY,ASI,MINVOL1M,1,0,INDUSTRY,0.08,ON,VERIFY,OFF,OFF,FASTEXPR,False,2014-01-01,2023-12-31,"zscore(ts_delta(divide(debt, assets), 4))",,3,2026-02-02T05:49:09-05:00,,2026-02-02T05:49:09-05:00,,False,False,,,ace_tag,llm_test,confidence_0.54,DATA_USAGE:SINGLE_DATA_SET,Single Data Set Alpha,,IS,UNSUBMITTED,1109195,20000000,1295,1254,0.7224,0.0107,0.2783,3e-05,0.09,0.01,2014-01-01,-2723845.0,20000000.0,1586.0,1637.0,0.3243,-0.0263,0.5673,-0.000162,-0.06,-0.21,-64302.0,20000000.0,1295.0,1254.0,0.7224,-0.0006,0.3704,-2e-06,-0.0,-0.01,LOW_SHARPE,FAIL,1.58,0.09,LOW_FITNESS,FAIL,1.0,0.01,LOW_ASI_JPN_SHARPE,FAIL,1,-0.23,LOW_INVESTABILITY_CONSTRAINED_SHARPE,FAIL,0.06,-0.21,LOW_TURNOVER,PASS,0.01,0.7224,HIGH_TURNOVER,FAIL,0.7,0.7224,CONCENTRATED_WEIGHT,FAIL,2021-07-20,0.1,0.499996,LOW_SUB_UNIVERSE_SHARPE,FAIL,0.03,-0.25,LOW_ROBUST_UNIVERSE_SHARPE.WITH_RATIO,FAIL,0.9,0.08,-0.12,LOW_ROBUST_UNIVERSE_RETURNS,FAIL,0.9,0.0096,-0.0136,SELF_CORRELATION,PENDING,DATA_DIVERSITY,PENDING,PROD_CORRELATION,PENDING,REGULAR_SUBMISSION,PENDING,LOW_2Y_SHARPE,FAIL,0.61,1.58,MATCHES_COMPETITION,PENDING,AIACv2,AI Alphas Competition 2.0,PASS,MATCHES_PYRAMID,1.0,1.1,ASI/D1/FUNDAMENTAL,1.1,WARNING,MATCHES_THEMES,EDrKL34,2.0,JPN Dataset Utilization Theme,M4ZYx3D,2.0,AMR Dataset Utilization Theme,9B3qxZ4,2.0,KOR Dataset Utilization Theme,PBVkEJD,2.0,TWN Dataset Utilization Theme,by88rqy,2.0,HKG Dataset Utilization Theme,V45896D,1.0,GLB/D1 TOPDIV3000 Power Pool Feb`26 Theme,,,,,,,,,,,,,,,,,,,,,,,,,,,,,,,,,,,,
LLbjmkXe,REGULAR,PS40111,EQUITY,ASI,MINVOL1M,1,0,INDUSTRY,0.08,ON,VERIFY,OFF,OFF,FASTEXPR,False,2014-01-01,2023-12-31,"reverse(ts_std_dev(return_equity, 20))",,2,2026-02-02T05:49:29-05:00,,2026-02-02T05:49:29-05:00,,False,False,,,ace_tag,llm_test,confidence_0.59,DATA_USAGE:SINGLE_DATA_SET,Single Data Set Alpha,,IS,UNSUBMITTED,7058313,20000000,2733,461,0.1585,0.0682,0.3793,0.00086,0.42,0.28,2014-01-01,9255365.0,20000000.0,2493.0,844.0,0.1335,0.0894,0.3196,0.00134,0.5,0.61,1765653.0,20000000.0,2733.0,461.0,0.1585,0.0171,0.334,0.000215,0.04,0.12,LOW_SHARPE,FAIL,1.58,0.42,LOW_FITNESS,FAIL,1.0,0.28,LOW_ASI_JPN_SHARPE,FAIL,1,0.2,LOW_INVESTABILITY_CONSTRAINED_SHARPE,PASS,0.29,0.61,LOW_TURNOVER,PASS,0.01,0.1585,HIGH_TURNOVER,PASS,0.7,0.1585,CONCENTRATED_WEIGHT,FAIL,2023-12-13,0.1,0.499715,LOW_SUB_UNIVERSE_SHARPE,PASS,0.12,0.6,LOW_ROBUST_UNIVERSE_SHARPE.WITH_RATIO,PASS,0.9,0.38,0.54,LOW_ROBUST_UNIVERSE_RETURNS,PASS,0.9,0.0614,0.0862,SELF_CORRELATION,PENDING,DATA_DIVERSITY,PENDING,PROD_CORRELATION,PENDING,REGULAR_SUBMISSION,PENDING,LOW_2Y_SHARPE,FAIL,0.18,1.58,MATCHES_COMPETITION,PENDING,AIACv2,AI Alphas Competition 2.0,PASS,MATCHES_PYRAMID,1.0,1.1,ASI/D1/FUNDAMENTAL,1.1,WARNING,MATCHES_THEMES,EDrKL34,2.0,JPN Dataset Utilization Theme,M4ZYx3D,2.0,AMR Dataset Utilization Theme,9B3qxZ4,2.0,KOR Dataset Utilization Theme,PBVkEJD,2.0,TWN Dataset Utilization Theme,by88rqy,2.0,HKG Dataset Utilization Theme,V45896D,1.0,GLB/D1 TOPDIV3000 Power Pool Feb`26 Theme,,,,,,,,,,,,,,,,,,,,,,,,,,,,,,,,,,,,
wpwm2nA6,REGULAR,PS40111,EQUITY,ASI,MINVOL1M,1,0,INDUSTRY,0.08,ON,VERIFY,OFF,OFF,FASTEXPR,False,2014-01-01,2023-12-31,"reverse(divide(fnd23_vnin, income))",,2,2026-02-02T05:49:08-05:00,,2026-02-02T05:49:09-05:00,,False,False,,,ace_tag,llm_test,confidence_0.47,DATA_USAGE:SINGLE_DATA_SET,Single Data Set Alpha,,IS,UNSUBMITTED,1343297,20000000,1819,1200,0.0643,0.013,0.2413,0.000404,0.12,0.04,2014-01-01,4474386.0,20000000.0,1788.0,1235.0,0.0558,0.0432,0.2516,0.00155,0.23,0.39,108140.0,20000000.0,1819.0,1200.0,0.0643,0.001,0.3314,3.2e-05,0.0,0.01,LOW_SHARPE,FAIL,1.58,0.12,LOW_FITNESS,FAIL,1.0,0.04,LOW_ASI_JPN_SHARPE,FAIL,1,-0.29,LOW_INVESTABILITY_CONSTRAINED_SHARPE,PASS,0.08,0.39,LOW_TURNOVER,PASS,0.01,0.0643,HIGH_TURNOVER,PASS,0.7,0.0643,CONCENTRATED_WEIGHT,FAIL,2015-11-24,0.1,0.467642,LOW_SUB_UNIVERSE_SHARPE,FAIL,0.04,-0.23,LOW_ROBUST_UNIVERSE_SHARPE.WITH_RATIO,FAIL,0.9,0.11,-0.16,LOW_ROBUST_UNIVERSE_RETURNS,FAIL,0.9,0.0117,-0.0142,SELF_CORRELATION,PENDING,DATA_DIVERSITY,PENDING,PROD_CORRELATION,PENDING,REGULAR_SUBMISSION,PENDING,LOW_2Y_SHARPE,FAIL,-0.0,1.58,MATCHES_COMPETITION,PENDING,AIACv2,AI Alphas Competition 2.0,PASS,MATCHES_PYRAMID,1.0,1.1,ASI/D1/FUNDAMENTAL,1.1,WARNING,MATCHES_THEMES,EDrKL34,2.0,JPN Dataset Utilization Theme,M4ZYx3D,2.0,AMR Dataset Utilization Theme,9B3qxZ4,2.0,KOR Dataset Utilization Theme,PBVkEJD,2.0,TWN Dataset Utilization Theme,by88rqy,2.0,HKG Dataset Utilization Theme,V45896D,1.0,GLB/D1 TOPDIV3000 Power Pool Feb`26 Theme,,,,,,,,,,,,,,,,,,,,,,,,,,,,,,,,,,,,
KPY05XZN,REGULAR,PS40111,EQUITY,ASI,MINVOL1M,1,0,INDUSTRY,0.08,ON,VERIFY,OFF,OFF,FASTEXPR,False,2014-01-01,2023-12-31,"reverse(ts_std_dev(fnd23_tdbs, 20))",,2,2026-02-02T05:49:08-05:00,,2026-02-02T05:49:08-05:00,,False,False,,,ace_tag,llm_test,confidence_0.42,DATA_USAGE:SINGLE_DATA_SET,Single Data Set Alpha,,IS,UNSUBMITTED,-5243584,20000000,1701,88,0.1886,-0.0507,0.7077,-0.000537,-0.35,-0.18,2014-01-01,-3859231.0,20000000.0,1838.0,942.0,0.1421,-0.0373,0.6414,-0.000525,-0.15,-0.3,-2325030.0,20000000.0,1701.0,88.0,0.1886,-0.0225,0.5733,-0.000238,-0.07,-0.2,LOW_SHARPE,FAIL,1.58,-0.35,LOW_FITNESS,FAIL,1.0,-0.18,LOW_ASI_JPN_SHARPE,FAIL,1,0.06,LOW_INVESTABILITY_CONSTRAINED_SHARPE,FAIL,-0.24,-0.3,LOW_TURNOVER,PASS,0.01,0.1886,HIGH_TURNOVER,PASS,0.7,0.1886,CONCENTRATED_WEIGHT,FAIL,2014-06-25,0.1,0.493184,LOW_SUB_UNIVERSE_SHARPE,PASS,-0.1,-0.02,LOW_ROBUST_UNIVERSE_SHARPE.WITH_RATIO,FAIL,0.9,-0.32,-0.44,LOW_ROBUST_UNIVERSE_RETURNS,FAIL,0.9,-0.0456,-0.0623,SELF_CORRELATION,PENDING,DATA_DIVERSITY,PENDING,PROD_CORRELATION,PENDING,REGULAR_SUBMISSION,PENDING,LOW_2Y_SHARPE,FAIL,-0.1,1.58,MATCHES_COMPETITION,PENDING,AIACv2,AI Alphas Competition 2.0,PASS,MATCHES_PYRAMID,1.0,1.1,ASI/D1/FUNDAMENTAL,1.1,WARNING,MATCHES_THEMES,EDrKL34,2.0,JPN Dataset Utilization Theme,M4ZYx3D,2.0,AMR Dataset Utilization Theme,9B3qxZ4,2.0,KOR Dataset Utilization Theme,PBVkEJD,2.0,TWN Dataset Utilization Theme,by88rqy,2.0,HKG Dataset Utilization Theme,V45896D,1.0,GLB/D1 TOPDIV3000 Power Pool Feb`26 Theme,,,,,,,,,,,,,,,,,,,,,,,,,,,,,,,,,,,,
LLbjmGlv,REGULAR,PS40111,EQUITY,ASI,MINVOL1M,1,0,INDUSTRY,0.08,ON,VERIFY,OFF,OFF,FASTEXPR,False,2014-01-01,2023-12-31,"reverse(divide(ts_backfill(fnd23_bpao, 8), fnd23_crta))",,3,2026-02-02T05:50:49-05:00,,2026-02-02T05:50:50-05:00,,False,False,,,ace_tag,llm_test,confidence_0.46,DATA_USAGE:SINGLE_DATA_SET,Single Data Set Alpha,,IS,UNSUBMITTED,5374178,20000000,1585,1226,0.0246,0.0519,0.2913,0.004217,0.39,0.25,2014-01-01,4113541.0,20000000.0,1569.0,1244.0,0.029,0.0398,0.2669,0.002743,0.17,0.31,5236181.0,20000000.0,1585.0,1226.0,0.0246,0.0506,0.472,0.004109,0.21,0.33,LOW_SHARPE,FAIL,1.58,0.39,LOW_FITNESS,FAIL,1.0,0.25,LOW_ASI_JPN_SHARPE,FAIL,1,0.35,LOW_INVESTABILITY_CONSTRAINED_SHARPE,PASS,0.27,0.31,LOW_TURNOVER,PASS,0.01,0.0246,HIGH_TURNOVER,PASS,0.7,0.0246,CONCENTRATED_WEIGHT,FAIL,2015-03-04,0.1,0.484317,LOW_SUB_UNIVERSE_SHARPE,PASS,0.12,0.4,LOW_ROBUST_UNIVERSE_SHARPE.WITH_RATIO,PASS,0.9,0.35,0.43,LOW_ROBUST_UNIVERSE_RETURNS,PASS,0.9,0.0467,0.056,SELF_CORRELATION,PENDING,DATA_DIVERSITY,PENDING,PROD_CORRELATION,PENDING,REGULAR_SUBMISSION,PENDING,LOW_2Y_SHARPE,FAIL,0.41,1.58,MATCHES_COMPETITION,PENDING,AIACv2,AI Alphas Competition 2.0,PASS,MATCHES_PYRAMID,1.0,1.1,ASI/D1/FUNDAMENTAL,1.1,WARNING,MATCHES_THEMES,EDrKL34,2.0,JPN Dataset Utilization Theme,M4ZYx3D,2.0,AMR Dataset Utilization Theme,9B3qxZ4,2.0,KOR Dataset Utilization Theme,PBVkEJD,2.0,TWN Dataset Utilization Theme,by88rqy,2.0,HKG Dataset Utilization Theme,V45896D,1.0,GLB/D1 TOPDIV3000 Power Pool Feb`26 Theme,,,,,,,,,,,,,,,,,,,,,,,,,,,,,,,,,,,,
78qAvzK1,REGULAR,PS40111,EQUITY,ASI,MINVOL1M,1,0,INDUSTRY,0.08,ON,VERIFY,OFF,OFF,FASTEXPR,False,2014-01-01,2023-12-31,"reverse(ts_delta(divide(capex, assets), 4))",,3,2026-02-02T05:50:49-05:00,,2026-02-02T05:50:50-05:00,,False,False,,,ace_tag,llm_test,confidence_0.51,DATA_USAGE:SINGLE_DATA_SET,Single Data Set Alpha,,IS,UNSUBMITTED,10948210,20000000,1056,1356,0.6706,0.1058,0.2936,0.000316,0.65,0.26,2014-01-01,2183068.0,20000000.0,1578.0,1712.0,0.3059,0.0211,0.5161,0.000138,0.04,0.14,6884359.0,20000000.0,1056.0,1356.0,0.6706,0.0665,0.2286,0.000198,0.18,0.57,LOW_SHARPE,FAIL,1.58,0.65,LOW_FITNESS,FAIL,1.0,0.26,LOW_ASI_JPN_SHARPE,FAIL,1,0.18,LOW_INVESTABILITY_CONSTRAINED_SHARPE,FAIL,0.45,0.14,LOW_TURNOVER,PASS,0.01,0.6706,HIGH_TURNOVER,PASS,0.7,0.6706,CONCENTRATED_WEIGHT,FAIL,2017-01-05,0.1,0.500002,LOW_SUB_UNIVERSE_SHARPE,FAIL,0.19,-0.12,LOW_ROBUST_UNIVERSE_SHARPE.WITH_RATIO,PASS,0.9,0.59,0.79,LOW_ROBUST_UNIVERSE_RETURNS,PASS,0.9,0.0952,0.1256,SELF_CORRELATION,PENDING,DATA_DIVERSITY,PENDING,PROD_CORRELATION,PENDING,REGULAR_SUBMISSION,PENDING,LOW_2Y_SHARPE,FAIL,1.53,1.58,MATCHES_COMPETITION,PENDING,AIACv2,AI Alphas Competition 2.0,PASS,MATCHES_PYRAMID,1.0,1.1,ASI/D1/FUNDAMENTAL,1.1,WARNING,MATCHES_THEMES,EDrKL34,2.0,JPN Dataset Utilization Theme,M4ZYx3D,2.0,AMR Dataset Utilization Theme,9B3qxZ4,2.0,KOR Dataset Utilization Theme,PBVkEJD,2.0,TWN Dataset Utilization Theme,by88rqy,2.0,HKG Dataset Utilization Theme,V45896D,1.0,GLB/D1 TOPDIV3000 Power Pool Feb`26 Theme,,,,,,,,,,,,,,,,,,,,,,,,,,,,,,,,,,,,
d58X3ZlJ,REGULAR,PS40111,EQUITY,ASI,MINVOL1M,1,0,INDUSTRY,0.08,ON,VERIFY,OFF,OFF,FASTEXPR,False,2014-01-01,2023-12-31,"ts_zscore(ts_delta(operating_margin, 4), 8)",,2,2026-02-02T05:50:49-05:00,,2026-02-02T05:50:50-05:00,,False,False,,,ace_tag,llm_test,confidence_0.64,DATA_USAGE:SINGLE_DATA_SET,Single Data Set Alpha,,IS,UNSUBMITTED,2520363,20000000,242,241,0.6902,0.0244,0.1633,7.1e-05,0.4,0.08,2014-01-01,-1561013.0,20000000.0,335.0,335.0,0.2905,-0.0151,0.3285,-0.000104,-0.05,-0.2,3175848.0,20000000.0,242.0,241.0,0.6902,0.0307,0.1118,8.9e-05,0.12,0.56,LOW_SHARPE,FAIL,1.58,0.4,LOW_FITNESS,FAIL,1.0,0.08,LOW_ASI_JPN_SHARPE,FAIL,1,0.17,LOW_INVESTABILITY_CONSTRAINED_SHARPE,FAIL,0.28,-0.2,LOW_TURNOVER,PASS,0.01,0.6902,HIGH_TURNOVER,PASS,0.7,0.6902,CONCENTRATED_WEIGHT,FAIL,2023-01-10,0.1,0.1041,LOW_SUB_UNIVERSE_SHARPE,FAIL,0.12,-0.03,LOW_ROBUST_UNIVERSE_SHARPE.WITH_RATIO,PASS,0.9,0.36,0.57,LOW_ROBUST_UNIVERSE_RETURNS,PASS,0.9,0.022,0.0368,SELF_CORRELATION,PENDING,DATA_DIVERSITY,PENDING,PROD_CORRELATION,PENDING,REGULAR_SUBMISSION,PENDING,LOW_2Y_SHARPE,FAIL,0.3,1.58,MATCHES_COMPETITION,PENDING,AIACv2,AI Alphas Competition 2.0,PASS,MATCHES_PYRAMID,1.0,1.1,ASI/D1/FUNDAMENTAL,1.1,WARNING,MATCHES_THEMES,EDrKL34,2.0,JPN Dataset Utilization Theme,M4ZYx3D,2.0,AMR Dataset Utilization Theme,9B3qxZ4,2.0,KOR Dataset Utilization Theme,PBVkEJD,2.0,TWN Dataset Utilization Theme,by88rqy,2.0,HKG Dataset Utilization Theme,V45896D,1.0,GLB/D1 TOPDIV3000 Power Pool Feb`26 Theme,,,,,,,,,,,,,,,,,,,,,,,,,,,,,,,,,,,,
P0rWYGlJ,REGULAR,PS40111,EQUITY,ASI,MINVOL1M,1,0,INDUSTRY,0.08,ON,VERIFY,OFF,OFF,FASTEXPR,False,2014-01-01,2023-12-31,"reverse(ts_std_dev(ts_delta(sales, 4), 8))",,3,2026-02-02T05:50:48-05:00,,2026-02-02T05:50:49-05:00,,False,False,,,ace_tag,llm_test,confidence_0.5,DATA_USAGE:SINGLE_DATA_SET,Single Data Set Alpha,,IS,UNSUBMITTED,-1973121,20000000,2627,184,0.2836,-0.0191,0.398,-0.000134,-0.15,-0.04,2014-01-01,472253.0,20000000.0,2291.0,869.0,0.1804,0.0046,0.2864,5.1e-05,0.01,0.04,2291952.0,20000000.0,2627.0,184.0,0.2836,0.0221,0.2014,0.000156,0.07,0.24,LOW_SHARPE,FAIL,1.58,-0.15,LOW_FITNESS,FAIL,1.0,-0.04,LOW_ASI_JPN_SHARPE,FAIL,1,-0.1,LOW_INVESTABILITY_CONSTRAINED_SHARPE,PASS,-0.1,0.04,LOW_TURNOVER,PASS,0.01,0.2836,HIGH_TURNOVER,PASS,0.7,0.2836,CONCENTRATED_WEIGHT,FAIL,2021-04-22,0.1,0.499944,LOW_SUB_UNIVERSE_SHARPE,FAIL,-0.04,-0.18,LOW_ROBUST_UNIVERSE_SHARPE.WITH_RATIO,PASS,0.9,-0.14,0.05,LOW_ROBUST_UNIVERSE_RETURNS,PASS,0.9,-0.0172,0.0061,SELF_CORRELATION,PENDING,DATA_DIVERSITY,PENDING,PROD_CORRELATION,PENDING,REGULAR_SUBMISSION,PENDING,LOW_2Y_SHARPE,FAIL,0.07,1.58,MATCHES_COMPETITION,PENDING,AIACv2,AI Alphas Competition 2.0,PASS,MATCHES_PYRAMID,1.0,1.1,ASI/D1/FUNDAMENTAL,1.1,WARNING,MATCHES_THEMES,EDrKL34,2.0,JPN Dataset Utilization Theme,M4ZYx3D,2.0,AMR Dataset Utilization Theme,9B3qxZ4,2.0,KOR Dataset Utilization Theme,PBVkEJD,2.0,TWN Dataset Utilization Theme,by88rqy,2.0,HKG Dataset Utilization Theme,V45896D,1.0,GLB/D1 TOPDIV3000 Power Pool Feb`26 Theme,,,,,,,,,,,,,,,,,,,,,,,,,,,,,,,,,,,,
mL230oj2,REGULAR,PS40111,EQUITY,ASI,MINVOL1M,1,0,INDUSTRY,0.08,ON,VERIFY,OFF,OFF,FASTEXPR,False,2014-01-01,2023-12-31,"ts_delta(fnd23_tibs, 4)",,1,2026-02-02T05:52:29-05:00,,2026-02-02T05:52:30-05:00,,False,False,,,ace_tag,llm_test,confidence_0.6,DATA_USAGE:SINGLE_DATA_SET,Single Data Set Alpha,,IS,UNSUBMITTED,6167840,20000000,571,877,0.7325,0.0596,0.3549,0.000163,0.34,0.1,2014-01-01,5988111.0,20000000.0,1697.0,1461.0,0.3057,0.0579,0.4201,0.000379,0.15,0.35,5691766.0,20000000.0,571.0,877.0,0.7325,0.055,0.296,0.00015,0.1,0.35,LOW_SHARPE,FAIL,1.58,0.34,LOW_FITNESS,FAIL,1.0,0.1,LOW_ASI_JPN_SHARPE,FAIL,1,0.42,LOW_INVESTABILITY_CONSTRAINED_SHARPE,PASS,0.24,0.35,LOW_TURNOVER,PASS,0.01,0.7325,HIGH_TURNOVER,FAIL,0.7,0.7325,CONCENTRATED_WEIGHT,FAIL,2015-01-09,0.1,0.500001,LOW_SUB_UNIVERSE_SHARPE,PASS,0.1,0.27,LOW_ROBUST_UNIVERSE_SHARPE.WITH_RATIO,PASS,0.9,0.31,0.44,LOW_ROBUST_UNIVERSE_RETURNS,PASS,0.9,0.0536,0.073,SELF_CORRELATION,PENDING,DATA_DIVERSITY,PENDING,PROD_CORRELATION,PENDING,REGULAR_SUBMISSION,PENDING,LOW_2Y_SHARPE,FAIL,0.51,1.58,MATCHES_COMPETITION,PENDING,AIACv2,AI Alphas Competition 2.0,PASS,MATCHES_PYRAMID,1.0,1.1,ASI/D1/FUNDAMENTAL,1.1,WARNING,MATCHES_THEMES,EDrKL34,2.0,JPN Dataset Utilization Theme,M4ZYx3D,2.0,AMR Dataset Utilization Theme,9B3qxZ4,2.0,KOR Dataset Utilization Theme,PBVkEJD,2.0,TWN Dataset Utilization Theme,by88rqy,2.0,HKG Dataset Utilization Theme,V45896D,1.0,GLB/D1 TOPDIV3000 Power Pool Feb`26 Theme,,,,,,,,,,,,,,,,,,,,,,,,,,,,,,,,,,,,
QPrJWMvX,REGULAR,PS40111,EQUITY,ASI,MINVOL1M,1,0,INDUSTRY,0.08,ON,VERIFY,OFF,OFF,FASTEXPR,False,2014-01-01,2023-12-31,"ts_delta(fnd23_prgs, 4)",Quarterly change in gross profit margin (fnd23_prgs). Chose high-coverage gross-profit field. Confidence: 0.67.,1,2026-02-02T05:24:32-05:00,,2026-02-02T05:24:38-05:00,,False,False,,,ace_tag,llm_test,confidence_0.62,DATA_USAGE:SINGLE_DATA_SET,Single Data Set Alpha,,IS,UNSUBMITTED,246703,20000000,372,848,0.73,0.0024,0.4449,7e-06,0.01,0.0,2014-01-01,3646709.0,20000000.0,1587.0,1501.0,0.2909,0.0352,0.4276,0.000242,0.07,0.21,39468.0,20000000.0,372.0,848.0,0.73,0.0004,0.4527,1e-06,0.0,0.0,LOW_SHARPE,FAIL,1.58,0.01,LOW_FITNESS,FAIL,1.0,0.0,LOW_ASI_JPN_SHARPE,FAIL,1,0.24,LOW_INVESTABILITY_CONSTRAINED_SHARPE,PASS,0.01,0.21,LOW_TURNOVER,PASS,0.01,0.73,HIGH_TURNOVER,FAIL,0.7,0.73,CONCENTRATED_WEIGHT,FAIL,2018-10-09,0.1,0.500005,LOW_SUB_UNIVERSE_SHARPE,FAIL,0.0,-0.15,LOW_ROBUST_UNIVERSE_SHARPE.WITH_RATIO,PASS,0.9,0.01,0.23,LOW_ROBUST_UNIVERSE_RETURNS,PASS,0.9,0.0022,0.0391,SELF_CORRELATION,PENDING,DATA_DIVERSITY,PENDING,PROD_CORRELATION,PENDING,REGULAR_SUBMISSION,PENDING,LOW_2Y_SHARPE,FAIL,0.33,1.58,MATCHES_COMPETITION,PENDING,AIACv2,AI Alphas Competition 2.0,PASS,MATCHES_PYRAMID,1.0,1.1,ASI/D1/FUNDAMENTAL,1.1,WARNING,MATCHES_THEMES,EDrKL34,2.0,JPN Dataset Utilization Theme,M4ZYx3D,2.0,AMR Dataset Utilization Theme,9B3qxZ4,2.0,KOR Dataset Utilization Theme,PBVkEJD,2.0,TWN Dataset Utilization Theme,by88rqy,2.0,HKG Dataset Utilization Theme,V45896D,1.0,GLB/D1 TOPDIV3000 Power Pool Feb`26 Theme,,,,,,,,,,,,,,,,,,,,,,,,,,,,,,,,,,,,
9qPvdje2,REGULAR,PS40111,EQUITY,ASI,MINVOL1M,1,0,INDUSTRY,0.08,ON,VERIFY,OFF,OFF,FASTEXPR,False,2014-01-01,2023-12-31,"reverse(ts_zscore(divide(debt, ebitda), 8))",,3,2026-02-02T05:51:49-05:00,,2026-02-02T05:51:50-05:00,,False,False,,,ace_tag,llm_test,confidence_0.57,DATA_USAGE:SINGLE_DATA_SET,Single Data Set Alpha,,IS,UNSUBMITTED,6058434,20000000,189,184,0.6911,0.0585,0.2135,0.000169,0.82,0.24,2014-01-01,1176045.0,20000000.0,307.0,302.0,0.2408,0.0114,0.2546,9.4e-05,0.03,0.14,4497207.0,20000000.0,189.0,184.0,0.6911,0.0435,0.1456,0.000126,0.17,0.67,LOW_SHARPE,FAIL,1.58,0.82,LOW_FITNESS,FAIL,1.0,0.24,LOW_ASI_JPN_SHARPE,FAIL,1,0.3,LOW_INVESTABILITY_CONSTRAINED_SHARPE,FAIL,0.57,0.14,LOW_TURNOVER,PASS,0.01,0.6911,HIGH_TURNOVER,PASS,0.7,0.6911,CONCENTRATED_WEIGHT,FAIL,2023-01-09,0.1,0.390949,LOW_SUB_UNIVERSE_SHARPE,PASS,0.24,0.45,LOW_ROBUST_UNIVERSE_SHARPE.WITH_RATIO,PASS,0.9,0.74,0.9,LOW_ROBUST_UNIVERSE_RETURNS,PASS,0.9,0.0527,0.0665,SELF_CORRELATION,PENDING,DATA_DIVERSITY,PENDING,PROD_CORRELATION,PENDING,REGULAR_SUBMISSION,PENDING,LOW_2Y_SHARPE,FAIL,0.54,1.58,MATCHES_COMPETITION,PENDING,AIACv2,AI Alphas Competition 2.0,PASS,MATCHES_PYRAMID,1.0,1.1,ASI/D1/FUNDAMENTAL,1.1,WARNING,MATCHES_THEMES,EDrKL34,2.0,JPN Dataset Utilization Theme,M4ZYx3D,2.0,AMR Dataset Utilization Theme,9B3qxZ4,2.0,KOR Dataset Utilization Theme,PBVkEJD,2.0,TWN Dataset Utilization Theme,by88rqy,2.0,HKG Dataset Utilization Theme,V45896D,1.0,GLB/D1 TOPDIV3000 Power Pool Feb`26 Theme,,,,,,,,,,,,,,,,,,,,,,,,,,,,,,,,,,,,
gJqAg8Rv,REGULAR,PS40111,EQUITY,ASI,MINVOL1M,1,0,INDUSTRY,0.08,ON,VERIFY,OFF,OFF,FASTEXPR,False,2014-01-01,2023-12-31,"reverse(divide(fnd23_ists, revenue))",,2,2026-02-02T05:50:49-05:00,,2026-02-02T05:50:50-05:00,,False,False,,,ace_tag,llm_test,confidence_0.38,DATA_USAGE:SINGLE_DATA_SET,Single Data Set Alpha,,IS,UNSUBMITTED,9869240,20000000,1993,1099,0.0467,0.0954,0.9383,0.004088,0.32,0.28,2014-01-01,6801635.0,20000000.0,1883.0,1212.0,0.0425,0.0657,0.7157,0.00309,0.17,0.24,5456073.0,20000000.0,1993.0,1099.0,0.0467,0.0527,0.8228,0.00226,0.13,0.2,LOW_SHARPE,FAIL,1.58,0.32,LOW_FITNESS,FAIL,1.0,0.28,LOW_ASI_JPN_SHARPE,FAIL,1,-0.31,LOW_INVESTABILITY_CONSTRAINED_SHARPE,PASS,0.22,0.24,LOW_TURNOVER,PASS,0.01,0.0467,HIGH_TURNOVER,PASS,0.7,0.0467,CONCENTRATED_WEIGHT,FAIL,2017-12-08,0.1,0.496795,LOW_SUB_UNIVERSE_SHARPE,PASS,0.09,0.33,LOW_ROBUST_UNIVERSE_SHARPE.WITH_RATIO,FAIL,0.9,0.29,0.14,LOW_ROBUST_UNIVERSE_RETURNS,FAIL,0.9,0.0859,0.0398,SELF_CORRELATION,PENDING,DATA_DIVERSITY,PENDING,PROD_CORRELATION,PENDING,REGULAR_SUBMISSION,PENDING,LOW_2Y_SHARPE,FAIL,-0.64,1.58,MATCHES_COMPETITION,PENDING,AIACv2,AI Alphas Competition 2.0,PASS,MATCHES_PYRAMID,1.0,1.1,ASI/D1/FUNDAMENTAL,1.1,WARNING,MATCHES_THEMES,EDrKL34,2.0,JPN Dataset Utilization Theme,M4ZYx3D,2.0,AMR Dataset Utilization Theme,9B3qxZ4,2.0,KOR Dataset Utilization Theme,PBVkEJD,2.0,TWN Dataset Utilization Theme,by88rqy,2.0,HKG Dataset Utilization Theme,V45896D,1.0,GLB/D1 TOPDIV3000 Power Pool Feb`26 Theme,,,,,,,,,,,,,,,,,,,,,,,,,,,,,,,,,,,,
2rq0Xe98,REGULAR,PS40111,EQUITY,ASI,MINVOL1M,1,0,INDUSTRY,0.08,ON,VERIFY,OFF,OFF,FASTEXPR,False,2014-01-01,2023-12-31,"ts_delta(fnd23_vbts, 4)",,1,2026-02-02T05:54:22-05:00,,2026-02-02T05:54:22-05:00,,False,False,,,ace_tag,llm_test,confidence_0.65,DATA_USAGE:SINGLE_DATA_SET,Single Data Set Alpha,,IS,UNSUBMITTED,1900532,20000000,407,998,0.7236,0.0184,0.3915,5.1e-05,0.1,0.02,2014-01-01,2583542.0,20000000.0,1551.0,1749.0,0.3144,0.025,0.3609,0.000159,0.04,0.15,1093150.0,20000000.0,407.0,998.0,0.7236,0.0106,0.3955,2.9e-05,0.01,0.06,LOW_SHARPE,FAIL,1.58,0.1,LOW_FITNESS,FAIL,1.0,0.02,LOW_ASI_JPN_SHARPE,FAIL,1,0.26,LOW_INVESTABILITY_CONSTRAINED_SHARPE,PASS,0.07,0.15,LOW_TURNOVER,PASS,0.01,0.7236,HIGH_TURNOVER,FAIL,0.7,0.7236,CONCENTRATED_WEIGHT,FAIL,2021-01-05,0.1,0.500003,LOW_SUB_UNIVERSE_SHARPE,FAIL,0.03,-0.03,LOW_ROBUST_UNIVERSE_SHARPE.WITH_RATIO,PASS,0.9,0.09,0.16,LOW_ROBUST_UNIVERSE_RETURNS,PASS,0.9,0.0166,0.0274,SELF_CORRELATION,PENDING,DATA_DIVERSITY,PENDING,PROD_CORRELATION,PENDING,REGULAR_SUBMISSION,PENDING,LOW_2Y_SHARPE,FAIL,0.37,1.58,MATCHES_COMPETITION,PENDING,AIACv2,AI Alphas Competition 2.0,PASS,MATCHES_PYRAMID,1.0,1.1,ASI/D1/FUNDAMENTAL,1.1,WARNING,MATCHES_THEMES,EDrKL34,2.0,JPN Dataset Utilization Theme,M4ZYx3D,2.0,AMR Dataset Utilization Theme,9B3qxZ4,2.0,KOR Dataset Utilization Theme,PBVkEJD,2.0,TWN Dataset Utilization Theme,by88rqy,2.0,HKG Dataset Utilization Theme,V45896D,1.0,GLB/D1 TOPDIV3000 Power Pool Feb`26 Theme,,,,,,,,,,,,,,,,,,,,,,,,,,,,,,,,,,,,
vRnqpGbd,REGULAR,PS40111,EQUITY,ASI,MINVOL1M,1,0,INDUSTRY,0.08,ON,VERIFY,OFF,OFF,FASTEXPR,False,2014-01-01,2023-12-31,"reverse(divide(sga_expense, assets))",,2,2026-02-02T05:53:52-05:00,,2026-02-02T05:53:53-05:00,,False,False,,,ace_tag,llm_test,confidence_0.49,DATA_USAGE:SINGLE_DATA_SET,Single Data Set Alpha,,IS,UNSUBMITTED,-3368162,20000000,2051,1134,0.0455,-0.0325,0.5782,-0.00143,-0.15,-0.08,2014-01-01,-3036852.0,20000000.0,2032.0,1156.0,0.0465,-0.0293,0.5546,-0.001261,-0.07,-0.15,-2767509.0,20000000.0,2051.0,1134.0,0.0455,-0.0267,0.3935,-0.001175,-0.08,-0.17,LOW_SHARPE,FAIL,1.58,-0.15,LOW_FITNESS,FAIL,1.0,-0.08,LOW_ASI_JPN_SHARPE,FAIL,1,-0.43,LOW_INVESTABILITY_CONSTRAINED_SHARPE,FAIL,-0.1,-0.15,LOW_TURNOVER,PASS,0.01,0.0455,HIGH_TURNOVER,PASS,0.7,0.0455,CONCENTRATED_WEIGHT,FAIL,2022-07-12,0.1,0.499929,LOW_SUB_UNIVERSE_SHARPE,FAIL,-0.04,-0.07,LOW_ROBUST_UNIVERSE_SHARPE.WITH_RATIO,FAIL,0.9,-0.14,-0.42,LOW_ROBUST_UNIVERSE_RETURNS,FAIL,0.9,-0.0293,-0.0456,SELF_CORRELATION,PENDING,DATA_DIVERSITY,PENDING,PROD_CORRELATION,PENDING,REGULAR_SUBMISSION,PENDING,LOW_2Y_SHARPE,FAIL,-0.42,1.58,MATCHES_COMPETITION,PENDING,AIACv2,AI Alphas Competition 2.0,PASS,MATCHES_PYRAMID,1.0,1.1,ASI/D1/FUNDAMENTAL,1.1,WARNING,MATCHES_THEMES,EDrKL34,2.0,JPN Dataset Utilization Theme,M4ZYx3D,2.0,AMR Dataset Utilization Theme,9B3qxZ4,2.0,KOR Dataset Utilization Theme,PBVkEJD,2.0,TWN Dataset Utilization Theme,by88rqy,2.0,HKG Dataset Utilization Theme,V45896D,1.0,GLB/D1 TOPDIV3000 Power Pool Feb`26 Theme,,,,,,,,,,,,,,,,,,,,,,,,,,,,,,,,,,,,
QPrJNgeG,REGULAR,PS40111,EQUITY,ASI,MINVOL1M,1,0,INDUSTRY,0.08,ON,VERIFY,OFF,OFF,FASTEXPR,False,2014-01-01,2023-12-31,"divide(fnd23_taiv, assets)",,1,2026-02-02T05:53:58-05:00,,2026-02-02T05:53:58-05:00,,False,False,,,ace_tag,llm_test,confidence_0.63,DATA_USAGE:SINGLE_DATA_SET,Single Data Set Alpha,,IS,UNSUBMITTED,10459226,20000000,1641,1647,0.0596,0.1011,0.552,0.003392,0.45,0.4,2014-01-01,7419716.0,20000000.0,1601.0,1689.0,0.0459,0.0717,0.5233,0.003126,0.26,0.34,5644674.0,20000000.0,1641.0,1647.0,0.0596,0.0545,0.5055,0.001831,0.21,0.32,LOW_SHARPE,FAIL,1.58,0.45,LOW_FITNESS,FAIL,1.0,0.4,LOW_ASI_JPN_SHARPE,FAIL,1,0.38,LOW_INVESTABILITY_CONSTRAINED_SHARPE,PASS,0.32,0.34,LOW_TURNOVER,PASS,0.01,0.0596,HIGH_TURNOVER,PASS,0.7,0.0596,CONCENTRATED_WEIGHT,FAIL,2015-04-13,0.1,0.499936,LOW_SUB_UNIVERSE_SHARPE,PASS,0.13,0.34,LOW_ROBUST_UNIVERSE_SHARPE.WITH_RATIO,FAIL,0.9,0.41,0.22,LOW_ROBUST_UNIVERSE_RETURNS,FAIL,0.9,0.091,0.0228,SELF_CORRELATION,PENDING,DATA_DIVERSITY,PENDING,PROD_CORRELATION,PENDING,REGULAR_SUBMISSION,PENDING,LOW_2Y_SHARPE,FAIL,-0.58,1.58,MATCHES_COMPETITION,PENDING,AIACv2,AI Alphas Competition 2.0,PASS,MATCHES_PYRAMID,1.0,1.1,ASI/D1/FUNDAMENTAL,1.1,WARNING,MATCHES_THEMES,EDrKL34,2.0,JPN Dataset Utilization Theme,M4ZYx3D,2.0,AMR Dataset Utilization Theme,9B3qxZ4,2.0,KOR Dataset Utilization Theme,PBVkEJD,2.0,TWN Dataset Utilization Theme,by88rqy,2.0,HKG Dataset Utilization Theme,V45896D,1.0,GLB/D1 TOPDIV3000 Power Pool Feb`26 Theme,,,,,,,,,,,,,,,,,,,,,,,,,,,,,,,,,,,,
ak2YQGk1,REGULAR,PS40111,EQUITY,ASI,MINVOL1M,1,0,INDUSTRY,0.08,ON,VERIFY,OFF,OFF,FASTEXPR,False,2014-01-01,2023-12-31,"ts_delta(fnd23_fcos, 4)",,1,2026-02-02T05:54:11-05:00,,2026-02-02T05:54:12-05:00,,False,False,,,ace_tag,llm_test,confidence_0.55,DATA_USAGE:SINGLE_DATA_SET,Single Data Set Alpha,,IS,UNSUBMITTED,17639179,20000000,815,701,0.7583,0.1707,0.3087,0.00045,0.92,0.44,2014-01-01,10669723.0,20000000.0,1635.0,1662.0,0.3198,0.1033,0.2533,0.000646,0.36,0.63,19049087.0,20000000.0,815.0,701.0,0.7583,0.1844,0.243,0.000486,0.54,1.09,LOW_SHARPE,FAIL,1.58,0.92,LOW_FITNESS,FAIL,1.0,0.44,LOW_ASI_JPN_SHARPE,FAIL,1,0.27,LOW_INVESTABILITY_CONSTRAINED_SHARPE,FAIL,0.64,0.63,LOW_TURNOVER,PASS,0.01,0.7583,HIGH_TURNOVER,FAIL,0.7,0.7583,CONCENTRATED_WEIGHT,FAIL,2016-01-07,0.1,0.500002,LOW_SUB_UNIVERSE_SHARPE,PASS,0.27,0.41,LOW_ROBUST_UNIVERSE_SHARPE.WITH_RATIO,FAIL,0.9,0.83,0.74,LOW_ROBUST_UNIVERSE_RETURNS,FAIL,0.9,0.1536,0.1241,SELF_CORRELATION,PENDING,DATA_DIVERSITY,PENDING,PROD_CORRELATION,PENDING,REGULAR_SUBMISSION,PENDING,LOW_2Y_SHARPE,FAIL,0.77,1.58,MATCHES_COMPETITION,PENDING,AIACv2,AI Alphas Competition 2.0,PASS,MATCHES_PYRAMID,1.0,1.1,ASI/D1/FUNDAMENTAL,1.1,WARNING,MATCHES_THEMES,EDrKL34,2.0,JPN Dataset Utilization Theme,M4ZYx3D,2.0,AMR Dataset Utilization Theme,9B3qxZ4,2.0,KOR Dataset Utilization Theme,PBVkEJD,2.0,TWN Dataset Utilization Theme,by88rqy,2.0,HKG Dataset Utilization Theme,V45896D,1.0,GLB/D1 TOPDIV3000 Power Pool Feb`26 Theme,,,,,,,,,,,,,,,,,,,,,,,,,,,,,,,,,,,,
KPY05z9p,REGULAR,PS40111,EQUITY,ASI,MINVOL1M,1,0,INDUSTRY,0.08,ON,VERIFY,OFF,OFF,FASTEXPR,False,2014-01-01,2023-12-31,"ts_zscore(ts_delta(fnd23_prgs, 4), 8)",,2,2026-02-02T05:53:46-05:00,,2026-02-02T05:53:47-05:00,,False,False,,,ace_tag,llm_test,confidence_0.61,DATA_USAGE:SINGLE_DATA_SET,Single Data Set Alpha,,IS,UNSUBMITTED,10598829,20000000,53,63,0.7342,0.1024,0.4772,0.000279,0.55,0.21,2014-01-01,-4164936.0,20000000.0,95.0,118.0,0.1997,-0.0402,0.7759,-0.000403,-0.09,-0.19,9807896.0,20000000.0,53.0,63.0,0.7342,0.0948,0.3091,0.000258,0.2,0.56,LOW_SHARPE,FAIL,1.58,0.55,LOW_FITNESS,FAIL,1.0,0.21,LOW_ASI_JPN_SHARPE,FAIL,1,0.31,LOW_INVESTABILITY_CONSTRAINED_SHARPE,FAIL,0.39,-0.19,LOW_TURNOVER,PASS,0.01,0.7342,HIGH_TURNOVER,FAIL,0.7,0.7342,CONCENTRATED_WEIGHT,FAIL,2022-12-30,0.1,0.5,LOW_SUB_UNIVERSE_SHARPE,PASS,0.16,0.5,LOW_ROBUST_UNIVERSE_SHARPE.WITH_RATIO,PASS,0.9,0.5,0.63,LOW_ROBUST_UNIVERSE_RETURNS,PASS,0.9,0.0922,0.1223,SELF_CORRELATION,PENDING,DATA_DIVERSITY,PENDING,PROD_CORRELATION,PENDING,REGULAR_SUBMISSION,PENDING,LOW_2Y_SHARPE,FAIL,-0.59,1.58,MATCHES_COMPETITION,PENDING,AIACv2,AI Alphas Competition 2.0,PASS,MATCHES_PYRAMID,1.0,1.1,ASI/D1/FUNDAMENTAL,1.1,WARNING,MATCHES_THEMES,EDrKL34,2.0,JPN Dataset Utilization Theme,M4ZYx3D,2.0,AMR Dataset Utilization Theme,9B3qxZ4,2.0,KOR Dataset Utilization Theme,PBVkEJD,2.0,TWN Dataset Utilization Theme,by88rqy,2.0,HKG Dataset Utilization Theme,V45896D,1.0,GLB/D1 TOPDIV3000 Power Pool Feb`26 Theme,,,,,,,,,,,,,,,,,,,,,,,,,,,,,,,,,,,,
le6q59kx,REGULAR,PS40111,EQUITY,ASI,MINVOL1M,1,0,INDUSTRY,0.08,ON,VERIFY,OFF,OFF,FASTEXPR,False,2014-01-01,2023-12-31,"zscore(divide(fnd23_eaca, liabilities_curr))",,2,2026-02-02T05:53:59-05:00,,2026-02-02T05:53:59-05:00,,False,False,,,ace_tag,llm_test,confidence_0.6,DATA_USAGE:SINGLE_DATA_SET,Single Data Set Alpha,,IS,UNSUBMITTED,-7742089,20000000,865,2127,0.0329,-0.0748,0.9117,-0.004548,-0.67,-0.52,2014-01-01,-8304908.0,20000000.0,890.0,2105.0,0.0261,-0.0803,0.8874,-0.006139,-0.59,-0.74,-2363354.0,20000000.0,865.0,2127.0,0.0329,-0.0228,0.4008,-0.001388,-0.15,-0.34,LOW_SHARPE,FAIL,1.58,-0.67,LOW_FITNESS,FAIL,1.0,-0.52,LOW_ASI_JPN_SHARPE,FAIL,1,-0.39,LOW_INVESTABILITY_CONSTRAINED_SHARPE,FAIL,-0.47,-0.74,LOW_TURNOVER,PASS,0.01,0.0329,HIGH_TURNOVER,PASS,0.7,0.0329,CONCENTRATED_WEIGHT,FAIL,2021-07-12,0.1,0.492615,LOW_SUB_UNIVERSE_SHARPE,FAIL,-0.2,-0.98,LOW_ROBUST_UNIVERSE_SHARPE.WITH_RATIO,FAIL,0.9,-0.6,-0.61,LOW_ROBUST_UNIVERSE_RETURNS,FAIL,0.9,-0.0673,-0.0719,SELF_CORRELATION,PENDING,DATA_DIVERSITY,PENDING,PROD_CORRELATION,PENDING,REGULAR_SUBMISSION,PENDING,LOW_2Y_SHARPE,FAIL,-1.1,1.58,MATCHES_COMPETITION,PENDING,AIACv2,AI Alphas Competition 2.0,PASS,MATCHES_PYRAMID,1.0,1.1,ASI/D1/FUNDAMENTAL,1.1,WARNING,MATCHES_THEMES,EDrKL34,2.0,JPN Dataset Utilization Theme,M4ZYx3D,2.0,AMR Dataset Utilization Theme,9B3qxZ4,2.0,KOR Dataset Utilization Theme,PBVkEJD,2.0,TWN Dataset Utilization Theme,by88rqy,2.0,HKG Dataset Utilization Theme,V45896D,1.0,GLB/D1 TOPDIV3000 Power Pool Feb`26 Theme,,,,,,,,,,,,,,,,,,,,,,,,,,,,,,,,,,,,
RRZ3lzpa,REGULAR,PS40111,EQUITY,ASI,MINVOL1M,1,0,INDUSTRY,0.08,ON,VERIFY,OFF,OFF,FASTEXPR,False,2014-01-01,2023-12-31,"divide(operating_margin, assets)",,1,2026-02-02T05:53:46-05:00,,2026-02-02T05:53:46-05:00,,False,False,,,ace_tag,llm_test,confidence_0.46,DATA_USAGE:SINGLE_DATA_SET,Single Data Set Alpha,,IS,UNSUBMITTED,24161550,20000000,1507,1678,0.0345,0.2335,0.946,0.013548,0.39,0.53,2014-01-01,22912849.0,20000000.0,1509.0,1679.0,0.0412,0.2214,0.757,0.01075,0.55,0.41,6667236.0,20000000.0,1507.0,1678.0,0.0345,0.0644,1.6516,0.003739,0.09,0.12,LOW_SHARPE,FAIL,1.58,0.39,LOW_FITNESS,FAIL,1.0,0.53,LOW_ASI_JPN_SHARPE,FAIL,1,0.19,LOW_INVESTABILITY_CONSTRAINED_SHARPE,PASS,0.27,0.41,LOW_TURNOVER,PASS,0.01,0.0345,HIGH_TURNOVER,PASS,0.7,0.0345,CONCENTRATED_WEIGHT,FAIL,2014-06-17,0.1,0.499909,LOW_SUB_UNIVERSE_SHARPE,FAIL,0.12,0.04,LOW_ROBUST_UNIVERSE_SHARPE.WITH_RATIO,PASS,0.9,0.35,0.41,LOW_ROBUST_UNIVERSE_RETURNS,PASS,0.9,0.2102,0.2326,SELF_CORRELATION,PENDING,DATA_DIVERSITY,PENDING,PROD_CORRELATION,PENDING,REGULAR_SUBMISSION,PENDING,LOW_2Y_SHARPE,FAIL,0.42,1.58,MATCHES_COMPETITION,PENDING,AIACv2,AI Alphas Competition 2.0,PASS,MATCHES_PYRAMID,1.0,1.1,ASI/D1/FUNDAMENTAL,1.1,WARNING,MATCHES_THEMES,EDrKL34,2.0,JPN Dataset Utilization Theme,M4ZYx3D,2.0,AMR Dataset Utilization Theme,9B3qxZ4,2.0,KOR Dataset Utilization Theme,PBVkEJD,2.0,TWN Dataset Utilization Theme,by88rqy,2.0,HKG Dataset Utilization Theme,V45896D,1.0,GLB/D1 TOPDIV3000 Power Pool Feb`26 Theme,,,,,,,,,,,,,,,,,,,,,,,,,,,,,,,,,,,,
1YV9lKKk,REGULAR,PS40111,EQUITY,ASI,MINVOL1M,1,0,INDUSTRY,0.08,ON,VERIFY,OFF,OFF,FASTEXPR,False,2014-01-01,2023-12-31,"zscore(divide(cashflow_op, assets))",,2,2026-02-02T05:53:51-05:00,,2026-02-02T05:53:51-05:00,,False,False,,,ace_tag,llm_test,confidence_0.65,DATA_USAGE:SINGLE_DATA_SET,Single Data Set Alpha,,IS,UNSUBMITTED,7666717,20000000,1597,1731,0.0293,0.0741,0.0772,0.005059,1.16,0.89,2014-01-01,7487879.0,20000000.0,1606.0,1723.0,0.0293,0.0724,0.0769,0.004935,0.87,1.14,1905241.0,20000000.0,1597.0,1731.0,0.0293,0.0184,0.0661,0.001257,0.18,0.48,LOW_SHARPE,WARNING,1.58,1.16,LOW_FITNESS,WARNING,1.0,0.89,LOW_ASI_JPN_SHARPE,FAIL,1,0.28,LOW_INVESTABILITY_CONSTRAINED_SHARPE,PASS,0.81,1.14,LOW_TURNOVER,PASS,0.01,0.0293,HIGH_TURNOVER,PASS,0.7,0.0293,CONCENTRATED_WEIGHT,WARNING,2016-01-15,0.1,0.499535,LOW_SUB_UNIVERSE_SHARPE,PASS,0.34,0.81,LOW_ROBUST_UNIVERSE_SHARPE.WITH_RATIO,FAIL,0.9,1.04,0.79,LOW_ROBUST_UNIVERSE_RETURNS,FAIL,0.9,0.0667,0.0439,SELF_CORRELATION,PENDING,DATA_DIVERSITY,PENDING,PROD_CORRELATION,PENDING,REGULAR_SUBMISSION,PENDING,LOW_2Y_SHARPE,WARNING,1.04,1.58,POWER_POOL_CORRELATION,PENDING,,,PENDING,MATCHES_COMPETITION,,,,,PASS,MATCHES_PYRAMID,,,,,,,,,,,,,,,,,,,,,,,,,,,,,AIACv2,AI Alphas Competition 2.0,1.0,1.1,ASI/D1/FUNDAMENTAL,1.1,WARNING,MATCHES_THEMES,EDrKL34,2.0,JPN Dataset Utilization Theme,M4ZYx3D,2.0,AMR Dataset Utilization Theme,9B3qxZ4,2.0,KOR Dataset Utilization Theme,PBVkEJD,2.0,TWN Dataset Utilization Theme,by88rqy,2.0,HKG Dataset Utilization Theme,V45896D,1.0,GLB/D1 TOPDIV3000 Power Pool Feb`26 Theme
xAw62ZVw,REGULAR,PS40111,EQUITY,ASI,MINVOL1M,1,0,INDUSTRY,0.08,ON,VERIFY,OFF,OFF,FASTEXPR,False,2014-01-01,2023-12-31,"reverse(ts_std_dev(fnd23_ists, 8))",,2,2026-02-02T05:55:49-05:00,,2026-02-02T05:55:50-05:00,,False,False,,,ace_tag,llm_test,confidence_0.4,DATA_USAGE:SINGLE_DATA_SET,Single Data Set Alpha,,IS,UNSUBMITTED,2585716,20000000,1760,60,0.42,0.025,0.7766,0.000119,0.15,0.04,2014-01-01,-3354959.0,20000000.0,1968.0,1260.0,0.2365,-0.0324,0.8208,-0.000274,-0.09,-0.23,3993208.0,20000000.0,1760.0,60.0,0.42,0.0386,0.7187,0.000184,0.08,0.27,LOW_SHARPE,FAIL,1.58,0.15,LOW_FITNESS,FAIL,1.0,0.04,LOW_ASI_JPN_SHARPE,FAIL,1,-0.06,LOW_INVESTABILITY_CONSTRAINED_SHARPE,FAIL,0.1,-0.23,LOW_TURNOVER,PASS,0.01,0.42,HIGH_TURNOVER,PASS,0.7,0.42,CONCENTRATED_WEIGHT,FAIL,2014-01-03,0.1,0.500003,LOW_SUB_UNIVERSE_SHARPE,PASS,0.04,0.42,LOW_ROBUST_UNIVERSE_SHARPE.WITH_RATIO,FAIL,0.9,0.14,0.09,LOW_ROBUST_UNIVERSE_RETURNS,FAIL,0.9,0.0225,0.0136,SELF_CORRELATION,PENDING,DATA_DIVERSITY,PENDING,PROD_CORRELATION,PENDING,REGULAR_SUBMISSION,PENDING,LOW_2Y_SHARPE,FAIL,1.27,1.58,MATCHES_COMPETITION,PENDING,AIACv2,AI Alphas Competition 2.0,PASS,MATCHES_PYRAMID,1.0,1.1,ASI/D1/FUNDAMENTAL,1.1,WARNING,MATCHES_THEMES,EDrKL34,2.0,JPN Dataset Utilization Theme,M4ZYx3D,2.0,AMR Dataset Utilization Theme,9B3qxZ4,2.0,KOR Dataset Utilization Theme,PBVkEJD,2.0,TWN Dataset Utilization Theme,by88rqy,2.0,HKG Dataset Utilization Theme,V45896D,1.0,GLB/D1 TOPDIV3000 Power Pool Feb`26 Theme,,,,,,,,,,,,,,,,,,,,,,,,,,,,,,,,,,,,
e78pVjmp,REGULAR,PS40111,EQUITY,ASI,MINVOL1M,1,0,INDUSTRY,0.08,ON,VERIFY,OFF,OFF,FASTEXPR,False,2014-01-01,2023-12-31,zscore(inventory),,1,2026-02-02T05:55:41-05:00,,2026-02-02T05:55:41-05:00,,False,False,,,ace_tag,llm_test,confidence_0.42,DATA_USAGE:SINGLE_DATA_SET,Single Data Set Alpha,,IS,UNSUBMITTED,1020741,20000000,471,2453,0.0061,0.0099,0.2166,0.003217,0.09,0.03,2014-01-01,430909.0,20000000.0,484.0,2443.0,0.0067,0.0042,0.2212,0.001234,0.01,0.04,-2490975.0,20000000.0,471.0,2453.0,0.0061,-0.0241,0.2731,-0.007852,-0.19,-0.44,LOW_SHARPE,FAIL,1.58,0.09,LOW_FITNESS,FAIL,1.0,0.03,LOW_ASI_JPN_SHARPE,FAIL,1,0.32,LOW_INVESTABILITY_CONSTRAINED_SHARPE,FAIL,0.06,0.04,LOW_TURNOVER,FAIL,0.01,0.0061,HIGH_TURNOVER,PASS,0.7,0.0061,CONCENTRATED_WEIGHT,PASS,,,,LOW_SUB_UNIVERSE_SHARPE,PASS,0.03,0.12,LOW_ROBUST_UNIVERSE_SHARPE.WITH_RATIO,FAIL,0.9,0.08,-0.27,LOW_ROBUST_UNIVERSE_RETURNS,FAIL,0.9,0.0089,-0.0284,SELF_CORRELATION,PENDING,DATA_DIVERSITY,PENDING,PROD_CORRELATION,PENDING,REGULAR_SUBMISSION,PENDING,LOW_2Y_SHARPE,FAIL,0.09,1.58,MATCHES_COMPETITION,PENDING,AIACv2,AI Alphas Competition 2.0,PASS,MATCHES_PYRAMID,1.0,1.1,ASI/D1/FUNDAMENTAL,1.1,WARNING,MATCHES_THEMES,EDrKL34,2.0,JPN Dataset Utilization Theme,M4ZYx3D,2.0,AMR Dataset Utilization Theme,9B3qxZ4,2.0,KOR Dataset Utilization Theme,PBVkEJD,2.0,TWN Dataset Utilization Theme,by88rqy,2.0,HKG Dataset Utilization Theme,V45896D,1.0,GLB/D1 TOPDIV3000 Power Pool Feb`26 Theme,,,,,,,,,,,,,,,,,,,,,,,,,,,,,,,,,,,,
kqk7WA5O,REGULAR,PS40111,EQUITY,ASI,MINVOL1M,1,0,INDUSTRY,0.08,ON,VERIFY,OFF,OFF,FASTEXPR,False,2014-01-01,2023-12-31,"ts_delta(divide(operating_income, ppent_net), 4)",,2,2026-02-02T05:55:42-05:00,,2026-02-02T05:55:43-05:00,,False,False,,,ace_tag,llm_test,confidence_0.49,DATA_USAGE:SINGLE_DATA_SET,Single Data Set Alpha,,IS,UNSUBMITTED,-3126223,20000000,1291,1232,0.7337,-0.0302,0.9165,-8.2e-05,-0.14,-0.03,2014-01-01,-3852867.0,20000000.0,1642.0,1567.0,0.2882,-0.0372,1.0255,-0.000258,-0.06,-0.17,-4474374.0,20000000.0,1291.0,1232.0,0.7337,-0.0432,0.9613,-0.000118,-0.06,-0.23,LOW_SHARPE,FAIL,1.58,-0.14,LOW_FITNESS,FAIL,1.0,-0.03,LOW_ASI_JPN_SHARPE,FAIL,1,-0.03,LOW_INVESTABILITY_CONSTRAINED_SHARPE,FAIL,-0.1,-0.17,LOW_TURNOVER,PASS,0.01,0.7337,HIGH_TURNOVER,FAIL,0.7,0.7337,CONCENTRATED_WEIGHT,FAIL,2022-01-21,0.1,0.499978,LOW_SUB_UNIVERSE_SHARPE,PASS,-0.04,0.05,LOW_ROBUST_UNIVERSE_SHARPE.WITH_RATIO,PASS,0.9,-0.13,0.14,LOW_ROBUST_UNIVERSE_RETURNS,PASS,0.9,-0.0272,0.0271,SELF_CORRELATION,PENDING,DATA_DIVERSITY,PENDING,PROD_CORRELATION,PENDING,REGULAR_SUBMISSION,PENDING,LOW_2Y_SHARPE,FAIL,0.32,1.58,MATCHES_COMPETITION,PENDING,AIACv2,AI Alphas Competition 2.0,PASS,MATCHES_PYRAMID,1.0,1.1,ASI/D1/FUNDAMENTAL,1.1,WARNING,MATCHES_THEMES,EDrKL34,2.0,JPN Dataset Utilization Theme,M4ZYx3D,2.0,AMR Dataset Utilization Theme,9B3qxZ4,2.0,KOR Dataset Utilization Theme,PBVkEJD,2.0,TWN Dataset Utilization Theme,by88rqy,2.0,HKG Dataset Utilization Theme,V45896D,1.0,GLB/D1 TOPDIV3000 Power Pool Feb`26 Theme,,,,,,,,,,,,,,,,,,,,,,,,,,,,,,,,,,,,
ZYw5dJKY,REGULAR,PS40111,EQUITY,ASI,MINVOL1M,1,0,INDUSTRY,0.08,ON,VERIFY,OFF,OFF,FASTEXPR,False,2014-01-01,2023-12-31,"divide(sga_expense, fnd23_ltem)",,1,2026-02-02T05:55:46-05:00,,2026-02-02T05:55:46-05:00,,False,False,,,ace_tag,llm_test,confidence_0.45,DATA_USAGE:SINGLE_DATA_SET,Single Data Set Alpha,,IS,UNSUBMITTED,-945454,20000000,445,2172,0.0239,-0.0091,0.6942,-0.000763,-0.06,-0.02,2014-01-01,-312467.0,20000000.0,501.0,2120.0,0.0198,-0.003,0.6783,-0.000305,-0.0,-0.02,-1845973.0,20000000.0,445.0,2172.0,0.0239,-0.0178,0.4106,-0.00149,-0.08,-0.2,LOW_SHARPE,FAIL,1.58,-0.06,LOW_FITNESS,FAIL,1.0,-0.02,LOW_ASI_JPN_SHARPE,FAIL,1,0.08,LOW_INVESTABILITY_CONSTRAINED_SHARPE,PASS,-0.04,-0.02,LOW_TURNOVER,PASS,0.01,0.0239,HIGH_TURNOVER,PASS,0.7,0.0239,CONCENTRATED_WEIGHT,FAIL,2018-08-29,0.1,0.481995,LOW_SUB_UNIVERSE_SHARPE,FAIL,-0.02,-0.15,LOW_ROBUST_UNIVERSE_SHARPE.WITH_RATIO,FAIL,0.9,-0.05,-0.17,LOW_ROBUST_UNIVERSE_RETURNS,FAIL,0.9,-0.0082,-0.0241,SELF_CORRELATION,PENDING,DATA_DIVERSITY,PENDING,PROD_CORRELATION,PENDING,REGULAR_SUBMISSION,PENDING,LOW_2Y_SHARPE,FAIL,-0.26,1.58,MATCHES_COMPETITION,PENDING,AIACv2,AI Alphas Competition 2.0,PASS,MATCHES_PYRAMID,1.0,1.1,ASI/D1/FUNDAMENTAL,1.1,WARNING,MATCHES_THEMES,EDrKL34,2.0,JPN Dataset Utilization Theme,M4ZYx3D,2.0,AMR Dataset Utilization Theme,9B3qxZ4,2.0,KOR Dataset Utilization Theme,PBVkEJD,2.0,TWN Dataset Utilization Theme,by88rqy,2.0,HKG Dataset Utilization Theme,V45896D,1.0,GLB/D1 TOPDIV3000 Power Pool Feb`26 Theme,,,,,,,,,,,,,,,,,,,,,,,,,,,,,,,,,,,,
E507zWX9,REGULAR,PS40111,EQUITY,ASI,MINVOL1M,1,0,INDUSTRY,0.08,ON,VERIFY,OFF,OFF,FASTEXPR,False,2014-01-01,2023-12-31,zscore(fnd23_mtps),,1,2026-02-02T05:57:21-05:00,,2026-02-02T05:57:22-05:00,,False,False,,,ace_tag,llm_test,confidence_0.61,DATA_USAGE:SINGLE_DATA_SET,Single Data Set Alpha,,IS,UNSUBMITTED,13393326,20000000,1787,1510,0.0198,0.1294,0.5971,0.013043,0.43,0.44,2014-01-01,8148190.0,20000000.0,1541.0,1757.0,0.0249,0.0787,0.551,0.006314,0.22,0.28,4312519.0,20000000.0,1787.0,1510.0,0.0198,0.0417,0.4513,0.0042,0.09,0.16,LOW_SHARPE,FAIL,1.58,0.43,LOW_FITNESS,FAIL,1.0,0.44,LOW_ASI_JPN_SHARPE,FAIL,1,0.58,LOW_INVESTABILITY_CONSTRAINED_SHARPE,FAIL,0.3,0.28,LOW_TURNOVER,PASS,0.01,0.0198,HIGH_TURNOVER,PASS,0.7,0.0198,CONCENTRATED_WEIGHT,FAIL,2021-04-01,0.1,0.327034,LOW_SUB_UNIVERSE_SHARPE,PASS,0.13,0.47,LOW_ROBUST_UNIVERSE_SHARPE.WITH_RATIO,PASS,0.9,0.39,0.49,LOW_ROBUST_UNIVERSE_RETURNS,PASS,0.9,0.1165,0.144,SELF_CORRELATION,PENDING,DATA_DIVERSITY,PENDING,PROD_CORRELATION,PENDING,REGULAR_SUBMISSION,PENDING,LOW_2Y_SHARPE,FAIL,0.2,1.58,MATCHES_COMPETITION,PENDING,AIACv2,AI Alphas Competition 2.0,PASS,MATCHES_PYRAMID,1.0,1.1,ASI/D1/FUNDAMENTAL,1.1,WARNING,MATCHES_THEMES,EDrKL34,2.0,JPN Dataset Utilization Theme,M4ZYx3D,2.0,AMR Dataset Utilization Theme,9B3qxZ4,2.0,KOR Dataset Utilization Theme,PBVkEJD,2.0,TWN Dataset Utilization Theme,by88rqy,2.0,HKG Dataset Utilization Theme,V45896D,1.0,GLB/D1 TOPDIV3000 Power Pool Feb`26 Theme,,,,,,,,,,,,,,,,,,,,,,,,,,,,,,,,,,,,
gJqAGJPO,REGULAR,PS40111,EQUITY,ASI,MINVOL1M,1,0,INDUSTRY,0.08,ON,VERIFY,OFF,OFF,FASTEXPR,False,2014-01-01,2023-12-31,"ts_delta(accounts_payable, 4)",,1,2026-02-02T05:56:26-05:00,,2026-02-02T05:56:27-05:00,,False,False,,,ace_tag,llm_test,confidence_0.47,DATA_USAGE:SINGLE_DATA_SET,Single Data Set Alpha,,IS,UNSUBMITTED,-34674,20000000,1155,1173,0.7311,-0.0003,0.5303,-1e-06,-0.0,-0.0,2014-01-01,1149928.0,20000000.0,1587.0,1594.0,0.3383,0.0111,0.2333,6.6e-05,0.02,0.1,840683.0,20000000.0,1155.0,1173.0,0.7311,0.0081,0.4685,2.2e-05,0.01,0.07,LOW_SHARPE,FAIL,1.58,-0.0,LOW_FITNESS,FAIL,1.0,-0.0,LOW_ASI_JPN_SHARPE,FAIL,1,0.23,LOW_INVESTABILITY_CONSTRAINED_SHARPE,PASS,-0.0,0.1,LOW_TURNOVER,PASS,0.01,0.7311,HIGH_TURNOVER,FAIL,0.7,0.7311,CONCENTRATED_WEIGHT,FAIL,2023-01-06,0.1,0.5,LOW_SUB_UNIVERSE_SHARPE,PASS,-0.0,0.08,LOW_ROBUST_UNIVERSE_SHARPE.WITH_RATIO,PASS,0.9,-0.0,0.12,LOW_ROBUST_UNIVERSE_RETURNS,PASS,0.9,-0.0003,0.015,SELF_CORRELATION,PENDING,DATA_DIVERSITY,PENDING,PROD_CORRELATION,PENDING,REGULAR_SUBMISSION,PENDING,LOW_2Y_SHARPE,FAIL,0.56,1.58,MATCHES_COMPETITION,PENDING,AIACv2,AI Alphas Competition 2.0,PASS,MATCHES_PYRAMID,1.0,1.1,ASI/D1/FUNDAMENTAL,1.1,WARNING,MATCHES_THEMES,EDrKL34,2.0,JPN Dataset Utilization Theme,M4ZYx3D,2.0,AMR Dataset Utilization Theme,9B3qxZ4,2.0,KOR Dataset Utilization Theme,PBVkEJD,2.0,TWN Dataset Utilization Theme,by88rqy,2.0,HKG Dataset Utilization Theme,V45896D,1.0,GLB/D1 TOPDIV3000 Power Pool Feb`26 Theme,,,,,,,,,,,,,,,,,,,,,,,,,,,,,,,,,,,,
Xgwrv0p5,REGULAR,PS40111,EQUITY,ASI,MINVOL1M,1,0,INDUSTRY,0.08,ON,VERIFY,OFF,OFF,FASTEXPR,False,2014-01-01,2023-12-31,"ts_delta(fnd23_ecns, 4)",,1,2026-02-02T05:55:45-05:00,,2026-02-02T05:55:46-05:00,,False,False,,,ace_tag,llm_test,confidence_0.58,DATA_USAGE:SINGLE_DATA_SET,Single Data Set Alpha,,IS,UNSUBMITTED,23240568,20000000,457,780,0.7247,0.2249,0.2647,0.000621,1.01,0.56,2014-01-01,8113755.0,20000000.0,1619.0,1679.0,0.3052,0.0785,0.4946,0.000515,0.21,0.42,17520646.0,20000000.0,457.0,780.0,0.7247,0.1696,0.2564,0.000468,0.41,0.84,LOW_SHARPE,FAIL,1.58,1.01,LOW_FITNESS,FAIL,1.0,0.56,LOW_ASI_JPN_SHARPE,FAIL,1,0.91,LOW_INVESTABILITY_CONSTRAINED_SHARPE,FAIL,0.71,0.42,LOW_TURNOVER,PASS,0.01,0.7247,HIGH_TURNOVER,FAIL,0.7,0.7247,CONCENTRATED_WEIGHT,FAIL,2020-01-03,0.1,0.500003,LOW_SUB_UNIVERSE_SHARPE,PASS,0.3,0.5,LOW_ROBUST_UNIVERSE_SHARPE.WITH_RATIO,PASS,0.9,0.91,1.07,LOW_ROBUST_UNIVERSE_RETURNS,FAIL,0.9,0.2024,0.1964,SELF_CORRELATION,PENDING,DATA_DIVERSITY,PENDING,PROD_CORRELATION,PENDING,REGULAR_SUBMISSION,PENDING,LOW_2Y_SHARPE,FAIL,0.89,1.58,MATCHES_COMPETITION,PENDING,AIACv2,AI Alphas Competition 2.0,PASS,MATCHES_PYRAMID,1.0,1.1,ASI/D1/FUNDAMENTAL,1.1,WARNING,MATCHES_THEMES,EDrKL34,2.0,JPN Dataset Utilization Theme,M4ZYx3D,2.0,AMR Dataset Utilization Theme,9B3qxZ4,2.0,KOR Dataset Utilization Theme,PBVkEJD,2.0,TWN Dataset Utilization Theme,by88rqy,2.0,HKG Dataset Utilization Theme,V45896D,1.0,GLB/D1 TOPDIV3000 Power Pool Feb`26 Theme,,,,,,,,,,,,,,,,,,,,,,,,,,,,,,,,,,,,
omwpJd1m,REGULAR,PS40111,EQUITY,ASI,MINVOL1M,1,0,INDUSTRY,0.08,ON,VERIFY,OFF,OFF,FASTEXPR,False,2014-01-01,2023-12-31,"ts_delta(divide(revenue, assets), 4)",,2,2026-02-02T05:55:39-05:00,,2026-02-02T05:55:39-05:00,,False,False,,,ace_tag,llm_test,confidence_0.6,DATA_USAGE:SINGLE_DATA_SET,Single Data Set Alpha,,IS,UNSUBMITTED,-2125328,20000000,1234,1094,0.71,-0.0205,0.7068,-5.8e-05,-0.12,-0.02,2014-01-01,-1214492.0,20000000.0,1650.0,1580.0,0.3237,-0.0117,0.3282,-7.3e-05,-0.02,-0.09,-1078778.0,20000000.0,1234.0,1094.0,0.71,-0.0104,0.6199,-2.9e-05,-0.01,-0.07,LOW_SHARPE,FAIL,1.58,-0.12,LOW_FITNESS,FAIL,1.0,-0.02,LOW_ASI_JPN_SHARPE,FAIL,1,0.19,LOW_INVESTABILITY_CONSTRAINED_SHARPE,FAIL,-0.08,-0.09,LOW_TURNOVER,PASS,0.01,0.71,HIGH_TURNOVER,FAIL,0.7,0.71,CONCENTRATED_WEIGHT,FAIL,2017-01-04,0.1,0.500006,LOW_SUB_UNIVERSE_SHARPE,FAIL,-0.04,-0.09,LOW_ROBUST_UNIVERSE_SHARPE.WITH_RATIO,PASS,0.9,-0.11,0.05,LOW_ROBUST_UNIVERSE_RETURNS,PASS,0.9,-0.0185,0.0076,SELF_CORRELATION,PENDING,DATA_DIVERSITY,PENDING,PROD_CORRELATION,PENDING,REGULAR_SUBMISSION,PENDING,LOW_2Y_SHARPE,FAIL,0.43,1.58,MATCHES_COMPETITION,PENDING,AIACv2,AI Alphas Competition 2.0,PASS,MATCHES_PYRAMID,1.0,1.1,ASI/D1/FUNDAMENTAL,1.1,WARNING,MATCHES_THEMES,EDrKL34,2.0,JPN Dataset Utilization Theme,M4ZYx3D,2.0,AMR Dataset Utilization Theme,9B3qxZ4,2.0,KOR Dataset Utilization Theme,PBVkEJD,2.0,TWN Dataset Utilization Theme,by88rqy,2.0,HKG Dataset Utilization Theme,V45896D,1.0,GLB/D1 TOPDIV3000 Power Pool Feb`26 Theme,,,,,,,,,,,,,,,,,,,,,,,,,,,,,,,,,,,,
2rq06PaZ,REGULAR,PS40111,EQUITY,ASI,MINVOL1M,1,0,INDUSTRY,0.08,ON,VERIFY,OFF,OFF,FASTEXPR,False,2014-01-01,2023-12-31,"reverse(ts_std_dev(fnd23_pdcf, 8))",,2,2026-02-02T05:58:39-05:00,,2026-02-02T05:58:40-05:00,,False,False,,,ace_tag,llm_test,confidence_0.44,DATA_USAGE:SINGLE_DATA_SET,Single Data Set Alpha,,IS,UNSUBMITTED,-3583135,20000000,1224,49,0.4237,-0.0346,0.9718,-0.000163,-0.19,-0.05,2014-01-01,-5270611.0,20000000.0,1756.0,1183.0,0.2273,-0.0509,1.0125,-0.000448,-0.15,-0.32,1837335.0,20000000.0,1224.0,49.0,0.4237,0.0178,0.5897,8.4e-05,0.02,0.11,LOW_SHARPE,FAIL,1.58,-0.19,LOW_FITNESS,FAIL,1.0,-0.05,LOW_ASI_JPN_SHARPE,FAIL,1,-0.4,LOW_INVESTABILITY_CONSTRAINED_SHARPE,FAIL,-0.13,-0.32,LOW_TURNOVER,PASS,0.01,0.4237,HIGH_TURNOVER,PASS,0.7,0.4237,CONCENTRATED_WEIGHT,FAIL,2020-01-06,0.1,0.500002,LOW_SUB_UNIVERSE_SHARPE,PASS,-0.06,-0.06,LOW_ROBUST_UNIVERSE_SHARPE.WITH_RATIO,FAIL,0.9,-0.17,-0.45,LOW_ROBUST_UNIVERSE_RETURNS,FAIL,0.9,-0.0311,-0.0706,SELF_CORRELATION,PENDING,DATA_DIVERSITY,PENDING,PROD_CORRELATION,PENDING,REGULAR_SUBMISSION,PENDING,LOW_2Y_SHARPE,FAIL,0.66,1.58,MATCHES_COMPETITION,PENDING,AIACv2,AI Alphas Competition 2.0,PASS,MATCHES_PYRAMID,1.0,1.1,ASI/D1/FUNDAMENTAL,1.1,WARNING,MATCHES_THEMES,EDrKL34,2.0,JPN Dataset Utilization Theme,M4ZYx3D,2.0,AMR Dataset Utilization Theme,9B3qxZ4,2.0,KOR Dataset Utilization Theme,PBVkEJD,2.0,TWN Dataset Utilization Theme,by88rqy,2.0,HKG Dataset Utilization Theme,V45896D,1.0,GLB/D1 TOPDIV3000 Power Pool Feb`26 Theme,,,,,,,,,,,,,,,,,,,,,,,,,,,,,,,,,,,,
78qAmgxx,REGULAR,PS40111,EQUITY,ASI,MINVOL1M,1,0,INDUSTRY,0.08,ON,VERIFY,OFF,OFF,FASTEXPR,False,2014-01-01,2023-12-31,"divide(cashflow_op, fnd23_acta)",,1,2026-02-02T05:58:40-05:00,,2026-02-02T05:58:40-05:00,,False,False,,,ace_tag,llm_test,confidence_0.53,DATA_USAGE:SINGLE_DATA_SET,Single Data Set Alpha,,IS,UNSUBMITTED,1587550,20000000,1319,1791,0.0551,0.0153,0.613,0.000557,0.09,0.03,2014-01-01,-299687.0,20000000.0,1451.0,1662.0,0.0538,-0.0029,0.6485,-0.000108,-0.0,-0.02,69268.0,20000000.0,1319.0,1791.0,0.0551,0.0007,0.4553,2.4e-05,0.0,0.0,LOW_SHARPE,FAIL,1.58,0.09,LOW_FITNESS,FAIL,1.0,0.03,LOW_ASI_JPN_SHARPE,FAIL,1,0.29,LOW_INVESTABILITY_CONSTRAINED_SHARPE,FAIL,0.06,-0.02,LOW_TURNOVER,PASS,0.01,0.0551,HIGH_TURNOVER,PASS,0.7,0.0551,CONCENTRATED_WEIGHT,FAIL,2014-11-03,0.1,0.499941,LOW_SUB_UNIVERSE_SHARPE,PASS,0.03,0.05,LOW_ROBUST_UNIVERSE_SHARPE.WITH_RATIO,PASS,0.9,0.08,0.11,LOW_ROBUST_UNIVERSE_RETURNS,PASS,0.9,0.0138,0.0166,SELF_CORRELATION,PENDING,DATA_DIVERSITY,PENDING,PROD_CORRELATION,PENDING,REGULAR_SUBMISSION,PENDING,LOW_2Y_SHARPE,FAIL,-0.53,1.58,MATCHES_COMPETITION,PENDING,AIACv2,AI Alphas Competition 2.0,PASS,MATCHES_PYRAMID,1.0,1.1,ASI/D1/FUNDAMENTAL,1.1,WARNING,MATCHES_THEMES,EDrKL34,2.0,JPN Dataset Utilization Theme,M4ZYx3D,2.0,AMR Dataset Utilization Theme,9B3qxZ4,2.0,KOR Dataset Utilization Theme,PBVkEJD,2.0,TWN Dataset Utilization Theme,by88rqy,2.0,HKG Dataset Utilization Theme,V45896D,1.0,GLB/D1 TOPDIV3000 Power Pool Feb`26 Theme,,,,,,,,,,,,,,,,,,,,,,,,,,,,,,,,,,,,
3qYbG0kz,REGULAR,PS40111,EQUITY,ASI,MINVOL1M,1,0,INDUSTRY,0.08,ON,VERIFY,OFF,OFF,FASTEXPR,False,2014-01-01,2023-12-31,"reverse(ts_std_dev(sales, 20))","Prefer firms with stable sales: reverse(ts_std_dev(sales, 20)). Single high-coverage field. Confidence: 0.55.",2,2026-02-02T05:31:09-05:00,,2026-02-02T05:31:12-05:00,,False,False,,,ace_tag,llm_test,confidence_0.54,DATA_USAGE:SINGLE_DATA_SET,Single Data Set Alpha,,IS,UNSUBMITTED,-730127,20000000,2753,250,0.1726,-0.0071,0.3369,-8.2e-05,-0.06,-0.01,2014-01-01,-1492293.0,20000000.0,2492.0,671.0,0.1276,-0.0144,0.3998,-0.000226,-0.04,-0.12,1908422.0,20000000.0,2753.0,250.0,0.1726,0.0184,0.2636,0.000214,0.08,0.23,LOW_SHARPE,FAIL,1.58,-0.06,LOW_FITNESS,FAIL,1.0,-0.01,LOW_ASI_JPN_SHARPE,FAIL,1,0.04,LOW_INVESTABILITY_CONSTRAINED_SHARPE,FAIL,-0.04,-0.12,LOW_TURNOVER,PASS,0.01,0.1726,HIGH_TURNOVER,PASS,0.7,0.1726,CONCENTRATED_WEIGHT,FAIL,2021-04-23,0.1,0.499807,LOW_SUB_UNIVERSE_SHARPE,FAIL,-0.02,-0.06,LOW_ROBUST_UNIVERSE_SHARPE.WITH_RATIO,PASS,0.9,-0.05,-0.02,LOW_ROBUST_UNIVERSE_RETURNS,PASS,0.9,-0.0064,-0.0027,SELF_CORRELATION,PENDING,DATA_DIVERSITY,PENDING,PROD_CORRELATION,PENDING,REGULAR_SUBMISSION,PENDING,LOW_2Y_SHARPE,FAIL,0.07,1.58,MATCHES_COMPETITION,PENDING,AIACv2,AI Alphas Competition 2.0,PASS,MATCHES_PYRAMID,1.0,1.1,ASI/D1/FUNDAMENTAL,1.1,WARNING,MATCHES_THEMES,EDrKL34,2.0,JPN Dataset Utilization Theme,M4ZYx3D,2.0,AMR Dataset Utilization Theme,9B3qxZ4,2.0,KOR Dataset Utilization Theme,PBVkEJD,2.0,TWN Dataset Utilization Theme,by88rqy,2.0,HKG Dataset Utilization Theme,V45896D,1.0,GLB/D1 TOPDIV3000 Power Pool Feb`26 Theme,,,,,,,,,,,,,,,,,,,,,,,,,,,,,,,,,,,,
Jj0wzRbm,REGULAR,PS40111,EQUITY,ASI,MINVOL1M,1,0,INDUSTRY,0.08,ON,VERIFY,OFF,OFF,FASTEXPR,False,2014-01-01,2023-12-31,"ts_zscore(ts_delta(fnd23_tibs, 4), 8)",,2,2026-02-02T05:58:40-05:00,,2026-02-02T05:58:41-05:00,,False,False,,,ace_tag,llm_test,confidence_0.59,DATA_USAGE:SINGLE_DATA_SET,Single Data Set Alpha,,IS,UNSUBMITTED,-3146824,20000000,69,75,0.7283,-0.0304,0.884,-8.4e-05,-0.18,-0.04,2014-01-01,2013841.0,20000000.0,117.0,123.0,0.2124,0.0195,0.5975,0.000183,0.03,0.11,-473375.0,20000000.0,69.0,75.0,0.7283,-0.0046,0.5957,-1.3e-05,-0.0,-0.03,LOW_SHARPE,FAIL,1.58,-0.18,LOW_FITNESS,FAIL,1.0,-0.04,LOW_ASI_JPN_SHARPE,FAIL,1,0.14,LOW_INVESTABILITY_CONSTRAINED_SHARPE,PASS,-0.13,0.11,LOW_TURNOVER,PASS,0.01,0.7283,HIGH_TURNOVER,FAIL,0.7,0.7283,CONCENTRATED_WEIGHT,FAIL,2023-01-13,0.1,0.5,LOW_SUB_UNIVERSE_SHARPE,PASS,-0.05,-0.05,LOW_ROBUST_UNIVERSE_SHARPE.WITH_RATIO,PASS,0.9,-0.16,0.26,LOW_ROBUST_UNIVERSE_RETURNS,PASS,0.9,-0.0274,0.041,SELF_CORRELATION,PENDING,DATA_DIVERSITY,PENDING,PROD_CORRELATION,PENDING,REGULAR_SUBMISSION,PENDING,LOW_2Y_SHARPE,FAIL,-0.6,1.58,MATCHES_COMPETITION,PENDING,AIACv2,AI Alphas Competition 2.0,PASS,MATCHES_PYRAMID,1.0,1.1,ASI/D1/FUNDAMENTAL,1.1,WARNING,MATCHES_THEMES,EDrKL34,2.0,JPN Dataset Utilization Theme,M4ZYx3D,2.0,AMR Dataset Utilization Theme,9B3qxZ4,2.0,KOR Dataset Utilization Theme,PBVkEJD,2.0,TWN Dataset Utilization Theme,by88rqy,2.0,HKG Dataset Utilization Theme,V45896D,1.0,GLB/D1 TOPDIV3000 Power Pool Feb`26 Theme,,,,,,,,,,,,,,,,,,,,,,,,,,,,,,,,,,,,
mL237zrX,REGULAR,PS40111,EQUITY,ASI,MINVOL1M,1,0,INDUSTRY,0.08,ON,VERIFY,OFF,OFF,FASTEXPR,False,2014-01-01,2023-12-31,"zscore(divide(inventory, assets))",,2,2026-02-02T05:59:42-05:00,,2026-02-02T05:59:42-05:00,,False,False,,,ace_tag,llm_test,confidence_0.43,DATA_USAGE:SINGLE_DATA_SET,Single Data Set Alpha,,IS,UNSUBMITTED,-8958493,20000000,1147,1774,0.0251,-0.0866,1.1255,-0.006891,-0.46,-0.38,2014-01-01,-7210729.0,20000000.0,1136.0,1789.0,0.0267,-0.0697,1.1319,-0.005221,-0.27,-0.36,-8764970.0,20000000.0,1147.0,1774.0,0.0251,-0.0847,1.0871,-0.006742,-0.48,-0.58,LOW_SHARPE,FAIL,1.58,-0.46,LOW_FITNESS,FAIL,1.0,-0.38,LOW_ASI_JPN_SHARPE,FAIL,1,-0.13,LOW_INVESTABILITY_CONSTRAINED_SHARPE,FAIL,-0.32,-0.36,LOW_TURNOVER,PASS,0.01,0.0251,HIGH_TURNOVER,PASS,0.7,0.0251,CONCENTRATED_WEIGHT,FAIL,2019-03-13,0.1,0.491228,LOW_SUB_UNIVERSE_SHARPE,FAIL,-0.14,-0.34,LOW_ROBUST_UNIVERSE_SHARPE.WITH_RATIO,PASS,0.9,-0.41,-0.19,LOW_ROBUST_UNIVERSE_RETURNS,PASS,0.9,-0.0779,-0.0352,SELF_CORRELATION,PENDING,DATA_DIVERSITY,PENDING,PROD_CORRELATION,PENDING,REGULAR_SUBMISSION,PENDING,LOW_2Y_SHARPE,FAIL,0.26,1.58,MATCHES_COMPETITION,PENDING,AIACv2,AI Alphas Competition 2.0,PASS,MATCHES_PYRAMID,1.0,1.1,ASI/D1/FUNDAMENTAL,1.1,WARNING,MATCHES_THEMES,EDrKL34,2.0,JPN Dataset Utilization Theme,M4ZYx3D,2.0,AMR Dataset Utilization Theme,9B3qxZ4,2.0,KOR Dataset Utilization Theme,PBVkEJD,2.0,TWN Dataset Utilization Theme,by88rqy,2.0,HKG Dataset Utilization Theme,V45896D,1.0,GLB/D1 TOPDIV3000 Power Pool Feb`26 Theme,,,,,,,,,,,,,,,,,,,,,,,,,,,,,,,,,,,,
Vkw9zAOY,REGULAR,PS40111,EQUITY,ASI,MINVOL1M,1,0,INDUSTRY,0.08,ON,VERIFY,OFF,OFF,FASTEXPR,False,2014-01-01,2023-12-31,"ts_zscore(divide(ebitda, assets), 252)",,2,2026-02-02T06:06:57-05:00,,2026-02-02T06:06:58-05:00,,False,False,,,ace_tag,llm_test,confidence_0.75,DATA_USAGE:SINGLE_DATA_SET,Single Data Set Alpha,,IS,UNSUBMITTED,4677934,20000000,1523,1574,0.0631,0.0452,0.0425,0.001433,1.43,0.86,2014-01-01,4002130.0,20000000.0,1524.0,1575.0,0.0533,0.0387,0.0441,0.001451,0.68,1.23,4023709.0,20000000.0,1523.0,1574.0,0.0631,0.0389,0.0214,0.001233,1.18,2.12,LOW_SHARPE,WARNING,1.58,1.43,LOW_FITNESS,WARNING,1.0,0.86,LOW_ASI_JPN_SHARPE,FAIL,1,-0.13,LOW_INVESTABILITY_CONSTRAINED_SHARPE,PASS,1.0,1.23,LOW_TURNOVER,PASS,0.01,0.0631,HIGH_TURNOVER,PASS,0.7,0.0631,CONCENTRATED_WEIGHT,PASS,,,,LOW_SUB_UNIVERSE_SHARPE,PASS,0.42,0.48,LOW_ROBUST_UNIVERSE_SHARPE.WITH_RATIO,PASS,0.9,1.29,1.34,LOW_ROBUST_UNIVERSE_RETURNS,PASS,0.9,0.0407,0.0436,SELF_CORRELATION,PENDING,DATA_DIVERSITY,PENDING,PROD_CORRELATION,PENDING,REGULAR_SUBMISSION,PENDING,LOW_2Y_SHARPE,WARNING,0.88,1.58,POWER_POOL_CORRELATION,PENDING,,,PENDING,MATCHES_COMPETITION,,,,,PASS,MATCHES_PYRAMID,,,,,,,,,,,,,,,,,,,,,,,,,,,,,AIACv2,AI Alphas Competition 2.0,1.0,1.1,ASI/D1/FUNDAMENTAL,1.1,WARNING,MATCHES_THEMES,EDrKL34,2.0,JPN Dataset Utilization Theme,M4ZYx3D,2.0,AMR Dataset Utilization Theme,9B3qxZ4,2.0,KOR Dataset Utilization Theme,PBVkEJD,2.0,TWN Dataset Utilization Theme,by88rqy,2.0,HKG Dataset Utilization Theme,V45896D,1.0,GLB/D1 TOPDIV3000 Power Pool Feb`26 Theme
xAw6GJrw,REGULAR,PS40111,EQUITY,ASI,MINVOL1M,1,0,INDUSTRY,0.08,ON,VERIFY,OFF,OFF,FASTEXPR,False,2014-01-01,2023-12-31,"ts_zscore(ts_delta(operating_income, 4), 60)",,2,2026-02-02T06:07:01-05:00,,2026-02-02T06:07:02-05:00,,False,False,,,ace_tag,llm_test,confidence_0.7,DATA_USAGE:SINGLE_DATA_SET,Single Data Set Alpha,,IS,UNSUBMITTED,918146,20000000,1239,1348,0.4812,0.0089,0.0627,3.7e-05,0.24,0.03,2014-01-01,-91063.0,20000000.0,1263.0,1372.0,0.2613,-0.0009,0.1049,-7e-06,-0.0,-0.03,1159261.0,20000000.0,1239.0,1348.0,0.4812,0.0112,0.073,4.7e-05,0.05,0.36,LOW_SHARPE,FAIL,1.58,0.24,LOW_FITNESS,FAIL,1.0,0.03,LOW_ASI_JPN_SHARPE,FAIL,1,-0.02,LOW_INVESTABILITY_CONSTRAINED_SHARPE,FAIL,0.17,-0.03,LOW_TURNOVER,PASS,0.01,0.4812,HIGH_TURNOVER,PASS,0.7,0.4812,CONCENTRATED_WEIGHT,PASS,,,,LOW_SUB_UNIVERSE_SHARPE,FAIL,0.07,-0.21,LOW_ROBUST_UNIVERSE_SHARPE.WITH_RATIO,PASS,0.9,0.22,0.47,LOW_ROBUST_UNIVERSE_RETURNS,PASS,0.9,0.008,0.0175,SELF_CORRELATION,PENDING,DATA_DIVERSITY,PENDING,PROD_CORRELATION,PENDING,REGULAR_SUBMISSION,PENDING,LOW_2Y_SHARPE,FAIL,-0.02,1.58,MATCHES_COMPETITION,PENDING,AIACv2,AI Alphas Competition 2.0,PASS,MATCHES_PYRAMID,1.0,1.1,ASI/D1/FUNDAMENTAL,1.1,WARNING,MATCHES_THEMES,EDrKL34,2.0,JPN Dataset Utilization Theme,M4ZYx3D,2.0,AMR Dataset Utilization Theme,9B3qxZ4,2.0,KOR Dataset Utilization Theme,PBVkEJD,2.0,TWN Dataset Utilization Theme,by88rqy,2.0,HKG Dataset Utilization Theme,V45896D,1.0,GLB/D1 TOPDIV3000 Power Pool Feb`26 Theme,,,,,,,,,,,,,,,,,,,,,,,,,,,,,,,,,,,,
d58XzNOJ,REGULAR,PS40111,EQUITY,ASI,MINVOL1M,1,0,INDUSTRY,0.08,ON,VERIFY,OFF,OFF,FASTEXPR,False,2014-01-01,2023-12-31,"quantile(divide(cashflow_op, operating_income))",,2,2026-02-02T06:07:00-05:00,,2026-02-02T06:07:01-05:00,,False,False,,,ace_tag,llm_test,confidence_0.78,DATA_USAGE:SINGLE_DATA_SET,Single Data Set Alpha,,IS,UNSUBMITTED,3453342,20000000,1593,1618,0.0346,0.0334,0.1009,0.001926,0.86,0.44,2014-01-01,3263719.0,20000000.0,1594.0,1621.0,0.0337,0.0315,0.0978,0.00187,0.41,0.81,933191.0,20000000.0,1593.0,1618.0,0.0346,0.009,0.0464,0.000521,0.15,0.57,LOW_SHARPE,FAIL,1.58,0.86,LOW_FITNESS,FAIL,1.0,0.44,LOW_ASI_JPN_SHARPE,FAIL,1,0.52,LOW_INVESTABILITY_CONSTRAINED_SHARPE,PASS,0.6,0.81,LOW_TURNOVER,PASS,0.01,0.0346,HIGH_TURNOVER,PASS,0.7,0.0346,CONCENTRATED_WEIGHT,PASS,,,,LOW_SUB_UNIVERSE_SHARPE,PASS,0.25,0.49,LOW_ROBUST_UNIVERSE_SHARPE.WITH_RATIO,FAIL,0.9,0.77,0.66,LOW_ROBUST_UNIVERSE_RETURNS,FAIL,0.9,0.0301,0.0262,SELF_CORRELATION,PENDING,DATA_DIVERSITY,PENDING,PROD_CORRELATION,PENDING,REGULAR_SUBMISSION,PENDING,LOW_2Y_SHARPE,FAIL,1.23,1.58,MATCHES_COMPETITION,PENDING,AIACv2,AI Alphas Competition 2.0,PASS,MATCHES_PYRAMID,1.0,1.1,ASI/D1/FUNDAMENTAL,1.1,WARNING,MATCHES_THEMES,EDrKL34,2.0,JPN Dataset Utilization Theme,M4ZYx3D,2.0,AMR Dataset Utilization Theme,9B3qxZ4,2.0,KOR Dataset Utilization Theme,PBVkEJD,2.0,TWN Dataset Utilization Theme,by88rqy,2.0,HKG Dataset Utilization Theme,V45896D,1.0,GLB/D1 TOPDIV3000 Power Pool Feb`26 Theme,,,,,,,,,,,,,,,,,,,,,,,,,,,,,,,,,,,,
ak2Ywrz5,REGULAR,PS40111,EQUITY,ASI,MINVOL1M,1,0,INDUSTRY,0.08,ON,VERIFY,OFF,OFF,FASTEXPR,False,2014-01-01,2023-12-31,"and(less(divide(debt, assets), 0.5), greater(ts_delta(ebitda, 8), 0))",,5,2026-02-02T06:07:19-05:00,,2026-02-02T06:07:20-05:00,,False,False,,,ace_tag,llm_test,confidence_0.72,DATA_USAGE:SINGLE_DATA_SET,Single Data Set Alpha,,IS,UNSUBMITTED,2953592,20000000,193,2370,0.305,0.0285,0.2088,0.000187,0.41,0.13,2014-01-01,-444265.0,20000000.0,697.0,2476.0,0.2036,-0.0043,0.454,-4.2e-05,-0.01,-0.06,1530011.0,20000000.0,193.0,2370.0,0.305,0.0148,0.146,9.7e-05,0.09,0.39,LOW_SHARPE,FAIL,1.58,0.41,LOW_FITNESS,FAIL,1.0,0.13,LOW_ASI_JPN_SHARPE,FAIL,1,-0.26,LOW_INVESTABILITY_CONSTRAINED_SHARPE,FAIL,0.29,-0.06,LOW_TURNOVER,PASS,0.01,0.305,HIGH_TURNOVER,PASS,0.7,0.305,CONCENTRATED_WEIGHT,FAIL,2023-01-12,0.1,0.25006,LOW_SUB_UNIVERSE_SHARPE,FAIL,0.12,0.08,LOW_ROBUST_UNIVERSE_SHARPE.WITH_RATIO,PASS,0.9,0.37,0.48,LOW_ROBUST_UNIVERSE_RETURNS,PASS,0.9,0.0257,0.0321,SELF_CORRELATION,PENDING,DATA_DIVERSITY,PENDING,PROD_CORRELATION,PENDING,REGULAR_SUBMISSION,PENDING,LOW_2Y_SHARPE,FAIL,-0.68,1.58,MATCHES_COMPETITION,PENDING,AIACv2,AI Alphas Competition 2.0,PASS,MATCHES_PYRAMID,1.0,1.1,ASI/D1/FUNDAMENTAL,1.1,WARNING,MATCHES_THEMES,EDrKL34,2.0,JPN Dataset Utilization Theme,M4ZYx3D,2.0,AMR Dataset Utilization Theme,9B3qxZ4,2.0,KOR Dataset Utilization Theme,PBVkEJD,2.0,TWN Dataset Utilization Theme,by88rqy,2.0,HKG Dataset Utilization Theme,V45896D,1.0,GLB/D1 TOPDIV3000 Power Pool Feb`26 Theme,,,,,,,,,,,,,,,,,,,,,,,,,,,,,,,,,,,,
Vkw9aobG,REGULAR,PS40111,EQUITY,ASI,MINVOL1M,1,0,INDUSTRY,0.08,ON,VERIFY,OFF,OFF,FASTEXPR,False,2014-01-01,2023-12-31,zscore(operating_margin),zscore(operating_margin) selection of cross-sectional outliers. Single field used. Confidence: 0.66.,1,2026-02-02T04:35:07-05:00,,2026-02-02T05:39:44-05:00,,False,False,,,ace_tag,llm_test,confidence_0.74,DATA_USAGE:SINGLE_DATA_SET,Single Data Set Alpha,,IS,UNSUBMITTED,21712467,20000000,1880,1310,0.0325,0.2098,0.8237,0.012922,0.57,0.74,2014-01-01,17263659.0,20000000.0,1655.0,1537.0,0.0367,0.1668,0.8247,0.009079,0.55,0.48,9016082.0,20000000.0,1880.0,1310.0,0.0325,0.0871,0.8143,0.005366,0.23,0.27,LOW_SHARPE,FAIL,1.58,0.57,LOW_FITNESS,FAIL,1.0,0.74,LOW_ASI_JPN_SHARPE,FAIL,1,0.43,LOW_INVESTABILITY_CONSTRAINED_SHARPE,PASS,0.4,0.48,LOW_TURNOVER,PASS,0.01,0.0325,HIGH_TURNOVER,PASS,0.7,0.0325,CONCENTRATED_WEIGHT,FAIL,2014-02-19,0.1,0.388224,LOW_SUB_UNIVERSE_SHARPE,FAIL,0.17,-0.07,LOW_ROBUST_UNIVERSE_SHARPE.WITH_RATIO,PASS,0.9,0.51,0.67,LOW_ROBUST_UNIVERSE_RETURNS,PASS,0.9,0.1888,0.2302,SELF_CORRELATION,PENDING,DATA_DIVERSITY,PENDING,PROD_CORRELATION,PENDING,REGULAR_SUBMISSION,PENDING,LOW_2Y_SHARPE,FAIL,0.32,1.58,MATCHES_COMPETITION,PENDING,AIACv2,AI Alphas Competition 2.0,PASS,MATCHES_PYRAMID,1.0,1.1,ASI/D1/FUNDAMENTAL,1.1,WARNING,MATCHES_THEMES,EDrKL34,2.0,JPN Dataset Utilization Theme,M4ZYx3D,2.0,AMR Dataset Utilization Theme,9B3qxZ4,2.0,KOR Dataset Utilization Theme,PBVkEJD,2.0,TWN Dataset Utilization Theme,by88rqy,2.0,HKG Dataset Utilization Theme,V45896D,1.0,GLB/D1 TOPDIV3000 Power Pool Feb`26 Theme,,,,,,,,,,,,,,,,,,,,,,,,,,,,,,,,,,,,
pwJXZrax,REGULAR,PS40111,EQUITY,ASI,MINVOL1M,1,0,INDUSTRY,0.08,ON,VERIFY,OFF,OFF,FASTEXPR,False,2014-01-01,2023-12-31,"quantile(divide(income, cashflow_op))",,2,2026-02-02T06:08:36-05:00,,2026-02-02T06:08:36-05:00,,False,False,,,ace_tag,llm_test,confidence_0.7,DATA_USAGE:SINGLE_DATA_SET,Single Data Set Alpha,,IS,UNSUBMITTED,165367,20000000,1640,1681,0.0329,0.0016,0.0769,9.7e-05,0.05,0.01,2014-01-01,-293008.0,20000000.0,1642.0,1682.0,0.0323,-0.0028,0.0921,-0.000175,-0.01,-0.09,297238.0,20000000.0,1640.0,1681.0,0.0329,0.0029,0.0453,0.000174,0.02,0.16,LOW_SHARPE,FAIL,1.58,0.05,LOW_FITNESS,FAIL,1.0,0.01,LOW_ASI_JPN_SHARPE,FAIL,1,-0.09,LOW_INVESTABILITY_CONSTRAINED_SHARPE,FAIL,0.03,-0.09,LOW_TURNOVER,PASS,0.01,0.0329,HIGH_TURNOVER,PASS,0.7,0.0329,CONCENTRATED_WEIGHT,PASS,,,,LOW_SUB_UNIVERSE_SHARPE,FAIL,0.01,-0.22,LOW_ROBUST_UNIVERSE_SHARPE.WITH_RATIO,FAIL,0.9,0.05,-0.11,LOW_ROBUST_UNIVERSE_RETURNS,FAIL,0.9,0.0014,-0.0035,SELF_CORRELATION,PENDING,DATA_DIVERSITY,PENDING,PROD_CORRELATION,PENDING,REGULAR_SUBMISSION,PENDING,LOW_2Y_SHARPE,FAIL,-0.74,1.58,MATCHES_COMPETITION,PENDING,AIACv2,AI Alphas Competition 2.0,PASS,MATCHES_PYRAMID,1.0,1.1,ASI/D1/FUNDAMENTAL,1.1,WARNING,MATCHES_THEMES,EDrKL34,2.0,JPN Dataset Utilization Theme,M4ZYx3D,2.0,AMR Dataset Utilization Theme,9B3qxZ4,2.0,KOR Dataset Utilization Theme,PBVkEJD,2.0,TWN Dataset Utilization Theme,by88rqy,2.0,HKG Dataset Utilization Theme,V45896D,1.0,GLB/D1 TOPDIV3000 Power Pool Feb`26 Theme,,,,,,,,,,,,,,,,,,,,,,,,,,,,,,,,,,,,
wpwmP8Gv,REGULAR,PS40111,EQUITY,ASI,MINVOL1M,1,0,INDUSTRY,0.08,ON,VERIFY,OFF,OFF,FASTEXPR,False,2014-01-01,2023-12-31,"ts_zscore(ts_delta(return_equity, 4), 60)",,2,2026-02-02T06:07:19-05:00,,2026-02-02T06:07:20-05:00,,False,False,,,ace_tag,llm_test,confidence_0.68,DATA_USAGE:SINGLE_DATA_SET,Single Data Set Alpha,,IS,UNSUBMITTED,1282382,20000000,1402,1338,0.4816,0.0124,0.0635,5.1e-05,0.34,0.05,2014-01-01,-962621.0,20000000.0,1409.0,1368.0,0.2651,-0.0093,0.1307,-7e-05,-0.05,-0.29,1515633.0,20000000.0,1402.0,1338.0,0.4816,0.0146,0.0854,6.1e-05,0.09,0.49,LOW_SHARPE,FAIL,1.58,0.34,LOW_FITNESS,FAIL,1.0,0.05,LOW_ASI_JPN_SHARPE,FAIL,1,-0.37,LOW_INVESTABILITY_CONSTRAINED_SHARPE,FAIL,0.24,-0.29,LOW_TURNOVER,PASS,0.01,0.4816,HIGH_TURNOVER,PASS,0.7,0.4816,CONCENTRATED_WEIGHT,PASS,,,,LOW_SUB_UNIVERSE_SHARPE,FAIL,0.1,-0.34,LOW_ROBUST_UNIVERSE_SHARPE.WITH_RATIO,PASS,0.9,0.31,0.46,LOW_ROBUST_UNIVERSE_RETURNS,PASS,0.9,0.0112,0.017,SELF_CORRELATION,PENDING,DATA_DIVERSITY,PENDING,PROD_CORRELATION,PENDING,REGULAR_SUBMISSION,PENDING,LOW_2Y_SHARPE,FAIL,-0.53,1.58,MATCHES_COMPETITION,PENDING,AIACv2,AI Alphas Competition 2.0,PASS,MATCHES_PYRAMID,1.0,1.1,ASI/D1/FUNDAMENTAL,1.1,WARNING,MATCHES_THEMES,EDrKL34,2.0,JPN Dataset Utilization Theme,M4ZYx3D,2.0,AMR Dataset Utilization Theme,9B3qxZ4,2.0,KOR Dataset Utilization Theme,PBVkEJD,2.0,TWN Dataset Utilization Theme,by88rqy,2.0,HKG Dataset Utilization Theme,V45896D,1.0,GLB/D1 TOPDIV3000 Power Pool Feb`26 Theme,,,,,,,,,,,,,,,,,,,,,,,,,,,,,,,,,,,,
QPrJgkWr,REGULAR,PS40111,EQUITY,ASI,MINVOL1M,1,0,INDUSTRY,0.08,ON,VERIFY,OFF,OFF,FASTEXPR,False,2014-01-01,2023-12-31,"quantile(divide(capex, operating_income))",,2,2026-02-02T06:08:36-05:00,,2026-02-02T06:08:37-05:00,,False,False,,,ace_tag,llm_test,confidence_0.65,DATA_USAGE:SINGLE_DATA_SET,Single Data Set Alpha,,IS,UNSUBMITTED,-4763811,20000000,1611,1564,0.0288,-0.046,0.4898,-0.003199,-1.14,-0.69,2014-01-01,-4692004.0,20000000.0,1616.0,1562.0,0.0285,-0.0453,0.4842,-0.003183,-0.67,-1.12,-826743.0,20000000.0,1611.0,1564.0,0.0288,-0.008,0.1088,-0.000555,-0.12,-0.48,LOW_SHARPE,FAIL,1.58,-1.14,LOW_FITNESS,FAIL,1.0,-0.69,LOW_ASI_JPN_SHARPE,FAIL,1,-0.34,LOW_INVESTABILITY_CONSTRAINED_SHARPE,FAIL,-0.8,-1.12,LOW_TURNOVER,PASS,0.01,0.0288,HIGH_TURNOVER,PASS,0.7,0.0288,CONCENTRATED_WEIGHT,PASS,,,,LOW_SUB_UNIVERSE_SHARPE,FAIL,-0.34,-0.61,LOW_ROBUST_UNIVERSE_SHARPE.WITH_RATIO,PASS,0.9,-1.03,-0.75,LOW_ROBUST_UNIVERSE_RETURNS,PASS,0.9,-0.0414,-0.0307,SELF_CORRELATION,PENDING,DATA_DIVERSITY,PENDING,PROD_CORRELATION,PENDING,REGULAR_SUBMISSION,PENDING,LOW_2Y_SHARPE,FAIL,-2.1,1.58,MATCHES_COMPETITION,PENDING,AIACv2,AI Alphas Competition 2.0,PASS,MATCHES_PYRAMID,1.0,1.1,ASI/D1/FUNDAMENTAL,1.1,WARNING,MATCHES_THEMES,EDrKL34,2.0,JPN Dataset Utilization Theme,M4ZYx3D,2.0,AMR Dataset Utilization Theme,9B3qxZ4,2.0,KOR Dataset Utilization Theme,PBVkEJD,2.0,TWN Dataset Utilization Theme,by88rqy,2.0,HKG Dataset Utilization Theme,V45896D,1.0,GLB/D1 TOPDIV3000 Power Pool Feb`26 Theme,,,,,,,,,,,,,,,,,,,,,,,,,,,,,,,,,,,,
le6qa9ve,REGULAR,PS40111,EQUITY,ASI,MINVOL1M,1,0,INDUSTRY,0.08,ON,VERIFY,OFF,OFF,FASTEXPR,False,2014-01-01,2023-12-31,zscore(bookvalue_ps),"Simple value signal using tangible book per share. Followed SUGGESTION1 by selecting a high-coverage, widely-used field (bookvalue_ps: coverage=1.0,userCount high). Did not apply vec_avg (no vector fields). ts_backfill not needed (coverage high). Confidence: 0.78. SUGGESTION4 applied (chose high user/alphaCount field).",1,2026-02-02T05:21:27-05:00,,2026-02-02T05:21:34-05:00,,False,False,,,ace_tag,llm_test,confidence_0.66,DATA_USAGE:SINGLE_DATA_SET,Single Data Set Alpha,,IS,UNSUBMITTED,-2931503,20000000,636,2701,0.0116,-0.0283,0.4464,-0.004864,-0.28,-0.13,2014-01-01,-2724694.0,20000000.0,665.0,2674.0,0.0106,-0.0263,0.4435,-0.004958,-0.12,-0.26,-4790839.0,20000000.0,636.0,2701.0,0.0116,-0.0463,0.4942,-0.007949,-0.54,-0.88,LOW_SHARPE,FAIL,1.58,-0.28,LOW_FITNESS,FAIL,1.0,-0.13,LOW_ASI_JPN_SHARPE,FAIL,1,-0.1,LOW_INVESTABILITY_CONSTRAINED_SHARPE,FAIL,-0.2,-0.26,LOW_TURNOVER,PASS,0.01,0.0116,HIGH_TURNOVER,PASS,0.7,0.0116,CONCENTRATED_WEIGHT,FAIL,2015-05-27,0.1,0.450302,LOW_SUB_UNIVERSE_SHARPE,FAIL,-0.08,-0.23,LOW_ROBUST_UNIVERSE_SHARPE.WITH_RATIO,FAIL,0.9,-0.25,-0.51,LOW_ROBUST_UNIVERSE_RETURNS,FAIL,0.9,-0.0255,-0.0526,SELF_CORRELATION,PENDING,DATA_DIVERSITY,PENDING,PROD_CORRELATION,PENDING,REGULAR_SUBMISSION,PENDING,LOW_2Y_SHARPE,FAIL,-0.28,1.58,MATCHES_COMPETITION,PENDING,AIACv2,AI Alphas Competition 2.0,PASS,MATCHES_PYRAMID,1.0,1.1,ASI/D1/FUNDAMENTAL,1.1,WARNING,MATCHES_THEMES,EDrKL34,2.0,JPN Dataset Utilization Theme,M4ZYx3D,2.0,AMR Dataset Utilization Theme,9B3qxZ4,2.0,KOR Dataset Utilization Theme,PBVkEJD,2.0,TWN Dataset Utilization Theme,by88rqy,2.0,HKG Dataset Utilization Theme,V45896D,1.0,GLB/D1 TOPDIV3000 Power Pool Feb`26 Theme,,,,,,,,,,,,,,,,,,,,,,,,,,,,,,,,,,,,
rK63VLaa,REGULAR,PS40111,EQUITY,ASI,MINVOL1M,1,0,INDUSTRY,0.08,ON,VERIFY,OFF,OFF,FASTEXPR,False,2014-01-01,2023-12-31,"quantile(divide(cash_st, liabilities_curr))",,2,2026-02-02T06:10:49-05:00,,2026-02-02T06:10:50-05:00,,False,False,,,ace_tag,llm_test,confidence_0.7,DATA_USAGE:SINGLE_DATA_SET,Single Data Set Alpha,,IS,UNSUBMITTED,-1674635,20000000,1613,1545,0.0133,-0.0162,0.2011,-0.00244,-0.46,-0.17,2014-01-01,-1653471.0,20000000.0,1615.0,1546.0,0.0134,-0.016,0.2016,-0.002386,-0.16,-0.45,-251000.0,20000000.0,1613.0,1545.0,0.0133,-0.0024,0.0694,-0.000366,-0.02,-0.14,LOW_SHARPE,FAIL,1.58,-0.46,LOW_FITNESS,FAIL,1.0,-0.17,LOW_ASI_JPN_SHARPE,FAIL,1,-0.48,LOW_INVESTABILITY_CONSTRAINED_SHARPE,FAIL,-0.32,-0.45,LOW_TURNOVER,PASS,0.01,0.0133,HIGH_TURNOVER,PASS,0.7,0.0133,CONCENTRATED_WEIGHT,PASS,,,,LOW_SUB_UNIVERSE_SHARPE,FAIL,-0.14,-0.36,LOW_ROBUST_UNIVERSE_SHARPE.WITH_RATIO,FAIL,0.9,-0.41,-0.46,LOW_ROBUST_UNIVERSE_RETURNS,FAIL,0.9,-0.0146,-0.017,SELF_CORRELATION,PENDING,DATA_DIVERSITY,PENDING,PROD_CORRELATION,PENDING,REGULAR_SUBMISSION,PENDING,LOW_2Y_SHARPE,FAIL,-0.95,1.58,MATCHES_COMPETITION,PENDING,AIACv2,AI Alphas Competition 2.0,PASS,MATCHES_PYRAMID,1.0,1.1,ASI/D1/FUNDAMENTAL,1.1,WARNING,MATCHES_THEMES,EDrKL34,2.0,JPN Dataset Utilization Theme,M4ZYx3D,2.0,AMR Dataset Utilization Theme,9B3qxZ4,2.0,KOR Dataset Utilization Theme,PBVkEJD,2.0,TWN Dataset Utilization Theme,by88rqy,2.0,HKG Dataset Utilization Theme,V45896D,1.0,GLB/D1 TOPDIV3000 Power Pool Feb`26 Theme,,,,,,,,,,,,,,,,,,,,,,,,,,,,,,,,,,,,
1YV9P6lM,REGULAR,PS40111,EQUITY,ASI,MINVOL1M,1,0,INDUSTRY,0.08,ON,VERIFY,OFF,OFF,FASTEXPR,False,2014-01-01,2023-12-31,"ts_zscore(ts_delta(fnd23_prgs, 4), 60)",,2,2026-02-02T06:09:59-05:00,,2026-02-02T06:09:59-05:00,,False,False,,,ace_tag,llm_test,confidence_0.69,DATA_USAGE:SINGLE_DATA_SET,Single Data Set Alpha,,IS,UNSUBMITTED,970034,20000000,241,469,0.4936,0.0094,0.2428,3.8e-05,0.1,0.01,2014-01-01,-66296.0,20000000.0,302.0,495.0,0.1714,-0.0006,0.3153,-7e-06,-0.0,-0.01,-663455.0,20000000.0,241.0,469.0,0.4936,-0.0064,0.2469,-2.6e-05,-0.01,-0.08,LOW_SHARPE,FAIL,1.58,0.1,LOW_FITNESS,FAIL,1.0,0.01,LOW_ASI_JPN_SHARPE,FAIL,1,0.09,LOW_INVESTABILITY_CONSTRAINED_SHARPE,FAIL,0.07,-0.01,LOW_TURNOVER,PASS,0.01,0.4936,HIGH_TURNOVER,PASS,0.7,0.4936,CONCENTRATED_WEIGHT,FAIL,2015-01-09,0.1,0.123956,LOW_SUB_UNIVERSE_SHARPE,PASS,0.03,0.19,LOW_ROBUST_UNIVERSE_SHARPE.WITH_RATIO,PASS,0.9,0.09,0.43,LOW_ROBUST_UNIVERSE_RETURNS,PASS,0.9,0.0085,0.0387,SELF_CORRELATION,PENDING,DATA_DIVERSITY,PENDING,PROD_CORRELATION,PENDING,REGULAR_SUBMISSION,PENDING,LOW_2Y_SHARPE,FAIL,-0.33,1.58,MATCHES_COMPETITION,PENDING,AIACv2,AI Alphas Competition 2.0,PASS,MATCHES_PYRAMID,1.0,1.1,ASI/D1/FUNDAMENTAL,1.1,WARNING,MATCHES_THEMES,EDrKL34,2.0,JPN Dataset Utilization Theme,M4ZYx3D,2.0,AMR Dataset Utilization Theme,9B3qxZ4,2.0,KOR Dataset Utilization Theme,PBVkEJD,2.0,TWN Dataset Utilization Theme,by88rqy,2.0,HKG Dataset Utilization Theme,V45896D,1.0,GLB/D1 TOPDIV3000 Power Pool Feb`26 Theme,,,,,,,,,,,,,,,,,,,,,,,,,,,,,,,,,,,,
mL2312a6,REGULAR,PS40111,EQUITY,ASI,MINVOL1M,1,0,INDUSTRY,0.08,ON,VERIFY,OFF,OFF,FASTEXPR,False,2014-01-01,2023-12-31,"ts_zscore(ts_delta(inventory_turnover, 4), 60)",,2,2026-02-02T06:10:13-05:00,,2026-02-02T06:10:13-05:00,,False,False,,,ace_tag,llm_test,confidence_0.66,DATA_USAGE:SINGLE_DATA_SET,Single Data Set Alpha,,IS,UNSUBMITTED,3318588,20000000,1179,1147,0.4661,0.0321,0.0755,0.000138,0.71,0.19,2014-01-01,162423.0,20000000.0,1203.0,1169.0,0.2449,0.0016,0.1121,1.3e-05,0.0,0.04,2087689.0,20000000.0,1179.0,1147.0,0.4661,0.0202,0.0523,8.7e-05,0.13,0.64,LOW_SHARPE,FAIL,1.58,0.71,LOW_FITNESS,FAIL,1.0,0.19,LOW_ASI_JPN_SHARPE,FAIL,1,0.25,LOW_INVESTABILITY_CONSTRAINED_SHARPE,FAIL,0.5,0.04,LOW_TURNOVER,PASS,0.01,0.4661,HIGH_TURNOVER,PASS,0.7,0.4661,CONCENTRATED_WEIGHT,PASS,,,,LOW_SUB_UNIVERSE_SHARPE,PASS,0.21,0.32,LOW_ROBUST_UNIVERSE_SHARPE.WITH_RATIO,PASS,0.9,0.64,0.77,LOW_ROBUST_UNIVERSE_RETURNS,PASS,0.9,0.0289,0.0346,SELF_CORRELATION,PENDING,DATA_DIVERSITY,PENDING,PROD_CORRELATION,PENDING,REGULAR_SUBMISSION,PENDING,LOW_2Y_SHARPE,FAIL,0.79,1.58,MATCHES_COMPETITION,PENDING,AIACv2,AI Alphas Competition 2.0,PASS,MATCHES_PYRAMID,1.0,1.1,ASI/D1/FUNDAMENTAL,1.1,WARNING,MATCHES_THEMES,EDrKL34,2.0,JPN Dataset Utilization Theme,M4ZYx3D,2.0,AMR Dataset Utilization Theme,9B3qxZ4,2.0,KOR Dataset Utilization Theme,PBVkEJD,2.0,TWN Dataset Utilization Theme,by88rqy,2.0,HKG Dataset Utilization Theme,V45896D,1.0,GLB/D1 TOPDIV3000 Power Pool Feb`26 Theme,,,,,,,,,,,,,,,,,,,,,,,,,,,,,,,,,,,,
pwJXZQVj,REGULAR,PS40111,EQUITY,ASI,MINVOL1M,1,0,INDUSTRY,0.08,ON,VERIFY,OFF,OFF,FASTEXPR,False,2014-01-01,2023-12-31,"ts_zscore(ts_delta(fnd23_rcaa, 4), 60)",,2,2026-02-02T06:09:53-05:00,,2026-02-02T06:09:54-05:00,,False,False,,,ace_tag,llm_test,confidence_0.63,DATA_USAGE:SINGLE_DATA_SET,Single Data Set Alpha,,IS,UNSUBMITTED,6146268,20000000,348,475,0.5105,0.0594,0.159,0.000233,0.61,0.21,2014-01-01,-76773.0,20000000.0,398.0,504.0,0.1888,-0.0007,0.3142,-8e-06,-0.0,-0.01,5419418.0,20000000.0,348.0,475.0,0.5105,0.0524,0.1957,0.000205,0.2,0.61,LOW_SHARPE,FAIL,1.58,0.61,LOW_FITNESS,FAIL,1.0,0.21,LOW_ASI_JPN_SHARPE,FAIL,1,0.46,LOW_INVESTABILITY_CONSTRAINED_SHARPE,FAIL,0.43,-0.01,LOW_TURNOVER,PASS,0.01,0.5105,HIGH_TURNOVER,PASS,0.7,0.5105,CONCENTRATED_WEIGHT,PASS,,,,LOW_SUB_UNIVERSE_SHARPE,PASS,0.18,0.27,LOW_ROBUST_UNIVERSE_SHARPE.WITH_RATIO,FAIL,0.9,0.55,0.48,LOW_ROBUST_UNIVERSE_RETURNS,FAIL,0.9,0.0535,0.0462,SELF_CORRELATION,PENDING,DATA_DIVERSITY,PENDING,PROD_CORRELATION,PENDING,REGULAR_SUBMISSION,PENDING,LOW_2Y_SHARPE,FAIL,1.15,1.58,MATCHES_COMPETITION,PENDING,AIACv2,AI Alphas Competition 2.0,PASS,MATCHES_PYRAMID,1.0,1.1,ASI/D1/FUNDAMENTAL,1.1,WARNING,MATCHES_THEMES,EDrKL34,2.0,JPN Dataset Utilization Theme,M4ZYx3D,2.0,AMR Dataset Utilization Theme,9B3qxZ4,2.0,KOR Dataset Utilization Theme,PBVkEJD,2.0,TWN Dataset Utilization Theme,by88rqy,2.0,HKG Dataset Utilization Theme,V45896D,1.0,GLB/D1 TOPDIV3000 Power Pool Feb`26 Theme,,,,,,,,,,,,,,,,,,,,,,,,,,,,,,,,,,,,
9qPvmgOd,REGULAR,PS40111,EQUITY,ASI,MINVOL1M,1,0,INDUSTRY,0.08,ON,VERIFY,OFF,OFF,FASTEXPR,False,2014-01-01,2023-12-31,"ts_zscore(ts_delta(fnd23_ecns, 4), 60)",,2,2026-02-02T06:10:01-05:00,,2026-02-02T06:10:01-05:00,,False,False,,,ace_tag,llm_test,confidence_0.71,DATA_USAGE:SINGLE_DATA_SET,Single Data Set Alpha,,IS,UNSUBMITTED,10918326,20000000,302,456,0.4781,0.1055,0.1448,0.000441,1.2,0.56,2014-01-01,664157.0,20000000.0,357.0,488.0,0.1731,0.0064,0.3529,7.4e-05,0.02,0.08,10745027.0,20000000.0,302.0,456.0,0.4781,0.1038,0.1344,0.000434,0.61,1.3,LOW_SHARPE,FAIL,1.58,1.2,LOW_FITNESS,FAIL,1.0,0.56,LOW_ASI_JPN_SHARPE,FAIL,1,0.33,LOW_INVESTABILITY_CONSTRAINED_SHARPE,FAIL,0.84,0.08,LOW_TURNOVER,PASS,0.01,0.4781,HIGH_TURNOVER,PASS,0.7,0.4781,CONCENTRATED_WEIGHT,FAIL,2015-01-13,0.1,0.112107,LOW_SUB_UNIVERSE_SHARPE,FAIL,0.35,0.05,LOW_ROBUST_UNIVERSE_SHARPE.WITH_RATIO,PASS,0.9,1.08,1.22,LOW_ROBUST_UNIVERSE_RETURNS,PASS,0.9,0.0949,0.1053,SELF_CORRELATION,PENDING,DATA_DIVERSITY,PENDING,PROD_CORRELATION,PENDING,REGULAR_SUBMISSION,PENDING,LOW_2Y_SHARPE,FAIL,1.57,1.58,MATCHES_COMPETITION,PENDING,AIACv2,AI Alphas Competition 2.0,PASS,MATCHES_PYRAMID,1.0,1.1,ASI/D1/FUNDAMENTAL,1.1,WARNING,MATCHES_THEMES,EDrKL34,2.0,JPN Dataset Utilization Theme,M4ZYx3D,2.0,AMR Dataset Utilization Theme,9B3qxZ4,2.0,KOR Dataset Utilization Theme,PBVkEJD,2.0,TWN Dataset Utilization Theme,by88rqy,2.0,HKG Dataset Utilization Theme,V45896D,1.0,GLB/D1 TOPDIV3000 Power Pool Feb`26 Theme,,,,,,,,,,,,,,,,,,,,,,,,,,,,,,,,,,,,
ak2Yw2j2,REGULAR,PS40111,EQUITY,ASI,MINVOL1M,1,0,INDUSTRY,0.08,ON,VERIFY,OFF,OFF,FASTEXPR,False,2014-01-01,2023-12-31,"quantile(divide(sga_expense, revenue))",,2,2026-02-02T06:10:03-05:00,,2026-02-02T06:10:03-05:00,,False,False,,,ace_tag,llm_test,confidence_0.64,DATA_USAGE:SINGLE_DATA_SET,Single Data Set Alpha,,IS,UNSUBMITTED,-2981071,20000000,1615,1549,0.0196,-0.0288,0.3277,-0.002944,-0.41,-0.2,2014-01-01,-2857200.0,20000000.0,1616.0,1551.0,0.0188,-0.0276,0.3227,-0.002942,-0.18,-0.39,-1326564.0,20000000.0,1615.0,1549.0,0.0196,-0.0128,0.1531,-0.00131,-0.22,-0.69,LOW_SHARPE,FAIL,1.58,-0.41,LOW_FITNESS,FAIL,1.0,-0.2,LOW_ASI_JPN_SHARPE,FAIL,1,-0.01,LOW_INVESTABILITY_CONSTRAINED_SHARPE,FAIL,-0.29,-0.39,LOW_TURNOVER,PASS,0.01,0.0196,HIGH_TURNOVER,PASS,0.7,0.0196,CONCENTRATED_WEIGHT,PASS,,,,LOW_SUB_UNIVERSE_SHARPE,FAIL,-0.12,-0.19,LOW_ROBUST_UNIVERSE_SHARPE.WITH_RATIO,PASS,0.9,-0.37,-0.22,LOW_ROBUST_UNIVERSE_RETURNS,PASS,0.9,-0.0259,-0.0159,SELF_CORRELATION,PENDING,DATA_DIVERSITY,PENDING,PROD_CORRELATION,PENDING,REGULAR_SUBMISSION,PENDING,LOW_2Y_SHARPE,FAIL,-0.52,1.58,MATCHES_COMPETITION,PENDING,AIACv2,AI Alphas Competition 2.0,PASS,MATCHES_PYRAMID,1.0,1.1,ASI/D1/FUNDAMENTAL,1.1,WARNING,MATCHES_THEMES,EDrKL34,2.0,JPN Dataset Utilization Theme,M4ZYx3D,2.0,AMR Dataset Utilization Theme,9B3qxZ4,2.0,KOR Dataset Utilization Theme,PBVkEJD,2.0,TWN Dataset Utilization Theme,by88rqy,2.0,HKG Dataset Utilization Theme,V45896D,1.0,GLB/D1 TOPDIV3000 Power Pool Feb`26 Theme,,,,,,,,,,,,,,,,,,,,,,,,,,,,,,,,,,,,
A1JWmqgE,REGULAR,PS40111,EQUITY,ASI,MINVOL1M,1,0,INDUSTRY,0.08,ON,VERIFY,OFF,OFF,FASTEXPR,False,2014-01-01,2023-12-31,"ts_zscore(ts_delta(fnd23_sebv, 4), 60)",,2,2026-02-02T06:09:53-05:00,,2026-02-02T06:09:54-05:00,,False,False,,,ace_tag,llm_test,confidence_0.7,DATA_USAGE:SINGLE_DATA_SET,Single Data Set Alpha,,IS,UNSUBMITTED,4823880,20000000,392,538,0.5127,0.0466,0.1325,0.000182,0.62,0.19,2014-01-01,1964639.0,20000000.0,443.0,563.0,0.2002,0.019,0.1449,0.00019,0.08,0.25,6121076.0,20000000.0,392.0,538.0,0.5127,0.0592,0.1556,0.000231,0.29,0.86,LOW_SHARPE,FAIL,1.58,0.62,LOW_FITNESS,FAIL,1.0,0.19,LOW_ASI_JPN_SHARPE,FAIL,1,0.61,LOW_INVESTABILITY_CONSTRAINED_SHARPE,FAIL,0.43,0.25,LOW_TURNOVER,PASS,0.01,0.5127,HIGH_TURNOVER,PASS,0.7,0.5127,CONCENTRATED_WEIGHT,PASS,,,,LOW_SUB_UNIVERSE_SHARPE,PASS,0.18,0.47,LOW_ROBUST_UNIVERSE_SHARPE.WITH_RATIO,PASS,0.9,0.56,0.75,LOW_ROBUST_UNIVERSE_RETURNS,PASS,0.9,0.0419,0.0572,SELF_CORRELATION,PENDING,DATA_DIVERSITY,PENDING,PROD_CORRELATION,PENDING,REGULAR_SUBMISSION,PENDING,LOW_2Y_SHARPE,FAIL,1.23,1.58,MATCHES_COMPETITION,PENDING,AIACv2,AI Alphas Competition 2.0,PASS,MATCHES_PYRAMID,1.0,1.1,ASI/D1/FUNDAMENTAL,1.1,WARNING,MATCHES_THEMES,EDrKL34,2.0,JPN Dataset Utilization Theme,M4ZYx3D,2.0,AMR Dataset Utilization Theme,9B3qxZ4,2.0,KOR Dataset Utilization Theme,PBVkEJD,2.0,TWN Dataset Utilization Theme,by88rqy,2.0,HKG Dataset Utilization Theme,V45896D,1.0,GLB/D1 TOPDIV3000 Power Pool Feb`26 Theme,,,,,,,,,,,,,,,,,,,,,,,,,,,,,,,,,,,,
npkJQWJa,REGULAR,PS40111,EQUITY,ASI,MINVOL1M,1,0,INDUSTRY,0.08,ON,VERIFY,OFF,OFF,FASTEXPR,False,2014-01-01,2023-12-31,"ts_zscore(ts_delta(current_ratio, 4), 60)",,2,2026-02-02T06:12:12-05:00,,2026-02-02T06:12:13-05:00,,False,False,,,ace_tag,llm_test,confidence_0.62,DATA_USAGE:SINGLE_DATA_SET,Single Data Set Alpha,,IS,UNSUBMITTED,163789,20000000,1219,1301,0.452,0.0016,0.1963,7e-06,0.04,0.0,2014-01-01,339928.0,20000000.0,1250.0,1319.0,0.2418,0.0033,0.1423,2.7e-05,0.01,0.1,562738.0,20000000.0,1219.0,1301.0,0.452,0.0054,0.1126,2.4e-05,0.02,0.18,LOW_SHARPE,FAIL,1.58,0.04,LOW_FITNESS,FAIL,1.0,0.0,LOW_ASI_JPN_SHARPE,FAIL,1,-0.03,LOW_INVESTABILITY_CONSTRAINED_SHARPE,PASS,0.03,0.1,LOW_TURNOVER,PASS,0.01,0.452,HIGH_TURNOVER,PASS,0.7,0.452,CONCENTRATED_WEIGHT,PASS,,,,LOW_SUB_UNIVERSE_SHARPE,PASS,0.01,0.2,LOW_ROBUST_UNIVERSE_SHARPE.WITH_RATIO,PASS,0.9,0.04,0.08,LOW_ROBUST_UNIVERSE_RETURNS,PASS,0.9,0.0014,0.003,SELF_CORRELATION,PENDING,DATA_DIVERSITY,PENDING,PROD_CORRELATION,PENDING,REGULAR_SUBMISSION,PENDING,LOW_2Y_SHARPE,FAIL,-0.27,1.58,MATCHES_COMPETITION,PENDING,AIACv2,AI Alphas Competition 2.0,PASS,MATCHES_PYRAMID,1.0,1.1,ASI/D1/FUNDAMENTAL,1.1,WARNING,MATCHES_THEMES,EDrKL34,2.0,JPN Dataset Utilization Theme,M4ZYx3D,2.0,AMR Dataset Utilization Theme,9B3qxZ4,2.0,KOR Dataset Utilization Theme,PBVkEJD,2.0,TWN Dataset Utilization Theme,by88rqy,2.0,HKG Dataset Utilization Theme,V45896D,1.0,GLB/D1 TOPDIV3000 Power Pool Feb`26 Theme,,,,,,,,,,,,,,,,,,,,,,,,,,,,,,,,,,,,
pwJXZlG3,REGULAR,PS40111,EQUITY,ASI,MINVOL1M,1,0,INDUSTRY,0.08,ON,VERIFY,OFF,OFF,FASTEXPR,False,2014-01-01,2023-12-31,"quantile(divide(operating_income, liabilities))",,2,2026-02-02T06:12:54-05:00,,2026-02-02T06:12:54-05:00,,False,False,,,ace_tag,llm_test,confidence_0.69,DATA_USAGE:SINGLE_DATA_SET,Single Data Set Alpha,,IS,UNSUBMITTED,4435148,20000000,1595,1634,0.0204,0.0429,0.137,0.00421,0.92,0.54,2014-01-01,4100355.0,20000000.0,1593.0,1639.0,0.0204,0.0396,0.1395,0.003885,0.48,0.85,827246.0,20000000.0,1595.0,1634.0,0.0204,0.008,0.0477,0.000785,0.12,0.48,LOW_SHARPE,FAIL,1.58,0.92,LOW_FITNESS,FAIL,1.0,0.54,LOW_ASI_JPN_SHARPE,FAIL,1,-0.18,LOW_INVESTABILITY_CONSTRAINED_SHARPE,PASS,0.64,0.85,LOW_TURNOVER,PASS,0.01,0.0204,HIGH_TURNOVER,PASS,0.7,0.0204,CONCENTRATED_WEIGHT,PASS,,,,LOW_SUB_UNIVERSE_SHARPE,PASS,0.27,0.56,LOW_ROBUST_UNIVERSE_SHARPE.WITH_RATIO,FAIL,0.9,0.83,0.61,LOW_ROBUST_UNIVERSE_RETURNS,FAIL,0.9,0.0386,0.0293,SELF_CORRELATION,PENDING,DATA_DIVERSITY,PENDING,PROD_CORRELATION,PENDING,REGULAR_SUBMISSION,PENDING,LOW_2Y_SHARPE,FAIL,1.07,1.58,MATCHES_COMPETITION,PENDING,AIACv2,AI Alphas Competition 2.0,PASS,MATCHES_PYRAMID,1.0,1.1,ASI/D1/FUNDAMENTAL,1.1,WARNING,MATCHES_THEMES,EDrKL34,2.0,JPN Dataset Utilization Theme,M4ZYx3D,2.0,AMR Dataset Utilization Theme,9B3qxZ4,2.0,KOR Dataset Utilization Theme,PBVkEJD,2.0,TWN Dataset Utilization Theme,by88rqy,2.0,HKG Dataset Utilization Theme,V45896D,1.0,GLB/D1 TOPDIV3000 Power Pool Feb`26 Theme,,,,,,,,,,,,,,,,,,,,,,,,,,,,,,,,,,,,
wpwmPe66,REGULAR,PS40111,EQUITY,ASI,MINVOL1M,1,0,INDUSTRY,0.08,ON,VERIFY,OFF,OFF,FASTEXPR,False,2014-01-01,2023-12-31,"quantile(divide(ts_backfill(interest_expense, 30), ebit))",,3,2026-02-02T06:12:14-05:00,,2026-02-02T06:12:14-05:00,,False,False,,,ace_tag,llm_test,confidence_0.6,DATA_USAGE:SINGLE_DATA_SET,Single Data Set Alpha,,IS,UNSUBMITTED,3505277,20000000,156,810,0.0143,0.0339,0.105,0.004749,0.5,0.26,2014-01-01,3860056.0,20000000.0,334.0,981.0,0.015,0.0373,0.0965,0.004971,0.3,0.55,2613115.0,20000000.0,156.0,810.0,0.0143,0.0253,0.0796,0.003541,0.25,0.55,LOW_SHARPE,FAIL,1.58,0.5,LOW_FITNESS,FAIL,1.0,0.26,LOW_ASI_JPN_SHARPE,FAIL,1,0.48,LOW_INVESTABILITY_CONSTRAINED_SHARPE,PASS,0.35,0.55,LOW_TURNOVER,PASS,0.01,0.0143,HIGH_TURNOVER,PASS,0.7,0.0143,CONCENTRATED_WEIGHT,PASS,,,,LOW_SUB_UNIVERSE_SHARPE,PASS,0.15,0.2,LOW_ROBUST_UNIVERSE_SHARPE.WITH_RATIO,FAIL,0.9,0.45,0.44,LOW_ROBUST_UNIVERSE_RETURNS,PASS,0.9,0.0305,0.0307,SELF_CORRELATION,PENDING,DATA_DIVERSITY,PENDING,PROD_CORRELATION,PENDING,REGULAR_SUBMISSION,PENDING,LOW_2Y_SHARPE,FAIL,0.21,1.58,MATCHES_COMPETITION,PENDING,AIACv2,AI Alphas Competition 2.0,PASS,MATCHES_PYRAMID,1.0,1.1,ASI/D1/FUNDAMENTAL,1.1,WARNING,MATCHES_THEMES,EDrKL34,2.0,JPN Dataset Utilization Theme,M4ZYx3D,2.0,AMR Dataset Utilization Theme,9B3qxZ4,2.0,KOR Dataset Utilization Theme,PBVkEJD,2.0,TWN Dataset Utilization Theme,by88rqy,2.0,HKG Dataset Utilization Theme,V45896D,1.0,GLB/D1 TOPDIV3000 Power Pool Feb`26 Theme,,,,,,,,,,,,,,,,,,,,,,,,,,,,,,,,,,,,
Vkw95OPA,REGULAR,PS40111,EQUITY,ASI,MINVOL1M,1,0,INDUSTRY,0.08,ON,VERIFY,OFF,OFF,FASTEXPR,False,2014-01-01,2023-12-31,"quantile(divide(cashflow_op, sales))",,2,2026-02-02T06:12:04-05:00,,2026-02-02T06:12:04-05:00,,False,False,,,ace_tag,llm_test,confidence_0.73,DATA_USAGE:SINGLE_DATA_SET,Single Data Set Alpha,,IS,UNSUBMITTED,5805310,20000000,1547,1538,0.025,0.0561,0.0927,0.00448,1.17,0.78,2014-01-01,5353515.0,20000000.0,1547.0,1542.0,0.0248,0.0517,0.0956,0.004176,0.69,1.08,1480937.0,20000000.0,1547.0,1538.0,0.025,0.0143,0.0308,0.001143,0.28,0.84,LOW_SHARPE,WARNING,1.58,1.17,LOW_FITNESS,WARNING,1.0,0.78,LOW_ASI_JPN_SHARPE,FAIL,1,0.31,LOW_INVESTABILITY_CONSTRAINED_SHARPE,PASS,0.82,1.08,LOW_TURNOVER,PASS,0.01,0.025,HIGH_TURNOVER,PASS,0.7,0.025,CONCENTRATED_WEIGHT,PASS,,,,LOW_SUB_UNIVERSE_SHARPE,PASS,0.35,0.8,LOW_ROBUST_UNIVERSE_SHARPE.WITH_RATIO,FAIL,0.9,1.05,0.88,LOW_ROBUST_UNIVERSE_RETURNS,FAIL,0.9,0.0505,0.041,SELF_CORRELATION,PENDING,DATA_DIVERSITY,PENDING,PROD_CORRELATION,PENDING,REGULAR_SUBMISSION,PENDING,LOW_2Y_SHARPE,WARNING,1.37,1.58,POWER_POOL_CORRELATION,PENDING,,,PENDING,MATCHES_COMPETITION,,,,,PASS,MATCHES_PYRAMID,,,,,,,,,,,,,,,,,,,,,,,,,,,,,AIACv2,AI Alphas Competition 2.0,1.0,1.1,ASI/D1/FUNDAMENTAL,1.1,WARNING,MATCHES_THEMES,EDrKL34,2.0,JPN Dataset Utilization Theme,M4ZYx3D,2.0,AMR Dataset Utilization Theme,9B3qxZ4,2.0,KOR Dataset Utilization Theme,PBVkEJD,2.0,TWN Dataset Utilization Theme,by88rqy,2.0,HKG Dataset Utilization Theme,V45896D,1.0,GLB/D1 TOPDIV3000 Power Pool Feb`26 Theme
Vkw95OX8,REGULAR,PS40111,EQUITY,ASI,MINVOL1M,1,0,INDUSTRY,0.08,ON,VERIFY,OFF,OFF,FASTEXPR,False,2014-01-01,2023-12-31,"quantile(divide(fnd23_pdcf, income))",,2,2026-02-02T06:12:03-05:00,,2026-02-02T06:12:03-05:00,,False,False,,,ace_tag,llm_test,confidence_0.58,DATA_USAGE:SINGLE_DATA_SET,Single Data Set Alpha,,IS,UNSUBMITTED,-2766721,20000000,1464,1463,0.0262,-0.0267,0.3003,-0.002042,-0.61,-0.28,2014-01-01,-2850137.0,20000000.0,1467.0,1463.0,0.0261,-0.0275,0.3011,-0.002114,-0.3,-0.63,46642.0,20000000.0,1464.0,1463.0,0.0262,0.0005,0.0531,3.4e-05,0.0,0.03,LOW_SHARPE,FAIL,1.58,-0.61,LOW_FITNESS,FAIL,1.0,-0.28,LOW_ASI_JPN_SHARPE,FAIL,1,-0.39,LOW_INVESTABILITY_CONSTRAINED_SHARPE,FAIL,-0.43,-0.63,LOW_TURNOVER,PASS,0.01,0.0262,HIGH_TURNOVER,PASS,0.7,0.0262,CONCENTRATED_WEIGHT,PASS,,,,LOW_SUB_UNIVERSE_SHARPE,FAIL,-0.18,-0.7,LOW_ROBUST_UNIVERSE_SHARPE.WITH_RATIO,FAIL,0.9,-0.55,-0.58,LOW_ROBUST_UNIVERSE_RETURNS,FAIL,0.9,-0.024,-0.0243,SELF_CORRELATION,PENDING,DATA_DIVERSITY,PENDING,PROD_CORRELATION,PENDING,REGULAR_SUBMISSION,PENDING,LOW_2Y_SHARPE,FAIL,-1.11,1.58,MATCHES_COMPETITION,PENDING,AIACv2,AI Alphas Competition 2.0,PASS,MATCHES_PYRAMID,1.0,1.1,ASI/D1/FUNDAMENTAL,1.1,WARNING,MATCHES_THEMES,EDrKL34,2.0,JPN Dataset Utilization Theme,M4ZYx3D,2.0,AMR Dataset Utilization Theme,9B3qxZ4,2.0,KOR Dataset Utilization Theme,PBVkEJD,2.0,TWN Dataset Utilization Theme,by88rqy,2.0,HKG Dataset Utilization Theme,V45896D,1.0,GLB/D1 TOPDIV3000 Power Pool Feb`26 Theme,,,,,,,,,,,,,,,,,,,,,,,,,,,,,,,,,,,,
bl2knvdq,REGULAR,PS40111,EQUITY,ASI,MINVOL1M,1,0,INDUSTRY,0.08,ON,VERIFY,OFF,OFF,FASTEXPR,False,2014-01-01,2023-12-31,"ts_zscore(ts_delta(retained_earnings, 4), 60)",,2,2026-02-02T06:12:04-05:00,,2026-02-02T06:12:05-05:00,,False,False,,,ace_tag,llm_test,confidence_0.6,DATA_USAGE:SINGLE_DATA_SET,Single Data Set Alpha,,IS,UNSUBMITTED,608170,20000000,872,1845,0.4838,0.0059,0.1927,2.4e-05,0.12,0.01,2014-01-01,-23155.0,20000000.0,985.0,1786.0,0.2662,-0.0002,0.2134,-2e-06,-0.0,-0.0,1611334.0,20000000.0,872.0,1845.0,0.4838,0.0156,0.1447,6.4e-05,0.09,0.51,LOW_SHARPE,FAIL,1.58,0.12,LOW_FITNESS,FAIL,1.0,0.01,LOW_ASI_JPN_SHARPE,FAIL,1,-0.09,LOW_INVESTABILITY_CONSTRAINED_SHARPE,FAIL,0.08,-0.0,LOW_TURNOVER,PASS,0.01,0.4838,HIGH_TURNOVER,PASS,0.7,0.4838,CONCENTRATED_WEIGHT,PASS,,,,LOW_SUB_UNIVERSE_SHARPE,PASS,0.04,0.25,LOW_ROBUST_UNIVERSE_SHARPE.WITH_RATIO,PASS,0.9,0.11,0.42,LOW_ROBUST_UNIVERSE_RETURNS,PASS,0.9,0.0053,0.0215,SELF_CORRELATION,PENDING,DATA_DIVERSITY,PENDING,PROD_CORRELATION,PENDING,REGULAR_SUBMISSION,PENDING,LOW_2Y_SHARPE,FAIL,-0.44,1.58,MATCHES_COMPETITION,PENDING,AIACv2,AI Alphas Competition 2.0,PASS,MATCHES_PYRAMID,1.0,1.1,ASI/D1/FUNDAMENTAL,1.1,WARNING,MATCHES_THEMES,EDrKL34,2.0,JPN Dataset Utilization Theme,M4ZYx3D,2.0,AMR Dataset Utilization Theme,9B3qxZ4,2.0,KOR Dataset Utilization Theme,PBVkEJD,2.0,TWN Dataset Utilization Theme,by88rqy,2.0,HKG Dataset Utilization Theme,V45896D,1.0,GLB/D1 TOPDIV3000 Power Pool Feb`26 Theme,,,,,,,,,,,,,,,,,,,,,,,,,,,,,,,,,,,,
ak2YwoA5,REGULAR,PS40111,EQUITY,ASI,MINVOL1M,1,0,INDUSTRY,0.08,ON,VERIFY,OFF,OFF,FASTEXPR,False,2014-01-01,2023-12-31,"ts_zscore(ts_delta(pretax_income, 4), 60)",,2,2026-02-02T06:12:02-05:00,,2026-02-02T06:12:03-05:00,,False,False,,,ace_tag,llm_test,confidence_0.68,DATA_USAGE:SINGLE_DATA_SET,Single Data Set Alpha,,IS,UNSUBMITTED,1023780,20000000,1298,1413,0.4543,0.0099,0.1039,4.4e-05,0.27,0.04,2014-01-01,-839420.0,20000000.0,1325.0,1432.0,0.2509,-0.0081,0.1449,-6.5e-05,-0.05,-0.26,757096.0,20000000.0,1298.0,1413.0,0.4543,0.0073,0.1501,3.2e-05,0.03,0.25,LOW_SHARPE,FAIL,1.58,0.27,LOW_FITNESS,FAIL,1.0,0.04,LOW_ASI_JPN_SHARPE,FAIL,1,-0.06,LOW_INVESTABILITY_CONSTRAINED_SHARPE,FAIL,0.19,-0.26,LOW_TURNOVER,PASS,0.01,0.4543,HIGH_TURNOVER,PASS,0.7,0.4543,CONCENTRATED_WEIGHT,PASS,,,,LOW_SUB_UNIVERSE_SHARPE,FAIL,0.08,-0.41,LOW_ROBUST_UNIVERSE_SHARPE.WITH_RATIO,PASS,0.9,0.24,0.5,LOW_ROBUST_UNIVERSE_RETURNS,PASS,0.9,0.0089,0.0186,SELF_CORRELATION,PENDING,DATA_DIVERSITY,PENDING,PROD_CORRELATION,PENDING,REGULAR_SUBMISSION,PENDING,LOW_2Y_SHARPE,FAIL,-0.0,1.58,MATCHES_COMPETITION,PENDING,AIACv2,AI Alphas Competition 2.0,PASS,MATCHES_PYRAMID,1.0,1.1,ASI/D1/FUNDAMENTAL,1.1,WARNING,MATCHES_THEMES,EDrKL34,2.0,JPN Dataset Utilization Theme,M4ZYx3D,2.0,AMR Dataset Utilization Theme,9B3qxZ4,2.0,KOR Dataset Utilization Theme,PBVkEJD,2.0,TWN Dataset Utilization Theme,by88rqy,2.0,HKG Dataset Utilization Theme,V45896D,1.0,GLB/D1 TOPDIV3000 Power Pool Feb`26 Theme,,,,,,,,,,,,,,,,,,,,,,,,,,,,,,,,,,,,
0mkl6Egr,REGULAR,PS40111,EQUITY,ASI,MINVOL1M,1,0,INDUSTRY,0.08,ON,VERIFY,OFF,OFF,FASTEXPR,False,2014-01-01,2023-12-31,"quantile(divide(inventory, sales))",,2,2026-02-02T06:12:53-05:00,,2026-02-02T06:12:54-05:00,,False,False,,,ace_tag,llm_test,confidence_0.56,DATA_USAGE:SINGLE_DATA_SET,Single Data Set Alpha,,IS,UNSUBMITTED,-629907,20000000,1365,1470,0.0166,-0.0061,0.1346,-0.000732,-0.16,-0.04,2014-01-01,-446642.0,20000000.0,1368.0,1471.0,0.0162,-0.0043,0.1286,-0.000531,-0.02,-0.11,-570813.0,20000000.0,1365.0,1470.0,0.0166,-0.0055,0.067,-0.000663,-0.06,-0.28,LOW_SHARPE,FAIL,1.58,-0.16,LOW_FITNESS,FAIL,1.0,-0.04,LOW_ASI_JPN_SHARPE,FAIL,1,-0.09,LOW_INVESTABILITY_CONSTRAINED_SHARPE,PASS,-0.11,-0.11,LOW_TURNOVER,PASS,0.01,0.0166,HIGH_TURNOVER,PASS,0.7,0.0166,CONCENTRATED_WEIGHT,PASS,,,,LOW_SUB_UNIVERSE_SHARPE,PASS,-0.05,0.18,LOW_ROBUST_UNIVERSE_SHARPE.WITH_RATIO,PASS,0.9,-0.14,-0.1,LOW_ROBUST_UNIVERSE_RETURNS,PASS,0.9,-0.0055,-0.004,SELF_CORRELATION,PENDING,DATA_DIVERSITY,PENDING,PROD_CORRELATION,PENDING,REGULAR_SUBMISSION,PENDING,LOW_2Y_SHARPE,FAIL,0.37,1.58,MATCHES_COMPETITION,PENDING,AIACv2,AI Alphas Competition 2.0,PASS,MATCHES_PYRAMID,1.0,1.1,ASI/D1/FUNDAMENTAL,1.1,WARNING,MATCHES_THEMES,EDrKL34,2.0,JPN Dataset Utilization Theme,M4ZYx3D,2.0,AMR Dataset Utilization Theme,9B3qxZ4,2.0,KOR Dataset Utilization Theme,PBVkEJD,2.0,TWN Dataset Utilization Theme,by88rqy,2.0,HKG Dataset Utilization Theme,V45896D,1.0,GLB/D1 TOPDIV3000 Power Pool Feb`26 Theme,,,,,,,,,,,,,,,,,,,,,,,,,,,,,,,,,,,,
1YV9PZNQ,REGULAR,PS40111,EQUITY,ASI,MINVOL1M,1,0,INDUSTRY,0.08,ON,VERIFY,OFF,OFF,FASTEXPR,False,2014-01-01,2023-12-31,"zscore(divide(sales, assets))",,2,2026-02-02T06:14:15-05:00,,2026-02-02T06:14:15-05:00,,False,False,,,ace_tag,llm_test,confidence_0.7,DATA_USAGE:SINGLE_DATA_SET,Single Data Set Alpha,,IS,UNSUBMITTED,1790953,20000000,1222,1935,0.0368,0.0173,1.0523,0.00094,0.08,0.03,2014-01-01,3547152.0,20000000.0,1183.0,1976.0,0.0346,0.0343,0.8141,0.001981,0.08,0.15,-190611.0,20000000.0,1222.0,1935.0,0.0368,-0.0018,0.627,-0.0001,-0.0,-0.01,LOW_SHARPE,FAIL,1.58,0.08,LOW_FITNESS,FAIL,1.0,0.03,LOW_ASI_JPN_SHARPE,FAIL,1,-0.07,LOW_INVESTABILITY_CONSTRAINED_SHARPE,PASS,0.06,0.15,LOW_TURNOVER,PASS,0.01,0.0368,HIGH_TURNOVER,PASS,0.7,0.0368,CONCENTRATED_WEIGHT,FAIL,2014-06-25,0.1,0.497032,LOW_SUB_UNIVERSE_SHARPE,FAIL,0.02,-0.61,LOW_ROBUST_UNIVERSE_SHARPE.WITH_RATIO,FAIL,0.9,0.07,0.0,LOW_ROBUST_UNIVERSE_RETURNS,FAIL,0.9,0.0156,0.0002,SELF_CORRELATION,PENDING,DATA_DIVERSITY,PENDING,PROD_CORRELATION,PENDING,REGULAR_SUBMISSION,PENDING,LOW_2Y_SHARPE,FAIL,0.12,1.58,MATCHES_COMPETITION,PENDING,AIACv2,AI Alphas Competition 2.0,PASS,MATCHES_PYRAMID,1.0,1.1,ASI/D1/FUNDAMENTAL,1.1,WARNING,MATCHES_THEMES,EDrKL34,2.0,JPN Dataset Utilization Theme,M4ZYx3D,2.0,AMR Dataset Utilization Theme,9B3qxZ4,2.0,KOR Dataset Utilization Theme,PBVkEJD,2.0,TWN Dataset Utilization Theme,by88rqy,2.0,HKG Dataset Utilization Theme,V45896D,1.0,GLB/D1 TOPDIV3000 Power Pool Feb`26 Theme,,,,,,,,,,,,,,,,,,,,,,,,,,,,,,,,,,,,
9qPvmWwq,REGULAR,PS40111,EQUITY,ASI,MINVOL1M,1,0,INDUSTRY,0.08,ON,VERIFY,OFF,OFF,FASTEXPR,False,2014-01-01,2023-12-31,"quantile(divide(income_tax, pretax_income))",,2,2026-02-02T06:14:11-05:00,,2026-02-02T06:14:12-05:00,,False,False,,,ace_tag,llm_test,confidence_0.55,DATA_USAGE:SINGLE_DATA_SET,Single Data Set Alpha,,IS,UNSUBMITTED,3087213,20000000,1662,1672,0.03,0.0298,0.17,0.001987,0.49,0.24,2014-01-01,2889281.0,20000000.0,1663.0,1673.0,0.0298,0.0279,0.1788,0.001872,0.22,0.46,-155478.0,20000000.0,1662.0,1672.0,0.03,-0.0015,0.0617,-0.0001,-0.01,-0.09,LOW_SHARPE,FAIL,1.58,0.49,LOW_FITNESS,FAIL,1.0,0.24,LOW_ASI_JPN_SHARPE,FAIL,1,0.29,LOW_INVESTABILITY_CONSTRAINED_SHARPE,PASS,0.34,0.46,LOW_TURNOVER,PASS,0.01,0.03,HIGH_TURNOVER,PASS,0.7,0.03,CONCENTRATED_WEIGHT,PASS,,,,LOW_SUB_UNIVERSE_SHARPE,PASS,0.14,0.38,LOW_ROBUST_UNIVERSE_SHARPE.WITH_RATIO,FAIL,0.9,0.44,0.28,LOW_ROBUST_UNIVERSE_RETURNS,FAIL,0.9,0.0268,0.0171,SELF_CORRELATION,PENDING,DATA_DIVERSITY,PENDING,PROD_CORRELATION,PENDING,REGULAR_SUBMISSION,PENDING,LOW_2Y_SHARPE,FAIL,0.77,1.58,MATCHES_COMPETITION,PENDING,AIACv2,AI Alphas Competition 2.0,PASS,MATCHES_PYRAMID,1.0,1.1,ASI/D1/FUNDAMENTAL,1.1,WARNING,MATCHES_THEMES,EDrKL34,2.0,JPN Dataset Utilization Theme,M4ZYx3D,2.0,AMR Dataset Utilization Theme,9B3qxZ4,2.0,KOR Dataset Utilization Theme,PBVkEJD,2.0,TWN Dataset Utilization Theme,by88rqy,2.0,HKG Dataset Utilization Theme,V45896D,1.0,GLB/D1 TOPDIV3000 Power Pool Feb`26 Theme,,,,,,,,,,,,,,,,,,,,,,,,,,,,,,,,,,,,
omwprWNn,REGULAR,PS40111,EQUITY,ASI,MINVOL1M,1,0,INDUSTRY,0.08,ON,VERIFY,OFF,OFF,FASTEXPR,False,2014-01-01,2023-12-31,"ts_zscore(ts_delta(liabilities, 4), 60)",,2,2026-02-02T06:14:12-05:00,,2026-02-02T06:14:13-05:00,,False,False,,,ace_tag,llm_test,confidence_0.6,DATA_USAGE:SINGLE_DATA_SET,Single Data Set Alpha,,IS,UNSUBMITTED,1062558,20000000,1126,1551,0.4519,0.0103,0.0887,4.5e-05,0.27,0.04,2014-01-01,846984.0,20000000.0,1188.0,1535.0,0.2486,0.0082,0.0722,6.6e-05,0.04,0.24,545629.0,20000000.0,1126.0,1551.0,0.4519,0.0053,0.1075,2.3e-05,0.02,0.18,LOW_SHARPE,FAIL,1.58,0.27,LOW_FITNESS,FAIL,1.0,0.04,LOW_ASI_JPN_SHARPE,FAIL,1,0.36,LOW_INVESTABILITY_CONSTRAINED_SHARPE,PASS,0.19,0.24,LOW_TURNOVER,PASS,0.01,0.4519,HIGH_TURNOVER,PASS,0.7,0.4519,CONCENTRATED_WEIGHT,PASS,,,,LOW_SUB_UNIVERSE_SHARPE,FAIL,0.08,-0.07,LOW_ROBUST_UNIVERSE_SHARPE.WITH_RATIO,FAIL,0.9,0.24,0.2,LOW_ROBUST_UNIVERSE_RETURNS,FAIL,0.9,0.0093,0.0081,SELF_CORRELATION,PENDING,DATA_DIVERSITY,PENDING,PROD_CORRELATION,PENDING,REGULAR_SUBMISSION,PENDING,LOW_2Y_SHARPE,FAIL,0.61,1.58,MATCHES_COMPETITION,PENDING,AIACv2,AI Alphas Competition 2.0,PASS,MATCHES_PYRAMID,1.0,1.1,ASI/D1/FUNDAMENTAL,1.1,WARNING,MATCHES_THEMES,EDrKL34,2.0,JPN Dataset Utilization Theme,M4ZYx3D,2.0,AMR Dataset Utilization Theme,9B3qxZ4,2.0,KOR Dataset Utilization Theme,PBVkEJD,2.0,TWN Dataset Utilization Theme,by88rqy,2.0,HKG Dataset Utilization Theme,V45896D,1.0,GLB/D1 TOPDIV3000 Power Pool Feb`26 Theme,,,,,,,,,,,,,,,,,,,,,,,,,,,,,,,,,,,,
omwprWgn,REGULAR,PS40111,EQUITY,ASI,MINVOL1M,1,0,INDUSTRY,0.08,ON,VERIFY,OFF,OFF,FASTEXPR,False,2014-01-01,2023-12-31,"greater(ts_delta(operating_income, 4), ts_delta(sales, 4))",,3,2026-02-02T06:14:12-05:00,,2026-02-02T06:14:12-05:00,,False,False,,,ace_tag,llm_test,confidence_0.72,DATA_USAGE:SINGLE_DATA_SET,Single Data Set Alpha,,IS,UNSUBMITTED,1456185,20000000,106,2008,0.5761,0.0141,0.1525,4.9e-05,0.16,0.03,2014-01-01,-3166912.0,20000000.0,837.0,2321.0,0.2809,-0.0306,0.5301,-0.000218,-0.13,-0.38,537352.0,20000000.0,106.0,2008.0,0.5761,0.0052,0.177,1.8e-05,0.01,0.09,LOW_SHARPE,FAIL,1.58,0.16,LOW_FITNESS,FAIL,1.0,0.03,LOW_ASI_JPN_SHARPE,FAIL,1,-0.12,LOW_INVESTABILITY_CONSTRAINED_SHARPE,FAIL,0.11,-0.38,LOW_TURNOVER,PASS,0.01,0.5761,HIGH_TURNOVER,PASS,0.7,0.5761,CONCENTRATED_WEIGHT,FAIL,2017-01-06,0.1,0.5,LOW_SUB_UNIVERSE_SHARPE,FAIL,0.05,-0.19,LOW_ROBUST_UNIVERSE_SHARPE.WITH_RATIO,PASS,0.9,0.14,0.15,LOW_ROBUST_UNIVERSE_RETURNS,FAIL,0.9,0.0127,0.0122,SELF_CORRELATION,PENDING,DATA_DIVERSITY,PENDING,PROD_CORRELATION,PENDING,REGULAR_SUBMISSION,PENDING,LOW_2Y_SHARPE,FAIL,0.03,1.58,MATCHES_COMPETITION,PENDING,AIACv2,AI Alphas Competition 2.0,PASS,MATCHES_PYRAMID,1.0,1.1,ASI/D1/FUNDAMENTAL,1.1,WARNING,MATCHES_THEMES,EDrKL34,2.0,JPN Dataset Utilization Theme,M4ZYx3D,2.0,AMR Dataset Utilization Theme,9B3qxZ4,2.0,KOR Dataset Utilization Theme,PBVkEJD,2.0,TWN Dataset Utilization Theme,by88rqy,2.0,HKG Dataset Utilization Theme,V45896D,1.0,GLB/D1 TOPDIV3000 Power Pool Feb`26 Theme,,,,,,,,,,,,,,,,,,,,,,,,,,,,,,,,,,,,
Gr0ax9QQ,REGULAR,PS40111,EQUITY,ASI,MINVOL1M,1,0,INDUSTRY,0.08,ON,VERIFY,OFF,OFF,FASTEXPR,False,2014-01-01,2023-12-31,"quantile(divide(fnd23_itpv, assets))",,2,2026-02-02T06:16:28-05:00,,2026-02-02T06:16:28-05:00,,False,False,,,ace_tag,llm_test,confidence_0.67,DATA_USAGE:SINGLE_DATA_SET,Single Data Set Alpha,,IS,UNSUBMITTED,4257230,20000000,1635,1652,0.0124,0.0411,0.1523,0.006636,0.83,0.48,2014-01-01,4046716.0,20000000.0,1634.0,1656.0,0.0125,0.0391,0.1537,0.006237,0.44,0.79,-376529.0,20000000.0,1635.0,1652.0,0.0124,-0.0036,0.0492,-0.000587,-0.04,-0.26,LOW_SHARPE,FAIL,1.58,0.83,LOW_FITNESS,FAIL,1.0,0.48,LOW_ASI_JPN_SHARPE,FAIL,1,0.13,LOW_INVESTABILITY_CONSTRAINED_SHARPE,PASS,0.58,0.79,LOW_TURNOVER,PASS,0.01,0.0124,HIGH_TURNOVER,PASS,0.7,0.0124,CONCENTRATED_WEIGHT,PASS,,,,LOW_SUB_UNIVERSE_SHARPE,PASS,0.24,0.57,LOW_ROBUST_UNIVERSE_SHARPE.WITH_RATIO,FAIL,0.9,0.75,0.53,LOW_ROBUST_UNIVERSE_RETURNS,FAIL,0.9,0.037,0.0253,SELF_CORRELATION,PENDING,DATA_DIVERSITY,PENDING,PROD_CORRELATION,PENDING,REGULAR_SUBMISSION,PENDING,LOW_2Y_SHARPE,FAIL,0.8,1.58,MATCHES_COMPETITION,PENDING,AIACv2,AI Alphas Competition 2.0,PASS,MATCHES_PYRAMID,1.0,1.1,ASI/D1/FUNDAMENTAL,1.1,WARNING,MATCHES_THEMES,EDrKL34,2.0,JPN Dataset Utilization Theme,M4ZYx3D,2.0,AMR Dataset Utilization Theme,9B3qxZ4,2.0,KOR Dataset Utilization Theme,PBVkEJD,2.0,TWN Dataset Utilization Theme,by88rqy,2.0,HKG Dataset Utilization Theme,V45896D,1.0,GLB/D1 TOPDIV3000 Power Pool Feb`26 Theme,,,,,,,,,,,,,,,,,,,,,,,,,,,,,,,,,,,,
9qPvmWXV,REGULAR,PS40111,EQUITY,ASI,MINVOL1M,1,0,INDUSTRY,0.08,ON,VERIFY,OFF,OFF,FASTEXPR,False,2014-01-01,2023-12-31,"quantile(divide(fnd23_iscs, assets))",,2,2026-02-02T06:14:13-05:00,,2026-02-02T06:14:13-05:00,,False,False,,,ace_tag,llm_test,confidence_0.64,DATA_USAGE:SINGLE_DATA_SET,Single Data Set Alpha,,IS,UNSUBMITTED,-1872817,20000000,1580,1566,0.0125,-0.0181,0.2232,-0.002886,-0.39,-0.15,2014-01-01,-2084380.0,20000000.0,1582.0,1567.0,0.0124,-0.0201,0.2323,-0.003262,-0.18,-0.44,152351.0,20000000.0,1580.0,1566.0,0.0125,0.0015,0.0512,0.000235,0.01,0.09,LOW_SHARPE,FAIL,1.58,-0.39,LOW_FITNESS,FAIL,1.0,-0.15,LOW_ASI_JPN_SHARPE,FAIL,1,-0.48,LOW_INVESTABILITY_CONSTRAINED_SHARPE,FAIL,-0.27,-0.44,LOW_TURNOVER,PASS,0.01,0.0125,HIGH_TURNOVER,PASS,0.7,0.0125,CONCENTRATED_WEIGHT,PASS,,,,LOW_SUB_UNIVERSE_SHARPE,FAIL,-0.12,-0.46,LOW_ROBUST_UNIVERSE_SHARPE.WITH_RATIO,FAIL,0.9,-0.35,-0.37,LOW_ROBUST_UNIVERSE_RETURNS,FAIL,0.9,-0.0163,-0.0179,SELF_CORRELATION,PENDING,DATA_DIVERSITY,PENDING,PROD_CORRELATION,PENDING,REGULAR_SUBMISSION,PENDING,LOW_2Y_SHARPE,FAIL,-0.63,1.58,MATCHES_COMPETITION,PENDING,AIACv2,AI Alphas Competition 2.0,PASS,MATCHES_PYRAMID,1.0,1.1,ASI/D1/FUNDAMENTAL,1.1,WARNING,MATCHES_THEMES,EDrKL34,2.0,JPN Dataset Utilization Theme,M4ZYx3D,2.0,AMR Dataset Utilization Theme,9B3qxZ4,2.0,KOR Dataset Utilization Theme,PBVkEJD,2.0,TWN Dataset Utilization Theme,by88rqy,2.0,HKG Dataset Utilization Theme,V45896D,1.0,GLB/D1 TOPDIV3000 Power Pool Feb`26 Theme,,,,,,,,,,,,,,,,,,,,,,,,,,,,,,,,,,,,
1YV9P6lM,REGULAR,PS40111,EQUITY,ASI,MINVOL1M,1,0,INDUSTRY,0.08,ON,VERIFY,OFF,OFF,FASTEXPR,False,2014-01-01,2023-12-31,"ts_zscore(ts_delta(fnd23_prgs, 4), 60)",Look for firms with increasing gross margin (fnd23_prgs high coverage). Used ts_delta; SUGGESTION1 applied. Confidence 0.69.,2,2026-02-02T06:09:59-05:00,,2026-02-02T06:10:04-05:00,,False,False,,,ace_tag,llm_test,confidence_0.68,DATA_USAGE:SINGLE_DATA_SET,Single Data Set Alpha,,IS,UNSUBMITTED,970034,20000000,241,469,0.4936,0.0094,0.2428,3.8e-05,0.1,0.01,2014-01-01,-66296.0,20000000.0,302.0,495.0,0.1714,-0.0006,0.3153,-7e-06,-0.0,-0.01,-663455.0,20000000.0,241.0,469.0,0.4936,-0.0064,0.2469,-2.6e-05,-0.01,-0.08,LOW_SHARPE,FAIL,1.58,0.1,LOW_FITNESS,FAIL,1.0,0.01,LOW_ASI_JPN_SHARPE,FAIL,1,0.09,LOW_INVESTABILITY_CONSTRAINED_SHARPE,FAIL,0.07,-0.01,LOW_TURNOVER,PASS,0.01,0.4936,HIGH_TURNOVER,PASS,0.7,0.4936,CONCENTRATED_WEIGHT,FAIL,2015-01-09,0.1,0.123956,LOW_SUB_UNIVERSE_SHARPE,PASS,0.03,0.19,LOW_ROBUST_UNIVERSE_SHARPE.WITH_RATIO,PASS,0.9,0.09,0.43,LOW_ROBUST_UNIVERSE_RETURNS,PASS,0.9,0.0085,0.0387,SELF_CORRELATION,PENDING,DATA_DIVERSITY,PENDING,PROD_CORRELATION,PENDING,REGULAR_SUBMISSION,PENDING,LOW_2Y_SHARPE,FAIL,-0.33,1.58,MATCHES_COMPETITION,PENDING,AIACv2,AI Alphas Competition 2.0,PASS,MATCHES_PYRAMID,1.0,1.1,ASI/D1/FUNDAMENTAL,1.1,WARNING,MATCHES_THEMES,EDrKL34,2.0,JPN Dataset Utilization Theme,M4ZYx3D,2.0,AMR Dataset Utilization Theme,9B3qxZ4,2.0,KOR Dataset Utilization Theme,PBVkEJD,2.0,TWN Dataset Utilization Theme,by88rqy,2.0,HKG Dataset Utilization Theme,V45896D,1.0,GLB/D1 TOPDIV3000 Power Pool Feb`26 Theme,,,,,,,,,,,,,,,,,,,,,,,,,,,,,,,,,,,,
3qYb5P60,REGULAR,PS40111,EQUITY,ASI,MINVOL1M,1,0,INDUSTRY,0.08,ON,VERIFY,OFF,OFF,FASTEXPR,False,2014-01-01,2023-12-31,"ts_zscore(ts_delta(fnd23_vbts, 4), 252)",,2,2026-02-02T06:15:54-05:00,,2026-02-02T06:15:54-05:00,,False,False,,,ace_tag,llm_test,confidence_0.66,DATA_USAGE:SINGLE_DATA_SET,Single Data Set Alpha,,IS,UNSUBMITTED,4533164,20000000,794,2265,0.4332,0.0438,0.1613,0.000202,0.61,0.19,2014-01-01,2053991.0,20000000.0,873.0,2208.0,0.2149,0.0198,0.1786,0.000185,0.09,0.3,4580234.0,20000000.0,794.0,2265.0,0.4332,0.0443,0.1131,0.000204,0.25,0.77,LOW_SHARPE,FAIL,1.58,0.61,LOW_FITNESS,FAIL,1.0,0.19,LOW_ASI_JPN_SHARPE,FAIL,1,0.59,LOW_INVESTABILITY_CONSTRAINED_SHARPE,FAIL,0.43,0.3,LOW_TURNOVER,PASS,0.01,0.4332,HIGH_TURNOVER,PASS,0.7,0.4332,CONCENTRATED_WEIGHT,PASS,,,,LOW_SUB_UNIVERSE_SHARPE,FAIL,0.18,0.1,LOW_ROBUST_UNIVERSE_SHARPE.WITH_RATIO,PASS,0.9,0.55,0.75,LOW_ROBUST_UNIVERSE_RETURNS,PASS,0.9,0.0394,0.0528,SELF_CORRELATION,PENDING,DATA_DIVERSITY,PENDING,PROD_CORRELATION,PENDING,REGULAR_SUBMISSION,PENDING,LOW_2Y_SHARPE,FAIL,0.99,1.58,MATCHES_COMPETITION,PENDING,AIACv2,AI Alphas Competition 2.0,PASS,MATCHES_PYRAMID,1.0,1.1,ASI/D1/FUNDAMENTAL,1.1,WARNING,MATCHES_THEMES,EDrKL34,2.0,JPN Dataset Utilization Theme,M4ZYx3D,2.0,AMR Dataset Utilization Theme,9B3qxZ4,2.0,KOR Dataset Utilization Theme,PBVkEJD,2.0,TWN Dataset Utilization Theme,by88rqy,2.0,HKG Dataset Utilization Theme,V45896D,1.0,GLB/D1 TOPDIV3000 Power Pool Feb`26 Theme,,,,,,,,,,,,,,,,,,,,,,,,,,,,,,,,,,,,
wpwmPrQp,REGULAR,PS40111,EQUITY,ASI,MINVOL1M,1,0,INDUSTRY,0.08,ON,VERIFY,OFF,OFF,FASTEXPR,False,2014-01-01,2023-12-31,"quantile(divide(fnd23_dtns, assets))",,2,2026-02-02T06:17:52-05:00,,2026-02-02T06:17:52-05:00,,False,False,,,ace_tag,llm_test,confidence_0.7,DATA_USAGE:SINGLE_DATA_SET,Single Data Set Alpha,,IS,UNSUBMITTED,1619317,20000000,1577,1569,0.0108,0.0156,0.0937,0.002897,0.4,0.14,2014-01-01,1640158.0,20000000.0,1577.0,1572.0,0.0109,0.0159,0.0942,0.00291,0.15,0.41,7535.0,20000000.0,1577.0,1569.0,0.0108,0.0001,0.077,1.3e-05,0.0,0.0,LOW_SHARPE,FAIL,1.58,0.4,LOW_FITNESS,FAIL,1.0,0.14,LOW_ASI_JPN_SHARPE,FAIL,1,0.57,LOW_INVESTABILITY_CONSTRAINED_SHARPE,PASS,0.28,0.41,LOW_TURNOVER,PASS,0.01,0.0108,HIGH_TURNOVER,PASS,0.7,0.0108,CONCENTRATED_WEIGHT,PASS,,,,LOW_SUB_UNIVERSE_SHARPE,PASS,0.12,0.19,LOW_ROBUST_UNIVERSE_SHARPE.WITH_RATIO,PASS,0.9,0.36,0.45,LOW_ROBUST_UNIVERSE_RETURNS,PASS,0.9,0.014,0.0186,SELF_CORRELATION,PENDING,DATA_DIVERSITY,PENDING,PROD_CORRELATION,PENDING,REGULAR_SUBMISSION,PENDING,LOW_2Y_SHARPE,FAIL,0.5,1.58,MATCHES_COMPETITION,PENDING,AIACv2,AI Alphas Competition 2.0,PASS,MATCHES_PYRAMID,1.0,1.1,ASI/D1/FUNDAMENTAL,1.1,WARNING,MATCHES_THEMES,EDrKL34,2.0,JPN Dataset Utilization Theme,M4ZYx3D,2.0,AMR Dataset Utilization Theme,9B3qxZ4,2.0,KOR Dataset Utilization Theme,PBVkEJD,2.0,TWN Dataset Utilization Theme,by88rqy,2.0,HKG Dataset Utilization Theme,V45896D,1.0,GLB/D1 TOPDIV3000 Power Pool Feb`26 Theme,,,,,,,,,,,,,,,,,,,,,,,,,,,,,,,,,,,,
XgwrMQoX,REGULAR,PS40111,EQUITY,ASI,MINVOL1M,1,0,INDUSTRY,0.08,ON,VERIFY,OFF,OFF,FASTEXPR,False,2014-01-01,2023-12-31,"quantile(divide(cash, fnd23_1oscq))",,2,2026-02-02T06:19:32-05:00,,2026-02-02T06:19:33-05:00,,False,False,,,ace_tag,llm_test,confidence_0.65,DATA_USAGE:SINGLE_DATA_SET,Single Data Set Alpha,,IS,UNSUBMITTED,958707,20000000,1376,1464,0.0097,0.0093,0.3472,0.001913,0.08,0.02,2014-01-01,974283.0,20000000.0,1376.0,1467.0,0.0099,0.0094,0.3451,0.00191,0.02,0.08,121399.0,20000000.0,1376.0,1464.0,0.0097,0.0012,0.0491,0.000242,0.01,0.08,LOW_SHARPE,FAIL,1.58,0.08,LOW_FITNESS,FAIL,1.0,0.02,LOW_ASI_JPN_SHARPE,FAIL,1,0.44,LOW_INVESTABILITY_CONSTRAINED_SHARPE,PASS,0.06,0.08,LOW_TURNOVER,FAIL,0.01,0.0097,HIGH_TURNOVER,PASS,0.7,0.0097,CONCENTRATED_WEIGHT,PASS,,,,LOW_SUB_UNIVERSE_SHARPE,FAIL,0.02,-0.2,LOW_ROBUST_UNIVERSE_SHARPE.WITH_RATIO,FAIL,0.9,0.07,-0.12,LOW_ROBUST_UNIVERSE_RETURNS,FAIL,0.9,0.0084,-0.0136,SELF_CORRELATION,PENDING,DATA_DIVERSITY,PENDING,PROD_CORRELATION,PENDING,REGULAR_SUBMISSION,PENDING,LOW_2Y_SHARPE,FAIL,0.17,1.58,MATCHES_COMPETITION,PENDING,AIACv2,AI Alphas Competition 2.0,PASS,MATCHES_PYRAMID,1.0,1.1,ASI/D1/FUNDAMENTAL,1.1,WARNING,MATCHES_THEMES,EDrKL34,2.0,JPN Dataset Utilization Theme,M4ZYx3D,2.0,AMR Dataset Utilization Theme,9B3qxZ4,2.0,KOR Dataset Utilization Theme,PBVkEJD,2.0,TWN Dataset Utilization Theme,by88rqy,2.0,HKG Dataset Utilization Theme,V45896D,1.0,GLB/D1 TOPDIV3000 Power Pool Feb`26 Theme,,,,,,,,,,,,,,,,,,,,,,,,,,,,,,,,,,,,
RRZ3Aeg0,REGULAR,PS40111,EQUITY,ASI,MINVOL1M,1,0,INDUSTRY,0.08,ON,VERIFY,OFF,OFF,FASTEXPR,False,2014-01-01,2023-12-31,zscore(return_assets),Cross-sectional zscore of return_assets to find relative over-performers. SUG4 applied. Confidence 0.77.,1,2026-02-02T05:00:31-05:00,,2026-02-02T05:09:31-05:00,,False,False,,,ace_tag,llm_test,confidence_0.72,DATA_USAGE:SINGLE_DATA_SET,Single Data Set Alpha,,IS,UNSUBMITTED,10867214,20000000,1603,1731,0.0443,0.105,0.5262,0.004745,0.48,0.44,2014-01-01,11568720.0,20000000.0,1627.0,1709.0,0.0411,0.1118,0.4456,0.005436,0.57,0.6,5455990.0,20000000.0,1603.0,1731.0,0.0443,0.0527,0.2566,0.002382,0.21,0.32,LOW_SHARPE,FAIL,1.58,0.48,LOW_FITNESS,FAIL,1.0,0.44,LOW_ASI_JPN_SHARPE,FAIL,1,0.01,LOW_INVESTABILITY_CONSTRAINED_SHARPE,PASS,0.34,0.6,LOW_TURNOVER,PASS,0.01,0.0443,HIGH_TURNOVER,PASS,0.7,0.0443,CONCENTRATED_WEIGHT,FAIL,2014-06-24,0.1,0.487023,LOW_SUB_UNIVERSE_SHARPE,PASS,0.14,0.58,LOW_ROBUST_UNIVERSE_SHARPE.WITH_RATIO,PASS,0.9,0.43,0.45,LOW_ROBUST_UNIVERSE_RETURNS,FAIL,0.9,0.0945,0.0488,SELF_CORRELATION,PENDING,DATA_DIVERSITY,PENDING,PROD_CORRELATION,PENDING,REGULAR_SUBMISSION,PENDING,LOW_2Y_SHARPE,FAIL,0.82,1.58,MATCHES_COMPETITION,PENDING,AIACv2,AI Alphas Competition 2.0,PASS,MATCHES_PYRAMID,1.0,1.1,ASI/D1/FUNDAMENTAL,1.1,WARNING,MATCHES_THEMES,EDrKL34,2.0,JPN Dataset Utilization Theme,M4ZYx3D,2.0,AMR Dataset Utilization Theme,9B3qxZ4,2.0,KOR Dataset Utilization Theme,PBVkEJD,2.0,TWN Dataset Utilization Theme,by88rqy,2.0,HKG Dataset Utilization Theme,V45896D,1.0,GLB/D1 TOPDIV3000 Power Pool Feb`26 Theme,,,,,,,,,,,,,,,,,,,,,,,,,,,,,,,,,,,,
pwJX3q6j,REGULAR,PS40111,EQUITY,ASI,MINVOL1M,1,0,INDUSTRY,0.08,ON,VERIFY,OFF,OFF,FASTEXPR,False,2014-01-01,2023-12-31,"quantile(divide(inventory, divide(sales, 252)))",,3,2026-02-02T06:18:17-05:00,,2026-02-02T06:18:18-05:00,,False,False,,,ace_tag,llm_test,confidence_0.58,DATA_USAGE:SINGLE_DATA_SET,Single Data Set Alpha,,IS,UNSUBMITTED,-629911,20000000,1365,1470,0.0166,-0.0061,0.1346,-0.000732,-0.16,-0.04,2014-01-01,-446647.0,20000000.0,1368.0,1471.0,0.0162,-0.0043,0.1286,-0.000531,-0.02,-0.11,-570819.0,20000000.0,1365.0,1470.0,0.0166,-0.0055,0.067,-0.000663,-0.06,-0.28,LOW_SHARPE,FAIL,1.58,-0.16,LOW_FITNESS,FAIL,1.0,-0.04,LOW_ASI_JPN_SHARPE,FAIL,1,-0.09,LOW_INVESTABILITY_CONSTRAINED_SHARPE,PASS,-0.11,-0.11,LOW_TURNOVER,PASS,0.01,0.0166,HIGH_TURNOVER,PASS,0.7,0.0166,CONCENTRATED_WEIGHT,PASS,,,,LOW_SUB_UNIVERSE_SHARPE,PASS,-0.05,0.18,LOW_ROBUST_UNIVERSE_SHARPE.WITH_RATIO,PASS,0.9,-0.14,-0.1,LOW_ROBUST_UNIVERSE_RETURNS,PASS,0.9,-0.0055,-0.004,SELF_CORRELATION,PENDING,DATA_DIVERSITY,PENDING,PROD_CORRELATION,PENDING,REGULAR_SUBMISSION,PENDING,LOW_2Y_SHARPE,FAIL,0.37,1.58,MATCHES_COMPETITION,PENDING,AIACv2,AI Alphas Competition 2.0,PASS,MATCHES_PYRAMID,1.0,1.1,ASI/D1/FUNDAMENTAL,1.1,WARNING,MATCHES_THEMES,EDrKL34,2.0,JPN Dataset Utilization Theme,M4ZYx3D,2.0,AMR Dataset Utilization Theme,9B3qxZ4,2.0,KOR Dataset Utilization Theme,PBVkEJD,2.0,TWN Dataset Utilization Theme,by88rqy,2.0,HKG Dataset Utilization Theme,V45896D,1.0,GLB/D1 TOPDIV3000 Power Pool Feb`26 Theme,,,,,,,,,,,,,,,,,,,,,,,,,,,,,,,,,,,,
1YV9O09K,REGULAR,PS40111,EQUITY,ASI,MINVOL1M,1,0,INDUSTRY,0.08,ON,VERIFY,OFF,OFF,FASTEXPR,False,2014-01-01,2023-12-31,"zscore(divide(ebitda, revenue))","zscore(divide(ebitda, revenue)) to identify outliers in EBITDA margins. Two fields used. Confidence: 0.65.",2,2026-02-02T05:43:05-05:00,,2026-02-02T05:43:10-05:00,,False,False,,,ace_tag,llm_test,confidence_0.7,DATA_USAGE:SINGLE_DATA_SET,Single Data Set Alpha,,IS,UNSUBMITTED,24031478,20000000,1785,1374,0.0434,0.2322,0.7116,0.010702,0.69,0.94,2014-01-01,21527871.0,20000000.0,1687.0,1475.0,0.0443,0.208,0.6535,0.009403,0.81,0.63,14460804.0,20000000.0,1785.0,1374.0,0.0434,0.1397,0.7647,0.00644,0.5,0.47,LOW_SHARPE,FAIL,1.58,0.69,LOW_FITNESS,FAIL,1.0,0.94,LOW_ASI_JPN_SHARPE,FAIL,1,0.42,LOW_INVESTABILITY_CONSTRAINED_SHARPE,PASS,0.48,0.63,LOW_TURNOVER,PASS,0.01,0.0434,HIGH_TURNOVER,PASS,0.7,0.0434,CONCENTRATED_WEIGHT,FAIL,2017-07-17,0.1,0.465397,LOW_SUB_UNIVERSE_SHARPE,PASS,0.2,0.24,LOW_ROBUST_UNIVERSE_SHARPE.WITH_RATIO,FAIL,0.9,0.62,0.59,LOW_ROBUST_UNIVERSE_RETURNS,FAIL,0.9,0.209,0.1915,SELF_CORRELATION,PENDING,DATA_DIVERSITY,PENDING,PROD_CORRELATION,PENDING,REGULAR_SUBMISSION,PENDING,LOW_2Y_SHARPE,FAIL,1.01,1.58,MATCHES_COMPETITION,PENDING,AIACv2,AI Alphas Competition 2.0,PASS,MATCHES_PYRAMID,1.0,1.1,ASI/D1/FUNDAMENTAL,1.1,WARNING,MATCHES_THEMES,EDrKL34,2.0,JPN Dataset Utilization Theme,M4ZYx3D,2.0,AMR Dataset Utilization Theme,9B3qxZ4,2.0,KOR Dataset Utilization Theme,PBVkEJD,2.0,TWN Dataset Utilization Theme,by88rqy,2.0,HKG Dataset Utilization Theme,V45896D,1.0,GLB/D1 TOPDIV3000 Power Pool Feb`26 Theme,,,,,,,,,,,,,,,,,,,,,,,,,,,,,,,,,,,,
2rq0ebzJ,REGULAR,PS40111,EQUITY,ASI,MINVOL1M,1,0,INDUSTRY,0.08,ON,VERIFY,OFF,OFF,FASTEXPR,False,2014-01-01,2023-12-31,"ts_zscore(divide(ts_delta(cashflow_op, 4), assets), 60)",,3,2026-02-02T06:19:41-05:00,,2026-02-02T06:19:42-05:00,,False,False,,,ace_tag,llm_test,confidence_0.69,DATA_USAGE:SINGLE_DATA_SET,Single Data Set Alpha,,IS,UNSUBMITTED,2796418,20000000,1063,1363,0.4669,0.027,0.096,0.000116,0.49,0.12,2014-01-01,1624569.0,20000000.0,1127.0,1348.0,0.2518,0.0157,0.1008,0.000125,0.08,0.31,2529375.0,20000000.0,1063.0,1363.0,0.4669,0.0244,0.0595,0.000105,0.18,0.8,LOW_SHARPE,FAIL,1.58,0.49,LOW_FITNESS,FAIL,1.0,0.12,LOW_ASI_JPN_SHARPE,FAIL,1,0.13,LOW_INVESTABILITY_CONSTRAINED_SHARPE,FAIL,0.34,0.31,LOW_TURNOVER,PASS,0.01,0.4669,HIGH_TURNOVER,PASS,0.7,0.4669,CONCENTRATED_WEIGHT,PASS,,,,LOW_SUB_UNIVERSE_SHARPE,PASS,0.14,0.33,LOW_ROBUST_UNIVERSE_SHARPE.WITH_RATIO,PASS,0.9,0.44,0.55,LOW_ROBUST_UNIVERSE_RETURNS,PASS,0.9,0.0243,0.0319,SELF_CORRELATION,PENDING,DATA_DIVERSITY,PENDING,PROD_CORRELATION,PENDING,REGULAR_SUBMISSION,PENDING,LOW_2Y_SHARPE,FAIL,-0.05,1.58,MATCHES_COMPETITION,PENDING,AIACv2,AI Alphas Competition 2.0,PASS,MATCHES_PYRAMID,1.0,1.1,ASI/D1/FUNDAMENTAL,1.1,WARNING,MATCHES_THEMES,EDrKL34,2.0,JPN Dataset Utilization Theme,M4ZYx3D,2.0,AMR Dataset Utilization Theme,9B3qxZ4,2.0,KOR Dataset Utilization Theme,PBVkEJD,2.0,TWN Dataset Utilization Theme,by88rqy,2.0,HKG Dataset Utilization Theme,V45896D,1.0,GLB/D1 TOPDIV3000 Power Pool Feb`26 Theme,,,,,,,,,,,,,,,,,,,,,,,,,,,,,,,,,,,,
omwprdNl,REGULAR,PS40111,EQUITY,ASI,MINVOL1M,1,0,INDUSTRY,0.08,ON,VERIFY,OFF,OFF,FASTEXPR,False,2014-01-01,2023-12-31,"quantile(divide(cash, fnd23_itsa))",,2,2026-02-02T06:17:50-05:00,,2026-02-02T06:17:51-05:00,,False,False,,,ace_tag,llm_test,confidence_0.56,DATA_USAGE:SINGLE_DATA_SET,Single Data Set Alpha,,IS,UNSUBMITTED,1211417,20000000,989,990,0.0165,0.0117,0.1355,0.001417,0.23,0.07,2014-01-01,1228141.0,20000000.0,991.0,994.0,0.0158,0.0119,0.1363,0.001506,0.07,0.23,-155149.0,20000000.0,989.0,990.0,0.0165,-0.0015,0.047,-0.000181,-0.01,-0.08,LOW_SHARPE,FAIL,1.58,0.23,LOW_FITNESS,FAIL,1.0,0.07,LOW_ASI_JPN_SHARPE,FAIL,1,-0.18,LOW_INVESTABILITY_CONSTRAINED_SHARPE,PASS,0.16,0.23,LOW_TURNOVER,PASS,0.01,0.0165,HIGH_TURNOVER,PASS,0.7,0.0165,CONCENTRATED_WEIGHT,PASS,,,,LOW_SUB_UNIVERSE_SHARPE,PASS,0.07,0.18,LOW_ROBUST_UNIVERSE_SHARPE.WITH_RATIO,FAIL,0.9,0.21,0.16,LOW_ROBUST_UNIVERSE_RETURNS,FAIL,0.9,0.0105,0.0079,SELF_CORRELATION,PENDING,DATA_DIVERSITY,PENDING,PROD_CORRELATION,PENDING,REGULAR_SUBMISSION,PENDING,LOW_2Y_SHARPE,FAIL,0.61,1.58,MATCHES_COMPETITION,PENDING,AIACv2,AI Alphas Competition 2.0,PASS,MATCHES_PYRAMID,1.0,1.1,ASI/D1/FUNDAMENTAL,1.1,WARNING,MATCHES_THEMES,EDrKL34,2.0,JPN Dataset Utilization Theme,M4ZYx3D,2.0,AMR Dataset Utilization Theme,9B3qxZ4,2.0,KOR Dataset Utilization Theme,PBVkEJD,2.0,TWN Dataset Utilization Theme,by88rqy,2.0,HKG Dataset Utilization Theme,V45896D,1.0,GLB/D1 TOPDIV3000 Power Pool Feb`26 Theme,,,,,,,,,,,,,,,,,,,,,,,,,,,,,,,,,,,,
RRZ3P3bz,REGULAR,PS40111,EQUITY,ASI,MINVOL1M,1,0,INDUSTRY,0.08,ON,VERIFY,OFF,OFF,FASTEXPR,False,2014-01-01,2023-12-31,"ts_zscore(ts_delta(capex, 4), 60)",,2,2026-02-02T06:19:19-05:00,,2026-02-02T06:19:20-05:00,,False,False,,,ace_tag,llm_test,confidence_0.52,DATA_USAGE:SINGLE_DATA_SET,Single Data Set Alpha,,IS,UNSUBMITTED,-2254047,20000000,1364,822,0.4808,-0.0218,0.3567,-9.1e-05,-0.27,-0.06,2014-01-01,-1472667.0,20000000.0,1329.0,929.0,0.255,-0.0142,0.3407,-0.000112,-0.04,-0.19,-1517752.0,20000000.0,1364.0,822.0,0.4808,-0.0147,0.1683,-6.1e-05,-0.08,-0.47,LOW_SHARPE,FAIL,1.58,-0.27,LOW_FITNESS,FAIL,1.0,-0.06,LOW_ASI_JPN_SHARPE,FAIL,1,-0.42,LOW_INVESTABILITY_CONSTRAINED_SHARPE,PASS,-0.19,-0.19,LOW_TURNOVER,PASS,0.01,0.4808,HIGH_TURNOVER,PASS,0.7,0.4808,CONCENTRATED_WEIGHT,PASS,,,,LOW_SUB_UNIVERSE_SHARPE,PASS,-0.08,-0.02,LOW_ROBUST_UNIVERSE_SHARPE.WITH_RATIO,FAIL,0.9,-0.24,-0.34,LOW_ROBUST_UNIVERSE_RETURNS,FAIL,0.9,-0.0196,-0.0277,SELF_CORRELATION,PENDING,DATA_DIVERSITY,PENDING,PROD_CORRELATION,PENDING,REGULAR_SUBMISSION,PENDING,LOW_2Y_SHARPE,FAIL,0.25,1.58,MATCHES_COMPETITION,PENDING,AIACv2,AI Alphas Competition 2.0,PASS,MATCHES_PYRAMID,1.0,1.1,ASI/D1/FUNDAMENTAL,1.1,WARNING,MATCHES_THEMES,EDrKL34,2.0,JPN Dataset Utilization Theme,M4ZYx3D,2.0,AMR Dataset Utilization Theme,9B3qxZ4,2.0,KOR Dataset Utilization Theme,PBVkEJD,2.0,TWN Dataset Utilization Theme,by88rqy,2.0,HKG Dataset Utilization Theme,V45896D,1.0,GLB/D1 TOPDIV3000 Power Pool Feb`26 Theme,,,,,,,,,,,,,,,,,,,,,,,,,,,,,,,,,,,,
Jj0wrgjO,REGULAR,PS40111,EQUITY,ASI,MINVOL1M,1,0,INDUSTRY,0.08,ON,VERIFY,OFF,OFF,FASTEXPR,False,2014-01-01,2023-12-31,"quantile(divide(ts_delta(retained_earnings, 4), income))",,3,2026-02-02T06:22:06-05:00,,2026-02-02T06:22:07-05:00,,False,False,,,ace_tag,llm_test,confidence_0.6,DATA_USAGE:SINGLE_DATA_SET,Single Data Set Alpha,,IS,UNSUBMITTED,3186178,20000000,589,1875,0.6361,0.0308,0.2588,9.7e-05,0.4,0.09,2014-01-01,3055863.0,20000000.0,1240.0,2080.0,0.3387,0.0295,0.3382,0.000174,0.1,0.33,3969208.0,20000000.0,589.0,1875.0,0.6361,0.0384,0.2059,0.000121,0.16,0.67,LOW_SHARPE,FAIL,1.58,0.4,LOW_FITNESS,FAIL,1.0,0.09,LOW_ASI_JPN_SHARPE,FAIL,1,0.09,LOW_INVESTABILITY_CONSTRAINED_SHARPE,PASS,0.28,0.33,LOW_TURNOVER,PASS,0.01,0.6361,HIGH_TURNOVER,PASS,0.7,0.6361,CONCENTRATED_WEIGHT,FAIL,2019-01-04,0.1,0.175893,LOW_SUB_UNIVERSE_SHARPE,PASS,0.12,0.33,LOW_ROBUST_UNIVERSE_SHARPE.WITH_RATIO,PASS,0.9,0.36,0.67,LOW_ROBUST_UNIVERSE_RETURNS,PASS,0.9,0.0277,0.0519,SELF_CORRELATION,PENDING,DATA_DIVERSITY,PENDING,PROD_CORRELATION,PENDING,REGULAR_SUBMISSION,PENDING,LOW_2Y_SHARPE,FAIL,0.08,1.58,MATCHES_COMPETITION,PENDING,AIACv2,AI Alphas Competition 2.0,PASS,MATCHES_PYRAMID,1.0,1.1,ASI/D1/FUNDAMENTAL,1.1,WARNING,MATCHES_THEMES,EDrKL34,2.0,JPN Dataset Utilization Theme,M4ZYx3D,2.0,AMR Dataset Utilization Theme,9B3qxZ4,2.0,KOR Dataset Utilization Theme,PBVkEJD,2.0,TWN Dataset Utilization Theme,by88rqy,2.0,HKG Dataset Utilization Theme,V45896D,1.0,GLB/D1 TOPDIV3000 Power Pool Feb`26 Theme,,,,,,,,,,,,,,,,,,,,,,,,,,,,,,,,,,,,
qMk1Vk12,REGULAR,PS40111,EQUITY,ASI,MINVOL1M,1,0,INDUSTRY,0.08,ON,VERIFY,OFF,OFF,FASTEXPR,False,2014-01-01,2023-12-31,"ts_zscore(ts_delta(quick_ratio, 4), 60)",,2,2026-02-02T06:20:52-05:00,,2026-02-02T06:20:53-05:00,,False,False,,,ace_tag,llm_test,confidence_0.61,DATA_USAGE:SINGLE_DATA_SET,Single Data Set Alpha,,IS,UNSUBMITTED,1746811,20000000,1243,1269,0.478,0.0169,0.1228,7.1e-05,0.48,0.09,2014-01-01,550214.0,20000000.0,1270.0,1291.0,0.2558,0.0053,0.0892,4.2e-05,0.02,0.16,1417645.0,20000000.0,1243.0,1269.0,0.478,0.0137,0.0896,5.7e-05,0.08,0.46,LOW_SHARPE,FAIL,1.58,0.48,LOW_FITNESS,FAIL,1.0,0.09,LOW_ASI_JPN_SHARPE,FAIL,1,0.08,LOW_INVESTABILITY_CONSTRAINED_SHARPE,FAIL,0.34,0.16,LOW_TURNOVER,PASS,0.01,0.478,HIGH_TURNOVER,PASS,0.7,0.478,CONCENTRATED_WEIGHT,PASS,,,,LOW_SUB_UNIVERSE_SHARPE,PASS,0.14,0.51,LOW_ROBUST_UNIVERSE_SHARPE.WITH_RATIO,PASS,0.9,0.43,0.61,LOW_ROBUST_UNIVERSE_RETURNS,PASS,0.9,0.0152,0.0216,SELF_CORRELATION,PENDING,DATA_DIVERSITY,PENDING,PROD_CORRELATION,PENDING,REGULAR_SUBMISSION,PENDING,LOW_2Y_SHARPE,FAIL,-1.1,1.58,MATCHES_COMPETITION,PENDING,AIACv2,AI Alphas Competition 2.0,PASS,MATCHES_PYRAMID,1.0,1.1,ASI/D1/FUNDAMENTAL,1.1,WARNING,MATCHES_THEMES,EDrKL34,2.0,JPN Dataset Utilization Theme,M4ZYx3D,2.0,AMR Dataset Utilization Theme,9B3qxZ4,2.0,KOR Dataset Utilization Theme,PBVkEJD,2.0,TWN Dataset Utilization Theme,by88rqy,2.0,HKG Dataset Utilization Theme,V45896D,1.0,GLB/D1 TOPDIV3000 Power Pool Feb`26 Theme,,,,,,,,,,,,,,,,,,,,,,,,,,,,,,,,,,,,
E507x0Xr,REGULAR,PS40111,EQUITY,ASI,MINVOL1M,1,0,INDUSTRY,0.08,ON,VERIFY,OFF,OFF,FASTEXPR,False,2014-01-01,2023-12-31,"quantile(divide(fnd23_crta, sales))",,2,2026-02-02T06:20:53-05:00,,2026-02-02T06:20:53-05:00,,False,False,,,ace_tag,llm_test,confidence_0.59,DATA_USAGE:SINGLE_DATA_SET,Single Data Set Alpha,,IS,UNSUBMITTED,-3722659,20000000,1490,1555,0.0203,-0.036,0.4071,-0.003538,-0.98,-0.53,2014-01-01,-3427195.0,20000000.0,1493.0,1556.0,0.0192,-0.0331,0.3836,-0.003456,-0.46,-0.9,-2295731.0,20000000.0,1490.0,1555.0,0.0203,-0.0222,0.259,-0.002182,-0.48,-1.15,LOW_SHARPE,FAIL,1.58,-0.98,LOW_FITNESS,FAIL,1.0,-0.53,LOW_ASI_JPN_SHARPE,FAIL,1,0.03,LOW_INVESTABILITY_CONSTRAINED_SHARPE,FAIL,-0.69,-0.9,LOW_TURNOVER,PASS,0.01,0.0203,HIGH_TURNOVER,PASS,0.7,0.0203,CONCENTRATED_WEIGHT,PASS,,,,LOW_SUB_UNIVERSE_SHARPE,FAIL,-0.29,-0.37,LOW_ROBUST_UNIVERSE_SHARPE.WITH_RATIO,PASS,0.9,-0.88,-0.63,LOW_ROBUST_UNIVERSE_RETURNS,PASS,0.9,-0.0324,-0.025,SELF_CORRELATION,PENDING,DATA_DIVERSITY,PENDING,PROD_CORRELATION,PENDING,REGULAR_SUBMISSION,PENDING,LOW_2Y_SHARPE,FAIL,-0.39,1.58,MATCHES_COMPETITION,PENDING,AIACv2,AI Alphas Competition 2.0,PASS,MATCHES_PYRAMID,1.0,1.1,ASI/D1/FUNDAMENTAL,1.1,WARNING,MATCHES_THEMES,EDrKL34,2.0,JPN Dataset Utilization Theme,M4ZYx3D,2.0,AMR Dataset Utilization Theme,9B3qxZ4,2.0,KOR Dataset Utilization Theme,PBVkEJD,2.0,TWN Dataset Utilization Theme,by88rqy,2.0,HKG Dataset Utilization Theme,V45896D,1.0,GLB/D1 TOPDIV3000 Power Pool Feb`26 Theme,,,,,,,,,,,,,,,,,,,,,,,,,,,,,,,,,,,,
npkJrknM,REGULAR,PS40111,EQUITY,ASI,MINVOL1M,1,0,INDUSTRY,0.08,ON,VERIFY,OFF,OFF,FASTEXPR,False,2014-01-01,2023-12-31,"and(greater(ts_delta(assets, 4), 0), greater(zscore(operating_margin), 0))",,5,2026-02-02T06:20:57-05:00,,2026-02-02T06:20:58-05:00,,False,False,,,ace_tag,llm_test,confidence_0.63,DATA_USAGE:SINGLE_DATA_SET,Single Data Set Alpha,,IS,UNSUBMITTED,1171219,20000000,103,1696,0.5909,0.0113,0.2465,3.8e-05,0.1,0.01,2014-01-01,3479405.0,20000000.0,1069.0,2119.0,0.2929,0.0336,0.4255,0.00023,0.09,0.26,-1301782.0,20000000.0,103.0,1696.0,0.5909,-0.0126,0.3253,-4.3e-05,-0.02,-0.15,LOW_SHARPE,FAIL,1.58,0.1,LOW_FITNESS,FAIL,1.0,0.01,LOW_ASI_JPN_SHARPE,FAIL,1,0.41,LOW_INVESTABILITY_CONSTRAINED_SHARPE,PASS,0.07,0.26,LOW_TURNOVER,PASS,0.01,0.5909,HIGH_TURNOVER,PASS,0.7,0.5909,CONCENTRATED_WEIGHT,FAIL,2019-01-04,0.1,0.500004,LOW_SUB_UNIVERSE_SHARPE,PASS,0.03,0.39,LOW_ROBUST_UNIVERSE_SHARPE.WITH_RATIO,PASS,0.9,0.09,0.33,LOW_ROBUST_UNIVERSE_RETURNS,PASS,0.9,0.0102,0.0384,SELF_CORRELATION,PENDING,DATA_DIVERSITY,PENDING,PROD_CORRELATION,PENDING,REGULAR_SUBMISSION,PENDING,LOW_2Y_SHARPE,FAIL,0.04,1.58,MATCHES_COMPETITION,PENDING,AIACv2,AI Alphas Competition 2.0,PASS,MATCHES_PYRAMID,1.0,1.1,ASI/D1/FUNDAMENTAL,1.1,WARNING,MATCHES_THEMES,EDrKL34,2.0,JPN Dataset Utilization Theme,M4ZYx3D,2.0,AMR Dataset Utilization Theme,9B3qxZ4,2.0,KOR Dataset Utilization Theme,PBVkEJD,2.0,TWN Dataset Utilization Theme,by88rqy,2.0,HKG Dataset Utilization Theme,V45896D,1.0,GLB/D1 TOPDIV3000 Power Pool Feb`26 Theme,,,,,,,,,,,,,,,,,,,,,,,,,,,,,,,,,,,,
XgwrMwR1,REGULAR,PS40111,EQUITY,ASI,MINVOL1M,1,0,INDUSTRY,0.08,ON,VERIFY,OFF,OFF,FASTEXPR,False,2014-01-01,2023-12-31,"quantile(divide(fnd23_cdav, revenue))",,2,2026-02-02T06:21:01-05:00,,2026-02-02T06:21:02-05:00,,False,False,,,ace_tag,llm_test,confidence_0.5,DATA_USAGE:SINGLE_DATA_SET,Single Data Set Alpha,,IS,UNSUBMITTED,-676815,20000000,1089,1037,0.0134,-0.0065,0.1356,-0.000977,-0.17,-0.04,2014-01-01,-764141.0,20000000.0,1091.0,1040.0,0.0134,-0.0074,0.1455,-0.001105,-0.05,-0.2,979549.0,20000000.0,1089.0,1037.0,0.0134,0.0095,0.0483,0.001414,0.12,0.44,LOW_SHARPE,FAIL,1.58,-0.17,LOW_FITNESS,FAIL,1.0,-0.04,LOW_ASI_JPN_SHARPE,FAIL,1,0.71,LOW_INVESTABILITY_CONSTRAINED_SHARPE,FAIL,-0.12,-0.2,LOW_TURNOVER,PASS,0.01,0.0134,HIGH_TURNOVER,PASS,0.7,0.0134,CONCENTRATED_WEIGHT,PASS,,,,LOW_SUB_UNIVERSE_SHARPE,PASS,-0.05,-0.05,LOW_ROBUST_UNIVERSE_SHARPE.WITH_RATIO,PASS,0.9,-0.15,-0.15,LOW_ROBUST_UNIVERSE_RETURNS,FAIL,0.9,-0.0059,-0.006,SELF_CORRELATION,PENDING,DATA_DIVERSITY,PENDING,PROD_CORRELATION,PENDING,REGULAR_SUBMISSION,PENDING,LOW_2Y_SHARPE,FAIL,-0.19,1.58,MATCHES_COMPETITION,PENDING,AIACv2,AI Alphas Competition 2.0,PASS,MATCHES_PYRAMID,1.0,1.1,ASI/D1/FUNDAMENTAL,1.1,WARNING,MATCHES_THEMES,EDrKL34,2.0,JPN Dataset Utilization Theme,M4ZYx3D,2.0,AMR Dataset Utilization Theme,9B3qxZ4,2.0,KOR Dataset Utilization Theme,PBVkEJD,2.0,TWN Dataset Utilization Theme,by88rqy,2.0,HKG Dataset Utilization Theme,V45896D,1.0,GLB/D1 TOPDIV3000 Power Pool Feb`26 Theme,,,,,,,,,,,,,,,,,,,,,,,,,,,,,,,,,,,,
KPY0ZYdk,REGULAR,PS40111,EQUITY,ASI,MINVOL1M,1,0,INDUSTRY,0.08,ON,VERIFY,OFF,OFF,FASTEXPR,False,2014-01-01,2023-12-31,"zscore(divide(fnd23_tbie, revenue))",,2,2026-02-02T06:20:53-05:00,,2026-02-02T06:20:53-05:00,,False,False,,,ace_tag,llm_test,confidence_0.68,DATA_USAGE:SINGLE_DATA_SET,Single Data Set Alpha,,IS,UNSUBMITTED,19687640,20000000,1666,1497,0.0552,0.1903,0.431,0.006897,0.79,0.97,2014-01-01,17334645.0,20000000.0,1556.0,1610.0,0.0466,0.1675,0.3784,0.007188,0.91,0.79,9743155.0,20000000.0,1666.0,1497.0,0.0552,0.0942,0.3953,0.003413,0.39,0.45,LOW_SHARPE,FAIL,1.58,0.79,LOW_FITNESS,FAIL,1.0,0.97,LOW_ASI_JPN_SHARPE,FAIL,1,0.09,LOW_INVESTABILITY_CONSTRAINED_SHARPE,PASS,0.55,0.79,LOW_TURNOVER,PASS,0.01,0.0552,HIGH_TURNOVER,PASS,0.7,0.0552,CONCENTRATED_WEIGHT,FAIL,2015-04-13,0.1,0.497812,LOW_SUB_UNIVERSE_SHARPE,PASS,0.23,0.39,LOW_ROBUST_UNIVERSE_SHARPE.WITH_RATIO,FAIL,0.9,0.71,0.47,LOW_ROBUST_UNIVERSE_RETURNS,FAIL,0.9,0.1713,0.1093,SELF_CORRELATION,PENDING,DATA_DIVERSITY,PENDING,PROD_CORRELATION,PENDING,REGULAR_SUBMISSION,PENDING,LOW_2Y_SHARPE,FAIL,0.9,1.58,MATCHES_COMPETITION,PENDING,AIACv2,AI Alphas Competition 2.0,PASS,MATCHES_PYRAMID,1.0,1.1,ASI/D1/FUNDAMENTAL,1.1,WARNING,MATCHES_THEMES,EDrKL34,2.0,JPN Dataset Utilization Theme,M4ZYx3D,2.0,AMR Dataset Utilization Theme,9B3qxZ4,2.0,KOR Dataset Utilization Theme,PBVkEJD,2.0,TWN Dataset Utilization Theme,by88rqy,2.0,HKG Dataset Utilization Theme,V45896D,1.0,GLB/D1 TOPDIV3000 Power Pool Feb`26 Theme,,,,,,,,,,,,,,,,,,,,,,,,,,,,,,,,,,,,
bl2kAolr,REGULAR,PS40111,EQUITY,ASI,MINVOL1M,1,0,INDUSTRY,0.08,ON,VERIFY,OFF,OFF,FASTEXPR,False,2014-01-01,2023-12-31,"ts_zscore(ts_delta(divide(cashflow_op, fnd23_1oscq), 4), 60)",,3,2026-02-02T06:22:06-05:00,,2026-02-02T06:22:07-05:00,,False,False,,,ace_tag,llm_test,confidence_0.67,DATA_USAGE:SINGLE_DATA_SET,Single Data Set Alpha,,IS,UNSUBMITTED,2181968,20000000,1025,1278,0.4951,0.0211,0.1,8.5e-05,0.39,0.08,2014-01-01,1803317.0,20000000.0,1079.0,1279.0,0.2604,0.0174,0.0967,0.000134,0.09,0.34,1817277.0,20000000.0,1025.0,1278.0,0.4951,0.0176,0.0704,7.1e-05,0.1,0.55,LOW_SHARPE,FAIL,1.58,0.39,LOW_FITNESS,FAIL,1.0,0.08,LOW_ASI_JPN_SHARPE,FAIL,1,0.2,LOW_INVESTABILITY_CONSTRAINED_SHARPE,PASS,0.27,0.34,LOW_TURNOVER,PASS,0.01,0.4951,HIGH_TURNOVER,PASS,0.7,0.4951,CONCENTRATED_WEIGHT,PASS,,,,LOW_SUB_UNIVERSE_SHARPE,FAIL,0.12,0.09,LOW_ROBUST_UNIVERSE_SHARPE.WITH_RATIO,PASS,0.9,0.35,0.52,LOW_ROBUST_UNIVERSE_RETURNS,PASS,0.9,0.019,0.0294,SELF_CORRELATION,PENDING,DATA_DIVERSITY,PENDING,PROD_CORRELATION,PENDING,REGULAR_SUBMISSION,PENDING,LOW_2Y_SHARPE,FAIL,-0.14,1.58,MATCHES_COMPETITION,PENDING,AIACv2,AI Alphas Competition 2.0,PASS,MATCHES_PYRAMID,1.0,1.1,ASI/D1/FUNDAMENTAL,1.1,WARNING,MATCHES_THEMES,EDrKL34,2.0,JPN Dataset Utilization Theme,M4ZYx3D,2.0,AMR Dataset Utilization Theme,9B3qxZ4,2.0,KOR Dataset Utilization Theme,PBVkEJD,2.0,TWN Dataset Utilization Theme,by88rqy,2.0,HKG Dataset Utilization Theme,V45896D,1.0,GLB/D1 TOPDIV3000 Power Pool Feb`26 Theme,,,,,,,,,,,,,,,,,,,,,,,,,,,,,,,,,,,,
KPY0ZYjg,REGULAR,PS40111,EQUITY,ASI,MINVOL1M,1,0,INDUSTRY,0.08,ON,VERIFY,OFF,OFF,FASTEXPR,False,2014-01-01,2023-12-31,"quantile(divide(fnd23_prgs, assets))",,2,2026-02-02T06:20:53-05:00,,2026-02-02T06:20:54-05:00,,False,False,,,ace_tag,llm_test,confidence_0.65,DATA_USAGE:SINGLE_DATA_SET,Single Data Set Alpha,,IS,UNSUBMITTED,5516325,20000000,1601,1475,0.0118,0.0533,0.169,0.009011,0.81,0.53,2014-01-01,5301976.0,20000000.0,1601.0,1478.0,0.0119,0.0512,0.1739,0.008593,0.5,0.78,1099795.0,20000000.0,1601.0,1475.0,0.0118,0.0106,0.0199,0.001797,0.2,0.68,LOW_SHARPE,FAIL,1.58,0.81,LOW_FITNESS,FAIL,1.0,0.53,LOW_ASI_JPN_SHARPE,FAIL,1,0.21,LOW_INVESTABILITY_CONSTRAINED_SHARPE,PASS,0.57,0.78,LOW_TURNOVER,PASS,0.01,0.0118,HIGH_TURNOVER,PASS,0.7,0.0118,CONCENTRATED_WEIGHT,PASS,,,,LOW_SUB_UNIVERSE_SHARPE,PASS,0.24,0.5,LOW_ROBUST_UNIVERSE_SHARPE.WITH_RATIO,FAIL,0.9,0.73,0.53,LOW_ROBUST_UNIVERSE_RETURNS,FAIL,0.9,0.048,0.0349,SELF_CORRELATION,PENDING,DATA_DIVERSITY,PENDING,PROD_CORRELATION,PENDING,REGULAR_SUBMISSION,PENDING,LOW_2Y_SHARPE,FAIL,0.74,1.58,MATCHES_COMPETITION,PENDING,AIACv2,AI Alphas Competition 2.0,PASS,MATCHES_PYRAMID,1.0,1.1,ASI/D1/FUNDAMENTAL,1.1,WARNING,MATCHES_THEMES,EDrKL34,2.0,JPN Dataset Utilization Theme,M4ZYx3D,2.0,AMR Dataset Utilization Theme,9B3qxZ4,2.0,KOR Dataset Utilization Theme,PBVkEJD,2.0,TWN Dataset Utilization Theme,by88rqy,2.0,HKG Dataset Utilization Theme,V45896D,1.0,GLB/D1 TOPDIV3000 Power Pool Feb`26 Theme,,,,,,,,,,,,,,,,,,,,,,,,,,,,,,,,,,,,
Jj0wroRE,REGULAR,PS40111,EQUITY,ASI,MINVOL1M,1,0,INDUSTRY,0.08,ON,VERIFY,OFF,OFF,FASTEXPR,False,2014-01-01,2023-12-31,"quantile(divide(fnd23_iucs, liabilities_curr))",,2,2026-02-02T06:26:02-05:00,,2026-02-02T06:26:02-05:00,,False,False,,,ace_tag,llm_test,confidence_0.6,DATA_USAGE:SINGLE_DATA_SET,Single Data Set Alpha,,IS,UNSUBMITTED,-2407816,20000000,1541,1569,0.0145,-0.0233,0.2607,-0.003207,-0.61,-0.26,2014-01-01,-2369513.0,20000000.0,1544.0,1569.0,0.0144,-0.0229,0.2573,-0.003186,-0.26,-0.6,-1429728.0,20000000.0,1541.0,1569.0,0.0145,-0.0138,0.1505,-0.001904,-0.28,-0.83,LOW_SHARPE,FAIL,1.58,-0.61,LOW_FITNESS,FAIL,1.0,-0.26,LOW_ASI_JPN_SHARPE,FAIL,1,-0.46,LOW_INVESTABILITY_CONSTRAINED_SHARPE,FAIL,-0.43,-0.6,LOW_TURNOVER,PASS,0.01,0.0145,HIGH_TURNOVER,PASS,0.7,0.0145,CONCENTRATED_WEIGHT,PASS,,,,LOW_SUB_UNIVERSE_SHARPE,FAIL,-0.18,-0.37,LOW_ROBUST_UNIVERSE_SHARPE.WITH_RATIO,FAIL,0.9,-0.55,-0.59,LOW_ROBUST_UNIVERSE_RETURNS,FAIL,0.9,-0.021,-0.0232,SELF_CORRELATION,PENDING,DATA_DIVERSITY,PENDING,PROD_CORRELATION,PENDING,REGULAR_SUBMISSION,PENDING,LOW_2Y_SHARPE,FAIL,-0.59,1.58,MATCHES_COMPETITION,PENDING,AIACv2,AI Alphas Competition 2.0,PASS,MATCHES_PYRAMID,1.0,1.1,ASI/D1/FUNDAMENTAL,1.1,WARNING,MATCHES_THEMES,EDrKL34,2.0,JPN Dataset Utilization Theme,M4ZYx3D,2.0,AMR Dataset Utilization Theme,9B3qxZ4,2.0,KOR Dataset Utilization Theme,PBVkEJD,2.0,TWN Dataset Utilization Theme,by88rqy,2.0,HKG Dataset Utilization Theme,V45896D,1.0,GLB/D1 TOPDIV3000 Power Pool Feb`26 Theme,,,,,,,,,,,,,,,,,,,,,,,,,,,,,,,,,,,,
pwJX3lmV,REGULAR,PS40111,EQUITY,ASI,MINVOL1M,1,0,INDUSTRY,0.08,ON,VERIFY,OFF,OFF,FASTEXPR,False,2014-01-01,2023-12-31,"zscore(ts_av_diff(operating_margin, 60))",,2,2026-02-02T06:23:20-05:00,,2026-02-02T06:23:21-05:00,,False,False,,,ace_tag,llm_test,confidence_0.7,DATA_USAGE:SINGLE_DATA_SET,Single Data Set Alpha,,IS,UNSUBMITTED,12575385,20000000,1613,1575,0.0907,0.1215,0.6462,0.002681,0.48,0.47,2014-01-01,9765563.0,20000000.0,1664.0,1528.0,0.0866,0.0944,0.6577,0.00218,0.36,0.41,8972064.0,20000000.0,1613.0,1575.0,0.0907,0.0867,0.636,0.001913,0.31,0.37,LOW_SHARPE,FAIL,1.58,0.48,LOW_FITNESS,FAIL,1.0,0.47,LOW_ASI_JPN_SHARPE,FAIL,1,-0.2,LOW_INVESTABILITY_CONSTRAINED_SHARPE,PASS,0.34,0.41,LOW_TURNOVER,PASS,0.01,0.0907,HIGH_TURNOVER,PASS,0.7,0.0907,CONCENTRATED_WEIGHT,FAIL,2017-02-24,0.1,0.477926,LOW_SUB_UNIVERSE_SHARPE,FAIL,0.14,-0.01,LOW_ROBUST_UNIVERSE_SHARPE.WITH_RATIO,FAIL,0.9,0.43,0.32,LOW_ROBUST_UNIVERSE_RETURNS,FAIL,0.9,0.1094,0.0796,SELF_CORRELATION,PENDING,DATA_DIVERSITY,PENDING,PROD_CORRELATION,PENDING,REGULAR_SUBMISSION,PENDING,LOW_2Y_SHARPE,FAIL,0.8,1.58,MATCHES_COMPETITION,PENDING,AIACv2,AI Alphas Competition 2.0,PASS,MATCHES_PYRAMID,1.0,1.1,ASI/D1/FUNDAMENTAL,1.1,WARNING,MATCHES_THEMES,EDrKL34,2.0,JPN Dataset Utilization Theme,M4ZYx3D,2.0,AMR Dataset Utilization Theme,9B3qxZ4,2.0,KOR Dataset Utilization Theme,PBVkEJD,2.0,TWN Dataset Utilization Theme,by88rqy,2.0,HKG Dataset Utilization Theme,V45896D,1.0,GLB/D1 TOPDIV3000 Power Pool Feb`26 Theme,,,,,,,,,,,,,,,,,,,,,,,,,,,,,,,,,,,,
Vkw9ePgw,REGULAR,PS40111,EQUITY,ASI,MINVOL1M,1,0,INDUSTRY,0.08,ON,VERIFY,OFF,OFF,FASTEXPR,False,2014-01-01,2023-12-31,"quantile(divide(ppent, assets))",,2,2026-02-02T06:23:22-05:00,,2026-02-02T06:23:22-05:00,,False,False,,,ace_tag,llm_test,confidence_0.55,DATA_USAGE:SINGLE_DATA_SET,Single Data Set Alpha,,IS,UNSUBMITTED,981345,20000000,1514,1338,0.0097,0.0095,0.1872,0.001964,0.14,0.04,2014-01-01,1012375.0,20000000.0,1519.0,1340.0,0.0098,0.0098,0.1882,0.001995,0.04,0.14,235068.0,20000000.0,1514.0,1338.0,0.0097,0.0023,0.0415,0.00047,0.02,0.16,LOW_SHARPE,FAIL,1.58,0.14,LOW_FITNESS,FAIL,1.0,0.04,LOW_ASI_JPN_SHARPE,FAIL,1,-0.42,LOW_INVESTABILITY_CONSTRAINED_SHARPE,PASS,0.1,0.14,LOW_TURNOVER,FAIL,0.01,0.0097,HIGH_TURNOVER,PASS,0.7,0.0097,CONCENTRATED_WEIGHT,PASS,,,,LOW_SUB_UNIVERSE_SHARPE,PASS,0.04,0.12,LOW_ROBUST_UNIVERSE_SHARPE.WITH_RATIO,PASS,0.9,0.13,0.13,LOW_ROBUST_UNIVERSE_RETURNS,PASS,0.9,0.0086,0.0091,SELF_CORRELATION,PENDING,DATA_DIVERSITY,PENDING,PROD_CORRELATION,PENDING,REGULAR_SUBMISSION,PENDING,LOW_2Y_SHARPE,FAIL,-0.05,1.58,MATCHES_COMPETITION,PENDING,AIACv2,AI Alphas Competition 2.0,PASS,MATCHES_PYRAMID,1.0,1.1,ASI/D1/FUNDAMENTAL,1.1,WARNING,MATCHES_THEMES,EDrKL34,2.0,JPN Dataset Utilization Theme,M4ZYx3D,2.0,AMR Dataset Utilization Theme,9B3qxZ4,2.0,KOR Dataset Utilization Theme,PBVkEJD,2.0,TWN Dataset Utilization Theme,by88rqy,2.0,HKG Dataset Utilization Theme,V45896D,1.0,GLB/D1 TOPDIV3000 Power Pool Feb`26 Theme,,,,,,,,,,,,,,,,,,,,,,,,,,,,,,,,,,,,
Jj0wrPvO,REGULAR,PS40111,EQUITY,ASI,MINVOL1M,1,0,INDUSTRY,0.08,ON,VERIFY,OFF,OFF,FASTEXPR,False,2014-01-01,2023-12-31,"quantile(divide(fnd23_fbbs, assets))",,2,2026-02-02T06:25:06-05:00,,2026-02-02T06:25:07-05:00,,False,False,,,ace_tag,llm_test,confidence_0.66,DATA_USAGE:SINGLE_DATA_SET,Single Data Set Alpha,,IS,UNSUBMITTED,2304104,20000000,1679,1610,0.011,0.0223,0.204,0.004032,0.32,0.14,2014-01-01,2028581.0,20000000.0,1678.0,1613.0,0.0114,0.0196,0.2044,0.003432,0.11,0.28,-1014702.0,20000000.0,1679.0,1610.0,0.011,-0.0098,0.1236,-0.001775,-0.17,-0.6,LOW_SHARPE,FAIL,1.58,0.32,LOW_FITNESS,FAIL,1.0,0.14,LOW_ASI_JPN_SHARPE,FAIL,1,-0.11,LOW_INVESTABILITY_CONSTRAINED_SHARPE,PASS,0.22,0.28,LOW_TURNOVER,PASS,0.01,0.011,HIGH_TURNOVER,PASS,0.7,0.011,CONCENTRATED_WEIGHT,PASS,,,,LOW_SUB_UNIVERSE_SHARPE,FAIL,0.09,-0.24,LOW_ROBUST_UNIVERSE_SHARPE.WITH_RATIO,FAIL,0.9,0.29,0.04,LOW_ROBUST_UNIVERSE_RETURNS,FAIL,0.9,0.0201,0.0029,SELF_CORRELATION,PENDING,DATA_DIVERSITY,PENDING,PROD_CORRELATION,PENDING,REGULAR_SUBMISSION,PENDING,LOW_2Y_SHARPE,FAIL,0.72,1.58,MATCHES_COMPETITION,PENDING,AIACv2,AI Alphas Competition 2.0,PASS,MATCHES_PYRAMID,1.0,1.1,ASI/D1/FUNDAMENTAL,1.1,WARNING,MATCHES_THEMES,EDrKL34,2.0,JPN Dataset Utilization Theme,M4ZYx3D,2.0,AMR Dataset Utilization Theme,9B3qxZ4,2.0,KOR Dataset Utilization Theme,PBVkEJD,2.0,TWN Dataset Utilization Theme,by88rqy,2.0,HKG Dataset Utilization Theme,V45896D,1.0,GLB/D1 TOPDIV3000 Power Pool Feb`26 Theme,,,,,,,,,,,,,,,,,,,,,,,,,,,,,,,,,,,,
E507xE79,REGULAR,PS40111,EQUITY,ASI,MINVOL1M,1,0,INDUSTRY,0.08,ON,VERIFY,OFF,OFF,FASTEXPR,False,2014-01-01,2023-12-31,"ts_zscore(ts_delta(liabilities_oth, 4), 60)",,2,2026-02-02T06:23:21-05:00,,2026-02-02T06:23:22-05:00,,False,False,,,ace_tag,llm_test,confidence_0.58,DATA_USAGE:SINGLE_DATA_SET,Single Data Set Alpha,,IS,UNSUBMITTED,9482,20000000,1156,1401,0.4755,0.0001,0.1411,0.0,0.0,0.0,2014-01-01,-31676.0,20000000.0,1189.0,1407.0,0.2579,-0.0003,0.1057,-2e-06,-0.0,-0.01,392012.0,20000000.0,1156.0,1401.0,0.4755,0.0038,0.0837,1.6e-05,0.01,0.13,LOW_SHARPE,FAIL,1.58,0.0,LOW_FITNESS,FAIL,1.0,0.0,LOW_ASI_JPN_SHARPE,FAIL,1,0.29,LOW_INVESTABILITY_CONSTRAINED_SHARPE,FAIL,0.0,-0.01,LOW_TURNOVER,PASS,0.01,0.4755,HIGH_TURNOVER,PASS,0.7,0.4755,CONCENTRATED_WEIGHT,PASS,,,,LOW_SUB_UNIVERSE_SHARPE,FAIL,0.0,-0.08,LOW_ROBUST_UNIVERSE_SHARPE.WITH_RATIO,PASS,0.9,0.0,0.11,LOW_ROBUST_UNIVERSE_RETURNS,PASS,0.9,0.0001,0.0042,SELF_CORRELATION,PENDING,DATA_DIVERSITY,PENDING,PROD_CORRELATION,PENDING,REGULAR_SUBMISSION,PENDING,LOW_2Y_SHARPE,FAIL,-1.52,1.58,MATCHES_COMPETITION,PENDING,AIACv2,AI Alphas Competition 2.0,PASS,MATCHES_PYRAMID,1.0,1.1,ASI/D1/FUNDAMENTAL,1.1,WARNING,MATCHES_THEMES,EDrKL34,2.0,JPN Dataset Utilization Theme,M4ZYx3D,2.0,AMR Dataset Utilization Theme,9B3qxZ4,2.0,KOR Dataset Utilization Theme,PBVkEJD,2.0,TWN Dataset Utilization Theme,by88rqy,2.0,HKG Dataset Utilization Theme,V45896D,1.0,GLB/D1 TOPDIV3000 Power Pool Feb`26 Theme,,,,,,,,,,,,,,,,,,,,,,,,,,,,,,,,,,,,
le6q1lO8,REGULAR,PS40111,EQUITY,ASI,MINVOL1M,1,0,INDUSTRY,0.08,ON,VERIFY,OFF,OFF,FASTEXPR,False,2014-01-01,2023-12-31,"quantile(divide(operating_income, fnd23_ltem))",,2,2026-02-02T06:23:21-05:00,,2026-02-02T06:23:22-05:00,,False,False,,,ace_tag,llm_test,confidence_0.6,DATA_USAGE:SINGLE_DATA_SET,Single Data Set Alpha,,IS,UNSUBMITTED,3379312,20000000,1304,1348,0.0193,0.0327,0.141,0.003381,0.45,0.23,2014-01-01,3166906.0,20000000.0,1303.0,1355.0,0.0196,0.0306,0.1447,0.003125,0.21,0.42,1178585.0,20000000.0,1304.0,1348.0,0.0193,0.0114,0.0486,0.001179,0.17,0.56,LOW_SHARPE,FAIL,1.58,0.45,LOW_FITNESS,FAIL,1.0,0.23,LOW_ASI_JPN_SHARPE,FAIL,1,-0.11,LOW_INVESTABILITY_CONSTRAINED_SHARPE,PASS,0.32,0.42,LOW_TURNOVER,PASS,0.01,0.0193,HIGH_TURNOVER,PASS,0.7,0.0193,CONCENTRATED_WEIGHT,PASS,,,,LOW_SUB_UNIVERSE_SHARPE,PASS,0.13,0.22,LOW_ROBUST_UNIVERSE_SHARPE.WITH_RATIO,FAIL,0.9,0.41,0.07,LOW_ROBUST_UNIVERSE_RETURNS,FAIL,0.9,0.0294,0.005,SELF_CORRELATION,PENDING,DATA_DIVERSITY,PENDING,PROD_CORRELATION,PENDING,REGULAR_SUBMISSION,PENDING,LOW_2Y_SHARPE,FAIL,0.55,1.58,MATCHES_COMPETITION,PENDING,AIACv2,AI Alphas Competition 2.0,PASS,MATCHES_PYRAMID,1.0,1.1,ASI/D1/FUNDAMENTAL,1.1,WARNING,MATCHES_THEMES,EDrKL34,2.0,JPN Dataset Utilization Theme,M4ZYx3D,2.0,AMR Dataset Utilization Theme,9B3qxZ4,2.0,KOR Dataset Utilization Theme,PBVkEJD,2.0,TWN Dataset Utilization Theme,by88rqy,2.0,HKG Dataset Utilization Theme,V45896D,1.0,GLB/D1 TOPDIV3000 Power Pool Feb`26 Theme,,,,,,,,,,,,,,,,,,,,,,,,,,,,,,,,,,,,
wpwmWZ5l,REGULAR,PS40111,EQUITY,ASI,MINVOL1M,1,0,INDUSTRY,0.08,ON,VERIFY,OFF,OFF,FASTEXPR,False,2014-01-01,2023-12-31,"ts_zscore(inverse(ts_std_dev(income, 252)), 252)",,3,2026-02-02T06:24:36-05:00,,2026-02-02T06:24:37-05:00,,False,False,,,ace_tag,llm_test,confidence_0.62,DATA_USAGE:SINGLE_DATA_SET,Single Data Set Alpha,,IS,UNSUBMITTED,-585798,20000000,1307,1965,0.031,-0.0057,0.1129,-0.000366,-0.25,-0.05,2014-01-01,-617783.0,20000000.0,1310.0,1964.0,0.0293,-0.006,0.1119,-0.000407,-0.06,-0.27,-726044.0,20000000.0,1307.0,1965.0,0.031,-0.007,0.1145,-0.000453,-0.11,-0.46,LOW_SHARPE,FAIL,1.58,-0.25,LOW_FITNESS,FAIL,1.0,-0.05,LOW_ASI_JPN_SHARPE,FAIL,1,-0.3,LOW_INVESTABILITY_CONSTRAINED_SHARPE,FAIL,-0.17,-0.27,LOW_TURNOVER,PASS,0.01,0.031,HIGH_TURNOVER,PASS,0.7,0.031,CONCENTRATED_WEIGHT,PASS,,,,LOW_SUB_UNIVERSE_SHARPE,FAIL,-0.07,-0.22,LOW_ROBUST_UNIVERSE_SHARPE.WITH_RATIO,PASS,0.9,-0.23,-0.1,LOW_ROBUST_UNIVERSE_RETURNS,PASS,0.9,-0.0051,-0.0023,SELF_CORRELATION,PENDING,DATA_DIVERSITY,PENDING,PROD_CORRELATION,PENDING,REGULAR_SUBMISSION,PENDING,LOW_2Y_SHARPE,FAIL,0.2,1.58,MATCHES_COMPETITION,PENDING,AIACv2,AI Alphas Competition 2.0,PASS,MATCHES_PYRAMID,1.0,1.1,ASI/D1/FUNDAMENTAL,1.1,WARNING,MATCHES_THEMES,EDrKL34,2.0,JPN Dataset Utilization Theme,M4ZYx3D,2.0,AMR Dataset Utilization Theme,9B3qxZ4,2.0,KOR Dataset Utilization Theme,PBVkEJD,2.0,TWN Dataset Utilization Theme,by88rqy,2.0,HKG Dataset Utilization Theme,V45896D,1.0,GLB/D1 TOPDIV3000 Power Pool Feb`26 Theme,,,,,,,,,,,,,,,,,,,,,,,,,,,,,,,,,,,,
E507QAXR,REGULAR,PS40111,EQUITY,ASI,MINVOL1M,1,0,INDUSTRY,0.08,ON,VERIFY,OFF,OFF,FASTEXPR,False,2014-01-01,2023-12-31,"zscore(divide(cashflow_op, revenue))",Standardize operating cashflow margin to find best improvers. SUG1 & SUG4 applied. Confidence 0.78.,2,2026-02-02T05:15:09-05:00,,2026-02-02T05:15:11-05:00,,False,False,,,ace_tag,llm_test,confidence_0.73,DATA_USAGE:SINGLE_DATA_SET,Single Data Set Alpha,,IS,UNSUBMITTED,34167332,20000000,1734,1467,0.0425,0.3302,0.3471,0.01555,1.0,1.63,2014-01-01,31981704.0,20000000.0,1650.0,1553.0,0.0447,0.3091,0.3585,0.013815,1.51,0.96,23280931.0,20000000.0,1734.0,1467.0,0.0425,0.225,0.3258,0.010595,1.02,0.76,LOW_SHARPE,WARNING,1.58,1.0,LOW_FITNESS,PASS,1.0,1.63,LOW_ASI_JPN_SHARPE,FAIL,1,0.5,LOW_INVESTABILITY_CONSTRAINED_SHARPE,PASS,0.7,0.96,LOW_TURNOVER,PASS,0.01,0.0425,HIGH_TURNOVER,PASS,0.7,0.0425,CONCENTRATED_WEIGHT,WARNING,2017-07-17,0.1,0.47554,LOW_SUB_UNIVERSE_SHARPE,PASS,0.29,0.44,LOW_ROBUST_UNIVERSE_SHARPE.WITH_RATIO,FAIL,0.9,0.9,0.64,LOW_ROBUST_UNIVERSE_RETURNS,FAIL,0.9,0.2972,0.1985,SELF_CORRELATION,PENDING,DATA_DIVERSITY,PENDING,PROD_CORRELATION,PENDING,REGULAR_SUBMISSION,PENDING,LOW_2Y_SHARPE,WARNING,1.36,1.58,POWER_POOL_CORRELATION,PENDING,,,PENDING,MATCHES_COMPETITION,,,,,PASS,MATCHES_PYRAMID,,,,,,,,,,,,,,,,,,,,,,,,,,,,,AIACv2,AI Alphas Competition 2.0,1.0,1.1,ASI/D1/FUNDAMENTAL,1.1,WARNING,MATCHES_THEMES,EDrKL34,2.0,JPN Dataset Utilization Theme,M4ZYx3D,2.0,AMR Dataset Utilization Theme,9B3qxZ4,2.0,KOR Dataset Utilization Theme,PBVkEJD,2.0,TWN Dataset Utilization Theme,by88rqy,2.0,HKG Dataset Utilization Theme,V45896D,1.0,GLB/D1 TOPDIV3000 Power Pool Feb`26 Theme
KPY0Z2dp,REGULAR,PS40111,EQUITY,ASI,MINVOL1M,1,0,INDUSTRY,0.08,ON,VERIFY,OFF,OFF,FASTEXPR,False,2014-01-01,2023-12-31,"ts_zscore(ts_av_diff(divide(ebitda, revenue), 252), 252)",,3,2026-02-02T06:27:17-05:00,,2026-02-02T06:27:18-05:00,,False,False,,,ace_tag,llm_test,confidence_0.69,DATA_USAGE:SINGLE_DATA_SET,Single Data Set Alpha,,IS,UNSUBMITTED,2316320,20000000,1530,1504,0.0803,0.0224,0.044,0.000557,0.74,0.31,2014-01-01,1598663.0,20000000.0,1528.0,1508.0,0.0638,0.0154,0.0355,0.000484,0.18,0.5,2581887.0,20000000.0,1530.0,1504.0,0.0803,0.025,0.0313,0.000621,0.52,1.16,LOW_SHARPE,FAIL,1.58,0.74,LOW_FITNESS,FAIL,1.0,0.31,LOW_ASI_JPN_SHARPE,FAIL,1,0.07,LOW_INVESTABILITY_CONSTRAINED_SHARPE,FAIL,0.52,0.5,LOW_TURNOVER,PASS,0.01,0.0803,HIGH_TURNOVER,PASS,0.7,0.0803,CONCENTRATED_WEIGHT,PASS,,,,LOW_SUB_UNIVERSE_SHARPE,PASS,0.22,0.34,LOW_ROBUST_UNIVERSE_SHARPE.WITH_RATIO,FAIL,0.9,0.67,0.66,LOW_ROBUST_UNIVERSE_RETURNS,PASS,0.9,0.0202,0.0206,SELF_CORRELATION,PENDING,DATA_DIVERSITY,PENDING,PROD_CORRELATION,PENDING,REGULAR_SUBMISSION,PENDING,LOW_2Y_SHARPE,FAIL,-0.12,1.58,MATCHES_COMPETITION,PENDING,AIACv2,AI Alphas Competition 2.0,PASS,MATCHES_PYRAMID,1.0,1.1,ASI/D1/FUNDAMENTAL,1.1,WARNING,MATCHES_THEMES,EDrKL34,2.0,JPN Dataset Utilization Theme,M4ZYx3D,2.0,AMR Dataset Utilization Theme,9B3qxZ4,2.0,KOR Dataset Utilization Theme,PBVkEJD,2.0,TWN Dataset Utilization Theme,by88rqy,2.0,HKG Dataset Utilization Theme,V45896D,1.0,GLB/D1 TOPDIV3000 Power Pool Feb`26 Theme,,,,,,,,,,,,,,,,,,,,,,,,,,,,,,,,,,,,
E507x2o1,REGULAR,PS40111,EQUITY,ASI,MINVOL1M,1,0,INDUSTRY,0.08,ON,VERIFY,OFF,OFF,FASTEXPR,False,2014-01-01,2023-12-31,"and(greater(zscore(return_equity), 0), less(ts_delta(debt, 4), 0))",,5,2026-02-02T06:27:19-05:00,,2026-02-02T06:27:20-05:00,,False,False,,,ace_tag,llm_test,confidence_0.72,DATA_USAGE:SINGLE_DATA_SET,Single Data Set Alpha,,IS,UNSUBMITTED,4066135,20000000,50,1398,0.593,0.0393,0.5688,0.000133,0.28,0.07,2014-01-01,6165726.0,20000000.0,1058.0,2143.0,0.285,0.0596,0.3351,0.000418,0.22,0.48,682205.0,20000000.0,50.0,1398.0,0.593,0.0066,0.6822,2.2e-05,0.01,0.06,LOW_SHARPE,FAIL,1.58,0.28,LOW_FITNESS,FAIL,1.0,0.07,LOW_ASI_JPN_SHARPE,FAIL,1,0.25,LOW_INVESTABILITY_CONSTRAINED_SHARPE,PASS,0.2,0.48,LOW_TURNOVER,PASS,0.01,0.593,HIGH_TURNOVER,PASS,0.7,0.593,CONCENTRATED_WEIGHT,FAIL,2017-01-23,0.1,0.500008,LOW_SUB_UNIVERSE_SHARPE,PASS,0.08,0.41,LOW_ROBUST_UNIVERSE_SHARPE.WITH_RATIO,PASS,0.9,0.25,0.46,LOW_ROBUST_UNIVERSE_RETURNS,PASS,0.9,0.0354,0.0596,SELF_CORRELATION,PENDING,DATA_DIVERSITY,PENDING,PROD_CORRELATION,PENDING,REGULAR_SUBMISSION,PENDING,LOW_2Y_SHARPE,FAIL,-0.2,1.58,MATCHES_COMPETITION,PENDING,AIACv2,AI Alphas Competition 2.0,PASS,MATCHES_PYRAMID,1.0,1.1,ASI/D1/FUNDAMENTAL,1.1,WARNING,MATCHES_THEMES,EDrKL34,2.0,JPN Dataset Utilization Theme,M4ZYx3D,2.0,AMR Dataset Utilization Theme,9B3qxZ4,2.0,KOR Dataset Utilization Theme,PBVkEJD,2.0,TWN Dataset Utilization Theme,by88rqy,2.0,HKG Dataset Utilization Theme,V45896D,1.0,GLB/D1 TOPDIV3000 Power Pool Feb`26 Theme,,,,,,,,,,,,,,,,,,,,,,,,,,,,,,,,,,,,
gJqAL0qm,REGULAR,PS40111,EQUITY,ASI,MINVOL1M,1,0,INDUSTRY,0.08,ON,VERIFY,OFF,OFF,FASTEXPR,False,2014-01-01,2023-12-31,"ts_zscore(ts_delta(cashflow_op, 4), 60)",,2,2026-02-02T06:27:20-05:00,,2026-02-02T06:27:20-05:00,,False,False,,,ace_tag,llm_test,confidence_0.71,DATA_USAGE:SINGLE_DATA_SET,Single Data Set Alpha,,IS,UNSUBMITTED,2771674,20000000,989,1283,0.4718,0.0268,0.0953,0.000114,0.48,0.11,2014-01-01,1620581.0,20000000.0,1056.0,1277.0,0.2513,0.0157,0.1063,0.000125,0.07,0.3,2483443.0,20000000.0,989.0,1283.0,0.4718,0.024,0.0612,0.000102,0.17,0.77,LOW_SHARPE,FAIL,1.58,0.48,LOW_FITNESS,FAIL,1.0,0.11,LOW_ASI_JPN_SHARPE,FAIL,1,0.22,LOW_INVESTABILITY_CONSTRAINED_SHARPE,FAIL,0.34,0.3,LOW_TURNOVER,PASS,0.01,0.4718,HIGH_TURNOVER,PASS,0.7,0.4718,CONCENTRATED_WEIGHT,PASS,,,,LOW_SUB_UNIVERSE_SHARPE,PASS,0.14,0.35,LOW_ROBUST_UNIVERSE_SHARPE.WITH_RATIO,PASS,0.9,0.43,0.56,LOW_ROBUST_UNIVERSE_RETURNS,PASS,0.9,0.0241,0.0327,SELF_CORRELATION,PENDING,DATA_DIVERSITY,PENDING,PROD_CORRELATION,PENDING,REGULAR_SUBMISSION,PENDING,LOW_2Y_SHARPE,FAIL,-0.02,1.58,MATCHES_COMPETITION,PENDING,AIACv2,AI Alphas Competition 2.0,PASS,MATCHES_PYRAMID,1.0,1.1,ASI/D1/FUNDAMENTAL,1.1,WARNING,MATCHES_THEMES,EDrKL34,2.0,JPN Dataset Utilization Theme,M4ZYx3D,2.0,AMR Dataset Utilization Theme,9B3qxZ4,2.0,KOR Dataset Utilization Theme,PBVkEJD,2.0,TWN Dataset Utilization Theme,by88rqy,2.0,HKG Dataset Utilization Theme,V45896D,1.0,GLB/D1 TOPDIV3000 Power Pool Feb`26 Theme,,,,,,,,,,,,,,,,,,,,,,,,,,,,,,,,,,,,
Jj0wr2gE,REGULAR,PS40111,EQUITY,ASI,MINVOL1M,1,0,INDUSTRY,0.08,ON,VERIFY,OFF,OFF,FASTEXPR,False,2014-01-01,2023-12-31,"quantile(divide(fnd23_pdcf, fnd23_caiv))",,2,2026-02-02T06:27:21-05:00,,2026-02-02T06:27:22-05:00,,False,False,,,ace_tag,llm_test,confidence_0.54,DATA_USAGE:SINGLE_DATA_SET,Single Data Set Alpha,,IS,UNSUBMITTED,-3770299,20000000,1451,1475,0.012,-0.0364,0.4264,-0.006083,-0.72,-0.39,2014-01-01,-3667727.0,20000000.0,1453.0,1475.0,0.0123,-0.0354,0.415,-0.005761,-0.37,-0.7,59468.0,20000000.0,1451.0,1475.0,0.012,0.0006,0.0498,9.6e-05,0.0,0.04,LOW_SHARPE,FAIL,1.58,-0.72,LOW_FITNESS,FAIL,1.0,-0.39,LOW_ASI_JPN_SHARPE,FAIL,1,-0.33,LOW_INVESTABILITY_CONSTRAINED_SHARPE,FAIL,-0.5,-0.7,LOW_TURNOVER,PASS,0.01,0.012,HIGH_TURNOVER,PASS,0.7,0.012,CONCENTRATED_WEIGHT,PASS,,,,LOW_SUB_UNIVERSE_SHARPE,FAIL,-0.21,-0.69,LOW_ROBUST_UNIVERSE_SHARPE.WITH_RATIO,FAIL,0.9,-0.65,-0.72,LOW_ROBUST_UNIVERSE_RETURNS,FAIL,0.9,-0.0328,-0.0361,SELF_CORRELATION,PENDING,DATA_DIVERSITY,PENDING,PROD_CORRELATION,PENDING,REGULAR_SUBMISSION,PENDING,LOW_2Y_SHARPE,FAIL,-1.17,1.58,MATCHES_COMPETITION,PENDING,AIACv2,AI Alphas Competition 2.0,PASS,MATCHES_PYRAMID,1.0,1.1,ASI/D1/FUNDAMENTAL,1.1,WARNING,MATCHES_THEMES,EDrKL34,2.0,JPN Dataset Utilization Theme,M4ZYx3D,2.0,AMR Dataset Utilization Theme,9B3qxZ4,2.0,KOR Dataset Utilization Theme,PBVkEJD,2.0,TWN Dataset Utilization Theme,by88rqy,2.0,HKG Dataset Utilization Theme,V45896D,1.0,GLB/D1 TOPDIV3000 Power Pool Feb`26 Theme,,,,,,,,,,,,,,,,,,,,,,,,,,,,,,,,,,,,
A1JWE28l,REGULAR,PS40111,EQUITY,ASI,MINVOL1M,1,0,INDUSTRY,0.08,ON,VERIFY,OFF,OFF,FASTEXPR,False,2014-01-01,2023-12-31,"and(greater(ts_delta(assets, 4), 0), greater(ts_delta(cashflow_op, 4), 0))",,5,2026-02-02T06:27:29-05:00,,2026-02-02T06:27:30-05:00,,False,False,,,ace_tag,llm_test,confidence_0.68,DATA_USAGE:SINGLE_DATA_SET,Single Data Set Alpha,,IS,UNSUBMITTED,3444733,20000000,55,1432,0.6287,0.0333,0.3188,0.000106,0.27,0.06,2014-01-01,3980842.0,20000000.0,1259.0,2071.0,0.3053,0.0385,0.2693,0.000252,0.12,0.35,1234073.0,20000000.0,55.0,1432.0,0.6287,0.0119,0.3769,3.8e-05,0.02,0.12,LOW_SHARPE,FAIL,1.58,0.27,LOW_FITNESS,FAIL,1.0,0.06,LOW_ASI_JPN_SHARPE,FAIL,1,0.13,LOW_INVESTABILITY_CONSTRAINED_SHARPE,PASS,0.19,0.35,LOW_TURNOVER,PASS,0.01,0.6287,HIGH_TURNOVER,PASS,0.7,0.6287,CONCENTRATED_WEIGHT,FAIL,2023-06-13,0.1,0.500005,LOW_SUB_UNIVERSE_SHARPE,PASS,0.08,0.37,LOW_ROBUST_UNIVERSE_SHARPE.WITH_RATIO,PASS,0.9,0.24,0.42,LOW_ROBUST_UNIVERSE_RETURNS,PASS,0.9,0.03,0.0498,SELF_CORRELATION,PENDING,DATA_DIVERSITY,PENDING,PROD_CORRELATION,PENDING,REGULAR_SUBMISSION,PENDING,LOW_2Y_SHARPE,FAIL,-0.01,1.58,MATCHES_COMPETITION,PENDING,AIACv2,AI Alphas Competition 2.0,PASS,MATCHES_PYRAMID,1.0,1.1,ASI/D1/FUNDAMENTAL,1.1,WARNING,MATCHES_THEMES,EDrKL34,2.0,JPN Dataset Utilization Theme,M4ZYx3D,2.0,AMR Dataset Utilization Theme,9B3qxZ4,2.0,KOR Dataset Utilization Theme,PBVkEJD,2.0,TWN Dataset Utilization Theme,by88rqy,2.0,HKG Dataset Utilization Theme,V45896D,1.0,GLB/D1 TOPDIV3000 Power Pool Feb`26 Theme,,,,,,,,,,,,,,,,,,,,,,,,,,,,,,,,,,,,
YPwrY92q,REGULAR,PS40111,EQUITY,ASI,MINVOL1M,1,0,INDUSTRY,0.08,ON,VERIFY,OFF,OFF,FASTEXPR,False,2014-01-01,2023-12-31,"quantile(divide(fnd23_ttiv, income))",,2,2026-02-02T06:27:21-05:00,,2026-02-02T06:27:22-05:00,,False,False,,,ace_tag,llm_test,confidence_0.5,DATA_USAGE:SINGLE_DATA_SET,Single Data Set Alpha,,IS,UNSUBMITTED,1711638,20000000,1593,1603,0.0292,0.0165,0.1916,0.001133,0.3,0.11,2014-01-01,1961029.0,20000000.0,1592.0,1607.0,0.0287,0.019,0.19,0.001322,0.13,0.34,-998678.0,20000000.0,1593.0,1603.0,0.0292,-0.0097,0.1313,-0.000661,-0.17,-0.61,LOW_SHARPE,FAIL,1.58,0.3,LOW_FITNESS,FAIL,1.0,0.11,LOW_ASI_JPN_SHARPE,FAIL,1,0.59,LOW_INVESTABILITY_CONSTRAINED_SHARPE,PASS,0.21,0.34,LOW_TURNOVER,PASS,0.01,0.0292,HIGH_TURNOVER,PASS,0.7,0.0292,CONCENTRATED_WEIGHT,PASS,,,,LOW_SUB_UNIVERSE_SHARPE,PASS,0.09,0.33,LOW_ROBUST_UNIVERSE_SHARPE.WITH_RATIO,FAIL,0.9,0.27,0.12,LOW_ROBUST_UNIVERSE_RETURNS,FAIL,0.9,0.0149,0.0067,SELF_CORRELATION,PENDING,DATA_DIVERSITY,PENDING,PROD_CORRELATION,PENDING,REGULAR_SUBMISSION,PENDING,LOW_2Y_SHARPE,FAIL,0.68,1.58,MATCHES_COMPETITION,PENDING,AIACv2,AI Alphas Competition 2.0,PASS,MATCHES_PYRAMID,1.0,1.1,ASI/D1/FUNDAMENTAL,1.1,WARNING,MATCHES_THEMES,EDrKL34,2.0,JPN Dataset Utilization Theme,M4ZYx3D,2.0,AMR Dataset Utilization Theme,9B3qxZ4,2.0,KOR Dataset Utilization Theme,PBVkEJD,2.0,TWN Dataset Utilization Theme,by88rqy,2.0,HKG Dataset Utilization Theme,V45896D,1.0,GLB/D1 TOPDIV3000 Power Pool Feb`26 Theme,,,,,,,,,,,,,,,,,,,,,,,,,,,,,,,,,,,,
RRZ3Pvdg,REGULAR,PS40111,EQUITY,ASI,MINVOL1M,1,0,INDUSTRY,0.08,ON,VERIFY,OFF,OFF,FASTEXPR,False,2014-01-01,2023-12-31,"zscore(divide(fnd23_ipos, fnd23_rltr))",,2,2026-02-02T06:27:22-05:00,,2026-02-02T06:27:23-05:00,,False,False,,,ace_tag,llm_test,confidence_0.7,DATA_USAGE:SINGLE_DATA_SET,Single Data Set Alpha,,IS,UNSUBMITTED,14840592,20000000,1784,1384,0.0236,0.1434,0.677,0.012138,0.43,0.46,2014-01-01,6951432.0,20000000.0,1533.0,1637.0,0.0294,0.0672,0.6606,0.004567,0.16,0.22,5842609.0,20000000.0,1784.0,1384.0,0.0236,0.0565,0.5416,0.004779,0.13,0.2,LOW_SHARPE,FAIL,1.58,0.43,LOW_FITNESS,FAIL,1.0,0.46,LOW_ASI_JPN_SHARPE,FAIL,1,0.57,LOW_INVESTABILITY_CONSTRAINED_SHARPE,FAIL,0.3,0.22,LOW_TURNOVER,PASS,0.01,0.0236,HIGH_TURNOVER,PASS,0.7,0.0236,CONCENTRATED_WEIGHT,FAIL,2021-04-06,0.1,0.38687,LOW_SUB_UNIVERSE_SHARPE,PASS,0.13,0.61,LOW_ROBUST_UNIVERSE_SHARPE.WITH_RATIO,PASS,0.9,0.39,0.53,LOW_ROBUST_UNIVERSE_RETURNS,PASS,0.9,0.1291,0.1665,SELF_CORRELATION,PENDING,DATA_DIVERSITY,PENDING,PROD_CORRELATION,PENDING,REGULAR_SUBMISSION,PENDING,LOW_2Y_SHARPE,FAIL,0.66,1.58,MATCHES_COMPETITION,PENDING,AIACv2,AI Alphas Competition 2.0,PASS,MATCHES_PYRAMID,1.0,1.1,ASI/D1/FUNDAMENTAL,1.1,WARNING,MATCHES_THEMES,EDrKL34,2.0,JPN Dataset Utilization Theme,M4ZYx3D,2.0,AMR Dataset Utilization Theme,9B3qxZ4,2.0,KOR Dataset Utilization Theme,PBVkEJD,2.0,TWN Dataset Utilization Theme,by88rqy,2.0,HKG Dataset Utilization Theme,V45896D,1.0,GLB/D1 TOPDIV3000 Power Pool Feb`26 Theme,,,,,,,,,,,,,,,,,,,,,,,,,,,,,,,,,,,,
3qYbJ2Az,REGULAR,PS40111,EQUITY,ASI,MINVOL1M,1,0,INDUSTRY,0.08,ON,VERIFY,OFF,OFF,FASTEXPR,False,2014-01-01,2023-12-31,"ts_zscore(ts_delta(fnd23_vbts, 252), 252)",,2,2026-02-02T06:27:23-05:00,,2026-02-02T06:27:23-05:00,,False,False,,,ace_tag,llm_test,confidence_0.66,DATA_USAGE:SINGLE_DATA_SET,Single Data Set Alpha,,IS,UNSUBMITTED,-282010,20000000,1691,1380,0.122,-0.0027,0.1188,-4.5e-05,-0.07,-0.01,2014-01-01,-742076.0,20000000.0,1674.0,1401.0,0.0801,-0.0072,0.1714,-0.000179,-0.05,-0.19,-552962.0,20000000.0,1691.0,1380.0,0.122,-0.0053,0.0942,-8.8e-05,-0.06,-0.27,LOW_SHARPE,FAIL,1.58,-0.07,LOW_FITNESS,FAIL,1.0,-0.01,LOW_ASI_JPN_SHARPE,FAIL,1,-0.11,LOW_INVESTABILITY_CONSTRAINED_SHARPE,FAIL,-0.05,-0.19,LOW_TURNOVER,PASS,0.01,0.122,HIGH_TURNOVER,PASS,0.7,0.122,CONCENTRATED_WEIGHT,PASS,,,,LOW_SUB_UNIVERSE_SHARPE,PASS,-0.02,0.02,LOW_ROBUST_UNIVERSE_SHARPE.WITH_RATIO,FAIL,0.9,-0.06,-0.14,LOW_ROBUST_UNIVERSE_RETURNS,FAIL,0.9,-0.0024,-0.0057,SELF_CORRELATION,PENDING,DATA_DIVERSITY,PENDING,PROD_CORRELATION,PENDING,REGULAR_SUBMISSION,PENDING,LOW_2Y_SHARPE,FAIL,0.02,1.58,MATCHES_COMPETITION,PENDING,AIACv2,AI Alphas Competition 2.0,PASS,MATCHES_PYRAMID,1.0,1.1,ASI/D1/FUNDAMENTAL,1.1,WARNING,MATCHES_THEMES,EDrKL34,2.0,JPN Dataset Utilization Theme,M4ZYx3D,2.0,AMR Dataset Utilization Theme,9B3qxZ4,2.0,KOR Dataset Utilization Theme,PBVkEJD,2.0,TWN Dataset Utilization Theme,by88rqy,2.0,HKG Dataset Utilization Theme,V45896D,1.0,GLB/D1 TOPDIV3000 Power Pool Feb`26 Theme,,,,,,,,,,,,,,,,,,,,,,,,,,,,,,,,,,,,
E507x9wL,REGULAR,PS40111,EQUITY,ASI,MINVOL1M,1,0,INDUSTRY,0.08,ON,VERIFY,OFF,OFF,FASTEXPR,False,2014-01-01,2023-12-31,"quantile(divide(fnd23_bcns, liabilities_curr))",,2,2026-02-02T06:28:51-05:00,,2026-02-02T06:28:52-05:00,,False,False,,,ace_tag,llm_test,confidence_0.68,DATA_USAGE:SINGLE_DATA_SET,Single Data Set Alpha,,IS,UNSUBMITTED,-870939,20000000,1564,1544,0.0128,-0.0084,0.1898,-0.001313,-0.15,-0.04,2014-01-01,-969417.0,20000000.0,1565.0,1546.0,0.0128,-0.0094,0.1885,-0.001459,-0.05,-0.17,-684994.0,20000000.0,1564.0,1544.0,0.0128,-0.0066,0.0831,-0.001033,-0.09,-0.4,LOW_SHARPE,FAIL,1.58,-0.15,LOW_FITNESS,FAIL,1.0,-0.04,LOW_ASI_JPN_SHARPE,FAIL,1,-0.3,LOW_INVESTABILITY_CONSTRAINED_SHARPE,FAIL,-0.1,-0.17,LOW_TURNOVER,PASS,0.01,0.0128,HIGH_TURNOVER,PASS,0.7,0.0128,CONCENTRATED_WEIGHT,PASS,,,,LOW_SUB_UNIVERSE_SHARPE,PASS,-0.04,-0.0,LOW_ROBUST_UNIVERSE_SHARPE.WITH_RATIO,FAIL,0.9,-0.14,-0.16,LOW_ROBUST_UNIVERSE_RETURNS,FAIL,0.9,-0.0076,-0.0083,SELF_CORRELATION,PENDING,DATA_DIVERSITY,PENDING,PROD_CORRELATION,PENDING,REGULAR_SUBMISSION,PENDING,LOW_2Y_SHARPE,FAIL,-0.18,1.58,MATCHES_COMPETITION,PENDING,AIACv2,AI Alphas Competition 2.0,PASS,MATCHES_PYRAMID,1.0,1.1,ASI/D1/FUNDAMENTAL,1.1,WARNING,MATCHES_THEMES,EDrKL34,2.0,JPN Dataset Utilization Theme,M4ZYx3D,2.0,AMR Dataset Utilization Theme,9B3qxZ4,2.0,KOR Dataset Utilization Theme,PBVkEJD,2.0,TWN Dataset Utilization Theme,by88rqy,2.0,HKG Dataset Utilization Theme,V45896D,1.0,GLB/D1 TOPDIV3000 Power Pool Feb`26 Theme,,,,,,,,,,,,,,,,,,,,,,,,,,,,,,,,,,,,
P0rWKV8L,REGULAR,PS40111,EQUITY,ASI,MINVOL1M,1,0,INDUSTRY,0.08,ON,VERIFY,OFF,OFF,FASTEXPR,False,2014-01-01,2023-12-31,"quantile(divide(fnd23_dlcl, assets))",,2,2026-02-02T06:28:42-05:00,,2026-02-02T06:28:42-05:00,,False,False,,,ace_tag,llm_test,confidence_0.53,DATA_USAGE:SINGLE_DATA_SET,Single Data Set Alpha,,IS,UNSUBMITTED,-2164869,20000000,1492,1543,0.0138,-0.0209,0.2924,-0.003022,-0.57,-0.23,2014-01-01,-2199352.0,20000000.0,1494.0,1543.0,0.0138,-0.0213,0.3004,-0.003088,-0.24,-0.58,-700340.0,20000000.0,1492.0,1543.0,0.0138,-0.0068,0.1224,-0.000978,-0.09,-0.4,LOW_SHARPE,FAIL,1.58,-0.57,LOW_FITNESS,FAIL,1.0,-0.23,LOW_ASI_JPN_SHARPE,FAIL,1,0.12,LOW_INVESTABILITY_CONSTRAINED_SHARPE,FAIL,-0.4,-0.58,LOW_TURNOVER,PASS,0.01,0.0138,HIGH_TURNOVER,PASS,0.7,0.0138,CONCENTRATED_WEIGHT,PASS,,,,LOW_SUB_UNIVERSE_SHARPE,FAIL,-0.17,-0.38,LOW_ROBUST_UNIVERSE_SHARPE.WITH_RATIO,PASS,0.9,-0.51,-0.28,LOW_ROBUST_UNIVERSE_RETURNS,PASS,0.9,-0.0188,-0.0105,SELF_CORRELATION,PENDING,DATA_DIVERSITY,PENDING,PROD_CORRELATION,PENDING,REGULAR_SUBMISSION,PENDING,LOW_2Y_SHARPE,FAIL,-0.7,1.58,MATCHES_COMPETITION,PENDING,AIACv2,AI Alphas Competition 2.0,PASS,MATCHES_PYRAMID,1.0,1.1,ASI/D1/FUNDAMENTAL,1.1,WARNING,MATCHES_THEMES,EDrKL34,2.0,JPN Dataset Utilization Theme,M4ZYx3D,2.0,AMR Dataset Utilization Theme,9B3qxZ4,2.0,KOR Dataset Utilization Theme,PBVkEJD,2.0,TWN Dataset Utilization Theme,by88rqy,2.0,HKG Dataset Utilization Theme,V45896D,1.0,GLB/D1 TOPDIV3000 Power Pool Feb`26 Theme,,,,,,,,,,,,,,,,,,,,,,,,,,,,,,,,,,,,
XgwrMdJX,REGULAR,PS40111,EQUITY,ASI,MINVOL1M,1,0,INDUSTRY,0.08,ON,VERIFY,OFF,OFF,FASTEXPR,False,2014-01-01,2023-12-31,"quantile(divide(operating_income, debt))",,2,2026-02-02T06:28:54-05:00,,2026-02-02T06:28:54-05:00,,False,False,,,ace_tag,llm_test,confidence_0.69,DATA_USAGE:SINGLE_DATA_SET,Single Data Set Alpha,,IS,UNSUBMITTED,4565841,20000000,1455,1488,0.0213,0.0441,0.1335,0.004145,0.96,0.57,2014-01-01,4308010.0,20000000.0,1455.0,1496.0,0.0212,0.0416,0.1334,0.003929,0.52,0.91,1079569.0,20000000.0,1455.0,1488.0,0.0213,0.0104,0.038,0.00098,0.17,0.6,LOW_SHARPE,FAIL,1.58,0.96,LOW_FITNESS,FAIL,1.0,0.57,LOW_ASI_JPN_SHARPE,FAIL,1,-0.12,LOW_INVESTABILITY_CONSTRAINED_SHARPE,PASS,0.67,0.91,LOW_TURNOVER,PASS,0.01,0.0213,HIGH_TURNOVER,PASS,0.7,0.0213,CONCENTRATED_WEIGHT,PASS,,,,LOW_SUB_UNIVERSE_SHARPE,PASS,0.28,0.55,LOW_ROBUST_UNIVERSE_SHARPE.WITH_RATIO,FAIL,0.9,0.86,0.57,LOW_ROBUST_UNIVERSE_RETURNS,FAIL,0.9,0.0397,0.0265,SELF_CORRELATION,PENDING,DATA_DIVERSITY,PENDING,PROD_CORRELATION,PENDING,REGULAR_SUBMISSION,PENDING,LOW_2Y_SHARPE,FAIL,1.13,1.58,MATCHES_COMPETITION,PENDING,AIACv2,AI Alphas Competition 2.0,PASS,MATCHES_PYRAMID,1.0,1.1,ASI/D1/FUNDAMENTAL,1.1,WARNING,MATCHES_THEMES,EDrKL34,2.0,JPN Dataset Utilization Theme,M4ZYx3D,2.0,AMR Dataset Utilization Theme,9B3qxZ4,2.0,KOR Dataset Utilization Theme,PBVkEJD,2.0,TWN Dataset Utilization Theme,by88rqy,2.0,HKG Dataset Utilization Theme,V45896D,1.0,GLB/D1 TOPDIV3000 Power Pool Feb`26 Theme,,,,,,,,,,,,,,,,,,,,,,,,,,,,,,,,,,,,
E507xdML,REGULAR,PS40111,EQUITY,ASI,MINVOL1M,1,0,INDUSTRY,0.08,ON,VERIFY,OFF,OFF,FASTEXPR,False,2014-01-01,2023-12-31,"ts_zscore(ts_delta(fnd23_adbs, 4), 60)",,2,2026-02-02T06:28:43-05:00,,2026-02-02T06:28:43-05:00,,False,False,,,ace_tag,llm_test,confidence_0.67,DATA_USAGE:SINGLE_DATA_SET,Single Data Set Alpha,,IS,UNSUBMITTED,3075331,20000000,334,504,0.5045,0.0297,0.1905,0.000118,0.38,0.09,2014-01-01,1178677.0,20000000.0,391.0,529.0,0.1886,0.0114,0.227,0.000121,0.03,0.14,2479827.0,20000000.0,334.0,504.0,0.5045,0.024,0.1771,9.5e-05,0.08,0.35,LOW_SHARPE,FAIL,1.58,0.38,LOW_FITNESS,FAIL,1.0,0.09,LOW_ASI_JPN_SHARPE,FAIL,1,0.42,LOW_INVESTABILITY_CONSTRAINED_SHARPE,FAIL,0.27,0.14,LOW_TURNOVER,PASS,0.01,0.5045,HIGH_TURNOVER,PASS,0.7,0.5045,CONCENTRATED_WEIGHT,PASS,,,,LOW_SUB_UNIVERSE_SHARPE,PASS,0.11,0.32,LOW_ROBUST_UNIVERSE_SHARPE.WITH_RATIO,PASS,0.9,0.34,0.61,LOW_ROBUST_UNIVERSE_RETURNS,PASS,0.9,0.0267,0.0497,SELF_CORRELATION,PENDING,DATA_DIVERSITY,PENDING,PROD_CORRELATION,PENDING,REGULAR_SUBMISSION,PENDING,LOW_2Y_SHARPE,FAIL,1.04,1.58,MATCHES_COMPETITION,PENDING,AIACv2,AI Alphas Competition 2.0,PASS,MATCHES_PYRAMID,1.0,1.1,ASI/D1/FUNDAMENTAL,1.1,WARNING,MATCHES_THEMES,EDrKL34,2.0,JPN Dataset Utilization Theme,M4ZYx3D,2.0,AMR Dataset Utilization Theme,9B3qxZ4,2.0,KOR Dataset Utilization Theme,PBVkEJD,2.0,TWN Dataset Utilization Theme,by88rqy,2.0,HKG Dataset Utilization Theme,V45896D,1.0,GLB/D1 TOPDIV3000 Power Pool Feb`26 Theme,,,,,,,,,,,,,,,,,,,,,,,,,,,,,,,,,,,,
N1Ww8ZZE,REGULAR,PS40111,EQUITY,ASI,MINVOL1M,1,0,INDUSTRY,0.08,ON,VERIFY,OFF,OFF,FASTEXPR,False,2014-01-01,2023-12-31,"quantile(divide(fnd23_toia, inventory))",,2,2026-02-02T06:28:44-05:00,,2026-02-02T06:28:45-05:00,,False,False,,,ace_tag,llm_test,confidence_0.52,DATA_USAGE:SINGLE_DATA_SET,Single Data Set Alpha,,IS,UNSUBMITTED,-1278452,20000000,967,864,0.0126,-0.0124,0.1896,-0.001956,-0.3,-0.09,2014-01-01,-1435819.0,20000000.0,970.0,866.0,0.0125,-0.0139,0.1981,-0.002211,-0.11,-0.33,-284754.0,20000000.0,967.0,864.0,0.0126,-0.0028,0.0896,-0.000436,-0.02,-0.12,LOW_SHARPE,FAIL,1.58,-0.3,LOW_FITNESS,FAIL,1.0,-0.09,LOW_ASI_JPN_SHARPE,FAIL,1,-0.09,LOW_INVESTABILITY_CONSTRAINED_SHARPE,FAIL,-0.21,-0.33,LOW_TURNOVER,PASS,0.01,0.0126,HIGH_TURNOVER,PASS,0.7,0.0126,CONCENTRATED_WEIGHT,PASS,,,,LOW_SUB_UNIVERSE_SHARPE,FAIL,-0.09,-0.26,LOW_ROBUST_UNIVERSE_SHARPE.WITH_RATIO,FAIL,0.9,-0.27,-0.49,LOW_ROBUST_UNIVERSE_RETURNS,FAIL,0.9,-0.0112,-0.0212,SELF_CORRELATION,PENDING,DATA_DIVERSITY,PENDING,PROD_CORRELATION,PENDING,REGULAR_SUBMISSION,PENDING,LOW_2Y_SHARPE,FAIL,0.12,1.58,MATCHES_COMPETITION,PENDING,AIACv2,AI Alphas Competition 2.0,PASS,MATCHES_PYRAMID,1.0,1.1,ASI/D1/FUNDAMENTAL,1.1,WARNING,MATCHES_THEMES,EDrKL34,2.0,JPN Dataset Utilization Theme,M4ZYx3D,2.0,AMR Dataset Utilization Theme,9B3qxZ4,2.0,KOR Dataset Utilization Theme,PBVkEJD,2.0,TWN Dataset Utilization Theme,by88rqy,2.0,HKG Dataset Utilization Theme,V45896D,1.0,GLB/D1 TOPDIV3000 Power Pool Feb`26 Theme,,,,,,,,,,,,,,,,,,,,,,,,,,,,,,,,,,,,
omwpkpav,REGULAR,PS40111,EQUITY,ASI,MINVOL1M,1,0,INDUSTRY,0.08,ON,VERIFY,OFF,OFF,FASTEXPR,False,2014-01-01,2023-12-31,"ts_ir(cashflow_op, 252)",,1,2026-02-02T06:30:05-05:00,,2026-02-02T06:30:06-05:00,,False,False,,,ace_tag,llm_test,confidence_0.64,DATA_USAGE:SINGLE_DATA_SET,Single Data Set Alpha,,IS,UNSUBMITTED,-2015095,20000000,1228,2085,0.2835,-0.0195,0.3458,-0.000137,-0.15,-0.04,2014-01-01,22662.0,20000000.0,1302.0,2016.0,0.1399,0.0002,0.2923,3e-06,0.0,0.0,771615.0,20000000.0,1228.0,2085.0,0.2835,0.0075,0.3126,5.3e-05,0.01,0.06,LOW_SHARPE,FAIL,1.58,-0.15,LOW_FITNESS,FAIL,1.0,-0.04,LOW_ASI_JPN_SHARPE,FAIL,1,0.23,LOW_INVESTABILITY_CONSTRAINED_SHARPE,PASS,-0.1,0.0,LOW_TURNOVER,PASS,0.01,0.2835,HIGH_TURNOVER,PASS,0.7,0.2835,CONCENTRATED_WEIGHT,PASS,,,,LOW_SUB_UNIVERSE_SHARPE,FAIL,-0.04,-0.16,LOW_ROBUST_UNIVERSE_SHARPE.WITH_RATIO,FAIL,0.9,-0.14,-0.31,LOW_ROBUST_UNIVERSE_RETURNS,FAIL,0.9,-0.0175,-0.0414,SELF_CORRELATION,PENDING,DATA_DIVERSITY,PENDING,PROD_CORRELATION,PENDING,REGULAR_SUBMISSION,PENDING,LOW_2Y_SHARPE,FAIL,-0.23,1.58,MATCHES_COMPETITION,PENDING,AIACv2,AI Alphas Competition 2.0,PASS,MATCHES_PYRAMID,1.0,1.1,ASI/D1/FUNDAMENTAL,1.1,WARNING,MATCHES_THEMES,EDrKL34,2.0,JPN Dataset Utilization Theme,M4ZYx3D,2.0,AMR Dataset Utilization Theme,9B3qxZ4,2.0,KOR Dataset Utilization Theme,PBVkEJD,2.0,TWN Dataset Utilization Theme,by88rqy,2.0,HKG Dataset Utilization Theme,V45896D,1.0,GLB/D1 TOPDIV3000 Power Pool Feb`26 Theme,,,,,,,,,,,,,,,,,,,,,,,,,,,,,,,,,,,,
6XP8Nk6E,REGULAR,PS40111,EQUITY,ASI,MINVOL1M,1,0,INDUSTRY,0.08,ON,VERIFY,OFF,OFF,FASTEXPR,False,2014-01-01,2023-12-31,"and(greater(ts_delta(operating_margin, 4), 0), less(ts_delta(sga_expense, 4), 0))",,5,2026-02-02T06:28:43-05:00,,2026-02-02T06:28:44-05:00,,False,False,,,ace_tag,llm_test,confidence_0.66,DATA_USAGE:SINGLE_DATA_SET,Single Data Set Alpha,,IS,UNSUBMITTED,2156705,20000000,33,1309,0.6703,0.0208,0.5323,6.2e-05,0.15,0.03,2014-01-01,-5408625.0,20000000.0,986.0,2159.0,0.2843,-0.0523,0.7655,-0.000368,-0.18,-0.41,1395126.0,20000000.0,33.0,1309.0,0.6703,0.0135,0.4745,4e-05,0.02,0.12,LOW_SHARPE,FAIL,1.58,0.15,LOW_FITNESS,FAIL,1.0,0.03,LOW_ASI_JPN_SHARPE,FAIL,1,-0.23,LOW_INVESTABILITY_CONSTRAINED_SHARPE,FAIL,0.1,-0.41,LOW_TURNOVER,PASS,0.01,0.6703,HIGH_TURNOVER,PASS,0.7,0.6703,CONCENTRATED_WEIGHT,FAIL,2018-10-05,0.1,0.500003,LOW_SUB_UNIVERSE_SHARPE,PASS,0.04,0.05,LOW_ROBUST_UNIVERSE_SHARPE.WITH_RATIO,PASS,0.9,0.14,0.36,LOW_ROBUST_UNIVERSE_RETURNS,PASS,0.9,0.0187,0.045,SELF_CORRELATION,PENDING,DATA_DIVERSITY,PENDING,PROD_CORRELATION,PENDING,REGULAR_SUBMISSION,PENDING,LOW_2Y_SHARPE,FAIL,-0.51,1.58,MATCHES_COMPETITION,PENDING,AIACv2,AI Alphas Competition 2.0,PASS,MATCHES_PYRAMID,1.0,1.1,ASI/D1/FUNDAMENTAL,1.1,WARNING,MATCHES_THEMES,EDrKL34,2.0,JPN Dataset Utilization Theme,M4ZYx3D,2.0,AMR Dataset Utilization Theme,9B3qxZ4,2.0,KOR Dataset Utilization Theme,PBVkEJD,2.0,TWN Dataset Utilization Theme,by88rqy,2.0,HKG Dataset Utilization Theme,V45896D,1.0,GLB/D1 TOPDIV3000 Power Pool Feb`26 Theme,,,,,,,,,,,,,,,,,,,,,,,,,,,,,,,,,,,,
mL23QvnE,REGULAR,PS40111,EQUITY,ASI,MINVOL1M,1,0,INDUSTRY,0.08,ON,VERIFY,OFF,OFF,FASTEXPR,False,2014-01-01,2023-12-31,"quantile(divide(fnd23_cnin, assets))",,2,2026-02-02T06:28:43-05:00,,2026-02-02T06:28:44-05:00,,False,False,,,ace_tag,llm_test,confidence_0.68,DATA_USAGE:SINGLE_DATA_SET,Single Data Set Alpha,,IS,UNSUBMITTED,3426991,20000000,1637,1649,0.0124,0.0331,0.1399,0.005342,0.74,0.38,2014-01-01,3159568.0,20000000.0,1636.0,1653.0,0.0125,0.0305,0.1412,0.004871,0.34,0.68,-553252.0,20000000.0,1637.0,1649.0,0.0124,-0.0053,0.0687,-0.000862,-0.08,-0.39,LOW_SHARPE,FAIL,1.58,0.74,LOW_FITNESS,FAIL,1.0,0.38,LOW_ASI_JPN_SHARPE,FAIL,1,-0.02,LOW_INVESTABILITY_CONSTRAINED_SHARPE,PASS,0.52,0.68,LOW_TURNOVER,PASS,0.01,0.0124,HIGH_TURNOVER,PASS,0.7,0.0124,CONCENTRATED_WEIGHT,PASS,,,,LOW_SUB_UNIVERSE_SHARPE,PASS,0.22,0.45,LOW_ROBUST_UNIVERSE_SHARPE.WITH_RATIO,FAIL,0.9,0.67,0.44,LOW_ROBUST_UNIVERSE_RETURNS,FAIL,0.9,0.0298,0.0197,SELF_CORRELATION,PENDING,DATA_DIVERSITY,PENDING,PROD_CORRELATION,PENDING,REGULAR_SUBMISSION,PENDING,LOW_2Y_SHARPE,FAIL,0.72,1.58,MATCHES_COMPETITION,PENDING,AIACv2,AI Alphas Competition 2.0,PASS,MATCHES_PYRAMID,1.0,1.1,ASI/D1/FUNDAMENTAL,1.1,WARNING,MATCHES_THEMES,EDrKL34,2.0,JPN Dataset Utilization Theme,M4ZYx3D,2.0,AMR Dataset Utilization Theme,9B3qxZ4,2.0,KOR Dataset Utilization Theme,PBVkEJD,2.0,TWN Dataset Utilization Theme,by88rqy,2.0,HKG Dataset Utilization Theme,V45896D,1.0,GLB/D1 TOPDIV3000 Power Pool Feb`26 Theme,,,,,,,,,,,,,,,,,,,,,,,,,,,,,,,,,,,,
j2lEMl69,REGULAR,PS40111,EQUITY,ASI,MINVOL1M,1,0,INDUSTRY,0.08,ON,VERIFY,OFF,OFF,FASTEXPR,False,2014-01-01,2023-12-31,"ts_zscore(ts_delta(ts_backfill(fnd23_xeie, 30), 4), 60)",,3,2026-02-02T06:31:45-05:00,,2026-02-02T06:31:46-05:00,,False,False,,,ace_tag,llm_test,confidence_0.55,DATA_USAGE:SINGLE_DATA_SET,Single Data Set Alpha,,IS,UNSUBMITTED,423355,20000000,13,13,0.3141,0.0041,0.8485,2.6e-05,0.02,0.0,2014-01-01,2884074.0,20000000.0,23.0,25.0,0.0938,0.0279,1.1288,0.000595,0.07,0.14,2965320.0,20000000.0,13.0,13.0,0.3141,0.0288,0.6756,0.000184,0.05,0.16,LOW_SHARPE,FAIL,1.58,0.02,LOW_FITNESS,FAIL,1.0,0.0,LOW_ASI_JPN_SHARPE,FAIL,1,0.37,LOW_INVESTABILITY_CONSTRAINED_SHARPE,PASS,0.01,0.14,LOW_TURNOVER,PASS,0.01,0.3141,HIGH_TURNOVER,PASS,0.7,0.3141,CONCENTRATED_WEIGHT,FAIL,2022-02-04,0.1,0.5,LOW_SUB_UNIVERSE_SHARPE,PASS,0.01,0.02,LOW_ROBUST_UNIVERSE_SHARPE.WITH_RATIO,PASS,0.9,0.02,0.12,LOW_ROBUST_UNIVERSE_RETURNS,PASS,0.9,0.0037,0.0246,SELF_CORRELATION,PENDING,DATA_DIVERSITY,PENDING,PROD_CORRELATION,PENDING,REGULAR_SUBMISSION,PENDING,LOW_2Y_SHARPE,FAIL,-0.84,1.58,MATCHES_COMPETITION,PENDING,AIACv2,AI Alphas Competition 2.0,PASS,MATCHES_PYRAMID,1.0,1.1,ASI/D1/FUNDAMENTAL,1.1,WARNING,MATCHES_THEMES,EDrKL34,2.0,JPN Dataset Utilization Theme,M4ZYx3D,2.0,AMR Dataset Utilization Theme,9B3qxZ4,2.0,KOR Dataset Utilization Theme,PBVkEJD,2.0,TWN Dataset Utilization Theme,by88rqy,2.0,HKG Dataset Utilization Theme,V45896D,1.0,GLB/D1 TOPDIV3000 Power Pool Feb`26 Theme,,,,,,,,,,,,,,,,,,,,,,,,,,,,,,,,,,,,
QPrJoVOg,REGULAR,PS40111,EQUITY,ASI,MINVOL1M,1,0,INDUSTRY,0.08,ON,VERIFY,OFF,OFF,FASTEXPR,False,2014-01-01,2023-12-31,"ts_zscore(inverse(ts_std_dev(fnd23_tbie, 252)), 252)",,3,2026-02-02T06:34:12-05:00,,2026-02-02T06:34:13-05:00,,False,False,,,ace_tag,llm_test,confidence_0.6,DATA_USAGE:SINGLE_DATA_SET,Single Data Set Alpha,,IS,UNSUBMITTED,-15083,20000000,1253,1897,0.1582,-0.0001,0.1696,-2e-06,-0.0,-0.0,2014-01-01,1020106.0,20000000.0,1280.0,1873.0,0.1018,0.0099,0.1149,0.000194,0.06,0.2,-948089.0,20000000.0,1253.0,1897.0,0.1582,-0.0092,0.1498,-0.000116,-0.11,-0.45,LOW_SHARPE,FAIL,1.58,-0.0,LOW_FITNESS,FAIL,1.0,-0.0,LOW_ASI_JPN_SHARPE,FAIL,1,-0.23,LOW_INVESTABILITY_CONSTRAINED_SHARPE,PASS,-0.0,0.2,LOW_TURNOVER,PASS,0.01,0.1582,HIGH_TURNOVER,PASS,0.7,0.1582,CONCENTRATED_WEIGHT,PASS,,,,LOW_SUB_UNIVERSE_SHARPE,PASS,-0.0,0.03,LOW_ROBUST_UNIVERSE_SHARPE.WITH_RATIO,PASS,0.9,-0.0,0.03,LOW_ROBUST_UNIVERSE_RETURNS,PASS,0.9,-0.0001,0.0014,SELF_CORRELATION,PENDING,DATA_DIVERSITY,PENDING,PROD_CORRELATION,PENDING,REGULAR_SUBMISSION,PENDING,LOW_2Y_SHARPE,FAIL,-0.19,1.58,MATCHES_COMPETITION,PENDING,AIACv2,AI Alphas Competition 2.0,PASS,MATCHES_PYRAMID,1.0,1.1,ASI/D1/FUNDAMENTAL,1.1,WARNING,MATCHES_THEMES,EDrKL34,2.0,JPN Dataset Utilization Theme,M4ZYx3D,2.0,AMR Dataset Utilization Theme,9B3qxZ4,2.0,KOR Dataset Utilization Theme,PBVkEJD,2.0,TWN Dataset Utilization Theme,by88rqy,2.0,HKG Dataset Utilization Theme,V45896D,1.0,GLB/D1 TOPDIV3000 Power Pool Feb`26 Theme,,,,,,,,,,,,,,,,,,,,,,,,,,,,,,,,,,,,
MPlW282a,REGULAR,PS40111,EQUITY,ASI,MINVOL1M,1,0,INDUSTRY,0.08,ON,VERIFY,OFF,OFF,FASTEXPR,False,2014-01-01,2023-12-31,"greater(ts_delta(sales, 4), ts_delta(fnd23_rcaa, 4))",,3,2026-02-02T06:32:36-05:00,,2026-02-02T06:32:37-05:00,,False,False,,,ace_tag,llm_test,confidence_0.66,DATA_USAGE:SINGLE_DATA_SET,Single Data Set Alpha,,IS,UNSUBMITTED,4615854,20000000,115,1921,0.5734,0.0446,0.1317,0.000156,0.54,0.15,2014-01-01,-759166.0,20000000.0,920.0,2173.0,0.2965,-0.0073,0.5336,-4.9e-05,-0.01,-0.09,4074355.0,20000000.0,115.0,1921.0,0.5734,0.0394,0.1008,0.000137,0.17,0.65,LOW_SHARPE,FAIL,1.58,0.54,LOW_FITNESS,FAIL,1.0,0.15,LOW_ASI_JPN_SHARPE,FAIL,1,0.4,LOW_INVESTABILITY_CONSTRAINED_SHARPE,FAIL,0.38,-0.09,LOW_TURNOVER,PASS,0.01,0.5734,HIGH_TURNOVER,PASS,0.7,0.5734,CONCENTRATED_WEIGHT,FAIL,2018-01-05,0.1,0.499997,LOW_SUB_UNIVERSE_SHARPE,PASS,0.16,0.39,LOW_ROBUST_UNIVERSE_SHARPE.WITH_RATIO,PASS,0.9,0.49,0.7,LOW_ROBUST_UNIVERSE_RETURNS,PASS,0.9,0.0401,0.0576,SELF_CORRELATION,PENDING,DATA_DIVERSITY,PENDING,PROD_CORRELATION,PENDING,REGULAR_SUBMISSION,PENDING,LOW_2Y_SHARPE,FAIL,0.45,1.58,MATCHES_COMPETITION,PENDING,AIACv2,AI Alphas Competition 2.0,PASS,MATCHES_PYRAMID,1.0,1.1,ASI/D1/FUNDAMENTAL,1.1,WARNING,MATCHES_THEMES,EDrKL34,2.0,JPN Dataset Utilization Theme,M4ZYx3D,2.0,AMR Dataset Utilization Theme,9B3qxZ4,2.0,KOR Dataset Utilization Theme,PBVkEJD,2.0,TWN Dataset Utilization Theme,by88rqy,2.0,HKG Dataset Utilization Theme,V45896D,1.0,GLB/D1 TOPDIV3000 Power Pool Feb`26 Theme,,,,,,,,,,,,,,,,,,,,,,,,,,,,,,,,,,,,
d58XP7PX,REGULAR,PS40111,EQUITY,ASI,MINVOL1M,1,0,INDUSTRY,0.08,ON,VERIFY,OFF,OFF,FASTEXPR,False,2014-01-01,2023-12-31,"quantile(divide(income_tax_payable, income))",,2,2026-02-02T06:32:36-05:00,,2026-02-02T06:32:37-05:00,,False,False,,,ace_tag,llm_test,confidence_0.54,DATA_USAGE:SINGLE_DATA_SET,Single Data Set Alpha,,IS,UNSUBMITTED,2495732,20000000,1577,1594,0.0298,0.0241,0.1283,0.001621,0.59,0.26,2014-01-01,2574535.0,20000000.0,1578.0,1596.0,0.0295,0.0249,0.1216,0.001687,0.27,0.61,214850.0,20000000.0,1577.0,1594.0,0.0298,0.0021,0.0807,0.00014,0.02,0.12,LOW_SHARPE,FAIL,1.58,0.59,LOW_FITNESS,FAIL,1.0,0.26,LOW_ASI_JPN_SHARPE,FAIL,1,0.55,LOW_INVESTABILITY_CONSTRAINED_SHARPE,PASS,0.41,0.61,LOW_TURNOVER,PASS,0.01,0.0298,HIGH_TURNOVER,PASS,0.7,0.0298,CONCENTRATED_WEIGHT,PASS,,,,LOW_SUB_UNIVERSE_SHARPE,PASS,0.17,0.29,LOW_ROBUST_UNIVERSE_SHARPE.WITH_RATIO,FAIL,0.9,0.53,0.32,LOW_ROBUST_UNIVERSE_RETURNS,FAIL,0.9,0.0217,0.013,SELF_CORRELATION,PENDING,DATA_DIVERSITY,PENDING,PROD_CORRELATION,PENDING,REGULAR_SUBMISSION,PENDING,LOW_2Y_SHARPE,FAIL,0.57,1.58,MATCHES_COMPETITION,PENDING,AIACv2,AI Alphas Competition 2.0,PASS,MATCHES_PYRAMID,1.0,1.1,ASI/D1/FUNDAMENTAL,1.1,WARNING,MATCHES_THEMES,EDrKL34,2.0,JPN Dataset Utilization Theme,M4ZYx3D,2.0,AMR Dataset Utilization Theme,9B3qxZ4,2.0,KOR Dataset Utilization Theme,PBVkEJD,2.0,TWN Dataset Utilization Theme,by88rqy,2.0,HKG Dataset Utilization Theme,V45896D,1.0,GLB/D1 TOPDIV3000 Power Pool Feb`26 Theme,,,,,,,,,,,,,,,,,,,,,,,,,,,,,,,,,,,,
rK63n628,REGULAR,PS40111,EQUITY,ASI,MINVOL1M,1,0,INDUSTRY,0.08,ON,VERIFY,OFF,OFF,FASTEXPR,False,2014-01-01,2023-12-31,"quantile(divide(operating_income, add(income_tax, 1)))",,3,2026-02-02T06:31:46-05:00,,2026-02-02T06:31:46-05:00,,False,False,,,ace_tag,llm_test,confidence_0.58,DATA_USAGE:SINGLE_DATA_SET,Single Data Set Alpha,,IS,UNSUBMITTED,3321861,20000000,1645,1586,0.0345,0.0321,0.0658,0.00186,0.72,0.36,2014-01-01,2998264.0,20000000.0,1645.0,1589.0,0.0323,0.029,0.0641,0.001792,0.31,0.64,1501592.0,20000000.0,1645.0,1586.0,0.0345,0.0145,0.0377,0.000841,0.28,0.82,LOW_SHARPE,FAIL,1.58,0.72,LOW_FITNESS,FAIL,1.0,0.36,LOW_ASI_JPN_SHARPE,FAIL,1,-0.14,LOW_INVESTABILITY_CONSTRAINED_SHARPE,PASS,0.5,0.64,LOW_TURNOVER,PASS,0.01,0.0345,HIGH_TURNOVER,PASS,0.7,0.0345,CONCENTRATED_WEIGHT,PASS,,,,LOW_SUB_UNIVERSE_SHARPE,PASS,0.21,0.36,LOW_ROBUST_UNIVERSE_SHARPE.WITH_RATIO,FAIL,0.9,0.65,0.51,LOW_ROBUST_UNIVERSE_RETURNS,FAIL,0.9,0.0289,0.0256,SELF_CORRELATION,PENDING,DATA_DIVERSITY,PENDING,PROD_CORRELATION,PENDING,REGULAR_SUBMISSION,PENDING,LOW_2Y_SHARPE,FAIL,0.5,1.58,MATCHES_COMPETITION,PENDING,AIACv2,AI Alphas Competition 2.0,PASS,MATCHES_PYRAMID,1.0,1.1,ASI/D1/FUNDAMENTAL,1.1,WARNING,MATCHES_THEMES,EDrKL34,2.0,JPN Dataset Utilization Theme,M4ZYx3D,2.0,AMR Dataset Utilization Theme,9B3qxZ4,2.0,KOR Dataset Utilization Theme,PBVkEJD,2.0,TWN Dataset Utilization Theme,by88rqy,2.0,HKG Dataset Utilization Theme,V45896D,1.0,GLB/D1 TOPDIV3000 Power Pool Feb`26 Theme,,,,,,,,,,,,,,,,,,,,,,,,,,,,,,,,,,,,
kqk7Yk3z,REGULAR,PS40111,EQUITY,ASI,MINVOL1M,1,0,INDUSTRY,0.08,ON,VERIFY,OFF,OFF,FASTEXPR,False,2014-01-01,2023-12-31,"quantile(divide(debt_st, assets))",,2,2026-02-02T06:31:45-05:00,,2026-02-02T06:31:45-05:00,,False,False,,,ace_tag,llm_test,confidence_0.62,DATA_USAGE:SINGLE_DATA_SET,Single Data Set Alpha,,IS,UNSUBMITTED,437950,20000000,1507,1716,0.0147,0.0042,0.1786,0.000577,0.08,0.01,2014-01-01,483613.0,20000000.0,1511.0,1719.0,0.0147,0.0047,0.1743,0.000635,0.02,0.09,422158.0,20000000.0,1507.0,1716.0,0.0147,0.0041,0.0487,0.000557,0.05,0.26,LOW_SHARPE,FAIL,1.58,0.08,LOW_FITNESS,FAIL,1.0,0.01,LOW_ASI_JPN_SHARPE,FAIL,1,-0.39,LOW_INVESTABILITY_CONSTRAINED_SHARPE,PASS,0.06,0.09,LOW_TURNOVER,PASS,0.01,0.0147,HIGH_TURNOVER,PASS,0.7,0.0147,CONCENTRATED_WEIGHT,PASS,,,,LOW_SUB_UNIVERSE_SHARPE,FAIL,0.02,-0.26,LOW_ROBUST_UNIVERSE_SHARPE.WITH_RATIO,FAIL,0.9,0.07,0.02,LOW_ROBUST_UNIVERSE_RETURNS,FAIL,0.9,0.0038,0.0012,SELF_CORRELATION,PENDING,DATA_DIVERSITY,PENDING,PROD_CORRELATION,PENDING,REGULAR_SUBMISSION,PENDING,LOW_2Y_SHARPE,FAIL,0.27,1.58,MATCHES_COMPETITION,PENDING,AIACv2,AI Alphas Competition 2.0,PASS,MATCHES_PYRAMID,1.0,1.1,ASI/D1/FUNDAMENTAL,1.1,WARNING,MATCHES_THEMES,EDrKL34,2.0,JPN Dataset Utilization Theme,M4ZYx3D,2.0,AMR Dataset Utilization Theme,9B3qxZ4,2.0,KOR Dataset Utilization Theme,PBVkEJD,2.0,TWN Dataset Utilization Theme,by88rqy,2.0,HKG Dataset Utilization Theme,V45896D,1.0,GLB/D1 TOPDIV3000 Power Pool Feb`26 Theme,,,,,,,,,,,,,,,,,,,,,,,,,,,,,,,,,,,,
6XP82azL,REGULAR,PS40111,EQUITY,ASI,MINVOL1M,1,0,INDUSTRY,0.08,ON,VERIFY,OFF,OFF,FASTEXPR,False,2014-01-01,2023-12-31,"zscore(divide(subtract(revenue, cogs), revenue))",,3,2026-02-02T06:33:01-05:00,,2026-02-02T06:33:01-05:00,,False,False,,,ace_tag,llm_test,confidence_0.7,DATA_USAGE:SINGLE_DATA_SET,Single Data Set Alpha,,IS,UNSUBMITTED,5120445,20000000,1483,1645,0.0424,0.0495,0.3372,0.002332,0.31,0.2,2014-01-01,3431871.0,20000000.0,1486.0,1645.0,0.0469,0.0332,0.5607,0.001413,0.11,0.21,1597089.0,20000000.0,1483.0,1645.0,0.0424,0.0154,0.382,0.000727,0.04,0.11,LOW_SHARPE,FAIL,1.58,0.31,LOW_FITNESS,FAIL,1.0,0.2,LOW_ASI_JPN_SHARPE,FAIL,1,-0.44,LOW_INVESTABILITY_CONSTRAINED_SHARPE,FAIL,0.22,0.21,LOW_TURNOVER,PASS,0.01,0.0424,HIGH_TURNOVER,PASS,0.7,0.0424,CONCENTRATED_WEIGHT,FAIL,2021-04-16,0.1,0.49881,LOW_SUB_UNIVERSE_SHARPE,FAIL,0.09,-0.13,LOW_ROBUST_UNIVERSE_SHARPE.WITH_RATIO,FAIL,0.9,0.28,0.1,LOW_ROBUST_UNIVERSE_RETURNS,FAIL,0.9,0.0446,0.0182,SELF_CORRELATION,PENDING,DATA_DIVERSITY,PENDING,PROD_CORRELATION,PENDING,REGULAR_SUBMISSION,PENDING,LOW_2Y_SHARPE,FAIL,1.03,1.58,MATCHES_COMPETITION,PENDING,AIACv2,AI Alphas Competition 2.0,PASS,MATCHES_PYRAMID,1.0,1.1,ASI/D1/FUNDAMENTAL,1.1,WARNING,MATCHES_THEMES,EDrKL34,2.0,JPN Dataset Utilization Theme,M4ZYx3D,2.0,AMR Dataset Utilization Theme,9B3qxZ4,2.0,KOR Dataset Utilization Theme,PBVkEJD,2.0,TWN Dataset Utilization Theme,by88rqy,2.0,HKG Dataset Utilization Theme,V45896D,1.0,GLB/D1 TOPDIV3000 Power Pool Feb`26 Theme,,,,,,,,,,,,,,,,,,,,,,,,,,,,,,,,,,,,
npkJX05d,REGULAR,PS40111,EQUITY,ASI,MINVOL1M,1,0,INDUSTRY,0.08,ON,VERIFY,OFF,OFF,FASTEXPR,False,2014-01-01,2023-12-31,"quantile(divide(fnd23_xecs, revenue))",,2,2026-02-02T06:31:23-05:00,,2026-02-02T06:31:23-05:00,,False,False,,,ace_tag,llm_test,confidence_0.56,DATA_USAGE:SINGLE_DATA_SET,Single Data Set Alpha,,IS,UNSUBMITTED,1501763,20000000,1567,1586,0.0149,0.0145,0.071,0.001952,0.49,0.17,2014-01-01,1450389.0,20000000.0,1570.0,1587.0,0.0147,0.014,0.0641,0.001907,0.16,0.48,829960.0,20000000.0,1567.0,1586.0,0.0149,0.008,0.0494,0.001079,0.12,0.46,LOW_SHARPE,FAIL,1.58,0.49,LOW_FITNESS,FAIL,1.0,0.17,LOW_ASI_JPN_SHARPE,FAIL,1,0.11,LOW_INVESTABILITY_CONSTRAINED_SHARPE,PASS,0.34,0.48,LOW_TURNOVER,PASS,0.01,0.0149,HIGH_TURNOVER,PASS,0.7,0.0149,CONCENTRATED_WEIGHT,PASS,,,,LOW_SUB_UNIVERSE_SHARPE,FAIL,0.14,-0.1,LOW_ROBUST_UNIVERSE_SHARPE.WITH_RATIO,PASS,0.9,0.44,0.53,LOW_ROBUST_UNIVERSE_RETURNS,PASS,0.9,0.0131,0.016,SELF_CORRELATION,PENDING,DATA_DIVERSITY,PENDING,PROD_CORRELATION,PENDING,REGULAR_SUBMISSION,PENDING,LOW_2Y_SHARPE,FAIL,1.01,1.58,MATCHES_COMPETITION,PENDING,AIACv2,AI Alphas Competition 2.0,PASS,MATCHES_PYRAMID,1.0,1.1,ASI/D1/FUNDAMENTAL,1.1,WARNING,MATCHES_THEMES,EDrKL34,2.0,JPN Dataset Utilization Theme,M4ZYx3D,2.0,AMR Dataset Utilization Theme,9B3qxZ4,2.0,KOR Dataset Utilization Theme,PBVkEJD,2.0,TWN Dataset Utilization Theme,by88rqy,2.0,HKG Dataset Utilization Theme,V45896D,1.0,GLB/D1 TOPDIV3000 Power Pool Feb`26 Theme,,,,,,,,,,,,,,,,,,,,,,,,,,,,,,,,,,,,
9qPvmgOd,REGULAR,PS40111,EQUITY,ASI,MINVOL1M,1,0,INDUSTRY,0.08,ON,VERIFY,OFF,OFF,FASTEXPR,False,2014-01-01,2023-12-31,"ts_zscore(ts_delta(fnd23_ecns, 4), 60)",Detect firms increasing net cash (fnd23_ecns coverage 1.0). Used ts_delta on fnd23_ecns. SUGGESTION1 used. Confidence 0.71.,2,2026-02-02T06:10:01-05:00,,2026-02-02T06:10:06-05:00,,False,False,,,ace_tag,llm_test,confidence_0.7,DATA_USAGE:SINGLE_DATA_SET,Single Data Set Alpha,,IS,UNSUBMITTED,10918326,20000000,302,456,0.4781,0.1055,0.1448,0.000441,1.2,0.56,2014-01-01,664157.0,20000000.0,357.0,488.0,0.1731,0.0064,0.3529,7.4e-05,0.02,0.08,10745027.0,20000000.0,302.0,456.0,0.4781,0.1038,0.1344,0.000434,0.61,1.3,LOW_SHARPE,FAIL,1.58,1.2,LOW_FITNESS,FAIL,1.0,0.56,LOW_ASI_JPN_SHARPE,FAIL,1,0.33,LOW_INVESTABILITY_CONSTRAINED_SHARPE,FAIL,0.84,0.08,LOW_TURNOVER,PASS,0.01,0.4781,HIGH_TURNOVER,PASS,0.7,0.4781,CONCENTRATED_WEIGHT,FAIL,2015-01-13,0.1,0.112107,LOW_SUB_UNIVERSE_SHARPE,FAIL,0.35,0.05,LOW_ROBUST_UNIVERSE_SHARPE.WITH_RATIO,PASS,0.9,1.08,1.22,LOW_ROBUST_UNIVERSE_RETURNS,PASS,0.9,0.0949,0.1053,SELF_CORRELATION,PENDING,DATA_DIVERSITY,PENDING,PROD_CORRELATION,PENDING,REGULAR_SUBMISSION,PENDING,LOW_2Y_SHARPE,FAIL,1.57,1.58,MATCHES_COMPETITION,PENDING,AIACv2,AI Alphas Competition 2.0,PASS,MATCHES_PYRAMID,1.0,1.1,ASI/D1/FUNDAMENTAL,1.1,WARNING,MATCHES_THEMES,EDrKL34,2.0,JPN Dataset Utilization Theme,M4ZYx3D,2.0,AMR Dataset Utilization Theme,9B3qxZ4,2.0,KOR Dataset Utilization Theme,PBVkEJD,2.0,TWN Dataset Utilization Theme,by88rqy,2.0,HKG Dataset Utilization Theme,V45896D,1.0,GLB/D1 TOPDIV3000 Power Pool Feb`26 Theme,,,,,,,,,,,,,,,,,,,,,,,,,,,,,,,,,,,,
omwpkJY2,REGULAR,PS40111,EQUITY,ASI,MINVOL1M,1,0,INDUSTRY,0.08,ON,VERIFY,OFF,OFF,FASTEXPR,False,2014-01-01,2023-12-31,"zscore(divide(revenue, assets))",,2,2026-02-02T06:37:05-05:00,,2026-02-02T06:37:05-05:00,,False,False,,,ace_tag,llm_test,confidence_0.67,DATA_USAGE:SINGLE_DATA_SET,Single Data Set Alpha,,IS,UNSUBMITTED,4005259,20000000,1227,2004,0.0238,0.0387,0.3264,0.003251,0.33,0.18,2014-01-01,6296426.0,20000000.0,1235.0,1999.0,0.0228,0.0608,0.2379,0.005339,0.42,0.6,3680613.0,20000000.0,1227.0,2004.0,0.0238,0.0356,0.2285,0.002988,0.19,0.36,LOW_SHARPE,FAIL,1.58,0.33,LOW_FITNESS,FAIL,1.0,0.18,LOW_ASI_JPN_SHARPE,FAIL,1,0.07,LOW_INVESTABILITY_CONSTRAINED_SHARPE,PASS,0.23,0.6,LOW_TURNOVER,PASS,0.01,0.0238,HIGH_TURNOVER,PASS,0.7,0.0238,CONCENTRATED_WEIGHT,FAIL,2021-07-14,0.1,0.499571,LOW_SUB_UNIVERSE_SHARPE,FAIL,0.1,-0.19,LOW_ROBUST_UNIVERSE_SHARPE.WITH_RATIO,PASS,0.9,0.3,0.56,LOW_ROBUST_UNIVERSE_RETURNS,FAIL,0.9,0.0348,0.0277,SELF_CORRELATION,PENDING,DATA_DIVERSITY,PENDING,PROD_CORRELATION,PENDING,REGULAR_SUBMISSION,PENDING,LOW_2Y_SHARPE,FAIL,0.54,1.58,MATCHES_COMPETITION,PENDING,AIACv2,AI Alphas Competition 2.0,PASS,MATCHES_PYRAMID,1.0,1.1,ASI/D1/FUNDAMENTAL,1.1,WARNING,MATCHES_THEMES,EDrKL34,2.0,JPN Dataset Utilization Theme,M4ZYx3D,2.0,AMR Dataset Utilization Theme,9B3qxZ4,2.0,KOR Dataset Utilization Theme,PBVkEJD,2.0,TWN Dataset Utilization Theme,by88rqy,2.0,HKG Dataset Utilization Theme,V45896D,1.0,GLB/D1 TOPDIV3000 Power Pool Feb`26 Theme,,,,,,,,,,,,,,,,,,,,,,,,,,,,,,,,,,,,
omwpkGVn,REGULAR,PS40111,EQUITY,ASI,MINVOL1M,1,0,INDUSTRY,0.08,ON,VERIFY,OFF,OFF,FASTEXPR,False,2014-01-01,2023-12-31,"ts_zscore(ts_delta(fnd23_fbds, 4), 60)",,2,2026-02-02T06:37:21-05:00,,2026-02-02T06:37:21-05:00,,False,False,,,ace_tag,llm_test,confidence_0.72,DATA_USAGE:SINGLE_DATA_SET,Single Data Set Alpha,,IS,UNSUBMITTED,8294943,20000000,384,520,0.4922,0.0802,0.1353,0.000326,1.01,0.41,2014-01-01,789043.0,20000000.0,433.0,546.0,0.1875,0.0076,0.2237,8.1e-05,0.02,0.1,8983112.0,20000000.0,384.0,520.0,0.4922,0.0868,0.0913,0.000353,0.5,1.18,LOW_SHARPE,WARNING,1.58,1.01,LOW_FITNESS,WARNING,1.0,0.41,LOW_ASI_JPN_SHARPE,FAIL,1,0.97,LOW_INVESTABILITY_CONSTRAINED_SHARPE,FAIL,0.71,0.1,LOW_TURNOVER,PASS,0.01,0.4922,HIGH_TURNOVER,PASS,0.7,0.4922,CONCENTRATED_WEIGHT,PASS,,,,LOW_SUB_UNIVERSE_SHARPE,PASS,0.3,0.33,LOW_ROBUST_UNIVERSE_SHARPE.WITH_RATIO,PASS,0.9,0.91,1.22,LOW_ROBUST_UNIVERSE_RETURNS,PASS,0.9,0.0722,0.0967,SELF_CORRELATION,PENDING,DATA_DIVERSITY,PENDING,PROD_CORRELATION,PENDING,REGULAR_SUBMISSION,PENDING,LOW_2Y_SHARPE,WARNING,1.07,1.58,POWER_POOL_CORRELATION,PENDING,,,PENDING,MATCHES_COMPETITION,,,,,PASS,MATCHES_PYRAMID,,,,,,,,,,,,,,,,,,,,,,,,,,,,,AIACv2,AI Alphas Competition 2.0,1.0,1.1,ASI/D1/FUNDAMENTAL,1.1,WARNING,MATCHES_THEMES,EDrKL34,2.0,JPN Dataset Utilization Theme,M4ZYx3D,2.0,AMR Dataset Utilization Theme,9B3qxZ4,2.0,KOR Dataset Utilization Theme,PBVkEJD,2.0,TWN Dataset Utilization Theme,by88rqy,2.0,HKG Dataset Utilization Theme,V45896D,1.0,GLB/D1 TOPDIV3000 Power Pool Feb`26 Theme
omwpkWVv,REGULAR,PS40111,EQUITY,ASI,MINVOL1M,1,0,INDUSTRY,0.08,ON,VERIFY,OFF,OFF,FASTEXPR,False,2014-01-01,2023-12-31,"quantile(divide(cashflow_op, assets))",,2,2026-02-02T06:35:36-05:00,,2026-02-02T06:35:37-05:00,,False,False,,,ace_tag,llm_test,confidence_0.71,DATA_USAGE:SINGLE_DATA_SET,Single Data Set Alpha,,IS,UNSUBMITTED,6784712,20000000,1670,1657,0.0245,0.0656,0.0864,0.00536,1.28,0.93,2014-01-01,6287548.0,20000000.0,1670.0,1660.0,0.0245,0.0608,0.0846,0.004958,0.82,1.18,1806491.0,20000000.0,1670.0,1657.0,0.0245,0.0175,0.034,0.001427,0.39,1.05,LOW_SHARPE,WARNING,1.58,1.28,LOW_FITNESS,WARNING,1.0,0.93,LOW_ASI_JPN_SHARPE,FAIL,1,0.31,LOW_INVESTABILITY_CONSTRAINED_SHARPE,PASS,0.9,1.18,LOW_TURNOVER,PASS,0.01,0.0245,HIGH_TURNOVER,PASS,0.7,0.0245,CONCENTRATED_WEIGHT,PASS,,,,LOW_SUB_UNIVERSE_SHARPE,PASS,0.38,0.92,LOW_ROBUST_UNIVERSE_SHARPE.WITH_RATIO,FAIL,0.9,1.15,0.99,LOW_ROBUST_UNIVERSE_RETURNS,FAIL,0.9,0.059,0.0507,SELF_CORRELATION,PENDING,DATA_DIVERSITY,PENDING,PROD_CORRELATION,PENDING,REGULAR_SUBMISSION,PENDING,LOW_2Y_SHARPE,WARNING,1.01,1.58,POWER_POOL_CORRELATION,PENDING,,,PENDING,MATCHES_COMPETITION,,,,,PASS,MATCHES_PYRAMID,,,,,,,,,,,,,,,,,,,,,,,,,,,,,AIACv2,AI Alphas Competition 2.0,1.0,1.1,ASI/D1/FUNDAMENTAL,1.1,WARNING,MATCHES_THEMES,EDrKL34,2.0,JPN Dataset Utilization Theme,M4ZYx3D,2.0,AMR Dataset Utilization Theme,9B3qxZ4,2.0,KOR Dataset Utilization Theme,PBVkEJD,2.0,TWN Dataset Utilization Theme,by88rqy,2.0,HKG Dataset Utilization Theme,V45896D,1.0,GLB/D1 TOPDIV3000 Power Pool Feb`26 Theme
587b25kM,REGULAR,PS40111,EQUITY,ASI,MINVOL1M,1,0,INDUSTRY,0.08,ON,VERIFY,OFF,OFF,FASTEXPR,False,2014-01-01,2023-12-31,"less(ts_delta(inventory, 4), ts_delta(sales, 4))",,3,2026-02-02T06:37:22-05:00,,2026-02-02T06:37:22-05:00,,False,False,,,ace_tag,llm_test,confidence_0.6,DATA_USAGE:SINGLE_DATA_SET,Single Data Set Alpha,,IS,UNSUBMITTED,2522653,20000000,93,1591,0.5985,0.0244,0.301,8.1e-05,0.24,0.05,2014-01-01,-1988024.0,20000000.0,905.0,1984.0,0.2895,-0.0192,0.5388,-0.000133,-0.05,-0.21,1068190.0,20000000.0,93.0,1591.0,0.5985,0.0103,0.3565,3.4e-05,0.02,0.13,LOW_SHARPE,FAIL,1.58,0.24,LOW_FITNESS,FAIL,1.0,0.05,LOW_ASI_JPN_SHARPE,FAIL,1,0.2,LOW_INVESTABILITY_CONSTRAINED_SHARPE,FAIL,0.17,-0.21,LOW_TURNOVER,PASS,0.01,0.5985,HIGH_TURNOVER,PASS,0.7,0.5985,CONCENTRATED_WEIGHT,FAIL,2018-01-05,0.1,0.500006,LOW_SUB_UNIVERSE_SHARPE,PASS,0.07,0.4,LOW_ROBUST_UNIVERSE_SHARPE.WITH_RATIO,PASS,0.9,0.22,0.4,LOW_ROBUST_UNIVERSE_RETURNS,PASS,0.9,0.022,0.0387,SELF_CORRELATION,PENDING,DATA_DIVERSITY,PENDING,PROD_CORRELATION,PENDING,REGULAR_SUBMISSION,PENDING,LOW_2Y_SHARPE,FAIL,0.1,1.58,MATCHES_COMPETITION,PENDING,AIACv2,AI Alphas Competition 2.0,PASS,MATCHES_PYRAMID,1.0,1.1,ASI/D1/FUNDAMENTAL,1.1,WARNING,MATCHES_THEMES,EDrKL34,2.0,JPN Dataset Utilization Theme,M4ZYx3D,2.0,AMR Dataset Utilization Theme,9B3qxZ4,2.0,KOR Dataset Utilization Theme,PBVkEJD,2.0,TWN Dataset Utilization Theme,by88rqy,2.0,HKG Dataset Utilization Theme,V45896D,1.0,GLB/D1 TOPDIV3000 Power Pool Feb`26 Theme,,,,,,,,,,,,,,,,,,,,,,,,,,,,,,,,,,,,
omwpko8k,REGULAR,PS40111,EQUITY,ASI,MINVOL1M,1,0,INDUSTRY,0.08,ON,VERIFY,OFF,OFF,FASTEXPR,False,2014-01-01,2023-12-31,zscore(fnd23_rtes),,1,2026-02-02T06:35:47-05:00,,2026-02-02T06:35:47-05:00,,False,False,,,ace_tag,llm_test,confidence_0.5,DATA_USAGE:SINGLE_DATA_SET,Single Data Set Alpha,,IS,UNSUBMITTED,-855828,20000000,1428,1771,0.0163,-0.0083,0.3343,-0.001013,-0.1,-0.03,2014-01-01,-117168.0,20000000.0,1447.0,1755.0,0.0173,-0.0011,0.2473,-0.000131,-0.0,-0.01,-746088.0,20000000.0,1428.0,1771.0,0.0163,-0.0072,0.2891,-0.000883,-0.03,-0.11,LOW_SHARPE,FAIL,1.58,-0.1,LOW_FITNESS,FAIL,1.0,-0.03,LOW_ASI_JPN_SHARPE,FAIL,1,0.4,LOW_INVESTABILITY_CONSTRAINED_SHARPE,PASS,-0.07,-0.01,LOW_TURNOVER,PASS,0.01,0.0163,HIGH_TURNOVER,PASS,0.7,0.0163,CONCENTRATED_WEIGHT,FAIL,2023-09-14,0.1,0.491003,LOW_SUB_UNIVERSE_SHARPE,PASS,-0.03,0.43,LOW_ROBUST_UNIVERSE_SHARPE.WITH_RATIO,PASS,0.9,-0.09,0.01,LOW_ROBUST_UNIVERSE_RETURNS,PASS,0.9,-0.0075,0.001,SELF_CORRELATION,PENDING,DATA_DIVERSITY,PENDING,PROD_CORRELATION,PENDING,REGULAR_SUBMISSION,PENDING,LOW_2Y_SHARPE,FAIL,0.57,1.58,MATCHES_COMPETITION,PENDING,AIACv2,AI Alphas Competition 2.0,PASS,MATCHES_PYRAMID,1.0,1.1,ASI/D1/FUNDAMENTAL,1.1,WARNING,MATCHES_THEMES,EDrKL34,2.0,JPN Dataset Utilization Theme,M4ZYx3D,2.0,AMR Dataset Utilization Theme,9B3qxZ4,2.0,KOR Dataset Utilization Theme,PBVkEJD,2.0,TWN Dataset Utilization Theme,by88rqy,2.0,HKG Dataset Utilization Theme,V45896D,1.0,GLB/D1 TOPDIV3000 Power Pool Feb`26 Theme,,,,,,,,,,,,,,,,,,,,,,,,,,,,,,,,,,,,
QPrJo6AW,REGULAR,PS40111,EQUITY,ASI,MINVOL1M,1,0,INDUSTRY,0.08,ON,VERIFY,OFF,OFF,FASTEXPR,False,2014-01-01,2023-12-31,"ts_ir(fnd23_cnin, 252)",,1,2026-02-02T06:37:57-05:00,,2026-02-02T06:37:57-05:00,,False,False,,,ace_tag,llm_test,confidence_0.66,DATA_USAGE:SINGLE_DATA_SET,Single Data Set Alpha,,IS,UNSUBMITTED,-801887,20000000,647,2593,0.2244,-0.0077,0.3462,-6.9e-05,-0.08,-0.01,2014-01-01,-1735398.0,20000000.0,801.0,2447.0,0.1222,-0.0168,0.3873,-0.000274,-0.07,-0.19,127743.0,20000000.0,647.0,2593.0,0.2244,0.0012,0.2563,1.1e-05,0.0,0.02,LOW_SHARPE,FAIL,1.58,-0.08,LOW_FITNESS,FAIL,1.0,-0.01,LOW_ASI_JPN_SHARPE,FAIL,1,-0.19,LOW_INVESTABILITY_CONSTRAINED_SHARPE,FAIL,-0.06,-0.19,LOW_TURNOVER,PASS,0.01,0.2244,HIGH_TURNOVER,PASS,0.7,0.2244,CONCENTRATED_WEIGHT,PASS,,,,LOW_SUB_UNIVERSE_SHARPE,FAIL,-0.02,-0.22,LOW_ROBUST_UNIVERSE_SHARPE.WITH_RATIO,PASS,0.9,-0.07,0.03,LOW_ROBUST_UNIVERSE_RETURNS,PASS,0.9,-0.0069,0.0025,SELF_CORRELATION,PENDING,DATA_DIVERSITY,PENDING,PROD_CORRELATION,PENDING,REGULAR_SUBMISSION,PENDING,LOW_2Y_SHARPE,FAIL,-0.91,1.58,MATCHES_COMPETITION,PENDING,AIACv2,AI Alphas Competition 2.0,PASS,MATCHES_PYRAMID,1.0,1.1,ASI/D1/FUNDAMENTAL,1.1,WARNING,MATCHES_THEMES,EDrKL34,2.0,JPN Dataset Utilization Theme,M4ZYx3D,2.0,AMR Dataset Utilization Theme,9B3qxZ4,2.0,KOR Dataset Utilization Theme,PBVkEJD,2.0,TWN Dataset Utilization Theme,by88rqy,2.0,HKG Dataset Utilization Theme,V45896D,1.0,GLB/D1 TOPDIV3000 Power Pool Feb`26 Theme,,,,,,,,,,,,,,,,,,,,,,,,,,,,,,,,,,,,
j2lEM8nE,REGULAR,PS40111,EQUITY,ASI,MINVOL1M,1,0,INDUSTRY,0.08,ON,VERIFY,OFF,OFF,FASTEXPR,False,2014-01-01,2023-12-31,"less(ts_delta(fnd23_rcaa, 4), ts_delta(sales, 4))",,3,2026-02-02T06:35:36-05:00,,2026-02-02T06:35:37-05:00,,False,False,,,ace_tag,llm_test,confidence_0.62,DATA_USAGE:SINGLE_DATA_SET,Single Data Set Alpha,,IS,UNSUBMITTED,4615854,20000000,115,1921,0.5734,0.0446,0.1317,0.000156,0.54,0.15,2014-01-01,-759166.0,20000000.0,920.0,2173.0,0.2965,-0.0073,0.5336,-4.9e-05,-0.01,-0.09,4074355.0,20000000.0,115.0,1921.0,0.5734,0.0394,0.1008,0.000137,0.17,0.65,LOW_SHARPE,FAIL,1.58,0.54,LOW_FITNESS,FAIL,1.0,0.15,LOW_ASI_JPN_SHARPE,FAIL,1,0.4,LOW_INVESTABILITY_CONSTRAINED_SHARPE,FAIL,0.38,-0.09,LOW_TURNOVER,PASS,0.01,0.5734,HIGH_TURNOVER,PASS,0.7,0.5734,CONCENTRATED_WEIGHT,FAIL,2018-01-05,0.1,0.499997,LOW_SUB_UNIVERSE_SHARPE,PASS,0.16,0.39,LOW_ROBUST_UNIVERSE_SHARPE.WITH_RATIO,PASS,0.9,0.49,0.7,LOW_ROBUST_UNIVERSE_RETURNS,PASS,0.9,0.0401,0.0576,SELF_CORRELATION,PENDING,DATA_DIVERSITY,PENDING,PROD_CORRELATION,PENDING,REGULAR_SUBMISSION,PENDING,LOW_2Y_SHARPE,FAIL,0.45,1.58,MATCHES_COMPETITION,PENDING,AIACv2,AI Alphas Competition 2.0,PASS,MATCHES_PYRAMID,1.0,1.1,ASI/D1/FUNDAMENTAL,1.1,WARNING,MATCHES_THEMES,EDrKL34,2.0,JPN Dataset Utilization Theme,M4ZYx3D,2.0,AMR Dataset Utilization Theme,9B3qxZ4,2.0,KOR Dataset Utilization Theme,PBVkEJD,2.0,TWN Dataset Utilization Theme,by88rqy,2.0,HKG Dataset Utilization Theme,V45896D,1.0,GLB/D1 TOPDIV3000 Power Pool Feb`26 Theme,,,,,,,,,,,,,,,,,,,,,,,,,,,,,,,,,,,,
Vkw9aobG,REGULAR,PS40111,EQUITY,ASI,MINVOL1M,1,0,INDUSTRY,0.08,ON,VERIFY,OFF,OFF,FASTEXPR,False,2014-01-01,2023-12-31,zscore(operating_margin),Cross-sectional persistent superior margins often persist. Used operating_margin (high coverage) with cross-sectional zscore. SUGGESTION1 applied. Confidence 0.74.,1,2026-02-02T04:35:07-05:00,,2026-02-02T06:08:43-05:00,,False,False,,,ace_tag,llm_test,confidence_0.73,DATA_USAGE:SINGLE_DATA_SET,Single Data Set Alpha,,IS,UNSUBMITTED,21712467,20000000,1880,1310,0.0325,0.2098,0.8237,0.012922,0.57,0.74,2014-01-01,17263659.0,20000000.0,1655.0,1537.0,0.0367,0.1668,0.8247,0.009079,0.55,0.48,9016082.0,20000000.0,1880.0,1310.0,0.0325,0.0871,0.8143,0.005366,0.23,0.27,LOW_SHARPE,FAIL,1.58,0.57,LOW_FITNESS,FAIL,1.0,0.74,LOW_ASI_JPN_SHARPE,FAIL,1,0.43,LOW_INVESTABILITY_CONSTRAINED_SHARPE,PASS,0.4,0.48,LOW_TURNOVER,PASS,0.01,0.0325,HIGH_TURNOVER,PASS,0.7,0.0325,CONCENTRATED_WEIGHT,FAIL,2014-02-19,0.1,0.388224,LOW_SUB_UNIVERSE_SHARPE,FAIL,0.17,-0.07,LOW_ROBUST_UNIVERSE_SHARPE.WITH_RATIO,PASS,0.9,0.51,0.67,LOW_ROBUST_UNIVERSE_RETURNS,PASS,0.9,0.1888,0.2302,SELF_CORRELATION,PENDING,DATA_DIVERSITY,PENDING,PROD_CORRELATION,PENDING,REGULAR_SUBMISSION,PENDING,LOW_2Y_SHARPE,FAIL,0.32,1.58,MATCHES_COMPETITION,PENDING,AIACv2,AI Alphas Competition 2.0,PASS,MATCHES_PYRAMID,1.0,1.1,ASI/D1/FUNDAMENTAL,1.1,WARNING,MATCHES_THEMES,EDrKL34,2.0,JPN Dataset Utilization Theme,M4ZYx3D,2.0,AMR Dataset Utilization Theme,9B3qxZ4,2.0,KOR Dataset Utilization Theme,PBVkEJD,2.0,TWN Dataset Utilization Theme,by88rqy,2.0,HKG Dataset Utilization Theme,V45896D,1.0,GLB/D1 TOPDIV3000 Power Pool Feb`26 Theme,,,,,,,,,,,,,,,,,,,,,,,,,,,,,,,,,,,,
LLbjwLg6,REGULAR,PS40111,EQUITY,ASI,MINVOL1M,1,0,INDUSTRY,0.08,ON,VERIFY,OFF,OFF,FASTEXPR,False,2014-01-01,2023-12-31,"ts_zscore(ts_delta(bookvalue_ps, 252), 252)",,2,2026-02-02T06:40:14-05:00,,2026-02-02T06:40:15-05:00,,False,False,,,ace_tag,llm_test,confidence_0.65,DATA_USAGE:SINGLE_DATA_SET,Single Data Set Alpha,,IS,UNSUBMITTED,2312532,20000000,1593,1535,0.0774,0.0223,0.082,0.000578,0.56,0.24,2014-01-01,2158296.0,20000000.0,1591.0,1539.0,0.0633,0.0209,0.0718,0.000659,0.21,0.52,1696773.0,20000000.0,1593.0,1535.0,0.0774,0.0164,0.0557,0.000424,0.35,0.98,LOW_SHARPE,FAIL,1.58,0.56,LOW_FITNESS,FAIL,1.0,0.24,LOW_ASI_JPN_SHARPE,FAIL,1,0.29,LOW_INVESTABILITY_CONSTRAINED_SHARPE,PASS,0.39,0.52,LOW_TURNOVER,PASS,0.01,0.0774,HIGH_TURNOVER,PASS,0.7,0.0774,CONCENTRATED_WEIGHT,PASS,,,,LOW_SUB_UNIVERSE_SHARPE,PASS,0.17,0.28,LOW_ROBUST_UNIVERSE_SHARPE.WITH_RATIO,FAIL,0.9,0.5,0.45,LOW_ROBUST_UNIVERSE_RETURNS,FAIL,0.9,0.0201,0.0184,SELF_CORRELATION,PENDING,DATA_DIVERSITY,PENDING,PROD_CORRELATION,PENDING,REGULAR_SUBMISSION,PENDING,LOW_2Y_SHARPE,FAIL,0.37,1.58,MATCHES_COMPETITION,PENDING,AIACv2,AI Alphas Competition 2.0,PASS,MATCHES_PYRAMID,1.0,1.1,ASI/D1/FUNDAMENTAL,1.1,WARNING,MATCHES_THEMES,EDrKL34,2.0,JPN Dataset Utilization Theme,M4ZYx3D,2.0,AMR Dataset Utilization Theme,9B3qxZ4,2.0,KOR Dataset Utilization Theme,PBVkEJD,2.0,TWN Dataset Utilization Theme,by88rqy,2.0,HKG Dataset Utilization Theme,V45896D,1.0,GLB/D1 TOPDIV3000 Power Pool Feb`26 Theme,,,,,,,,,,,,,,,,,,,,,,,,,,,,,,,,,,,,
3qYbOqzP,REGULAR,PS40111,EQUITY,ASI,MINVOL1M,1,0,INDUSTRY,0.08,ON,VERIFY,OFF,OFF,FASTEXPR,False,2014-01-01,2023-12-31,"and(greater(ts_delta(operating_income, 4), 0), less(ts_delta(sga_expense, 4), 0))",,5,2026-02-02T06:40:16-05:00,,2026-02-02T06:40:16-05:00,,False,False,,,ace_tag,llm_test,confidence_0.7,DATA_USAGE:SINGLE_DATA_SET,Single Data Set Alpha,,IS,UNSUBMITTED,3830843,20000000,33,1306,0.6738,0.037,0.3949,0.00011,0.27,0.06,2014-01-01,-5225695.0,20000000.0,1023.0,2163.0,0.2891,-0.0505,0.7138,-0.000349,-0.17,-0.4,3076612.0,20000000.0,33.0,1306.0,0.6738,0.0297,0.3266,8.8e-05,0.06,0.27,LOW_SHARPE,FAIL,1.58,0.27,LOW_FITNESS,FAIL,1.0,0.06,LOW_ASI_JPN_SHARPE,FAIL,1,-0.16,LOW_INVESTABILITY_CONSTRAINED_SHARPE,FAIL,0.19,-0.4,LOW_TURNOVER,PASS,0.01,0.6738,HIGH_TURNOVER,PASS,0.7,0.6738,CONCENTRATED_WEIGHT,FAIL,2023-10-06,0.1,0.500005,LOW_SUB_UNIVERSE_SHARPE,FAIL,0.08,-0.01,LOW_ROBUST_UNIVERSE_SHARPE.WITH_RATIO,PASS,0.9,0.24,0.44,LOW_ROBUST_UNIVERSE_RETURNS,PASS,0.9,0.0333,0.0574,SELF_CORRELATION,PENDING,DATA_DIVERSITY,PENDING,PROD_CORRELATION,PENDING,REGULAR_SUBMISSION,PENDING,LOW_2Y_SHARPE,FAIL,-0.31,1.58,MATCHES_COMPETITION,PENDING,AIACv2,AI Alphas Competition 2.0,PASS,MATCHES_PYRAMID,1.0,1.1,ASI/D1/FUNDAMENTAL,1.1,WARNING,MATCHES_THEMES,EDrKL34,2.0,JPN Dataset Utilization Theme,M4ZYx3D,2.0,AMR Dataset Utilization Theme,9B3qxZ4,2.0,KOR Dataset Utilization Theme,PBVkEJD,2.0,TWN Dataset Utilization Theme,by88rqy,2.0,HKG Dataset Utilization Theme,V45896D,1.0,GLB/D1 TOPDIV3000 Power Pool Feb`26 Theme,,,,,,,,,,,,,,,,,,,,,,,,,,,,,,,,,,,,
YPwr9Vql,REGULAR,PS40111,EQUITY,ASI,MINVOL1M,1,0,INDUSTRY,0.08,ON,VERIFY,OFF,OFF,FASTEXPR,False,2014-01-01,2023-12-31,"quantile(divide(fnd23_dtns, ebitda))",,2,2026-02-02T06:39:04-05:00,,2026-02-02T06:39:05-05:00,,False,False,,,ace_tag,llm_test,confidence_0.74,DATA_USAGE:SINGLE_DATA_SET,Single Data Set Alpha,,IS,UNSUBMITTED,918644,20000000,1540,1535,0.0208,0.0089,0.0624,0.000855,0.29,0.08,2014-01-01,1188277.0,20000000.0,1541.0,1537.0,0.0206,0.0115,0.0627,0.001114,0.12,0.38,676145.0,20000000.0,1540.0,1535.0,0.0208,0.0065,0.0405,0.000629,0.08,0.36,LOW_SHARPE,FAIL,1.58,0.29,LOW_FITNESS,FAIL,1.0,0.08,LOW_ASI_JPN_SHARPE,FAIL,1,-0.08,LOW_INVESTABILITY_CONSTRAINED_SHARPE,PASS,0.2,0.38,LOW_TURNOVER,PASS,0.01,0.0208,HIGH_TURNOVER,PASS,0.7,0.0208,CONCENTRATED_WEIGHT,PASS,,,,LOW_SUB_UNIVERSE_SHARPE,PASS,0.09,0.29,LOW_ROBUST_UNIVERSE_SHARPE.WITH_RATIO,FAIL,0.9,0.26,0.06,LOW_ROBUST_UNIVERSE_RETURNS,FAIL,0.9,0.008,0.0018,SELF_CORRELATION,PENDING,DATA_DIVERSITY,PENDING,PROD_CORRELATION,PENDING,REGULAR_SUBMISSION,PENDING,LOW_2Y_SHARPE,FAIL,0.52,1.58,MATCHES_COMPETITION,PENDING,AIACv2,AI Alphas Competition 2.0,PASS,MATCHES_PYRAMID,1.0,1.1,ASI/D1/FUNDAMENTAL,1.1,WARNING,MATCHES_THEMES,EDrKL34,2.0,JPN Dataset Utilization Theme,M4ZYx3D,2.0,AMR Dataset Utilization Theme,9B3qxZ4,2.0,KOR Dataset Utilization Theme,PBVkEJD,2.0,TWN Dataset Utilization Theme,by88rqy,2.0,HKG Dataset Utilization Theme,V45896D,1.0,GLB/D1 TOPDIV3000 Power Pool Feb`26 Theme,,,,,,,,,,,,,,,,,,,,,,,,,,,,,,,,,,,,
Jj0wkjgW,REGULAR,PS40111,EQUITY,ASI,MINVOL1M,1,0,INDUSTRY,0.08,ON,VERIFY,OFF,OFF,FASTEXPR,False,2014-01-01,2023-12-31,"zscore(divide(fnd23_ccns, fnd23_1oscq))",,2,2026-02-02T06:40:15-05:00,,2026-02-02T06:40:15-05:00,,False,False,,,ace_tag,llm_test,confidence_0.63,DATA_USAGE:SINGLE_DATA_SET,Single Data Set Alpha,,IS,UNSUBMITTED,-3471086,20000000,1102,2153,0.0177,-0.0335,0.4019,-0.003786,-0.52,-0.27,2014-01-01,-2692946.0,20000000.0,1088.0,2170.0,0.0182,-0.026,0.3188,-0.002859,-0.19,-0.41,-2930404.0,20000000.0,1102.0,2153.0,0.0177,-0.0283,0.3146,-0.003196,-0.3,-0.62,LOW_SHARPE,FAIL,1.58,-0.52,LOW_FITNESS,FAIL,1.0,-0.27,LOW_ASI_JPN_SHARPE,FAIL,1,-0.58,LOW_INVESTABILITY_CONSTRAINED_SHARPE,FAIL,-0.36,-0.41,LOW_TURNOVER,PASS,0.01,0.0177,HIGH_TURNOVER,PASS,0.7,0.0177,CONCENTRATED_WEIGHT,FAIL,2015-05-26,0.1,0.49173,LOW_SUB_UNIVERSE_SHARPE,FAIL,-0.15,-0.35,LOW_ROBUST_UNIVERSE_SHARPE.WITH_RATIO,FAIL,0.9,-0.47,-0.55,LOW_ROBUST_UNIVERSE_RETURNS,FAIL,0.9,-0.0302,-0.0354,SELF_CORRELATION,PENDING,DATA_DIVERSITY,PENDING,PROD_CORRELATION,PENDING,REGULAR_SUBMISSION,PENDING,LOW_2Y_SHARPE,FAIL,-0.54,1.58,MATCHES_COMPETITION,PENDING,AIACv2,AI Alphas Competition 2.0,PASS,MATCHES_PYRAMID,1.0,1.1,ASI/D1/FUNDAMENTAL,1.1,WARNING,MATCHES_THEMES,EDrKL34,2.0,JPN Dataset Utilization Theme,M4ZYx3D,2.0,AMR Dataset Utilization Theme,9B3qxZ4,2.0,KOR Dataset Utilization Theme,PBVkEJD,2.0,TWN Dataset Utilization Theme,by88rqy,2.0,HKG Dataset Utilization Theme,V45896D,1.0,GLB/D1 TOPDIV3000 Power Pool Feb`26 Theme,,,,,,,,,,,,,,,,,,,,,,,,,,,,,,,,,,,,
npkJl91a,REGULAR,PS40111,EQUITY,ASI,MINVOL1M,1,0,INDUSTRY,0.08,ON,VERIFY,OFF,OFF,FASTEXPR,False,2014-01-01,2023-12-31,"ts_zscore(ts_delta(fnd23_prgs, 252), 252)",,2,2026-02-02T06:40:37-05:00,,2026-02-02T06:40:38-05:00,,False,False,,,ace_tag,llm_test,confidence_0.67,DATA_USAGE:SINGLE_DATA_SET,Single Data Set Alpha,,IS,UNSUBMITTED,472783,20000000,1528,1326,0.1191,0.0046,0.1676,7.7e-05,0.13,0.02,2014-01-01,393777.0,20000000.0,1517.0,1342.0,0.0768,0.0038,0.2116,9.9e-05,0.02,0.11,-105855.0,20000000.0,1528.0,1326.0,0.1191,-0.001,0.1073,-1.7e-05,-0.0,-0.05,LOW_SHARPE,FAIL,1.58,0.13,LOW_FITNESS,FAIL,1.0,0.02,LOW_ASI_JPN_SHARPE,FAIL,1,0.2,LOW_INVESTABILITY_CONSTRAINED_SHARPE,PASS,0.09,0.11,LOW_TURNOVER,PASS,0.01,0.1191,HIGH_TURNOVER,PASS,0.7,0.1191,CONCENTRATED_WEIGHT,PASS,,,,LOW_SUB_UNIVERSE_SHARPE,FAIL,0.04,-0.03,LOW_ROBUST_UNIVERSE_SHARPE.WITH_RATIO,PASS,0.9,0.12,0.14,LOW_ROBUST_UNIVERSE_RETURNS,PASS,0.9,0.0041,0.0048,SELF_CORRELATION,PENDING,DATA_DIVERSITY,PENDING,PROD_CORRELATION,PENDING,REGULAR_SUBMISSION,PENDING,LOW_2Y_SHARPE,FAIL,1.29,1.58,MATCHES_COMPETITION,PENDING,AIACv2,AI Alphas Competition 2.0,PASS,MATCHES_PYRAMID,1.0,1.1,ASI/D1/FUNDAMENTAL,1.1,WARNING,MATCHES_THEMES,EDrKL34,2.0,JPN Dataset Utilization Theme,M4ZYx3D,2.0,AMR Dataset Utilization Theme,9B3qxZ4,2.0,KOR Dataset Utilization Theme,PBVkEJD,2.0,TWN Dataset Utilization Theme,by88rqy,2.0,HKG Dataset Utilization Theme,V45896D,1.0,GLB/D1 TOPDIV3000 Power Pool Feb`26 Theme,,,,,,,,,,,,,,,,,,,,,,,,,,,,,,,,,,,,
kqk7Mxvg,REGULAR,PS40111,EQUITY,ASI,MINVOL1M,1,0,INDUSTRY,0.08,ON,VERIFY,OFF,OFF,FASTEXPR,False,2014-01-01,2023-12-31,"ts_zscore(inverse(ts_std_dev(divide(income, revenue), 252)), 252)",,4,2026-02-02T06:40:04-05:00,,2026-02-02T06:40:05-05:00,,False,False,,,ace_tag,llm_test,confidence_0.6,DATA_USAGE:SINGLE_DATA_SET,Single Data Set Alpha,,IS,UNSUBMITTED,274198,20000000,1303,1852,0.0306,0.0026,0.0588,0.000173,0.11,0.02,2014-01-01,296626.0,20000000.0,1306.0,1852.0,0.0289,0.0029,0.0605,0.000198,0.02,0.13,207479.0,20000000.0,1303.0,1852.0,0.0306,0.002,0.0415,0.000131,0.02,0.13,LOW_SHARPE,FAIL,1.58,0.11,LOW_FITNESS,FAIL,1.0,0.02,LOW_ASI_JPN_SHARPE,FAIL,1,-0.53,LOW_INVESTABILITY_CONSTRAINED_SHARPE,PASS,0.08,0.13,LOW_TURNOVER,PASS,0.01,0.0306,HIGH_TURNOVER,PASS,0.7,0.0306,CONCENTRATED_WEIGHT,PASS,,,,LOW_SUB_UNIVERSE_SHARPE,FAIL,0.03,-0.11,LOW_ROBUST_UNIVERSE_SHARPE.WITH_RATIO,PASS,0.9,0.1,0.11,LOW_ROBUST_UNIVERSE_RETURNS,PASS,0.9,0.0023,0.0026,SELF_CORRELATION,PENDING,DATA_DIVERSITY,PENDING,PROD_CORRELATION,PENDING,REGULAR_SUBMISSION,PENDING,LOW_2Y_SHARPE,FAIL,0.5,1.58,MATCHES_COMPETITION,PENDING,AIACv2,AI Alphas Competition 2.0,PASS,MATCHES_PYRAMID,1.0,1.1,ASI/D1/FUNDAMENTAL,1.1,WARNING,MATCHES_THEMES,EDrKL34,2.0,JPN Dataset Utilization Theme,M4ZYx3D,2.0,AMR Dataset Utilization Theme,9B3qxZ4,2.0,KOR Dataset Utilization Theme,PBVkEJD,2.0,TWN Dataset Utilization Theme,by88rqy,2.0,HKG Dataset Utilization Theme,V45896D,1.0,GLB/D1 TOPDIV3000 Power Pool Feb`26 Theme,,,,,,,,,,,,,,,,,,,,,,,,,,,,,,,,,,,,
O0wYj0nJ,REGULAR,PS40111,EQUITY,ASI,MINVOL1M,1,0,INDUSTRY,0.08,ON,VERIFY,OFF,OFF,FASTEXPR,False,2014-01-01,2023-12-31,"zscore(divide(operating_income, assets))",,2,2026-02-02T06:40:15-05:00,,2026-02-02T06:40:16-05:00,,False,False,,,ace_tag,llm_test,confidence_0.7,DATA_USAGE:SINGLE_DATA_SET,Single Data Set Alpha,,IS,UNSUBMITTED,8693452,20000000,1477,1753,0.0354,0.084,0.5176,0.004751,0.4,0.33,2014-01-01,10143090.0,20000000.0,1489.0,1742.0,0.0329,0.098,0.4443,0.005954,0.48,0.54,5070154.0,20000000.0,1477.0,1753.0,0.0354,0.049,0.2347,0.002771,0.19,0.31,LOW_SHARPE,FAIL,1.58,0.4,LOW_FITNESS,FAIL,1.0,0.33,LOW_ASI_JPN_SHARPE,FAIL,1,-0.11,LOW_INVESTABILITY_CONSTRAINED_SHARPE,PASS,0.28,0.54,LOW_TURNOVER,PASS,0.01,0.0354,HIGH_TURNOVER,PASS,0.7,0.0354,CONCENTRATED_WEIGHT,FAIL,2020-11-30,0.1,0.489043,LOW_SUB_UNIVERSE_SHARPE,PASS,0.12,0.44,LOW_ROBUST_UNIVERSE_SHARPE.WITH_RATIO,PASS,0.9,0.36,0.5,LOW_ROBUST_UNIVERSE_RETURNS,FAIL,0.9,0.0756,0.0455,SELF_CORRELATION,PENDING,DATA_DIVERSITY,PENDING,PROD_CORRELATION,PENDING,REGULAR_SUBMISSION,PENDING,LOW_2Y_SHARPE,FAIL,0.98,1.58,MATCHES_COMPETITION,PENDING,AIACv2,AI Alphas Competition 2.0,PASS,MATCHES_PYRAMID,1.0,1.1,ASI/D1/FUNDAMENTAL,1.1,WARNING,MATCHES_THEMES,EDrKL34,2.0,JPN Dataset Utilization Theme,M4ZYx3D,2.0,AMR Dataset Utilization Theme,9B3qxZ4,2.0,KOR Dataset Utilization Theme,PBVkEJD,2.0,TWN Dataset Utilization Theme,by88rqy,2.0,HKG Dataset Utilization Theme,V45896D,1.0,GLB/D1 TOPDIV3000 Power Pool Feb`26 Theme,,,,,,,,,,,,,,,,,,,,,,,,,,,,,,,,,,,,
WjwqR8Jo,REGULAR,PS40111,EQUITY,ASI,MINVOL1M,1,0,INDUSTRY,0.08,ON,VERIFY,OFF,OFF,FASTEXPR,False,2014-01-01,2023-12-31,"ts_zscore(ts_delta(divide(fnd23_prgs, fnd23_1oscq), 4), 60)",,3,2026-02-02T06:41:58-05:00,,2026-02-02T06:41:59-05:00,,False,False,,,ace_tag,llm_test,confidence_0.65,DATA_USAGE:SINGLE_DATA_SET,Single Data Set Alpha,,IS,UNSUBMITTED,2738113,20000000,292,460,0.5032,0.0265,0.2854,0.000105,0.3,0.07,2014-01-01,1317331.0,20000000.0,349.0,484.0,0.1773,0.0127,0.1987,0.000144,0.04,0.15,1891097.0,20000000.0,292.0,460.0,0.5032,0.0183,0.2507,7.3e-05,0.05,0.24,LOW_SHARPE,FAIL,1.58,0.3,LOW_FITNESS,FAIL,1.0,0.07,LOW_ASI_JPN_SHARPE,FAIL,1,0.31,LOW_INVESTABILITY_CONSTRAINED_SHARPE,FAIL,0.21,0.15,LOW_TURNOVER,PASS,0.01,0.5032,HIGH_TURNOVER,PASS,0.7,0.5032,CONCENTRATED_WEIGHT,PASS,,,,LOW_SUB_UNIVERSE_SHARPE,PASS,0.09,0.19,LOW_ROBUST_UNIVERSE_SHARPE.WITH_RATIO,PASS,0.9,0.27,0.51,LOW_ROBUST_UNIVERSE_RETURNS,PASS,0.9,0.0238,0.0441,SELF_CORRELATION,PENDING,DATA_DIVERSITY,PENDING,PROD_CORRELATION,PENDING,REGULAR_SUBMISSION,PENDING,LOW_2Y_SHARPE,FAIL,-0.59,1.58,MATCHES_COMPETITION,PENDING,AIACv2,AI Alphas Competition 2.0,PASS,MATCHES_PYRAMID,1.0,1.1,ASI/D1/FUNDAMENTAL,1.1,WARNING,MATCHES_THEMES,EDrKL34,2.0,JPN Dataset Utilization Theme,M4ZYx3D,2.0,AMR Dataset Utilization Theme,9B3qxZ4,2.0,KOR Dataset Utilization Theme,PBVkEJD,2.0,TWN Dataset Utilization Theme,by88rqy,2.0,HKG Dataset Utilization Theme,V45896D,1.0,GLB/D1 TOPDIV3000 Power Pool Feb`26 Theme,,,,,,,,,,,,,,,,,,,,,,,,,,,,,,,,,,,,
O0wYjb3R,REGULAR,PS40111,EQUITY,ASI,MINVOL1M,1,0,INDUSTRY,0.08,ON,VERIFY,OFF,OFF,FASTEXPR,False,2014-01-01,2023-12-31,"ts_zscore(inverse(ts_std_dev(cashflow_op, 252)), 252)",,3,2026-02-02T06:44:16-05:00,,2026-02-02T06:44:16-05:00,,False,False,,,ace_tag,llm_test,confidence_0.6,DATA_USAGE:SINGLE_DATA_SET,Single Data Set Alpha,,IS,UNSUBMITTED,-1491174,20000000,1290,1962,0.0283,-0.0144,0.1631,-0.001018,-0.55,-0.19,2014-01-01,-1325118.0,20000000.0,1292.0,1962.0,0.027,-0.0128,0.1485,-0.000949,-0.16,-0.49,-677733.0,20000000.0,1290.0,1962.0,0.0283,-0.0065,0.0812,-0.000462,-0.1,-0.43,LOW_SHARPE,FAIL,1.58,-0.55,LOW_FITNESS,FAIL,1.0,-0.19,LOW_ASI_JPN_SHARPE,FAIL,1,-0.36,LOW_INVESTABILITY_CONSTRAINED_SHARPE,FAIL,-0.39,-0.49,LOW_TURNOVER,PASS,0.01,0.0283,HIGH_TURNOVER,PASS,0.7,0.0283,CONCENTRATED_WEIGHT,PASS,,,,LOW_SUB_UNIVERSE_SHARPE,FAIL,-0.16,-0.29,LOW_ROBUST_UNIVERSE_SHARPE.WITH_RATIO,PASS,0.9,-0.5,-0.3,LOW_ROBUST_UNIVERSE_RETURNS,PASS,0.9,-0.013,-0.008,SELF_CORRELATION,PENDING,DATA_DIVERSITY,PENDING,PROD_CORRELATION,PENDING,REGULAR_SUBMISSION,PENDING,LOW_2Y_SHARPE,FAIL,-0.3,1.58,MATCHES_COMPETITION,PENDING,AIACv2,AI Alphas Competition 2.0,PASS,MATCHES_PYRAMID,1.0,1.1,ASI/D1/FUNDAMENTAL,1.1,WARNING,MATCHES_THEMES,EDrKL34,2.0,JPN Dataset Utilization Theme,M4ZYx3D,2.0,AMR Dataset Utilization Theme,9B3qxZ4,2.0,KOR Dataset Utilization Theme,PBVkEJD,2.0,TWN Dataset Utilization Theme,by88rqy,2.0,HKG Dataset Utilization Theme,V45896D,1.0,GLB/D1 TOPDIV3000 Power Pool Feb`26 Theme,,,,,,,,,,,,,,,,,,,,,,,,,,,,,,,,,,,,
A1JW5KLe,REGULAR,PS40111,EQUITY,ASI,MINVOL1M,1,0,INDUSTRY,0.08,ON,VERIFY,OFF,OFF,FASTEXPR,False,2014-01-01,2023-12-31,"ts_zscore(ts_delta(sales, 252), 252)",,2,2026-02-02T06:41:56-05:00,,2026-02-02T06:41:57-05:00,,False,False,,,ace_tag,llm_test,confidence_0.69,DATA_USAGE:SINGLE_DATA_SET,Single Data Set Alpha,,IS,UNSUBMITTED,3413587,20000000,1474,1462,0.0961,0.033,0.0707,0.000687,0.87,0.45,2014-01-01,2913686.0,20000000.0,1473.0,1465.0,0.0734,0.0282,0.0585,0.000767,0.37,0.77,2798489.0,20000000.0,1474.0,1462.0,0.0961,0.027,0.0277,0.000563,0.67,1.44,LOW_SHARPE,FAIL,1.58,0.87,LOW_FITNESS,FAIL,1.0,0.45,LOW_ASI_JPN_SHARPE,FAIL,1,0.07,LOW_INVESTABILITY_CONSTRAINED_SHARPE,PASS,0.61,0.77,LOW_TURNOVER,PASS,0.01,0.0961,HIGH_TURNOVER,PASS,0.7,0.0961,CONCENTRATED_WEIGHT,PASS,,,,LOW_SUB_UNIVERSE_SHARPE,PASS,0.26,0.47,LOW_ROBUST_UNIVERSE_SHARPE.WITH_RATIO,FAIL,0.9,0.78,0.75,LOW_ROBUST_UNIVERSE_RETURNS,PASS,0.9,0.0297,0.0298,SELF_CORRELATION,PENDING,DATA_DIVERSITY,PENDING,PROD_CORRELATION,PENDING,REGULAR_SUBMISSION,PENDING,LOW_2Y_SHARPE,FAIL,0.22,1.58,MATCHES_COMPETITION,PENDING,AIACv2,AI Alphas Competition 2.0,PASS,MATCHES_PYRAMID,1.0,1.1,ASI/D1/FUNDAMENTAL,1.1,WARNING,MATCHES_THEMES,EDrKL34,2.0,JPN Dataset Utilization Theme,M4ZYx3D,2.0,AMR Dataset Utilization Theme,9B3qxZ4,2.0,KOR Dataset Utilization Theme,PBVkEJD,2.0,TWN Dataset Utilization Theme,by88rqy,2.0,HKG Dataset Utilization Theme,V45896D,1.0,GLB/D1 TOPDIV3000 Power Pool Feb`26 Theme,,,,,,,,,,,,,,,,,,,,,,,,,,,,,,,,,,,,
kqk7Ml8K,REGULAR,PS40111,EQUITY,ASI,MINVOL1M,1,0,INDUSTRY,0.08,ON,VERIFY,OFF,OFF,FASTEXPR,False,2014-01-01,2023-12-31,"quantile(divide(fnd23_xecs, assets))",,2,2026-02-02T06:41:56-05:00,,2026-02-02T06:41:57-05:00,,False,False,,,ace_tag,llm_test,confidence_0.57,DATA_USAGE:SINGLE_DATA_SET,Single Data Set Alpha,,IS,UNSUBMITTED,-1562064,20000000,1718,1560,0.0127,-0.0151,0.1907,-0.002386,-0.51,-0.18,2014-01-01,-1578415.0,20000000.0,1719.0,1561.0,0.0127,-0.0153,0.1995,-0.002398,-0.18,-0.51,-589945.0,20000000.0,1718.0,1560.0,0.0127,-0.0057,0.1051,-0.000901,-0.07,-0.33,LOW_SHARPE,FAIL,1.58,-0.51,LOW_FITNESS,FAIL,1.0,-0.18,LOW_ASI_JPN_SHARPE,FAIL,1,0.01,LOW_INVESTABILITY_CONSTRAINED_SHARPE,FAIL,-0.36,-0.51,LOW_TURNOVER,PASS,0.01,0.0127,HIGH_TURNOVER,PASS,0.7,0.0127,CONCENTRATED_WEIGHT,PASS,,,,LOW_SUB_UNIVERSE_SHARPE,FAIL,-0.15,-0.48,LOW_ROBUST_UNIVERSE_SHARPE.WITH_RATIO,PASS,0.9,-0.46,-0.25,LOW_ROBUST_UNIVERSE_RETURNS,PASS,0.9,-0.0136,-0.0072,SELF_CORRELATION,PENDING,DATA_DIVERSITY,PENDING,PROD_CORRELATION,PENDING,REGULAR_SUBMISSION,PENDING,LOW_2Y_SHARPE,FAIL,0.18,1.58,MATCHES_COMPETITION,PENDING,AIACv2,AI Alphas Competition 2.0,PASS,MATCHES_PYRAMID,1.0,1.1,ASI/D1/FUNDAMENTAL,1.1,WARNING,MATCHES_THEMES,EDrKL34,2.0,JPN Dataset Utilization Theme,M4ZYx3D,2.0,AMR Dataset Utilization Theme,9B3qxZ4,2.0,KOR Dataset Utilization Theme,PBVkEJD,2.0,TWN Dataset Utilization Theme,by88rqy,2.0,HKG Dataset Utilization Theme,V45896D,1.0,GLB/D1 TOPDIV3000 Power Pool Feb`26 Theme,,,,,,,,,,,,,,,,,,,,,,,,,,,,,,,,,,,,
kqk7MlvK,REGULAR,PS40111,EQUITY,ASI,MINVOL1M,1,0,INDUSTRY,0.08,ON,VERIFY,OFF,OFF,FASTEXPR,False,2014-01-01,2023-12-31,"and(greater(zscore(inventory_turnover), 0), greater(ts_delta(sales, 4), 0))",,5,2026-02-02T06:41:57-05:00,,2026-02-02T06:41:57-05:00,,False,False,,,ace_tag,llm_test,confidence_0.66,DATA_USAGE:SINGLE_DATA_SET,Single Data Set Alpha,,IS,UNSUBMITTED,18242994,20000000,4,179,0.5026,0.1766,0.6388,0.000703,0.68,0.4,2014-01-01,6005189.0,20000000.0,1267.0,1550.0,0.2404,0.058,0.5245,0.000483,0.14,0.28,18192170.0,20000000.0,4.0,179.0,0.5026,0.1761,0.4272,0.000701,0.45,0.76,LOW_SHARPE,FAIL,1.58,0.68,LOW_FITNESS,FAIL,1.0,0.4,LOW_ASI_JPN_SHARPE,FAIL,1,-0.09,LOW_INVESTABILITY_CONSTRAINED_SHARPE,FAIL,0.48,0.28,LOW_TURNOVER,PASS,0.01,0.5026,HIGH_TURNOVER,PASS,0.7,0.5026,CONCENTRATED_WEIGHT,FAIL,2015-07-09,0.1,0.500005,LOW_SUB_UNIVERSE_SHARPE,FAIL,0.2,-0.25,LOW_ROBUST_UNIVERSE_SHARPE.WITH_RATIO,PASS,0.9,0.61,0.85,LOW_ROBUST_UNIVERSE_RETURNS,PASS,0.9,0.1589,0.2097,SELF_CORRELATION,PENDING,DATA_DIVERSITY,PENDING,PROD_CORRELATION,PENDING,REGULAR_SUBMISSION,PENDING,LOW_2Y_SHARPE,FAIL,1.4,1.58,MATCHES_COMPETITION,PENDING,AIACv2,AI Alphas Competition 2.0,PASS,MATCHES_PYRAMID,1.0,1.1,ASI/D1/FUNDAMENTAL,1.1,WARNING,MATCHES_THEMES,EDrKL34,2.0,JPN Dataset Utilization Theme,M4ZYx3D,2.0,AMR Dataset Utilization Theme,9B3qxZ4,2.0,KOR Dataset Utilization Theme,PBVkEJD,2.0,TWN Dataset Utilization Theme,by88rqy,2.0,HKG Dataset Utilization Theme,V45896D,1.0,GLB/D1 TOPDIV3000 Power Pool Feb`26 Theme,,,,,,,,,,,,,,,,,,,,,,,,,,,,,,,,,,,,
RRZ3o2an,REGULAR,PS40111,EQUITY,ASI,MINVOL1M,1,0,INDUSTRY,0.08,ON,VERIFY,OFF,OFF,FASTEXPR,False,2014-01-01,2023-12-31,"ts_zscore(inverse(ts_std_dev(fnd23_prgs, 252)), 252)",,3,2026-02-02T06:44:05-05:00,,2026-02-02T06:44:05-05:00,,False,False,,,ace_tag,llm_test,confidence_0.58,DATA_USAGE:SINGLE_DATA_SET,Single Data Set Alpha,,IS,UNSUBMITTED,-346724,20000000,1152,1746,0.1548,-0.0034,0.1223,-4.3e-05,-0.09,-0.01,2014-01-01,1358327.0,20000000.0,1170.0,1730.0,0.0968,0.0131,0.0922,0.000271,0.1,0.32,-1344360.0,20000000.0,1152.0,1746.0,0.1548,-0.013,0.1529,-0.000168,-0.18,-0.63,LOW_SHARPE,FAIL,1.58,-0.09,LOW_FITNESS,FAIL,1.0,-0.01,LOW_ASI_JPN_SHARPE,FAIL,1,-0.47,LOW_INVESTABILITY_CONSTRAINED_SHARPE,PASS,-0.06,0.32,LOW_TURNOVER,PASS,0.01,0.1548,HIGH_TURNOVER,PASS,0.7,0.1548,CONCENTRATED_WEIGHT,PASS,,,,LOW_SUB_UNIVERSE_SHARPE,PASS,-0.03,0.34,LOW_ROBUST_UNIVERSE_SHARPE.WITH_RATIO,PASS,0.9,-0.08,-0.02,LOW_ROBUST_UNIVERSE_RETURNS,PASS,0.9,-0.0031,-0.001,SELF_CORRELATION,PENDING,DATA_DIVERSITY,PENDING,PROD_CORRELATION,PENDING,REGULAR_SUBMISSION,PENDING,LOW_2Y_SHARPE,FAIL,0.48,1.58,MATCHES_COMPETITION,PENDING,AIACv2,AI Alphas Competition 2.0,PASS,MATCHES_PYRAMID,1.0,1.1,ASI/D1/FUNDAMENTAL,1.1,WARNING,MATCHES_THEMES,EDrKL34,2.0,JPN Dataset Utilization Theme,M4ZYx3D,2.0,AMR Dataset Utilization Theme,9B3qxZ4,2.0,KOR Dataset Utilization Theme,PBVkEJD,2.0,TWN Dataset Utilization Theme,by88rqy,2.0,HKG Dataset Utilization Theme,V45896D,1.0,GLB/D1 TOPDIV3000 Power Pool Feb`26 Theme,,,,,,,,,,,,,,,,,,,,,,,,,,,,,,,,,,,,
N1WwGokw,REGULAR,PS40111,EQUITY,ASI,MINVOL1M,1,0,INDUSTRY,0.08,ON,VERIFY,OFF,OFF,FASTEXPR,False,2014-01-01,2023-12-31,"and(greater(ts_delta(revenue, 4), 0), less(ts_delta(operating_expense, 4), ts_delta(revenue, 4)))",,6,2026-02-02T06:42:04-05:00,,2026-02-02T06:42:04-05:00,,False,False,,,ace_tag,llm_test,confidence_0.68,DATA_USAGE:SINGLE_DATA_SET,Single Data Set Alpha,,IS,UNSUBMITTED,6167535,20000000,83,1673,0.6212,0.0596,0.1616,0.000192,0.56,0.17,2014-01-01,-203624.0,20000000.0,1047.0,2185.0,0.2947,-0.002,0.3856,-1.3e-05,-0.0,-0.02,3263845.0,20000000.0,83.0,1673.0,0.6212,0.0315,0.1996,0.000102,0.09,0.39,LOW_SHARPE,FAIL,1.58,0.56,LOW_FITNESS,FAIL,1.0,0.17,LOW_ASI_JPN_SHARPE,FAIL,1,0.36,LOW_INVESTABILITY_CONSTRAINED_SHARPE,FAIL,0.39,-0.02,LOW_TURNOVER,PASS,0.01,0.6212,HIGH_TURNOVER,PASS,0.7,0.6212,CONCENTRATED_WEIGHT,FAIL,2018-01-05,0.1,0.500004,LOW_SUB_UNIVERSE_SHARPE,PASS,0.17,0.27,LOW_ROBUST_UNIVERSE_SHARPE.WITH_RATIO,PASS,0.9,0.5,0.68,LOW_ROBUST_UNIVERSE_RETURNS,PASS,0.9,0.0536,0.0701,SELF_CORRELATION,PENDING,DATA_DIVERSITY,PENDING,PROD_CORRELATION,PENDING,REGULAR_SUBMISSION,PENDING,LOW_2Y_SHARPE,FAIL,0.68,1.58,MATCHES_COMPETITION,PENDING,AIACv2,AI Alphas Competition 2.0,PASS,MATCHES_PYRAMID,1.0,1.1,ASI/D1/FUNDAMENTAL,1.1,WARNING,MATCHES_THEMES,EDrKL34,2.0,JPN Dataset Utilization Theme,M4ZYx3D,2.0,AMR Dataset Utilization Theme,9B3qxZ4,2.0,KOR Dataset Utilization Theme,PBVkEJD,2.0,TWN Dataset Utilization Theme,by88rqy,2.0,HKG Dataset Utilization Theme,V45896D,1.0,GLB/D1 TOPDIV3000 Power Pool Feb`26 Theme,,,,,,,,,,,,,,,,,,,,,,,,,,,,,,,,,,,,
npkJlVeq,REGULAR,PS40111,EQUITY,ASI,MINVOL1M,1,0,INDUSTRY,0.08,ON,VERIFY,OFF,OFF,FASTEXPR,False,2014-01-01,2023-12-31,"quantile(divide(retained_earnings, assets))",,2,2026-02-02T06:41:57-05:00,,2026-02-02T06:41:58-05:00,,False,False,,,ace_tag,llm_test,confidence_0.63,DATA_USAGE:SINGLE_DATA_SET,Single Data Set Alpha,,IS,UNSUBMITTED,3865167,20000000,1635,1689,0.0125,0.0374,0.2008,0.005981,0.64,0.35,2014-01-01,3726618.0,20000000.0,1635.0,1692.0,0.0125,0.036,0.2005,0.005747,0.33,0.62,402201.0,20000000.0,1635.0,1689.0,0.0125,0.0039,0.0336,0.000622,0.04,0.25,LOW_SHARPE,FAIL,1.58,0.64,LOW_FITNESS,FAIL,1.0,0.35,LOW_ASI_JPN_SHARPE,FAIL,1,0.63,LOW_INVESTABILITY_CONSTRAINED_SHARPE,PASS,0.45,0.62,LOW_TURNOVER,PASS,0.01,0.0125,HIGH_TURNOVER,PASS,0.7,0.0125,CONCENTRATED_WEIGHT,PASS,,,,LOW_SUB_UNIVERSE_SHARPE,PASS,0.19,0.62,LOW_ROBUST_UNIVERSE_SHARPE.WITH_RATIO,FAIL,0.9,0.58,0.37,LOW_ROBUST_UNIVERSE_RETURNS,FAIL,0.9,0.0337,0.0224,SELF_CORRELATION,PENDING,DATA_DIVERSITY,PENDING,PROD_CORRELATION,PENDING,REGULAR_SUBMISSION,PENDING,LOW_2Y_SHARPE,FAIL,0.79,1.58,MATCHES_COMPETITION,PENDING,AIACv2,AI Alphas Competition 2.0,PASS,MATCHES_PYRAMID,1.0,1.1,ASI/D1/FUNDAMENTAL,1.1,WARNING,MATCHES_THEMES,EDrKL34,2.0,JPN Dataset Utilization Theme,M4ZYx3D,2.0,AMR Dataset Utilization Theme,9B3qxZ4,2.0,KOR Dataset Utilization Theme,PBVkEJD,2.0,TWN Dataset Utilization Theme,by88rqy,2.0,HKG Dataset Utilization Theme,V45896D,1.0,GLB/D1 TOPDIV3000 Power Pool Feb`26 Theme,,,,,,,,,,,,,,,,,,,,,,,,,,,,,,,,,,,,
LLbjwdd2,REGULAR,PS40111,EQUITY,ASI,MINVOL1M,1,0,INDUSTRY,0.08,ON,VERIFY,OFF,OFF,FASTEXPR,False,2014-01-01,2023-12-31,"zscore(ts_av_diff(divide(income, revenue), 252))",,3,2026-02-02T06:45:40-05:00,,2026-02-02T06:45:41-05:00,,False,False,,,ace_tag,llm_test,confidence_0.7,DATA_USAGE:SINGLE_DATA_SET,Single Data Set Alpha,,IS,UNSUBMITTED,-2232002,20000000,1558,1555,0.0448,-0.0216,1.1966,-0.000964,-0.07,-0.03,2014-01-01,-1123785.0,20000000.0,1628.0,1488.0,0.0471,-0.0109,0.8894,-0.000461,-0.01,-0.04,399949.0,20000000.0,1558.0,1555.0,0.0448,0.0039,0.7039,0.000173,0.0,0.01,LOW_SHARPE,FAIL,1.58,-0.07,LOW_FITNESS,FAIL,1.0,-0.03,LOW_ASI_JPN_SHARPE,FAIL,1,-0.48,LOW_INVESTABILITY_CONSTRAINED_SHARPE,PASS,-0.05,-0.04,LOW_TURNOVER,PASS,0.01,0.0448,HIGH_TURNOVER,PASS,0.7,0.0448,CONCENTRATED_WEIGHT,FAIL,2020-01-22,0.1,0.42311,LOW_SUB_UNIVERSE_SHARPE,FAIL,-0.02,-0.43,LOW_ROBUST_UNIVERSE_SHARPE.WITH_RATIO,PASS,0.9,-0.06,0.11,LOW_ROBUST_UNIVERSE_RETURNS,PASS,0.9,-0.0194,0.0263,SELF_CORRELATION,PENDING,DATA_DIVERSITY,PENDING,PROD_CORRELATION,PENDING,REGULAR_SUBMISSION,PENDING,LOW_2Y_SHARPE,FAIL,-0.51,1.58,MATCHES_COMPETITION,PENDING,AIACv2,AI Alphas Competition 2.0,PASS,MATCHES_PYRAMID,1.0,1.1,ASI/D1/FUNDAMENTAL,1.1,WARNING,MATCHES_THEMES,EDrKL34,2.0,JPN Dataset Utilization Theme,M4ZYx3D,2.0,AMR Dataset Utilization Theme,9B3qxZ4,2.0,KOR Dataset Utilization Theme,PBVkEJD,2.0,TWN Dataset Utilization Theme,by88rqy,2.0,HKG Dataset Utilization Theme,V45896D,1.0,GLB/D1 TOPDIV3000 Power Pool Feb`26 Theme,,,,,,,,,,,,,,,,,,,,,,,,,,,,,,,,,,,,
WjwqRVGk,REGULAR,PS40111,EQUITY,ASI,MINVOL1M,1,0,INDUSTRY,0.08,ON,VERIFY,OFF,OFF,FASTEXPR,False,2014-01-01,2023-12-31,"quantile(divide(liabilities_oth, assets))",,2,2026-02-02T06:45:40-05:00,,2026-02-02T06:45:40-05:00,,False,False,,,ace_tag,llm_test,confidence_0.52,DATA_USAGE:SINGLE_DATA_SET,Single Data Set Alpha,,IS,UNSUBMITTED,2620770,20000000,1622,1621,0.0122,0.0253,0.2011,0.004167,0.36,0.16,2014-01-01,2691939.0,20000000.0,1622.0,1624.0,0.012,0.026,0.2023,0.004334,0.16,0.36,537035.0,20000000.0,1622.0,1621.0,0.0122,0.0052,0.0803,0.000854,0.06,0.3,LOW_SHARPE,FAIL,1.58,0.36,LOW_FITNESS,FAIL,1.0,0.16,LOW_ASI_JPN_SHARPE,FAIL,1,0.47,LOW_INVESTABILITY_CONSTRAINED_SHARPE,PASS,0.25,0.36,LOW_TURNOVER,PASS,0.01,0.0122,HIGH_TURNOVER,PASS,0.7,0.0122,CONCENTRATED_WEIGHT,PASS,,,,LOW_SUB_UNIVERSE_SHARPE,PASS,0.11,0.5,LOW_ROBUST_UNIVERSE_SHARPE.WITH_RATIO,PASS,0.9,0.32,0.34,LOW_ROBUST_UNIVERSE_RETURNS,PASS,0.9,0.0228,0.0251,SELF_CORRELATION,PENDING,DATA_DIVERSITY,PENDING,PROD_CORRELATION,PENDING,REGULAR_SUBMISSION,PENDING,LOW_2Y_SHARPE,FAIL,0.9,1.58,MATCHES_COMPETITION,PENDING,AIACv2,AI Alphas Competition 2.0,PASS,MATCHES_PYRAMID,1.0,1.1,ASI/D1/FUNDAMENTAL,1.1,WARNING,MATCHES_THEMES,EDrKL34,2.0,JPN Dataset Utilization Theme,M4ZYx3D,2.0,AMR Dataset Utilization Theme,9B3qxZ4,2.0,KOR Dataset Utilization Theme,PBVkEJD,2.0,TWN Dataset Utilization Theme,by88rqy,2.0,HKG Dataset Utilization Theme,V45896D,1.0,GLB/D1 TOPDIV3000 Power Pool Feb`26 Theme,,,,,,,,,,,,,,,,,,,,,,,,,,,,,,,,,,,,
0mklLM0K,REGULAR,PS40111,EQUITY,ASI,MINVOL1M,1,0,INDUSTRY,0.08,ON,VERIFY,OFF,OFF,FASTEXPR,False,2014-01-01,2023-12-31,"zscore(subtract(cashflow_op, capex))",,2,2026-02-02T06:45:35-05:00,,2026-02-02T06:45:35-05:00,,False,False,,,ace_tag,llm_test,confidence_0.74,DATA_USAGE:SINGLE_DATA_SET,Single Data Set Alpha,,IS,UNSUBMITTED,2615425,20000000,629,2665,0.0204,0.0253,0.1741,0.002474,0.27,0.12,2014-01-01,1460164.0,20000000.0,694.0,2603.0,0.0215,0.0141,0.1801,0.001311,0.05,0.15,910955.0,20000000.0,629.0,2665.0,0.0204,0.0088,0.1424,0.000862,0.05,0.17,LOW_SHARPE,FAIL,1.58,0.27,LOW_FITNESS,FAIL,1.0,0.12,LOW_ASI_JPN_SHARPE,FAIL,1,0.04,LOW_INVESTABILITY_CONSTRAINED_SHARPE,FAIL,0.19,0.15,LOW_TURNOVER,PASS,0.01,0.0204,HIGH_TURNOVER,PASS,0.7,0.0204,CONCENTRATED_WEIGHT,PASS,,,,LOW_SUB_UNIVERSE_SHARPE,PASS,0.08,0.28,LOW_ROBUST_UNIVERSE_SHARPE.WITH_RATIO,FAIL,0.9,0.24,0.12,LOW_ROBUST_UNIVERSE_RETURNS,FAIL,0.9,0.0228,0.0121,SELF_CORRELATION,PENDING,DATA_DIVERSITY,PENDING,PROD_CORRELATION,PENDING,REGULAR_SUBMISSION,PENDING,LOW_2Y_SHARPE,FAIL,0.75,1.58,MATCHES_COMPETITION,PENDING,AIACv2,AI Alphas Competition 2.0,PASS,MATCHES_PYRAMID,1.0,1.1,ASI/D1/FUNDAMENTAL,1.1,WARNING,MATCHES_THEMES,EDrKL34,2.0,JPN Dataset Utilization Theme,M4ZYx3D,2.0,AMR Dataset Utilization Theme,9B3qxZ4,2.0,KOR Dataset Utilization Theme,PBVkEJD,2.0,TWN Dataset Utilization Theme,by88rqy,2.0,HKG Dataset Utilization Theme,V45896D,1.0,GLB/D1 TOPDIV3000 Power Pool Feb`26 Theme,,,,,,,,,,,,,,,,,,,,,,,,,,,,,,,,,,,,
qMk1p7Yv,REGULAR,PS40111,EQUITY,ASI,MINVOL1M,1,0,INDUSTRY,0.08,ON,VERIFY,OFF,OFF,FASTEXPR,False,2014-01-01,2023-12-31,"ts_zscore(inverse(ts_std_dev(operating_margin, 252)), 252)",,3,2026-02-02T06:47:50-05:00,,2026-02-02T06:47:50-05:00,,False,False,,,ace_tag,llm_test,confidence_0.66,DATA_USAGE:SINGLE_DATA_SET,Single Data Set Alpha,,IS,UNSUBMITTED,1189160,20000000,1296,1818,0.0312,0.0115,0.0383,0.000737,0.5,0.15,2014-01-01,1073817.0,20000000.0,1300.0,1816.0,0.0292,0.0104,0.0372,0.00071,0.13,0.46,570055.0,20000000.0,1296.0,1818.0,0.0312,0.0055,0.0394,0.000353,0.08,0.36,LOW_SHARPE,FAIL,1.58,0.5,LOW_FITNESS,FAIL,1.0,0.15,LOW_ASI_JPN_SHARPE,FAIL,1,-0.17,LOW_INVESTABILITY_CONSTRAINED_SHARPE,PASS,0.35,0.46,LOW_TURNOVER,PASS,0.01,0.0312,HIGH_TURNOVER,PASS,0.7,0.0312,CONCENTRATED_WEIGHT,PASS,,,,LOW_SUB_UNIVERSE_SHARPE,FAIL,0.15,0.1,LOW_ROBUST_UNIVERSE_SHARPE.WITH_RATIO,FAIL,0.9,0.45,0.37,LOW_ROBUST_UNIVERSE_RETURNS,FAIL,0.9,0.0103,0.0089,SELF_CORRELATION,PENDING,DATA_DIVERSITY,PENDING,PROD_CORRELATION,PENDING,REGULAR_SUBMISSION,PENDING,LOW_2Y_SHARPE,FAIL,0.81,1.58,MATCHES_COMPETITION,PENDING,AIACv2,AI Alphas Competition 2.0,PASS,MATCHES_PYRAMID,1.0,1.1,ASI/D1/FUNDAMENTAL,1.1,WARNING,MATCHES_THEMES,EDrKL34,2.0,JPN Dataset Utilization Theme,M4ZYx3D,2.0,AMR Dataset Utilization Theme,9B3qxZ4,2.0,KOR Dataset Utilization Theme,PBVkEJD,2.0,TWN Dataset Utilization Theme,by88rqy,2.0,HKG Dataset Utilization Theme,V45896D,1.0,GLB/D1 TOPDIV3000 Power Pool Feb`26 Theme,,,,,,,,,,,,,,,,,,,,,,,,,,,,,,,,,,,,
O0wYjN3J,REGULAR,PS40111,EQUITY,ASI,MINVOL1M,1,0,INDUSTRY,0.08,ON,VERIFY,OFF,OFF,FASTEXPR,False,2014-01-01,2023-12-31,"ts_zscore(inverse(ts_std_dev(fnd23_sebv, 252)), 252)",,3,2026-02-02T06:46:50-05:00,,2026-02-02T06:46:50-05:00,,False,False,,,ace_tag,llm_test,confidence_0.6,DATA_USAGE:SINGLE_DATA_SET,Single Data Set Alpha,,IS,UNSUBMITTED,1745715,20000000,1259,1910,0.1385,0.0169,0.0751,0.000244,0.41,0.14,2014-01-01,2911638.0,20000000.0,1280.0,1891.0,0.0895,0.0281,0.0631,0.000629,0.32,0.68,239164.0,20000000.0,1259.0,1910.0,0.1385,0.0023,0.0737,3.3e-05,0.01,0.11,LOW_SHARPE,FAIL,1.58,0.41,LOW_FITNESS,FAIL,1.0,0.14,LOW_ASI_JPN_SHARPE,FAIL,1,0.1,LOW_INVESTABILITY_CONSTRAINED_SHARPE,PASS,0.29,0.68,LOW_TURNOVER,PASS,0.01,0.1385,HIGH_TURNOVER,PASS,0.7,0.1385,CONCENTRATED_WEIGHT,PASS,,,,LOW_SUB_UNIVERSE_SHARPE,PASS,0.12,0.45,LOW_ROBUST_UNIVERSE_SHARPE.WITH_RATIO,PASS,0.9,0.37,0.4,LOW_ROBUST_UNIVERSE_RETURNS,PASS,0.9,0.0152,0.0173,SELF_CORRELATION,PENDING,DATA_DIVERSITY,PENDING,PROD_CORRELATION,PENDING,REGULAR_SUBMISSION,PENDING,LOW_2Y_SHARPE,FAIL,0.73,1.58,MATCHES_COMPETITION,PENDING,AIACv2,AI Alphas Competition 2.0,PASS,MATCHES_PYRAMID,1.0,1.1,ASI/D1/FUNDAMENTAL,1.1,WARNING,MATCHES_THEMES,EDrKL34,2.0,JPN Dataset Utilization Theme,M4ZYx3D,2.0,AMR Dataset Utilization Theme,9B3qxZ4,2.0,KOR Dataset Utilization Theme,PBVkEJD,2.0,TWN Dataset Utilization Theme,by88rqy,2.0,HKG Dataset Utilization Theme,V45896D,1.0,GLB/D1 TOPDIV3000 Power Pool Feb`26 Theme,,,,,,,,,,,,,,,,,,,,,,,,,,,,,,,,,,,,
78qArnO8,REGULAR,PS40111,EQUITY,ASI,MINVOL1M,1,0,INDUSTRY,0.08,ON,VERIFY,OFF,OFF,FASTEXPR,False,2014-01-01,2023-12-31,"ts_zscore(divide(ts_delta(fnd23_prgs, 4), assets), 60)",,3,2026-02-02T06:45:36-05:00,,2026-02-02T06:45:36-05:00,,False,False,,,ace_tag,llm_test,confidence_0.67,DATA_USAGE:SINGLE_DATA_SET,Single Data Set Alpha,,IS,UNSUBMITTED,327028,20000000,268,495,0.4881,0.0032,0.2431,1.3e-05,0.04,0.0,2014-01-01,-12066.0,20000000.0,324.0,513.0,0.1742,-0.0001,0.3066,-1e-06,-0.0,-0.0,-506885.0,20000000.0,268.0,495.0,0.4881,-0.0049,0.247,-2e-05,-0.01,-0.07,LOW_SHARPE,FAIL,1.58,0.04,LOW_FITNESS,FAIL,1.0,0.0,LOW_ASI_JPN_SHARPE,FAIL,1,0.05,LOW_INVESTABILITY_CONSTRAINED_SHARPE,FAIL,0.03,-0.0,LOW_TURNOVER,PASS,0.01,0.4881,HIGH_TURNOVER,PASS,0.7,0.4881,CONCENTRATED_WEIGHT,FAIL,2015-01-09,0.1,0.103294,LOW_SUB_UNIVERSE_SHARPE,PASS,0.01,0.1,LOW_ROBUST_UNIVERSE_SHARPE.WITH_RATIO,PASS,0.9,0.04,0.33,LOW_ROBUST_UNIVERSE_RETURNS,PASS,0.9,0.0029,0.0278,SELF_CORRELATION,PENDING,DATA_DIVERSITY,PENDING,PROD_CORRELATION,PENDING,REGULAR_SUBMISSION,PENDING,LOW_2Y_SHARPE,FAIL,-0.38,1.58,MATCHES_COMPETITION,PENDING,AIACv2,AI Alphas Competition 2.0,PASS,MATCHES_PYRAMID,1.0,1.1,ASI/D1/FUNDAMENTAL,1.1,WARNING,MATCHES_THEMES,EDrKL34,2.0,JPN Dataset Utilization Theme,M4ZYx3D,2.0,AMR Dataset Utilization Theme,9B3qxZ4,2.0,KOR Dataset Utilization Theme,PBVkEJD,2.0,TWN Dataset Utilization Theme,by88rqy,2.0,HKG Dataset Utilization Theme,V45896D,1.0,GLB/D1 TOPDIV3000 Power Pool Feb`26 Theme,,,,,,,,,,,,,,,,,,,,,,,,,,,,,,,,,,,,
j2lEJrNQ,REGULAR,PS40111,EQUITY,ASI,MINVOL1M,1,0,INDUSTRY,0.08,ON,VERIFY,OFF,OFF,FASTEXPR,False,2014-01-01,2023-12-31,"ts_zscore(ts_delta(fnd23_fltf, 4), 60)",,2,2026-02-02T06:45:36-05:00,,2026-02-02T06:45:37-05:00,,False,False,,,ace_tag,llm_test,confidence_0.55,DATA_USAGE:SINGLE_DATA_SET,Single Data Set Alpha,,IS,UNSUBMITTED,-7506419,20000000,395,374,0.4706,-0.0725,0.8819,-0.000308,-0.84,-0.33,2014-01-01,-2108193.0,20000000.0,436.0,418.0,0.1683,-0.0204,0.3725,-0.000242,-0.09,-0.25,-8627873.0,20000000.0,395.0,374.0,0.4706,-0.0834,1.0007,-0.000354,-0.44,-1.04,LOW_SHARPE,FAIL,1.58,-0.84,LOW_FITNESS,FAIL,1.0,-0.33,LOW_ASI_JPN_SHARPE,FAIL,1,-0.42,LOW_INVESTABILITY_CONSTRAINED_SHARPE,PASS,-0.59,-0.25,LOW_TURNOVER,PASS,0.01,0.4706,HIGH_TURNOVER,PASS,0.7,0.4706,CONCENTRATED_WEIGHT,FAIL,2014-01-06,0.1,0.106814,LOW_SUB_UNIVERSE_SHARPE,FAIL,-0.25,-0.54,LOW_ROBUST_UNIVERSE_SHARPE.WITH_RATIO,FAIL,0.9,-0.76,-0.95,LOW_ROBUST_UNIVERSE_RETURNS,FAIL,0.9,-0.0653,-0.0811,SELF_CORRELATION,PENDING,DATA_DIVERSITY,PENDING,PROD_CORRELATION,PENDING,REGULAR_SUBMISSION,PENDING,LOW_2Y_SHARPE,FAIL,-1.19,1.58,MATCHES_COMPETITION,PENDING,AIACv2,AI Alphas Competition 2.0,PASS,MATCHES_PYRAMID,1.0,1.1,ASI/D1/FUNDAMENTAL,1.1,WARNING,MATCHES_THEMES,EDrKL34,2.0,JPN Dataset Utilization Theme,M4ZYx3D,2.0,AMR Dataset Utilization Theme,9B3qxZ4,2.0,KOR Dataset Utilization Theme,PBVkEJD,2.0,TWN Dataset Utilization Theme,by88rqy,2.0,HKG Dataset Utilization Theme,V45896D,1.0,GLB/D1 TOPDIV3000 Power Pool Feb`26 Theme,,,,,,,,,,,,,,,,,,,,,,,,,,,,,,,,,,,,
A1JW57jl,REGULAR,PS40111,EQUITY,ASI,MINVOL1M,1,0,INDUSTRY,0.08,ON,VERIFY,OFF,OFF,FASTEXPR,False,2014-01-01,2023-12-31,"quantile(divide(operating_income, liabilities_curr))",,2,2026-02-02T06:45:33-05:00,,2026-02-02T06:45:34-05:00,,False,False,,,ace_tag,llm_test,confidence_0.7,DATA_USAGE:SINGLE_DATA_SET,Single Data Set Alpha,,IS,UNSUBMITTED,4671567,20000000,1565,1591,0.0207,0.0451,0.1223,0.004362,0.97,0.58,2014-01-01,4303045.0,20000000.0,1563.0,1595.0,0.0207,0.0416,0.124,0.004019,0.52,0.9,697256.0,20000000.0,1565.0,1591.0,0.0207,0.0067,0.0503,0.000651,0.09,0.4,LOW_SHARPE,FAIL,1.58,0.97,LOW_FITNESS,FAIL,1.0,0.58,LOW_ASI_JPN_SHARPE,FAIL,1,-0.15,LOW_INVESTABILITY_CONSTRAINED_SHARPE,PASS,0.68,0.9,LOW_TURNOVER,PASS,0.01,0.0207,HIGH_TURNOVER,PASS,0.7,0.0207,CONCENTRATED_WEIGHT,PASS,,,,LOW_SUB_UNIVERSE_SHARPE,PASS,0.29,0.62,LOW_ROBUST_UNIVERSE_SHARPE.WITH_RATIO,FAIL,0.9,0.87,0.65,LOW_ROBUST_UNIVERSE_RETURNS,FAIL,0.9,0.0406,0.0308,SELF_CORRELATION,PENDING,DATA_DIVERSITY,PENDING,PROD_CORRELATION,PENDING,REGULAR_SUBMISSION,PENDING,LOW_2Y_SHARPE,FAIL,1.21,1.58,MATCHES_COMPETITION,PENDING,AIACv2,AI Alphas Competition 2.0,PASS,MATCHES_PYRAMID,1.0,1.1,ASI/D1/FUNDAMENTAL,1.1,WARNING,MATCHES_THEMES,EDrKL34,2.0,JPN Dataset Utilization Theme,M4ZYx3D,2.0,AMR Dataset Utilization Theme,9B3qxZ4,2.0,KOR Dataset Utilization Theme,PBVkEJD,2.0,TWN Dataset Utilization Theme,by88rqy,2.0,HKG Dataset Utilization Theme,V45896D,1.0,GLB/D1 TOPDIV3000 Power Pool Feb`26 Theme,,,,,,,,,,,,,,,,,,,,,,,,,,,,,,,,,,,,
1YV9RP2X,REGULAR,PS40111,EQUITY,ASI,MINVOL1M,1,0,INDUSTRY,0.08,ON,VERIFY,OFF,OFF,FASTEXPR,False,2014-01-01,2023-12-31,"quantile(divide(fnd23_cnin, fnd23_dlts))",,2,2026-02-02T06:49:06-05:00,,2026-02-02T06:49:07-05:00,,False,False,,,ace_tag,llm_test,confidence_0.72,DATA_USAGE:SINGLE_DATA_SET,Single Data Set Alpha,,IS,UNSUBMITTED,2988190,20000000,1533,1547,0.0122,0.0289,0.1669,0.00473,0.62,0.3,2014-01-01,2808926.0,20000000.0,1533.0,1550.0,0.012,0.0271,0.166,0.004507,0.27,0.58,-772945.0,20000000.0,1533.0,1547.0,0.0122,-0.0075,0.0956,-0.001223,-0.12,-0.5,LOW_SHARPE,FAIL,1.58,0.62,LOW_FITNESS,FAIL,1.0,0.3,LOW_ASI_JPN_SHARPE,FAIL,1,0.0,LOW_INVESTABILITY_CONSTRAINED_SHARPE,PASS,0.43,0.58,LOW_TURNOVER,PASS,0.01,0.0122,HIGH_TURNOVER,PASS,0.7,0.0122,CONCENTRATED_WEIGHT,PASS,,,,LOW_SUB_UNIVERSE_SHARPE,PASS,0.18,0.31,LOW_ROBUST_UNIVERSE_SHARPE.WITH_RATIO,FAIL,0.9,0.56,0.37,LOW_ROBUST_UNIVERSE_RETURNS,FAIL,0.9,0.026,0.0171,SELF_CORRELATION,PENDING,DATA_DIVERSITY,PENDING,PROD_CORRELATION,PENDING,REGULAR_SUBMISSION,PENDING,LOW_2Y_SHARPE,FAIL,0.83,1.58,MATCHES_COMPETITION,PENDING,AIACv2,AI Alphas Competition 2.0,PASS,MATCHES_PYRAMID,1.0,1.1,ASI/D1/FUNDAMENTAL,1.1,WARNING,MATCHES_THEMES,EDrKL34,2.0,JPN Dataset Utilization Theme,M4ZYx3D,2.0,AMR Dataset Utilization Theme,9B3qxZ4,2.0,KOR Dataset Utilization Theme,PBVkEJD,2.0,TWN Dataset Utilization Theme,by88rqy,2.0,HKG Dataset Utilization Theme,V45896D,1.0,GLB/D1 TOPDIV3000 Power Pool Feb`26 Theme,,,,,,,,,,,,,,,,,,,,,,,,,,,,,,,,,,,,
pwJXerOg,REGULAR,PS40111,EQUITY,ASI,MINVOL1M,1,0,INDUSTRY,0.08,ON,VERIFY,OFF,OFF,FASTEXPR,False,2014-01-01,2023-12-31,"ts_zscore(inverse(ts_std_dev(fnd23_rcaa, 252)), 252)",,3,2026-02-02T06:52:38-05:00,,2026-02-02T06:52:39-05:00,,False,False,,,ace_tag,llm_test,confidence_0.58,DATA_USAGE:SINGLE_DATA_SET,Single Data Set Alpha,,IS,UNSUBMITTED,155706,20000000,1212,1777,0.1318,0.0015,0.1039,2.3e-05,0.04,0.0,2014-01-01,1500451.0,20000000.0,1235.0,1757.0,0.0864,0.0145,0.077,0.000336,0.12,0.36,-537498.0,20000000.0,1212.0,1777.0,0.1318,-0.0052,0.1488,-7.9e-05,-0.04,-0.22,LOW_SHARPE,FAIL,1.58,0.04,LOW_FITNESS,FAIL,1.0,0.0,LOW_ASI_JPN_SHARPE,FAIL,1,-0.16,LOW_INVESTABILITY_CONSTRAINED_SHARPE,PASS,0.03,0.36,LOW_TURNOVER,PASS,0.01,0.1318,HIGH_TURNOVER,PASS,0.7,0.1318,CONCENTRATED_WEIGHT,PASS,,,,LOW_SUB_UNIVERSE_SHARPE,PASS,0.01,0.47,LOW_ROBUST_UNIVERSE_SHARPE.WITH_RATIO,PASS,0.9,0.04,0.04,LOW_ROBUST_UNIVERSE_RETURNS,PASS,0.9,0.0014,0.0017,SELF_CORRELATION,PENDING,DATA_DIVERSITY,PENDING,PROD_CORRELATION,PENDING,REGULAR_SUBMISSION,PENDING,LOW_2Y_SHARPE,FAIL,-0.14,1.58,MATCHES_COMPETITION,PENDING,AIACv2,AI Alphas Competition 2.0,PASS,MATCHES_PYRAMID,1.0,1.1,ASI/D1/FUNDAMENTAL,1.1,WARNING,MATCHES_THEMES,EDrKL34,2.0,JPN Dataset Utilization Theme,M4ZYx3D,2.0,AMR Dataset Utilization Theme,9B3qxZ4,2.0,KOR Dataset Utilization Theme,PBVkEJD,2.0,TWN Dataset Utilization Theme,by88rqy,2.0,HKG Dataset Utilization Theme,V45896D,1.0,GLB/D1 TOPDIV3000 Power Pool Feb`26 Theme,,,,,,,,,,,,,,,,,,,,,,,,,,,,,,,,,,,,
ak2Y8gMx,REGULAR,PS40111,EQUITY,ASI,MINVOL1M,1,0,INDUSTRY,0.08,ON,VERIFY,OFF,OFF,FASTEXPR,False,2014-01-01,2023-12-31,"and(greater(ts_delta(divide(ebitda, revenue), 4), 0), less(abs(ts_delta(revenue, 4)), abs(ts_delta(revenue, 4))))",,9,2026-02-02T06:49:29-05:00,,2026-02-02T06:49:29-05:00,,False,False,,,ace_tag,llm_test,confidence_0.69,DATA_USAGE:SINGLE_DATA_SET,Single Data Set Alpha,,IS,UNSUBMITTED,0,0,0,0,0.0,0.0,0.0,0.0,0.0,,2014-01-01,,,,,,,,,,,,,,,,,,,,,LOW_SHARPE,FAIL,1.58,0.0,LOW_FITNESS,ERROR,1.0,,LOW_ASI_JPN_SHARPE,ERROR,1,,LOW_INVESTABILITY_CONSTRAINED_SHARPE,ERROR,0.0,,LOW_TURNOVER,FAIL,0.01,0.0,HIGH_TURNOVER,PASS,0.7,0.0,CONCENTRATED_WEIGHT,FAIL,,,,LOW_SUB_UNIVERSE_SHARPE,ERROR,,,LOW_ROBUST_UNIVERSE_SHARPE.WITH_RATIO,ERROR,0.9,0.0,,LOW_ROBUST_UNIVERSE_RETURNS,ERROR,0.9,0.0,,SELF_CORRELATION,PENDING,DATA_DIVERSITY,PENDING,PROD_CORRELATION,PENDING,REGULAR_SUBMISSION,PENDING,IS_LADDER_SHARPE,PENDING,,,MATCHES_COMPETITION,PENDING,AIACv2,AI Alphas Competition 2.0,PASS,MATCHES_PYRAMID,1.0,1.1,ASI/D1/FUNDAMENTAL,1.1,WARNING,MATCHES_THEMES,EDrKL34,2.0,JPN Dataset Utilization Theme,M4ZYx3D,2.0,AMR Dataset Utilization Theme,9B3qxZ4,2.0,KOR Dataset Utilization Theme,PBVkEJD,2.0,TWN Dataset Utilization Theme,by88rqy,2.0,HKG Dataset Utilization Theme,V45896D,1.0,GLB/D1 TOPDIV3000 Power Pool Feb`26 Theme,,,,,,,,,,,,,,,,,,,,,,,,,,,,,,,,,,,,
Vkw9L5Ww,REGULAR,PS40111,EQUITY,ASI,MINVOL1M,1,0,INDUSTRY,0.08,ON,VERIFY,OFF,OFF,FASTEXPR,False,2014-01-01,2023-12-31,"quantile(divide(cashflow_op, liabilities))",,2,2026-02-02T06:49:07-05:00,,2026-02-02T06:49:08-05:00,,False,False,,,ace_tag,llm_test,confidence_0.7,DATA_USAGE:SINGLE_DATA_SET,Single Data Set Alpha,,IS,UNSUBMITTED,6227501,20000000,1674,1653,0.0223,0.0602,0.113,0.005402,1.2,0.83,2014-01-01,5750997.0,20000000.0,1672.0,1658.0,0.0224,0.0556,0.1115,0.004959,0.74,1.11,1342545.0,20000000.0,1674.0,1653.0,0.0223,0.013,0.0404,0.001165,0.25,0.79,LOW_SHARPE,WARNING,1.58,1.2,LOW_FITNESS,WARNING,1.0,0.83,LOW_ASI_JPN_SHARPE,FAIL,1,0.25,LOW_INVESTABILITY_CONSTRAINED_SHARPE,PASS,0.84,1.11,LOW_TURNOVER,PASS,0.01,0.0223,HIGH_TURNOVER,PASS,0.7,0.0223,CONCENTRATED_WEIGHT,PASS,,,,LOW_SUB_UNIVERSE_SHARPE,PASS,0.35,0.85,LOW_ROBUST_UNIVERSE_SHARPE.WITH_RATIO,FAIL,0.9,1.08,0.89,LOW_ROBUST_UNIVERSE_RETURNS,FAIL,0.9,0.0542,0.0447,SELF_CORRELATION,PENDING,DATA_DIVERSITY,PENDING,PROD_CORRELATION,PENDING,REGULAR_SUBMISSION,PENDING,LOW_2Y_SHARPE,WARNING,1.06,1.58,POWER_POOL_CORRELATION,PENDING,,,PENDING,MATCHES_COMPETITION,,,,,PASS,MATCHES_PYRAMID,,,,,,,,,,,,,,,,,,,,,,,,,,,,,AIACv2,AI Alphas Competition 2.0,1.0,1.1,ASI/D1/FUNDAMENTAL,1.1,WARNING,MATCHES_THEMES,EDrKL34,2.0,JPN Dataset Utilization Theme,M4ZYx3D,2.0,AMR Dataset Utilization Theme,9B3qxZ4,2.0,KOR Dataset Utilization Theme,PBVkEJD,2.0,TWN Dataset Utilization Theme,by88rqy,2.0,HKG Dataset Utilization Theme,V45896D,1.0,GLB/D1 TOPDIV3000 Power Pool Feb`26 Theme
mL23NlZ5,REGULAR,PS40111,EQUITY,ASI,MINVOL1M,1,0,INDUSTRY,0.08,ON,VERIFY,OFF,OFF,FASTEXPR,False,2014-01-01,2023-12-31,"quantile(divide(debt, subtract(assets, liabilities)))",,3,2026-02-02T06:49:31-05:00,,2026-02-02T06:49:31-05:00,,False,False,,,ace_tag,llm_test,confidence_0.66,DATA_USAGE:SINGLE_DATA_SET,Single Data Set Alpha,,IS,UNSUBMITTED,3447049,20000000,1641,1584,0.0121,0.0333,0.058,0.005484,0.98,0.51,2014-01-01,3485844.0,20000000.0,1641.0,1587.0,0.0122,0.0337,0.0541,0.005512,0.51,0.99,1482024.0,20000000.0,1641.0,1584.0,0.0121,0.0143,0.0346,0.002358,0.33,0.97,LOW_SHARPE,FAIL,1.58,0.98,LOW_FITNESS,FAIL,1.0,0.51,LOW_ASI_JPN_SHARPE,FAIL,1,0.31,LOW_INVESTABILITY_CONSTRAINED_SHARPE,PASS,0.69,0.99,LOW_TURNOVER,PASS,0.01,0.0121,HIGH_TURNOVER,PASS,0.7,0.0121,CONCENTRATED_WEIGHT,PASS,,,,LOW_SUB_UNIVERSE_SHARPE,PASS,0.29,0.56,LOW_ROBUST_UNIVERSE_SHARPE.WITH_RATIO,FAIL,0.9,0.88,0.69,LOW_ROBUST_UNIVERSE_RETURNS,FAIL,0.9,0.03,0.0241,SELF_CORRELATION,PENDING,DATA_DIVERSITY,PENDING,PROD_CORRELATION,PENDING,REGULAR_SUBMISSION,PENDING,LOW_2Y_SHARPE,FAIL,1.16,1.58,MATCHES_COMPETITION,PENDING,AIACv2,AI Alphas Competition 2.0,PASS,MATCHES_PYRAMID,1.0,1.1,ASI/D1/FUNDAMENTAL,1.1,WARNING,MATCHES_THEMES,EDrKL34,2.0,JPN Dataset Utilization Theme,M4ZYx3D,2.0,AMR Dataset Utilization Theme,9B3qxZ4,2.0,KOR Dataset Utilization Theme,PBVkEJD,2.0,TWN Dataset Utilization Theme,by88rqy,2.0,HKG Dataset Utilization Theme,V45896D,1.0,GLB/D1 TOPDIV3000 Power Pool Feb`26 Theme,,,,,,,,,,,,,,,,,,,,,,,,,,,,,,,,,,,,
78qAr21v,REGULAR,PS40111,EQUITY,ASI,MINVOL1M,1,0,INDUSTRY,0.08,ON,VERIFY,OFF,OFF,FASTEXPR,False,2014-01-01,2023-12-31,"ts_zscore(ts_delta(divide(ebitda, add(ts_backfill(interest_expense, 30), 1)), 4), 60)",,5,2026-02-02T06:49:32-05:00,,2026-02-02T06:49:32-05:00,,False,False,,,ace_tag,llm_test,confidence_0.6,DATA_USAGE:SINGLE_DATA_SET,Single Data Set Alpha,,IS,UNSUBMITTED,1171856,20000000,479,518,0.5094,0.0113,0.1373,4.4e-05,0.22,0.03,2014-01-01,190524.0,20000000.0,502.0,534.0,0.2165,0.0018,0.2066,1.7e-05,0.0,0.04,1398056.0,20000000.0,479.0,518.0,0.5094,0.0135,0.0897,5.3e-05,0.05,0.31,LOW_SHARPE,FAIL,1.58,0.22,LOW_FITNESS,FAIL,1.0,0.03,LOW_ASI_JPN_SHARPE,FAIL,1,-0.01,LOW_INVESTABILITY_CONSTRAINED_SHARPE,FAIL,0.15,0.04,LOW_TURNOVER,PASS,0.01,0.5094,HIGH_TURNOVER,PASS,0.7,0.5094,CONCENTRATED_WEIGHT,PASS,,,,LOW_SUB_UNIVERSE_SHARPE,PASS,0.06,0.49,LOW_ROBUST_UNIVERSE_SHARPE.WITH_RATIO,PASS,0.9,0.2,0.28,LOW_ROBUST_UNIVERSE_RETURNS,PASS,0.9,0.0102,0.0142,SELF_CORRELATION,PENDING,DATA_DIVERSITY,PENDING,PROD_CORRELATION,PENDING,REGULAR_SUBMISSION,PENDING,LOW_2Y_SHARPE,FAIL,0.32,1.58,MATCHES_COMPETITION,PENDING,AIACv2,AI Alphas Competition 2.0,PASS,MATCHES_PYRAMID,1.0,1.1,ASI/D1/FUNDAMENTAL,1.1,WARNING,MATCHES_THEMES,EDrKL34,2.0,JPN Dataset Utilization Theme,M4ZYx3D,2.0,AMR Dataset Utilization Theme,9B3qxZ4,2.0,KOR Dataset Utilization Theme,PBVkEJD,2.0,TWN Dataset Utilization Theme,by88rqy,2.0,HKG Dataset Utilization Theme,V45896D,1.0,GLB/D1 TOPDIV3000 Power Pool Feb`26 Theme,,,,,,,,,,,,,,,,,,,,,,,,,,,,,,,,,,,,
O0wYj0nJ,REGULAR,PS40111,EQUITY,ASI,MINVOL1M,1,0,INDUSTRY,0.08,ON,VERIFY,OFF,OFF,FASTEXPR,False,2014-01-01,2023-12-31,"zscore(divide(operating_income, assets))",Operating income density on assets identifies asset-light winners. Both fields high coverage. SUGGESTION1 applied. Confidence 0.7.,2,2026-02-02T06:40:15-05:00,,2026-02-02T06:40:27-05:00,,False,False,,,ace_tag,llm_test,confidence_0.71,DATA_USAGE:SINGLE_DATA_SET,Single Data Set Alpha,,IS,UNSUBMITTED,8693452,20000000,1477,1753,0.0354,0.084,0.5176,0.004751,0.4,0.33,2014-01-01,10143090.0,20000000.0,1489.0,1742.0,0.0329,0.098,0.4443,0.005954,0.48,0.54,5070154.0,20000000.0,1477.0,1753.0,0.0354,0.049,0.2347,0.002771,0.19,0.31,LOW_SHARPE,FAIL,1.58,0.4,LOW_FITNESS,FAIL,1.0,0.33,LOW_ASI_JPN_SHARPE,FAIL,1,-0.11,LOW_INVESTABILITY_CONSTRAINED_SHARPE,PASS,0.28,0.54,LOW_TURNOVER,PASS,0.01,0.0354,HIGH_TURNOVER,PASS,0.7,0.0354,CONCENTRATED_WEIGHT,FAIL,2020-11-30,0.1,0.489043,LOW_SUB_UNIVERSE_SHARPE,PASS,0.12,0.44,LOW_ROBUST_UNIVERSE_SHARPE.WITH_RATIO,PASS,0.9,0.36,0.5,LOW_ROBUST_UNIVERSE_RETURNS,FAIL,0.9,0.0756,0.0455,SELF_CORRELATION,PENDING,DATA_DIVERSITY,PENDING,PROD_CORRELATION,PENDING,REGULAR_SUBMISSION,PENDING,LOW_2Y_SHARPE,FAIL,0.98,1.58,MATCHES_COMPETITION,PENDING,AIACv2,AI Alphas Competition 2.0,PASS,MATCHES_PYRAMID,1.0,1.1,ASI/D1/FUNDAMENTAL,1.1,WARNING,MATCHES_THEMES,EDrKL34,2.0,JPN Dataset Utilization Theme,M4ZYx3D,2.0,AMR Dataset Utilization Theme,9B3qxZ4,2.0,KOR Dataset Utilization Theme,PBVkEJD,2.0,TWN Dataset Utilization Theme,by88rqy,2.0,HKG Dataset Utilization Theme,V45896D,1.0,GLB/D1 TOPDIV3000 Power Pool Feb`26 Theme,,,,,,,,,,,,,,,,,,,,,,,,,,,,,,,,,,,,
587bdgQ6,REGULAR,PS40111,EQUITY,ASI,MINVOL1M,1,0,INDUSTRY,0.08,ON,VERIFY,OFF,OFF,FASTEXPR,False,2014-01-01,2023-12-31,"divide(ts_delta(operating_income,4), assets)",,2,2026-02-02T06:58:21-05:00,,2026-02-02T06:58:21-05:00,,False,False,,,ace_tag,llm_test,confidence_0.72,DATA_USAGE:SINGLE_DATA_SET,Single Data Set Alpha,,IS,UNSUBMITTED,-2971007,20000000,1218,1260,0.6881,-0.0287,0.7004,-8.3e-05,-0.17,-0.03,2014-01-01,-8198114.0,20000000.0,1567.0,1661.0,0.3262,-0.0792,0.9366,-0.000486,-0.26,-0.53,-1165688.0,20000000.0,1218.0,1260.0,0.6881,-0.0113,0.4999,-3.3e-05,-0.01,-0.08,LOW_SHARPE,FAIL,1.58,-0.17,LOW_FITNESS,FAIL,1.0,-0.03,LOW_ASI_JPN_SHARPE,FAIL,1,-0.32,LOW_INVESTABILITY_CONSTRAINED_SHARPE,FAIL,-0.12,-0.53,LOW_TURNOVER,PASS,0.01,0.6881,HIGH_TURNOVER,PASS,0.7,0.6881,CONCENTRATED_WEIGHT,FAIL,2018-12-19,0.1,0.498359,LOW_SUB_UNIVERSE_SHARPE,FAIL,-0.05,-0.08,LOW_ROBUST_UNIVERSE_SHARPE.WITH_RATIO,PASS,0.9,-0.15,0.16,LOW_ROBUST_UNIVERSE_RETURNS,PASS,0.9,-0.0258,0.0249,SELF_CORRELATION,PENDING,DATA_DIVERSITY,PENDING,PROD_CORRELATION,PENDING,REGULAR_SUBMISSION,PENDING,LOW_2Y_SHARPE,FAIL,0.36,1.58,MATCHES_COMPETITION,PENDING,AIACv2,AI Alphas Competition 2.0,PASS,MATCHES_PYRAMID,1.0,1.1,ASI/D1/FUNDAMENTAL,1.1,WARNING,MATCHES_THEMES,EDrKL34,2.0,JPN Dataset Utilization Theme,M4ZYx3D,2.0,AMR Dataset Utilization Theme,9B3qxZ4,2.0,KOR Dataset Utilization Theme,PBVkEJD,2.0,TWN Dataset Utilization Theme,by88rqy,2.0,HKG Dataset Utilization Theme,V45896D,1.0,GLB/D1 TOPDIV3000 Power Pool Feb`26 Theme,,,,,,,,,,,,,,,,,,,,,,,,,,,,,,,,,,,,
ZYw5vAbj,REGULAR,PS40111,EQUITY,ASI,MINVOL1M,1,0,INDUSTRY,0.08,ON,VERIFY,OFF,OFF,FASTEXPR,False,2014-01-01,2023-12-31,"subtract(ts_delta(sales,1), ts_mean(sales,4))",,3,2026-02-02T06:58:21-05:00,,2026-02-02T06:58:21-05:00,,False,False,,,ace_tag,llm_test,confidence_0.68,DATA_USAGE:SINGLE_DATA_SET,Single Data Set Alpha,,IS,UNSUBMITTED,-2294436,20000000,2626,535,0.0273,-0.0222,0.3568,-0.001626,-0.21,-0.09,2014-01-01,-2303815.0,20000000.0,2622.0,541.0,0.0191,-0.0223,0.3771,-0.002331,-0.09,-0.21,1350957.0,20000000.0,2626.0,535.0,0.0273,0.0131,0.1685,0.000957,0.08,0.25,LOW_SHARPE,FAIL,1.58,-0.21,LOW_FITNESS,FAIL,1.0,-0.09,LOW_ASI_JPN_SHARPE,FAIL,1,-0.22,LOW_INVESTABILITY_CONSTRAINED_SHARPE,FAIL,-0.15,-0.21,LOW_TURNOVER,PASS,0.01,0.0273,HIGH_TURNOVER,PASS,0.7,0.0273,CONCENTRATED_WEIGHT,FAIL,2021-04-19,0.1,0.497737,LOW_SUB_UNIVERSE_SHARPE,FAIL,-0.06,-0.11,LOW_ROBUST_UNIVERSE_SHARPE.WITH_RATIO,PASS,0.9,-0.19,0.15,LOW_ROBUST_UNIVERSE_RETURNS,PASS,0.9,-0.02,0.0157,SELF_CORRELATION,PENDING,DATA_DIVERSITY,PENDING,PROD_CORRELATION,PENDING,REGULAR_SUBMISSION,PENDING,LOW_2Y_SHARPE,FAIL,-0.1,1.58,MATCHES_COMPETITION,PENDING,AIACv2,AI Alphas Competition 2.0,PASS,MATCHES_PYRAMID,1.0,1.1,ASI/D1/FUNDAMENTAL,1.1,WARNING,MATCHES_THEMES,EDrKL34,2.0,JPN Dataset Utilization Theme,M4ZYx3D,2.0,AMR Dataset Utilization Theme,9B3qxZ4,2.0,KOR Dataset Utilization Theme,PBVkEJD,2.0,TWN Dataset Utilization Theme,by88rqy,2.0,HKG Dataset Utilization Theme,V45896D,1.0,GLB/D1 TOPDIV3000 Power Pool Feb`26 Theme,,,,,,,,,,,,,,,,,,,,,,,,,,,,,,,,,,,,
QPrJpKnr,REGULAR,PS40111,EQUITY,ASI,MINVOL1M,1,0,INDUSTRY,0.08,ON,VERIFY,OFF,OFF,FASTEXPR,False,2014-01-01,2023-12-31,"divide(ts_delta(cashflow_op,4), revenue)",,2,2026-02-02T06:58:17-05:00,,2026-02-02T06:58:18-05:00,,False,False,,,ace_tag,llm_test,confidence_0.7,DATA_USAGE:SINGLE_DATA_SET,Single Data Set Alpha,,IS,UNSUBMITTED,-133845,20000000,1062,1194,0.7064,-0.0013,0.982,-4e-06,-0.01,-0.0,2014-01-01,5795640.0,20000000.0,1630.0,1570.0,0.3123,0.056,0.2872,0.000359,0.15,0.36,4602082.0,20000000.0,1062.0,1194.0,0.7064,0.0445,0.9088,0.000126,0.06,0.25,LOW_SHARPE,FAIL,1.58,-0.01,LOW_FITNESS,FAIL,1.0,-0.0,LOW_ASI_JPN_SHARPE,FAIL,1,0.33,LOW_INVESTABILITY_CONSTRAINED_SHARPE,PASS,-0.01,0.36,LOW_TURNOVER,PASS,0.01,0.7064,HIGH_TURNOVER,FAIL,0.7,0.7064,CONCENTRATED_WEIGHT,FAIL,2017-01-06,0.1,0.500001,LOW_SUB_UNIVERSE_SHARPE,PASS,-0.0,0.47,LOW_ROBUST_UNIVERSE_SHARPE.WITH_RATIO,PASS,0.9,-0.01,0.21,LOW_ROBUST_UNIVERSE_RETURNS,PASS,0.9,-0.0012,0.038,SELF_CORRELATION,PENDING,DATA_DIVERSITY,PENDING,PROD_CORRELATION,PENDING,REGULAR_SUBMISSION,PENDING,LOW_2Y_SHARPE,FAIL,0.03,1.58,MATCHES_COMPETITION,PENDING,AIACv2,AI Alphas Competition 2.0,PASS,MATCHES_PYRAMID,1.0,1.1,ASI/D1/FUNDAMENTAL,1.1,WARNING,MATCHES_THEMES,EDrKL34,2.0,JPN Dataset Utilization Theme,M4ZYx3D,2.0,AMR Dataset Utilization Theme,9B3qxZ4,2.0,KOR Dataset Utilization Theme,PBVkEJD,2.0,TWN Dataset Utilization Theme,by88rqy,2.0,HKG Dataset Utilization Theme,V45896D,1.0,GLB/D1 TOPDIV3000 Power Pool Feb`26 Theme,,,,,,,,,,,,,,,,,,,,,,,,,,,,,,,,,,,,
RRZ3w6ez,REGULAR,PS40111,EQUITY,ASI,MINVOL1M,1,0,INDUSTRY,0.08,ON,VERIFY,OFF,OFF,FASTEXPR,False,2014-01-01,2023-12-31,"divide(income, ts_backfill(cashflow_op,8))",,2,2026-02-02T06:58:22-05:00,,2026-02-02T06:58:23-05:00,,False,False,,,ace_tag,llm_test,confidence_0.66,DATA_USAGE:SINGLE_DATA_SET,Single Data Set Alpha,,IS,UNSUBMITTED,6063294,20000000,1567,1754,0.0642,0.0586,0.2371,0.001824,0.44,0.3,2014-01-01,3716737.0,20000000.0,1581.0,1743.0,0.059,0.0359,0.2375,0.001217,0.16,0.3,7217545.0,20000000.0,1567.0,1754.0,0.0642,0.0697,0.2053,0.002172,0.43,0.57,LOW_SHARPE,FAIL,1.58,0.44,LOW_FITNESS,FAIL,1.0,0.3,LOW_ASI_JPN_SHARPE,FAIL,1,0.24,LOW_INVESTABILITY_CONSTRAINED_SHARPE,FAIL,0.31,0.3,LOW_TURNOVER,PASS,0.01,0.0642,HIGH_TURNOVER,PASS,0.7,0.0642,CONCENTRATED_WEIGHT,FAIL,2021-03-19,0.1,0.49978,LOW_SUB_UNIVERSE_SHARPE,FAIL,0.13,0.03,LOW_ROBUST_UNIVERSE_SHARPE.WITH_RATIO,FAIL,0.9,0.4,0.15,LOW_ROBUST_UNIVERSE_RETURNS,FAIL,0.9,0.0527,0.017,SELF_CORRELATION,PENDING,DATA_DIVERSITY,PENDING,PROD_CORRELATION,PENDING,REGULAR_SUBMISSION,PENDING,LOW_2Y_SHARPE,FAIL,-0.02,1.58,MATCHES_COMPETITION,PENDING,AIACv2,AI Alphas Competition 2.0,PASS,MATCHES_PYRAMID,1.0,1.1,ASI/D1/FUNDAMENTAL,1.1,WARNING,MATCHES_THEMES,EDrKL34,2.0,JPN Dataset Utilization Theme,M4ZYx3D,2.0,AMR Dataset Utilization Theme,9B3qxZ4,2.0,KOR Dataset Utilization Theme,PBVkEJD,2.0,TWN Dataset Utilization Theme,by88rqy,2.0,HKG Dataset Utilization Theme,V45896D,1.0,GLB/D1 TOPDIV3000 Power Pool Feb`26 Theme,,,,,,,,,,,,,,,,,,,,,,,,,,,,,,,,,,,,
1YV9Ajqz,REGULAR,PS40111,EQUITY,ASI,MINVOL1M,1,0,INDUSTRY,0.08,ON,VERIFY,OFF,OFF,FASTEXPR,False,2014-01-01,2023-12-31,"ts_delta(return_equity,4)",,1,2026-02-02T06:58:27-05:00,,2026-02-02T06:58:27-05:00,,False,False,,,ace_tag,llm_test,confidence_0.64,DATA_USAGE:SINGLE_DATA_SET,Single Data Set Alpha,,IS,UNSUBMITTED,2103314,20000000,1321,1219,0.7195,0.0203,0.537,5.6e-05,0.1,0.02,2014-01-01,-9583880.0,20000000.0,1689.0,1644.0,0.3473,-0.0926,0.9802,-0.000533,-0.3,-0.59,1394629.0,20000000.0,1321.0,1219.0,0.7195,0.0135,0.5867,3.7e-05,0.01,0.07,LOW_SHARPE,FAIL,1.58,0.1,LOW_FITNESS,FAIL,1.0,0.02,LOW_ASI_JPN_SHARPE,FAIL,1,-0.11,LOW_INVESTABILITY_CONSTRAINED_SHARPE,FAIL,0.07,-0.59,LOW_TURNOVER,PASS,0.01,0.7195,HIGH_TURNOVER,FAIL,0.7,0.7195,CONCENTRATED_WEIGHT,FAIL,2017-01-04,0.1,0.500002,LOW_SUB_UNIVERSE_SHARPE,PASS,0.03,0.11,LOW_ROBUST_UNIVERSE_SHARPE.WITH_RATIO,FAIL,0.9,0.09,-0.05,LOW_ROBUST_UNIVERSE_RETURNS,FAIL,0.9,0.0183,-0.0086,SELF_CORRELATION,PENDING,DATA_DIVERSITY,PENDING,PROD_CORRELATION,PENDING,REGULAR_SUBMISSION,PENDING,LOW_2Y_SHARPE,FAIL,0.29,1.58,MATCHES_COMPETITION,PENDING,AIACv2,AI Alphas Competition 2.0,PASS,MATCHES_PYRAMID,1.0,1.1,ASI/D1/FUNDAMENTAL,1.1,WARNING,MATCHES_THEMES,EDrKL34,2.0,JPN Dataset Utilization Theme,M4ZYx3D,2.0,AMR Dataset Utilization Theme,9B3qxZ4,2.0,KOR Dataset Utilization Theme,PBVkEJD,2.0,TWN Dataset Utilization Theme,by88rqy,2.0,HKG Dataset Utilization Theme,V45896D,1.0,GLB/D1 TOPDIV3000 Power Pool Feb`26 Theme,,,,,,,,,,,,,,,,,,,,,,,,,,,,,,,,,,,,
rK63MeAE,REGULAR,PS40111,EQUITY,ASI,MINVOL1M,1,0,INDUSTRY,0.08,ON,VERIFY,OFF,OFF,FASTEXPR,False,2014-01-01,2023-12-31,"subtract(capex, depre_amort)",,1,2026-02-02T06:58:18-05:00,,2026-02-02T06:58:18-05:00,,False,False,,,ace_tag,llm_test,confidence_0.6,DATA_USAGE:SINGLE_DATA_SET,Single Data Set Alpha,,IS,UNSUBMITTED,-228913,20000000,2545,525,0.0165,-0.0022,0.2861,-0.000268,-0.02,-0.0,2014-01-01,-155395.0,20000000.0,2544.0,528.0,0.0158,-0.0015,0.2834,-0.00019,-0.0,-0.02,2186447.0,20000000.0,2545.0,525.0,0.0165,0.0211,0.2164,0.002561,0.14,0.35,LOW_SHARPE,FAIL,1.58,-0.02,LOW_FITNESS,FAIL,1.0,-0.0,LOW_ASI_JPN_SHARPE,FAIL,1,-0.03,LOW_INVESTABILITY_CONSTRAINED_SHARPE,FAIL,-0.01,-0.02,LOW_TURNOVER,PASS,0.01,0.0165,HIGH_TURNOVER,PASS,0.7,0.0165,CONCENTRATED_WEIGHT,FAIL,2020-02-27,0.1,0.141148,LOW_SUB_UNIVERSE_SHARPE,FAIL,-0.01,-0.12,LOW_ROBUST_UNIVERSE_SHARPE.WITH_RATIO,PASS,0.9,-0.02,0.27,LOW_ROBUST_UNIVERSE_RETURNS,PASS,0.9,-0.002,0.0269,SELF_CORRELATION,PENDING,DATA_DIVERSITY,PENDING,PROD_CORRELATION,PENDING,REGULAR_SUBMISSION,PENDING,LOW_2Y_SHARPE,FAIL,0.2,1.58,MATCHES_COMPETITION,PENDING,AIACv2,AI Alphas Competition 2.0,PASS,MATCHES_PYRAMID,1.0,1.1,ASI/D1/FUNDAMENTAL,1.1,WARNING,MATCHES_THEMES,EDrKL34,2.0,JPN Dataset Utilization Theme,M4ZYx3D,2.0,AMR Dataset Utilization Theme,9B3qxZ4,2.0,KOR Dataset Utilization Theme,PBVkEJD,2.0,TWN Dataset Utilization Theme,by88rqy,2.0,HKG Dataset Utilization Theme,V45896D,1.0,GLB/D1 TOPDIV3000 Power Pool Feb`26 Theme,,,,,,,,,,,,,,,,,,,,,,,,,,,,,,,,,,,,
wpwmNJMl,REGULAR,PS40111,EQUITY,ASI,MINVOL1M,1,0,INDUSTRY,0.08,ON,VERIFY,OFF,OFF,FASTEXPR,False,2014-01-01,2023-12-31,"divide(ts_delta(debt, 4), assets)","Recent increase in debt normalized by size: divide(ts_delta(debt,4), assets). Two high-coverage fields used. Confidence: 0.62.",2,2026-02-02T05:27:19-05:00,,2026-02-02T05:27:28-05:00,,False,False,,,ace_tag,llm_test,confidence_0.65,DATA_USAGE:SINGLE_DATA_SET,Single Data Set Alpha,,IS,UNSUBMITTED,-569954,20000000,1138,1379,0.7044,-0.0055,0.3579,-1.6e-05,-0.04,-0.0,2014-01-01,232740.0,20000000.0,1584.0,1640.0,0.315,0.0022,0.4027,1.4e-05,0.0,0.02,443982.0,20000000.0,1138.0,1379.0,0.7044,0.0043,0.3472,1.2e-05,0.0,0.04,LOW_SHARPE,FAIL,1.58,-0.04,LOW_FITNESS,FAIL,1.0,-0.0,LOW_ASI_JPN_SHARPE,FAIL,1,-0.21,LOW_INVESTABILITY_CONSTRAINED_SHARPE,PASS,-0.03,0.02,LOW_TURNOVER,PASS,0.01,0.7044,HIGH_TURNOVER,FAIL,0.7,0.7044,CONCENTRATED_WEIGHT,FAIL,2017-01-03,0.1,0.499912,LOW_SUB_UNIVERSE_SHARPE,FAIL,-0.01,-0.36,LOW_ROBUST_UNIVERSE_SHARPE.WITH_RATIO,FAIL,0.9,-0.04,-0.13,LOW_ROBUST_UNIVERSE_RETURNS,FAIL,0.9,-0.0049,-0.0164,SELF_CORRELATION,PENDING,DATA_DIVERSITY,PENDING,PROD_CORRELATION,PENDING,REGULAR_SUBMISSION,PENDING,LOW_2Y_SHARPE,FAIL,0.21,1.58,MATCHES_COMPETITION,PENDING,AIACv2,AI Alphas Competition 2.0,PASS,MATCHES_PYRAMID,1.0,1.1,ASI/D1/FUNDAMENTAL,1.1,WARNING,MATCHES_THEMES,EDrKL34,2.0,JPN Dataset Utilization Theme,M4ZYx3D,2.0,AMR Dataset Utilization Theme,9B3qxZ4,2.0,KOR Dataset Utilization Theme,PBVkEJD,2.0,TWN Dataset Utilization Theme,by88rqy,2.0,HKG Dataset Utilization Theme,V45896D,1.0,GLB/D1 TOPDIV3000 Power Pool Feb`26 Theme,,,,,,,,,,,,,,,,,,,,,,,,,,,,,,,,,,,,
wpwmkbnl,REGULAR,PS40111,EQUITY,ASI,MINVOL1M,1,0,INDUSTRY,0.08,ON,VERIFY,OFF,OFF,FASTEXPR,False,2014-01-01,2023-12-31,"ts_delta(operating_margin,1)",,1,2026-02-02T06:58:17-05:00,,2026-02-02T06:58:18-05:00,,False,False,,,ace_tag,llm_test,confidence_0.67,DATA_USAGE:SINGLE_DATA_SET,Single Data Set Alpha,,IS,UNSUBMITTED,11950370,20000000,729,702,1.6397,0.1155,0.3047,0.000141,0.5,0.13,2014-01-01,-12556342.0,20000000.0,1600.0,1590.0,0.7163,-0.1213,1.8763,-0.000339,-0.22,-0.54,11467660.0,20000000.0,729.0,702.0,1.6397,0.1108,0.3231,0.000135,0.14,0.53,LOW_SHARPE,FAIL,1.58,0.5,LOW_FITNESS,FAIL,1.0,0.13,LOW_ASI_JPN_SHARPE,FAIL,1,-0.15,LOW_INVESTABILITY_CONSTRAINED_SHARPE,FAIL,0.35,-0.54,LOW_TURNOVER,PASS,0.01,1.6397,HIGH_TURNOVER,FAIL,0.7,1.6397,CONCENTRATED_WEIGHT,FAIL,2018-01-03,0.1,0.500004,LOW_SUB_UNIVERSE_SHARPE,PASS,0.15,0.65,LOW_ROBUST_UNIVERSE_SHARPE.WITH_RATIO,PASS,0.9,0.45,0.46,LOW_ROBUST_UNIVERSE_RETURNS,FAIL,0.9,0.104,0.0998,SELF_CORRELATION,PENDING,DATA_DIVERSITY,PENDING,PROD_CORRELATION,PENDING,REGULAR_SUBMISSION,PENDING,LOW_2Y_SHARPE,FAIL,0.44,1.58,MATCHES_COMPETITION,PENDING,AIACv2,AI Alphas Competition 2.0,PASS,MATCHES_PYRAMID,1.0,1.1,ASI/D1/FUNDAMENTAL,1.1,WARNING,MATCHES_THEMES,EDrKL34,2.0,JPN Dataset Utilization Theme,M4ZYx3D,2.0,AMR Dataset Utilization Theme,9B3qxZ4,2.0,KOR Dataset Utilization Theme,PBVkEJD,2.0,TWN Dataset Utilization Theme,by88rqy,2.0,HKG Dataset Utilization Theme,V45896D,1.0,GLB/D1 TOPDIV3000 Power Pool Feb`26 Theme,,,,,,,,,,,,,,,,,,,,,,,,,,,,,,,,,,,,
gJqAVX5K,REGULAR,PS40111,EQUITY,ASI,MINVOL1M,1,0,INDUSTRY,0.08,ON,VERIFY,OFF,OFF,FASTEXPR,False,2014-01-01,2023-12-31,"ts_delta(inventory_turnover,4)",,1,2026-02-02T06:59:45-05:00,,2026-02-02T06:59:45-05:00,,False,False,,,ace_tag,llm_test,confidence_0.63,DATA_USAGE:SINGLE_DATA_SET,Single Data Set Alpha,,IS,UNSUBMITTED,-7265010,20000000,1088,937,0.7728,-0.0702,0.98,-0.000182,-0.29,-0.09,2014-01-01,-5186610.0,20000000.0,1457.0,1369.0,0.2792,-0.0501,0.9815,-0.000359,-0.13,-0.3,-9275026.0,20000000.0,1088.0,937.0,0.7728,-0.0896,1.0829,-0.000232,-0.14,-0.4,LOW_SHARPE,FAIL,1.58,-0.29,LOW_FITNESS,FAIL,1.0,-0.09,LOW_ASI_JPN_SHARPE,FAIL,1,-0.21,LOW_INVESTABILITY_CONSTRAINED_SHARPE,FAIL,-0.2,-0.3,LOW_TURNOVER,PASS,0.01,0.7728,HIGH_TURNOVER,FAIL,0.7,0.7728,CONCENTRATED_WEIGHT,FAIL,2017-01-04,0.1,0.499997,LOW_SUB_UNIVERSE_SHARPE,FAIL,-0.09,-0.37,LOW_ROBUST_UNIVERSE_SHARPE.WITH_RATIO,PASS,0.9,-0.26,-0.17,LOW_ROBUST_UNIVERSE_RETURNS,PASS,0.9,-0.0632,-0.0389,SELF_CORRELATION,PENDING,DATA_DIVERSITY,PENDING,PROD_CORRELATION,PENDING,REGULAR_SUBMISSION,PENDING,LOW_2Y_SHARPE,FAIL,-0.02,1.58,MATCHES_COMPETITION,PENDING,AIACv2,AI Alphas Competition 2.0,PASS,MATCHES_PYRAMID,1.0,1.1,ASI/D1/FUNDAMENTAL,1.1,WARNING,MATCHES_THEMES,EDrKL34,2.0,JPN Dataset Utilization Theme,M4ZYx3D,2.0,AMR Dataset Utilization Theme,9B3qxZ4,2.0,KOR Dataset Utilization Theme,PBVkEJD,2.0,TWN Dataset Utilization Theme,by88rqy,2.0,HKG Dataset Utilization Theme,V45896D,1.0,GLB/D1 TOPDIV3000 Power Pool Feb`26 Theme,,,,,,,,,,,,,,,,,,,,,,,,,,,,,,,,,,,,
ak2YRav5,REGULAR,PS40111,EQUITY,ASI,MINVOL1M,1,0,INDUSTRY,0.08,ON,VERIFY,OFF,OFF,FASTEXPR,False,2014-01-01,2023-12-31,"ts_delta(divide(receivable, sales), 4)","ts_delta(receivable/sales,4) for collections deterioration. Two fields used. Confidence: 0.61.",2,2026-02-02T05:31:00-05:00,,2026-02-02T05:31:07-05:00,,False,False,,,ace_tag,llm_test,confidence_0.62,DATA_USAGE:SINGLE_DATA_SET,Single Data Set Alpha,,IS,UNSUBMITTED,618453,20000000,1138,1278,0.7734,0.006,0.8782,1.5e-05,0.02,0.0,2014-01-01,-1038643.0,20000000.0,1446.0,1641.0,0.3175,-0.01,0.7449,-6.3e-05,-0.01,-0.06,-2623715.0,20000000.0,1138.0,1278.0,0.7734,-0.0254,0.7478,-6.6e-05,-0.02,-0.11,LOW_SHARPE,FAIL,1.58,0.02,LOW_FITNESS,FAIL,1.0,0.0,LOW_ASI_JPN_SHARPE,FAIL,1,0.52,LOW_INVESTABILITY_CONSTRAINED_SHARPE,FAIL,0.01,-0.06,LOW_TURNOVER,PASS,0.01,0.7734,HIGH_TURNOVER,FAIL,0.7,0.7734,CONCENTRATED_WEIGHT,FAIL,2020-12-10,0.1,0.500006,LOW_SUB_UNIVERSE_SHARPE,FAIL,0.01,-0.32,LOW_ROBUST_UNIVERSE_SHARPE.WITH_RATIO,PASS,0.9,0.02,0.16,LOW_ROBUST_UNIVERSE_RETURNS,PASS,0.9,0.0054,0.0411,SELF_CORRELATION,PENDING,DATA_DIVERSITY,PENDING,PROD_CORRELATION,PENDING,REGULAR_SUBMISSION,PENDING,LOW_2Y_SHARPE,FAIL,0.01,1.58,MATCHES_COMPETITION,PENDING,AIACv2,AI Alphas Competition 2.0,PASS,MATCHES_PYRAMID,1.0,1.1,ASI/D1/FUNDAMENTAL,1.1,WARNING,MATCHES_THEMES,EDrKL34,2.0,JPN Dataset Utilization Theme,M4ZYx3D,2.0,AMR Dataset Utilization Theme,9B3qxZ4,2.0,KOR Dataset Utilization Theme,PBVkEJD,2.0,TWN Dataset Utilization Theme,by88rqy,2.0,HKG Dataset Utilization Theme,V45896D,1.0,GLB/D1 TOPDIV3000 Power Pool Feb`26 Theme,,,,,,,,,,,,,,,,,,,,,,,,,,,,,,,,,,,,
O0wY6QVR,REGULAR,PS40111,EQUITY,ASI,MINVOL1M,1,0,INDUSTRY,0.08,ON,VERIFY,OFF,OFF,FASTEXPR,False,2014-01-01,2023-12-31,"ts_zscore(ts_delta(eps, 4), 8)","Stabilize EPS change with time-series zscore: ts_zscore(ts_delta(eps,4),8). Single field (eps) used. Confidence: 0.71.",2,2026-02-02T05:24:19-05:00,,2026-02-02T05:24:23-05:00,,False,False,,,ace_tag,llm_test,confidence_0.69,DATA_USAGE:SINGLE_DATA_SET,Single Data Set Alpha,,IS,UNSUBMITTED,-770861,20000000,297,303,0.6795,-0.0074,0.1946,-2.2e-05,-0.14,-0.01,2014-01-01,1300354.0,20000000.0,396.0,396.0,0.3085,0.0126,0.1995,8.1e-05,0.04,0.18,-576870.0,20000000.0,297.0,303.0,0.6795,-0.0056,0.1932,-1.6e-05,-0.01,-0.12,LOW_SHARPE,FAIL,1.58,-0.14,LOW_FITNESS,FAIL,1.0,-0.01,LOW_ASI_JPN_SHARPE,FAIL,1,-0.51,LOW_INVESTABILITY_CONSTRAINED_SHARPE,PASS,-0.1,0.18,LOW_TURNOVER,PASS,0.01,0.6795,HIGH_TURNOVER,PASS,0.7,0.6795,CONCENTRATED_WEIGHT,PASS,,,,LOW_SUB_UNIVERSE_SHARPE,PASS,-0.04,0.01,LOW_ROBUST_UNIVERSE_SHARPE.WITH_RATIO,FAIL,0.9,-0.13,-0.2,LOW_ROBUST_UNIVERSE_RETURNS,FAIL,0.9,-0.0067,-0.0106,SELF_CORRELATION,PENDING,DATA_DIVERSITY,PENDING,PROD_CORRELATION,PENDING,REGULAR_SUBMISSION,PENDING,LOW_2Y_SHARPE,FAIL,0.65,1.58,MATCHES_COMPETITION,PENDING,AIACv2,AI Alphas Competition 2.0,PASS,MATCHES_PYRAMID,1.0,1.1,ASI/D1/FUNDAMENTAL,1.1,WARNING,MATCHES_THEMES,EDrKL34,2.0,JPN Dataset Utilization Theme,M4ZYx3D,2.0,AMR Dataset Utilization Theme,9B3qxZ4,2.0,KOR Dataset Utilization Theme,PBVkEJD,2.0,TWN Dataset Utilization Theme,by88rqy,2.0,HKG Dataset Utilization Theme,V45896D,1.0,GLB/D1 TOPDIV3000 Power Pool Feb`26 Theme,,,,,,,,,,,,,,,,,,,,,,,,,,,,,,,,,,,,
mL23W0M2,REGULAR,PS40111,EQUITY,ASI,MINVOL1M,1,0,INDUSTRY,0.08,ON,VERIFY,OFF,OFF,FASTEXPR,False,2014-01-01,2023-12-31,"divide(cash_st, liabilities)",,1,2026-02-02T06:59:50-05:00,,2026-02-02T06:59:50-05:00,,False,False,,,ace_tag,llm_test,confidence_0.71,DATA_USAGE:SINGLE_DATA_SET,Single Data Set Alpha,,IS,UNSUBMITTED,-8551763,20000000,894,2300,0.0189,-0.0826,0.996,-0.008742,-0.79,-0.64,2014-01-01,-8445722.0,20000000.0,929.0,2268.0,0.0185,-0.0816,0.918,-0.008844,-0.66,-0.82,-2392854.0,20000000.0,894.0,2300.0,0.0189,-0.0231,0.4976,-0.002446,-0.13,-0.3,LOW_SHARPE,FAIL,1.58,-0.79,LOW_FITNESS,FAIL,1.0,-0.64,LOW_ASI_JPN_SHARPE,FAIL,1,-0.49,LOW_INVESTABILITY_CONSTRAINED_SHARPE,FAIL,-0.55,-0.82,LOW_TURNOVER,PASS,0.01,0.0189,HIGH_TURNOVER,PASS,0.7,0.0189,CONCENTRATED_WEIGHT,FAIL,2021-07-14,0.1,0.499302,LOW_SUB_UNIVERSE_SHARPE,FAIL,-0.23,-1.01,LOW_ROBUST_UNIVERSE_SHARPE.WITH_RATIO,FAIL,0.9,-0.71,-0.84,LOW_ROBUST_UNIVERSE_RETURNS,FAIL,0.9,-0.0743,-0.0943,SELF_CORRELATION,PENDING,DATA_DIVERSITY,PENDING,PROD_CORRELATION,PENDING,REGULAR_SUBMISSION,PENDING,LOW_2Y_SHARPE,FAIL,-0.49,1.58,MATCHES_COMPETITION,PENDING,AIACv2,AI Alphas Competition 2.0,PASS,MATCHES_PYRAMID,1.0,1.1,ASI/D1/FUNDAMENTAL,1.1,WARNING,MATCHES_THEMES,EDrKL34,2.0,JPN Dataset Utilization Theme,M4ZYx3D,2.0,AMR Dataset Utilization Theme,9B3qxZ4,2.0,KOR Dataset Utilization Theme,PBVkEJD,2.0,TWN Dataset Utilization Theme,by88rqy,2.0,HKG Dataset Utilization Theme,V45896D,1.0,GLB/D1 TOPDIV3000 Power Pool Feb`26 Theme,,,,,,,,,,,,,,,,,,,,,,,,,,,,,,,,,,,,
A1JW8rKl,REGULAR,PS40111,EQUITY,ASI,MINVOL1M,1,0,INDUSTRY,0.08,ON,VERIFY,OFF,OFF,FASTEXPR,False,2014-01-01,2023-12-31,"ts_delta(divide(cashflow_op, revenue),4)",,2,2026-02-02T06:59:50-05:00,,2026-02-02T06:59:50-05:00,,False,False,,,ace_tag,llm_test,confidence_0.68,DATA_USAGE:SINGLE_DATA_SET,Single Data Set Alpha,,IS,UNSUBMITTED,7407054,20000000,1164,1291,0.7137,0.0716,1.1273,0.000201,0.33,0.1,2014-01-01,-1358505.0,20000000.0,1661.0,1539.0,0.3205,-0.0131,0.8174,-8.2e-05,-0.02,-0.08,10244077.0,20000000.0,1164.0,1291.0,0.7137,0.099,0.9947,0.000277,0.19,0.5,LOW_SHARPE,FAIL,1.58,0.33,LOW_FITNESS,FAIL,1.0,0.1,LOW_ASI_JPN_SHARPE,FAIL,1,0.68,LOW_INVESTABILITY_CONSTRAINED_SHARPE,FAIL,0.23,-0.08,LOW_TURNOVER,PASS,0.01,0.7137,HIGH_TURNOVER,FAIL,0.7,0.7137,CONCENTRATED_WEIGHT,FAIL,2015-12-28,0.1,0.499976,LOW_SUB_UNIVERSE_SHARPE,PASS,0.1,0.79,LOW_ROBUST_UNIVERSE_SHARPE.WITH_RATIO,FAIL,0.9,0.3,0.23,LOW_ROBUST_UNIVERSE_RETURNS,FAIL,0.9,0.0644,0.0485,SELF_CORRELATION,PENDING,DATA_DIVERSITY,PENDING,PROD_CORRELATION,PENDING,REGULAR_SUBMISSION,PENDING,LOW_2Y_SHARPE,FAIL,0.85,1.58,MATCHES_COMPETITION,PENDING,AIACv2,AI Alphas Competition 2.0,PASS,MATCHES_PYRAMID,1.0,1.1,ASI/D1/FUNDAMENTAL,1.1,WARNING,MATCHES_THEMES,EDrKL34,2.0,JPN Dataset Utilization Theme,M4ZYx3D,2.0,AMR Dataset Utilization Theme,9B3qxZ4,2.0,KOR Dataset Utilization Theme,PBVkEJD,2.0,TWN Dataset Utilization Theme,by88rqy,2.0,HKG Dataset Utilization Theme,V45896D,1.0,GLB/D1 TOPDIV3000 Power Pool Feb`26 Theme,,,,,,,,,,,,,,,,,,,,,,,,,,,,,,,,,,,,
npkJ5mX3,REGULAR,PS40111,EQUITY,ASI,MINVOL1M,1,0,INDUSTRY,0.08,ON,VERIFY,OFF,OFF,FASTEXPR,False,2014-01-01,2023-12-31,bookvalue_ps,,0,2026-02-02T06:59:45-05:00,,2026-02-02T06:59:45-05:00,,False,False,,,ace_tag,llm_test,confidence_0.61,DATA_USAGE:SINGLE_DATA_SET,Single Data Set Alpha,,IS,UNSUBMITTED,-2931506,20000000,636,2701,0.0116,-0.0283,0.4464,-0.004864,-0.28,-0.13,2014-01-01,-2724685.0,20000000.0,665.0,2674.0,0.0106,-0.0263,0.4435,-0.004958,-0.12,-0.26,-4790839.0,20000000.0,636.0,2701.0,0.0116,-0.0463,0.4942,-0.007949,-0.54,-0.88,LOW_SHARPE,FAIL,1.58,-0.28,LOW_FITNESS,FAIL,1.0,-0.13,LOW_ASI_JPN_SHARPE,FAIL,1,-0.1,LOW_INVESTABILITY_CONSTRAINED_SHARPE,FAIL,-0.2,-0.26,LOW_TURNOVER,PASS,0.01,0.0116,HIGH_TURNOVER,PASS,0.7,0.0116,CONCENTRATED_WEIGHT,FAIL,2015-05-27,0.1,0.4503,LOW_SUB_UNIVERSE_SHARPE,FAIL,-0.08,-0.23,LOW_ROBUST_UNIVERSE_SHARPE.WITH_RATIO,FAIL,0.9,-0.25,-0.51,LOW_ROBUST_UNIVERSE_RETURNS,FAIL,0.9,-0.0255,-0.0526,SELF_CORRELATION,PENDING,DATA_DIVERSITY,PENDING,PROD_CORRELATION,PENDING,REGULAR_SUBMISSION,PENDING,LOW_2Y_SHARPE,FAIL,-0.28,1.58,MATCHES_COMPETITION,PENDING,AIACv2,AI Alphas Competition 2.0,PASS,MATCHES_PYRAMID,1.0,1.1,ASI/D1/FUNDAMENTAL,1.1,WARNING,MATCHES_THEMES,EDrKL34,2.0,JPN Dataset Utilization Theme,M4ZYx3D,2.0,AMR Dataset Utilization Theme,9B3qxZ4,2.0,KOR Dataset Utilization Theme,PBVkEJD,2.0,TWN Dataset Utilization Theme,by88rqy,2.0,HKG Dataset Utilization Theme,V45896D,1.0,GLB/D1 TOPDIV3000 Power Pool Feb`26 Theme,,,,,,,,,,,,,,,,,,,,,,,,,,,,,,,,,,,,
omwp0J5m,REGULAR,PS40111,EQUITY,ASI,MINVOL1M,1,0,INDUSTRY,0.08,ON,VERIFY,OFF,OFF,FASTEXPR,False,2014-01-01,2023-12-31,"ts_delta(divide(sga_expense, revenue),4)",,2,2026-02-02T06:59:49-05:00,,2026-02-02T06:59:49-05:00,,False,False,,,ace_tag,llm_test,confidence_0.64,DATA_USAGE:SINGLE_DATA_SET,Single Data Set Alpha,,IS,UNSUBMITTED,-2817441,20000000,1359,1096,0.7458,-0.0272,1.2198,-7.3e-05,-0.13,-0.02,2014-01-01,6473217.0,20000000.0,1541.0,1622.0,0.3347,0.0626,0.3413,0.000374,0.15,0.34,-5413210.0,20000000.0,1359.0,1096.0,0.7458,-0.0523,1.1675,-0.00014,-0.08,-0.29,LOW_SHARPE,FAIL,1.58,-0.13,LOW_FITNESS,FAIL,1.0,-0.02,LOW_ASI_JPN_SHARPE,FAIL,1,-0.35,LOW_INVESTABILITY_CONSTRAINED_SHARPE,PASS,-0.09,0.34,LOW_TURNOVER,PASS,0.01,0.7458,HIGH_TURNOVER,FAIL,0.7,0.7458,CONCENTRATED_WEIGHT,FAIL,2022-07-14,0.1,0.499997,LOW_SUB_UNIVERSE_SHARPE,FAIL,-0.04,-0.13,LOW_ROBUST_UNIVERSE_SHARPE.WITH_RATIO,FAIL,0.9,-0.12,-0.2,LOW_ROBUST_UNIVERSE_RETURNS,FAIL,0.9,-0.0245,-0.0409,SELF_CORRELATION,PENDING,DATA_DIVERSITY,PENDING,PROD_CORRELATION,PENDING,REGULAR_SUBMISSION,PENDING,LOW_2Y_SHARPE,FAIL,0.2,1.58,MATCHES_COMPETITION,PENDING,AIACv2,AI Alphas Competition 2.0,PASS,MATCHES_PYRAMID,1.0,1.1,ASI/D1/FUNDAMENTAL,1.1,WARNING,MATCHES_THEMES,EDrKL34,2.0,JPN Dataset Utilization Theme,M4ZYx3D,2.0,AMR Dataset Utilization Theme,9B3qxZ4,2.0,KOR Dataset Utilization Theme,PBVkEJD,2.0,TWN Dataset Utilization Theme,by88rqy,2.0,HKG Dataset Utilization Theme,V45896D,1.0,GLB/D1 TOPDIV3000 Power Pool Feb`26 Theme,,,,,,,,,,,,,,,,,,,,,,,,,,,,,,,,,,,,
RRZ3bLoj,REGULAR,PS40111,EQUITY,ASI,MINVOL1M,1,0,INDUSTRY,0.08,ON,VERIFY,OFF,OFF,FASTEXPR,False,2014-01-01,2023-12-31,"divide(subtract(cashflow_op, capex), assets)",Approximate FCF by cashflow_op - capex normalized by assets. SUG1 & SUG4 applied. Confidence 0.78.,2,2026-02-02T04:35:07-05:00,,2026-02-02T04:35:13-05:00,,False,False,,,ace_tag,llm_test,confidence_0.67,DATA_USAGE:SINGLE_DATA_SET,Single Data Set Alpha,,IS,UNSUBMITTED,-1783520,20000000,1455,1836,0.039,-0.0172,0.8047,-0.000884,-0.09,-0.03,2014-01-01,-1590952.0,20000000.0,1469.0,1824.0,0.0385,-0.0154,0.7676,-0.0008,-0.03,-0.08,-7280586.0,20000000.0,1455.0,1836.0,0.039,-0.0704,0.9233,-0.003607,-0.39,-0.52,LOW_SHARPE,FAIL,1.58,-0.09,LOW_FITNESS,FAIL,1.0,-0.03,LOW_ASI_JPN_SHARPE,FAIL,1,-0.19,LOW_INVESTABILITY_CONSTRAINED_SHARPE,FAIL,-0.06,-0.08,LOW_TURNOVER,PASS,0.01,0.039,HIGH_TURNOVER,PASS,0.7,0.039,CONCENTRATED_WEIGHT,FAIL,2016-01-11,0.1,0.4994,LOW_SUB_UNIVERSE_SHARPE,FAIL,-0.03,-0.26,LOW_ROBUST_UNIVERSE_SHARPE.WITH_RATIO,PASS,0.9,-0.08,0.04,LOW_ROBUST_UNIVERSE_RETURNS,PASS,0.9,-0.0155,0.0078,SELF_CORRELATION,PENDING,DATA_DIVERSITY,PENDING,PROD_CORRELATION,PENDING,REGULAR_SUBMISSION,PENDING,LOW_2Y_SHARPE,FAIL,0.39,1.58,MATCHES_COMPETITION,PENDING,AIACv2,AI Alphas Competition 2.0,PASS,MATCHES_PYRAMID,1.0,1.1,ASI/D1/FUNDAMENTAL,1.1,WARNING,MATCHES_THEMES,EDrKL34,2.0,JPN Dataset Utilization Theme,M4ZYx3D,2.0,AMR Dataset Utilization Theme,9B3qxZ4,2.0,KOR Dataset Utilization Theme,PBVkEJD,2.0,TWN Dataset Utilization Theme,by88rqy,2.0,HKG Dataset Utilization Theme,V45896D,1.0,GLB/D1 TOPDIV3000 Power Pool Feb`26 Theme,,,,,,,,,,,,,,,,,,,,,,,,,,,,,,,,,,,,
e78pZjVz,REGULAR,PS40111,EQUITY,ASI,MINVOL1M,1,0,INDUSTRY,0.08,ON,VERIFY,OFF,OFF,FASTEXPR,False,2014-01-01,2023-12-31,"divide(ts_backfill(interest_expense,8), ebit)",,2,2026-02-02T07:02:24-05:00,,2026-02-02T07:02:25-05:00,,False,False,,,ace_tag,llm_test,confidence_0.55,DATA_USAGE:SINGLE_DATA_SET,Single Data Set Alpha,,IS,UNSUBMITTED,-1504102,20000000,153,814,0.0316,-0.0145,0.3142,-0.000919,-0.13,-0.04,2014-01-01,-244238.0,20000000.0,389.0,927.0,0.0302,-0.0024,0.282,-0.000156,-0.0,-0.02,541443.0,20000000.0,153.0,814.0,0.0316,0.0052,0.2126,0.000331,0.01,0.06,LOW_SHARPE,FAIL,1.58,-0.13,LOW_FITNESS,FAIL,1.0,-0.04,LOW_ASI_JPN_SHARPE,FAIL,1,0.25,LOW_INVESTABILITY_CONSTRAINED_SHARPE,PASS,-0.09,-0.02,LOW_TURNOVER,PASS,0.01,0.0316,HIGH_TURNOVER,PASS,0.7,0.0316,CONCENTRATED_WEIGHT,FAIL,2017-07-18,0.1,0.366528,LOW_SUB_UNIVERSE_SHARPE,FAIL,-0.04,-0.05,LOW_ROBUST_UNIVERSE_SHARPE.WITH_RATIO,FAIL,0.9,-0.12,-0.19,LOW_ROBUST_UNIVERSE_RETURNS,FAIL,0.9,-0.0131,-0.0209,SELF_CORRELATION,PENDING,DATA_DIVERSITY,PENDING,PROD_CORRELATION,PENDING,REGULAR_SUBMISSION,PENDING,LOW_2Y_SHARPE,FAIL,-0.17,1.58,MATCHES_COMPETITION,PENDING,AIACv2,AI Alphas Competition 2.0,PASS,MATCHES_PYRAMID,1.0,1.1,ASI/D1/FUNDAMENTAL,1.1,WARNING,MATCHES_THEMES,EDrKL34,2.0,JPN Dataset Utilization Theme,M4ZYx3D,2.0,AMR Dataset Utilization Theme,9B3qxZ4,2.0,KOR Dataset Utilization Theme,PBVkEJD,2.0,TWN Dataset Utilization Theme,by88rqy,2.0,HKG Dataset Utilization Theme,V45896D,1.0,GLB/D1 TOPDIV3000 Power Pool Feb`26 Theme,,,,,,,,,,,,,,,,,,,,,,,,,,,,,,,,,,,,
vRnqXQPr,REGULAR,PS40111,EQUITY,ASI,MINVOL1M,1,0,INDUSTRY,0.08,ON,VERIFY,OFF,OFF,FASTEXPR,False,2014-01-01,2023-12-31,"divide(ts_std_dev(income,8), assets)",,2,2026-02-02T07:02:26-05:00,,2026-02-02T07:02:26-05:00,,False,False,,,ace_tag,llm_test,confidence_0.6,DATA_USAGE:SINGLE_DATA_SET,Single Data Set Alpha,,IS,UNSUBMITTED,-3448149,20000000,245,2564,0.3647,-0.0333,0.6781,-0.000183,-0.2,-0.06,2014-01-01,-9385759.0,20000000.0,768.0,2567.0,0.2247,-0.0907,1.2526,-0.000807,-0.39,-0.61,-1510496.0,20000000.0,245.0,2564.0,0.3647,-0.0146,0.5833,-8e-05,-0.02,-0.12,LOW_SHARPE,FAIL,1.58,-0.2,LOW_FITNESS,FAIL,1.0,-0.06,LOW_ASI_JPN_SHARPE,FAIL,1,0.08,LOW_INVESTABILITY_CONSTRAINED_SHARPE,FAIL,-0.14,-0.61,LOW_TURNOVER,PASS,0.01,0.3647,HIGH_TURNOVER,PASS,0.7,0.3647,CONCENTRATED_WEIGHT,FAIL,2017-07-26,0.1,0.497253,LOW_SUB_UNIVERSE_SHARPE,FAIL,-0.06,-0.63,LOW_ROBUST_UNIVERSE_SHARPE.WITH_RATIO,PASS,0.9,-0.18,0.08,LOW_ROBUST_UNIVERSE_RETURNS,PASS,0.9,-0.03,0.0129,SELF_CORRELATION,PENDING,DATA_DIVERSITY,PENDING,PROD_CORRELATION,PENDING,REGULAR_SUBMISSION,PENDING,LOW_2Y_SHARPE,FAIL,-0.94,1.58,MATCHES_COMPETITION,PENDING,AIACv2,AI Alphas Competition 2.0,PASS,MATCHES_PYRAMID,1.0,1.1,ASI/D1/FUNDAMENTAL,1.1,WARNING,MATCHES_THEMES,EDrKL34,2.0,JPN Dataset Utilization Theme,M4ZYx3D,2.0,AMR Dataset Utilization Theme,9B3qxZ4,2.0,KOR Dataset Utilization Theme,PBVkEJD,2.0,TWN Dataset Utilization Theme,by88rqy,2.0,HKG Dataset Utilization Theme,V45896D,1.0,GLB/D1 TOPDIV3000 Power Pool Feb`26 Theme,,,,,,,,,,,,,,,,,,,,,,,,,,,,,,,,,,,,
587bKZ01,REGULAR,PS40111,EQUITY,ASI,MINVOL1M,1,0,INDUSTRY,0.08,ON,VERIFY,OFF,OFF,FASTEXPR,False,2014-01-01,2023-12-31,"divide(ts_delta(sales,4), assets)",,2,2026-02-02T07:02:46-05:00,,2026-02-02T07:02:47-05:00,,False,False,,,ace_tag,llm_test,confidence_0.66,DATA_USAGE:SINGLE_DATA_SET,Single Data Set Alpha,,IS,UNSUBMITTED,-29065,20000000,1071,1211,0.7295,-0.0003,0.6328,-1e-06,-0.0,-0.0,2014-01-01,3349770.0,20000000.0,1490.0,1666.0,0.3269,0.0324,0.3136,0.000198,0.08,0.26,1716268.0,20000000.0,1071.0,1211.0,0.7295,0.0166,0.4789,4.5e-05,0.02,0.15,LOW_SHARPE,FAIL,1.58,-0.0,LOW_FITNESS,FAIL,1.0,-0.0,LOW_ASI_JPN_SHARPE,FAIL,1,0.49,LOW_INVESTABILITY_CONSTRAINED_SHARPE,PASS,-0.0,0.26,LOW_TURNOVER,PASS,0.01,0.7295,HIGH_TURNOVER,FAIL,0.7,0.7295,CONCENTRATED_WEIGHT,FAIL,2017-01-04,0.1,0.500001,LOW_SUB_UNIVERSE_SHARPE,PASS,-0.0,0.16,LOW_ROBUST_UNIVERSE_SHARPE.WITH_RATIO,PASS,0.9,-0.0,0.09,LOW_ROBUST_UNIVERSE_RETURNS,PASS,0.9,-0.0003,0.0111,SELF_CORRELATION,PENDING,DATA_DIVERSITY,PENDING,PROD_CORRELATION,PENDING,REGULAR_SUBMISSION,PENDING,LOW_2Y_SHARPE,FAIL,0.2,1.58,MATCHES_COMPETITION,PENDING,AIACv2,AI Alphas Competition 2.0,PASS,MATCHES_PYRAMID,1.0,1.1,ASI/D1/FUNDAMENTAL,1.1,WARNING,MATCHES_THEMES,EDrKL34,2.0,JPN Dataset Utilization Theme,M4ZYx3D,2.0,AMR Dataset Utilization Theme,9B3qxZ4,2.0,KOR Dataset Utilization Theme,PBVkEJD,2.0,TWN Dataset Utilization Theme,by88rqy,2.0,HKG Dataset Utilization Theme,V45896D,1.0,GLB/D1 TOPDIV3000 Power Pool Feb`26 Theme,,,,,,,,,,,,,,,,,,,,,,,,,,,,,,,,,,,,
78qARpRv,REGULAR,PS40111,EQUITY,ASI,MINVOL1M,1,0,INDUSTRY,0.08,ON,VERIFY,OFF,OFF,FASTEXPR,False,2014-01-01,2023-12-31,"divide(ts_delta(ebitda,4), assets)",,2,2026-02-02T07:02:27-05:00,,2026-02-02T07:02:27-05:00,,False,False,,,ace_tag,llm_test,confidence_0.68,DATA_USAGE:SINGLE_DATA_SET,Single Data Set Alpha,,IS,UNSUBMITTED,319411,20000000,1225,1328,0.6826,0.0031,0.4141,9e-06,0.02,0.0,2014-01-01,-5661337.0,20000000.0,1531.0,1648.0,0.3349,-0.0547,0.9953,-0.000327,-0.17,-0.43,931807.0,20000000.0,1225.0,1328.0,0.6826,0.009,0.3876,2.6e-05,0.01,0.07,LOW_SHARPE,FAIL,1.58,0.02,LOW_FITNESS,FAIL,1.0,0.0,LOW_ASI_JPN_SHARPE,FAIL,1,-0.35,LOW_INVESTABILITY_CONSTRAINED_SHARPE,FAIL,0.01,-0.43,LOW_TURNOVER,PASS,0.01,0.6826,HIGH_TURNOVER,PASS,0.7,0.6826,CONCENTRATED_WEIGHT,FAIL,2023-11-08,0.1,0.498899,LOW_SUB_UNIVERSE_SHARPE,PASS,0.01,0.05,LOW_ROBUST_UNIVERSE_SHARPE.WITH_RATIO,PASS,0.9,0.02,0.15,LOW_ROBUST_UNIVERSE_RETURNS,PASS,0.9,0.0028,0.0196,SELF_CORRELATION,PENDING,DATA_DIVERSITY,PENDING,PROD_CORRELATION,PENDING,REGULAR_SUBMISSION,PENDING,LOW_2Y_SHARPE,FAIL,-0.1,1.58,MATCHES_COMPETITION,PENDING,AIACv2,AI Alphas Competition 2.0,PASS,MATCHES_PYRAMID,1.0,1.1,ASI/D1/FUNDAMENTAL,1.1,WARNING,MATCHES_THEMES,EDrKL34,2.0,JPN Dataset Utilization Theme,M4ZYx3D,2.0,AMR Dataset Utilization Theme,9B3qxZ4,2.0,KOR Dataset Utilization Theme,PBVkEJD,2.0,TWN Dataset Utilization Theme,by88rqy,2.0,HKG Dataset Utilization Theme,V45896D,1.0,GLB/D1 TOPDIV3000 Power Pool Feb`26 Theme,,,,,,,,,,,,,,,,,,,,,,,,,,,,,,,,,,,,
Gr0aj1wo,REGULAR,PS40111,EQUITY,ASI,MINVOL1M,1,0,INDUSTRY,0.08,ON,VERIFY,OFF,OFF,FASTEXPR,False,2014-01-01,2023-12-31,"ts_delta(quick_ratio,4)",,1,2026-02-02T07:03:23-05:00,,2026-02-02T07:03:23-05:00,,False,False,,,ace_tag,llm_test,confidence_0.63,DATA_USAGE:SINGLE_DATA_SET,Single Data Set Alpha,,IS,UNSUBMITTED,4521032,20000000,1194,1180,0.6886,0.0437,0.431,0.000127,0.28,0.07,2014-01-01,979798.0,20000000.0,1789.0,1380.0,0.3084,0.0095,1.4123,6.1e-05,0.01,0.04,1149946.0,20000000.0,1194.0,1180.0,0.6886,0.0111,0.6511,3.2e-05,0.01,0.08,LOW_SHARPE,FAIL,1.58,0.28,LOW_FITNESS,FAIL,1.0,0.07,LOW_ASI_JPN_SHARPE,FAIL,1,-0.39,LOW_INVESTABILITY_CONSTRAINED_SHARPE,FAIL,0.2,0.04,LOW_TURNOVER,PASS,0.01,0.6886,HIGH_TURNOVER,PASS,0.7,0.6886,CONCENTRATED_WEIGHT,FAIL,2021-01-06,0.1,0.49897,LOW_SUB_UNIVERSE_SHARPE,FAIL,0.08,-0.01,LOW_ROBUST_UNIVERSE_SHARPE.WITH_RATIO,FAIL,0.9,0.25,0.07,LOW_ROBUST_UNIVERSE_RETURNS,FAIL,0.9,0.0393,0.0112,SELF_CORRELATION,PENDING,DATA_DIVERSITY,PENDING,PROD_CORRELATION,PENDING,REGULAR_SUBMISSION,PENDING,LOW_2Y_SHARPE,FAIL,-0.64,1.58,MATCHES_COMPETITION,PENDING,AIACv2,AI Alphas Competition 2.0,PASS,MATCHES_PYRAMID,1.0,1.1,ASI/D1/FUNDAMENTAL,1.1,WARNING,MATCHES_THEMES,EDrKL34,2.0,JPN Dataset Utilization Theme,M4ZYx3D,2.0,AMR Dataset Utilization Theme,9B3qxZ4,2.0,KOR Dataset Utilization Theme,PBVkEJD,2.0,TWN Dataset Utilization Theme,by88rqy,2.0,HKG Dataset Utilization Theme,V45896D,1.0,GLB/D1 TOPDIV3000 Power Pool Feb`26 Theme,,,,,,,,,,,,,,,,,,,,,,,,,,,,,,,,,,,,
xAw6pZpJ,REGULAR,PS40111,EQUITY,ASI,MINVOL1M,1,0,INDUSTRY,0.08,ON,VERIFY,OFF,OFF,FASTEXPR,False,2014-01-01,2023-12-31,"subtract(ts_delta(revenue,4), ts_delta(operating_income,4))",,3,2026-02-02T07:02:27-05:00,,2026-02-02T07:02:28-05:00,,False,False,,,ace_tag,llm_test,confidence_0.62,DATA_USAGE:SINGLE_DATA_SET,Single Data Set Alpha,,IS,UNSUBMITTED,3569104,20000000,1163,1411,0.7478,0.0345,0.4971,9.2e-05,0.26,0.06,2014-01-01,-5148744.0,20000000.0,1573.0,1659.0,0.3496,-0.0498,0.9748,-0.000285,-0.14,-0.38,2657085.0,20000000.0,1163.0,1411.0,0.7478,0.0257,0.4654,6.9e-05,0.04,0.23,LOW_SHARPE,FAIL,1.58,0.26,LOW_FITNESS,FAIL,1.0,0.06,LOW_ASI_JPN_SHARPE,FAIL,1,0.07,LOW_INVESTABILITY_CONSTRAINED_SHARPE,FAIL,0.18,-0.38,LOW_TURNOVER,PASS,0.01,0.7478,HIGH_TURNOVER,FAIL,0.7,0.7478,CONCENTRATED_WEIGHT,FAIL,2022-12-23,0.1,0.493788,LOW_SUB_UNIVERSE_SHARPE,PASS,0.08,0.08,LOW_ROBUST_UNIVERSE_SHARPE.WITH_RATIO,PASS,0.9,0.23,0.3,LOW_ROBUST_UNIVERSE_RETURNS,PASS,0.9,0.0311,0.038,SELF_CORRELATION,PENDING,DATA_DIVERSITY,PENDING,PROD_CORRELATION,PENDING,REGULAR_SUBMISSION,PENDING,LOW_2Y_SHARPE,FAIL,0.34,1.58,MATCHES_COMPETITION,PENDING,AIACv2,AI Alphas Competition 2.0,PASS,MATCHES_PYRAMID,1.0,1.1,ASI/D1/FUNDAMENTAL,1.1,WARNING,MATCHES_THEMES,EDrKL34,2.0,JPN Dataset Utilization Theme,M4ZYx3D,2.0,AMR Dataset Utilization Theme,9B3qxZ4,2.0,KOR Dataset Utilization Theme,PBVkEJD,2.0,TWN Dataset Utilization Theme,by88rqy,2.0,HKG Dataset Utilization Theme,V45896D,1.0,GLB/D1 TOPDIV3000 Power Pool Feb`26 Theme,,,,,,,,,,,,,,,,,,,,,,,,,,,,,,,,,,,,
xAw6pZoJ,REGULAR,PS40111,EQUITY,ASI,MINVOL1M,1,0,INDUSTRY,0.08,ON,VERIFY,OFF,OFF,FASTEXPR,False,2014-01-01,2023-12-31,"ts_delta(fnd23_mpns,4)",,1,2026-02-02T07:02:27-05:00,,2026-02-02T07:02:27-05:00,,False,False,,,ace_tag,llm_test,confidence_0.65,DATA_USAGE:SINGLE_DATA_SET,Single Data Set Alpha,,IS,UNSUBMITTED,7685497,20000000,613,685,0.7089,0.0743,0.8962,0.00021,0.19,0.06,2014-01-01,-8369468.0,20000000.0,1753.0,1538.0,0.312,-0.0809,1.4903,-0.000518,-0.13,-0.26,4906765.0,20000000.0,613.0,685.0,0.7089,0.0474,0.8325,0.000134,0.04,0.14,LOW_SHARPE,FAIL,1.58,0.19,LOW_FITNESS,FAIL,1.0,0.06,LOW_ASI_JPN_SHARPE,FAIL,1,0.74,LOW_INVESTABILITY_CONSTRAINED_SHARPE,FAIL,0.13,-0.26,LOW_TURNOVER,PASS,0.01,0.7089,HIGH_TURNOVER,FAIL,0.7,0.7089,CONCENTRATED_WEIGHT,FAIL,2018-01-04,0.1,0.500005,LOW_SUB_UNIVERSE_SHARPE,PASS,0.06,0.5,LOW_ROBUST_UNIVERSE_SHARPE.WITH_RATIO,PASS,0.9,0.17,0.76,LOW_ROBUST_UNIVERSE_RETURNS,PASS,0.9,0.0669,0.1879,SELF_CORRELATION,PENDING,DATA_DIVERSITY,PENDING,PROD_CORRELATION,PENDING,REGULAR_SUBMISSION,PENDING,LOW_2Y_SHARPE,FAIL,0.36,1.58,MATCHES_COMPETITION,PENDING,AIACv2,AI Alphas Competition 2.0,PASS,MATCHES_PYRAMID,1.0,1.1,ASI/D1/FUNDAMENTAL,1.1,WARNING,MATCHES_THEMES,EDrKL34,2.0,JPN Dataset Utilization Theme,M4ZYx3D,2.0,AMR Dataset Utilization Theme,9B3qxZ4,2.0,KOR Dataset Utilization Theme,PBVkEJD,2.0,TWN Dataset Utilization Theme,by88rqy,2.0,HKG Dataset Utilization Theme,V45896D,1.0,GLB/D1 TOPDIV3000 Power Pool Feb`26 Theme,,,,,,,,,,,,,,,,,,,,,,,,,,,,,,,,,,,,
YPwrlvRR,REGULAR,PS40111,EQUITY,ASI,MINVOL1M,1,0,INDUSTRY,0.08,ON,VERIFY,OFF,OFF,FASTEXPR,False,2014-01-01,2023-12-31,"ts_delta(divide(sales, assets), 4)","Change in sales/assets ratio: ts_delta(divide(sales, assets),4). Two robust fields used. Confidence: 0.66.",2,2026-02-02T05:29:28-05:00,,2026-02-02T05:29:33-05:00,,False,False,,,ace_tag,llm_test,confidence_0.64,DATA_USAGE:SINGLE_DATA_SET,Single Data Set Alpha,,IS,UNSUBMITTED,2360822,20000000,1252,1054,0.7278,0.0228,0.4808,6.3e-05,0.13,0.02,2014-01-01,-131383.0,20000000.0,1542.0,1614.0,0.3102,-0.0013,0.53,-8e-06,-0.0,-0.01,1201428.0,20000000.0,1252.0,1054.0,0.7278,0.0116,0.3583,3.2e-05,0.01,0.08,LOW_SHARPE,FAIL,1.58,0.13,LOW_FITNESS,FAIL,1.0,0.02,LOW_ASI_JPN_SHARPE,FAIL,1,0.25,LOW_INVESTABILITY_CONSTRAINED_SHARPE,FAIL,0.09,-0.01,LOW_TURNOVER,PASS,0.01,0.7278,HIGH_TURNOVER,FAIL,0.7,0.7278,CONCENTRATED_WEIGHT,FAIL,2017-01-04,0.1,0.500006,LOW_SUB_UNIVERSE_SHARPE,PASS,0.04,0.29,LOW_ROBUST_UNIVERSE_SHARPE.WITH_RATIO,PASS,0.9,0.12,0.3,LOW_ROBUST_UNIVERSE_RETURNS,PASS,0.9,0.0205,0.0514,SELF_CORRELATION,PENDING,DATA_DIVERSITY,PENDING,PROD_CORRELATION,PENDING,REGULAR_SUBMISSION,PENDING,LOW_2Y_SHARPE,FAIL,0.99,1.58,MATCHES_COMPETITION,PENDING,AIACv2,AI Alphas Competition 2.0,PASS,MATCHES_PYRAMID,1.0,1.1,ASI/D1/FUNDAMENTAL,1.1,WARNING,MATCHES_THEMES,EDrKL34,2.0,JPN Dataset Utilization Theme,M4ZYx3D,2.0,AMR Dataset Utilization Theme,9B3qxZ4,2.0,KOR Dataset Utilization Theme,PBVkEJD,2.0,TWN Dataset Utilization Theme,by88rqy,2.0,HKG Dataset Utilization Theme,V45896D,1.0,GLB/D1 TOPDIV3000 Power Pool Feb`26 Theme,,,,,,,,,,,,,,,,,,,,,,,,,,,,,,,,,,,,
ZYw5VkpZ,REGULAR,PS40111,EQUITY,ASI,MINVOL1M,1,0,INDUSTRY,0.08,ON,VERIFY,OFF,OFF,FASTEXPR,False,2014-01-01,2023-12-31,"ts_delta(divide(rad, sales),4)",,2,2026-02-02T07:05:36-05:00,,2026-02-02T07:05:36-05:00,,False,False,,,ace_tag,llm_test,confidence_0.56,DATA_USAGE:SINGLE_DATA_SET,Single Data Set Alpha,,IS,UNSUBMITTED,17159442,20000000,1180,1124,0.7899,0.1658,0.4318,0.00042,0.66,0.3,2014-01-01,718993.0,20000000.0,1426.0,1381.0,0.3022,0.0069,0.6525,4.6e-05,0.01,0.04,15779882.0,20000000.0,1180.0,1124.0,0.7899,0.1525,0.4241,0.000386,0.3,0.68,LOW_SHARPE,FAIL,1.58,0.66,LOW_FITNESS,FAIL,1.0,0.3,LOW_ASI_JPN_SHARPE,FAIL,1,0.18,LOW_INVESTABILITY_CONSTRAINED_SHARPE,FAIL,0.46,0.04,LOW_TURNOVER,PASS,0.01,0.7899,HIGH_TURNOVER,FAIL,0.7,0.7899,CONCENTRATED_WEIGHT,FAIL,2020-06-30,0.1,0.500004,LOW_SUB_UNIVERSE_SHARPE,PASS,0.19,0.44,LOW_ROBUST_UNIVERSE_SHARPE.WITH_RATIO,FAIL,0.9,0.59,0.48,LOW_ROBUST_UNIVERSE_RETURNS,FAIL,0.9,0.1492,0.1116,SELF_CORRELATION,PENDING,DATA_DIVERSITY,PENDING,PROD_CORRELATION,PENDING,REGULAR_SUBMISSION,PENDING,LOW_2Y_SHARPE,FAIL,0.75,1.58,MATCHES_COMPETITION,PENDING,AIACv2,AI Alphas Competition 2.0,PASS,MATCHES_PYRAMID,1.0,1.1,ASI/D1/FUNDAMENTAL,1.1,WARNING,MATCHES_THEMES,EDrKL34,2.0,JPN Dataset Utilization Theme,M4ZYx3D,2.0,AMR Dataset Utilization Theme,9B3qxZ4,2.0,KOR Dataset Utilization Theme,PBVkEJD,2.0,TWN Dataset Utilization Theme,by88rqy,2.0,HKG Dataset Utilization Theme,V45896D,1.0,GLB/D1 TOPDIV3000 Power Pool Feb`26 Theme,,,,,,,,,,,,,,,,,,,,,,,,,,,,,,,,,,,,
Vkw9QwdG,REGULAR,PS40111,EQUITY,ASI,MINVOL1M,1,0,INDUSTRY,0.08,ON,VERIFY,OFF,OFF,FASTEXPR,False,2014-01-01,2023-12-31,"subtract(ts_delta(liabilities_oth,4), ts_delta(cash_st,4))",,3,2026-02-02T07:05:56-05:00,,2026-02-02T07:05:56-05:00,,False,False,,,ace_tag,llm_test,confidence_0.59,DATA_USAGE:SINGLE_DATA_SET,Single Data Set Alpha,,IS,UNSUBMITTED,-5883329,20000000,1238,1202,0.7533,-0.0569,0.7995,-0.000151,-0.44,-0.12,2014-01-01,-893053.0,20000000.0,1600.0,1505.0,0.3506,-0.0086,0.4786,-4.9e-05,-0.01,-0.07,-3385088.0,20000000.0,1238.0,1202.0,0.7533,-0.0327,0.5046,-8.7e-05,-0.06,-0.29,LOW_SHARPE,FAIL,1.58,-0.44,LOW_FITNESS,FAIL,1.0,-0.12,LOW_ASI_JPN_SHARPE,FAIL,1,-0.13,LOW_INVESTABILITY_CONSTRAINED_SHARPE,PASS,-0.31,-0.07,LOW_TURNOVER,PASS,0.01,0.7533,HIGH_TURNOVER,FAIL,0.7,0.7533,CONCENTRATED_WEIGHT,FAIL,2017-01-05,0.1,0.498093,LOW_SUB_UNIVERSE_SHARPE,FAIL,-0.13,-0.32,LOW_ROBUST_UNIVERSE_SHARPE.WITH_RATIO,PASS,0.9,-0.4,-0.34,LOW_ROBUST_UNIVERSE_RETURNS,PASS,0.9,-0.0512,-0.0428,SELF_CORRELATION,PENDING,DATA_DIVERSITY,PENDING,PROD_CORRELATION,PENDING,REGULAR_SUBMISSION,PENDING,LOW_2Y_SHARPE,FAIL,-0.74,1.58,MATCHES_COMPETITION,PENDING,AIACv2,AI Alphas Competition 2.0,PASS,MATCHES_PYRAMID,1.0,1.1,ASI/D1/FUNDAMENTAL,1.1,WARNING,MATCHES_THEMES,EDrKL34,2.0,JPN Dataset Utilization Theme,M4ZYx3D,2.0,AMR Dataset Utilization Theme,9B3qxZ4,2.0,KOR Dataset Utilization Theme,PBVkEJD,2.0,TWN Dataset Utilization Theme,by88rqy,2.0,HKG Dataset Utilization Theme,V45896D,1.0,GLB/D1 TOPDIV3000 Power Pool Feb`26 Theme,,,,,,,,,,,,,,,,,,,,,,,,,,,,,,,,,,,,
YPwr3q9M,REGULAR,PS40111,EQUITY,ASI,MINVOL1M,1,0,INDUSTRY,0.08,ON,VERIFY,OFF,OFF,FASTEXPR,False,2014-01-01,2023-12-31,"ts_delta(fnd23_pamonper,4)",,1,2026-02-02T07:04:51-05:00,,2026-02-02T07:04:51-05:00,,False,False,,,ace_tag,llm_test,confidence_0.58,DATA_USAGE:SINGLE_DATA_SET,Single Data Set Alpha,,IS,UNSUBMITTED,119576,20000000,0,0,0.004,0.003,0.0315,0.001495,0.15,0.02,2014-01-01,-63277.0,20000000.0,8.0,61.0,0.0115,-0.0015,0.0927,-0.00026,-0.0,-0.04,330327.0,20000000.0,0.0,0.0,0.004,0.0082,0.0123,0.004129,0.16,0.62,LOW_SHARPE,FAIL,1.58,0.15,LOW_FITNESS,FAIL,1.0,0.02,LOW_ASI_JPN_SHARPE,FAIL,1,0.1,LOW_INVESTABILITY_CONSTRAINED_SHARPE,FAIL,0.1,-0.04,LOW_TURNOVER,FAIL,0.01,0.004,HIGH_TURNOVER,PASS,0.7,0.004,CONCENTRATED_WEIGHT,FAIL,2022-03-25,0.1,0.500001,LOW_SUB_UNIVERSE_SHARPE,FAIL,0.04,-0.48,LOW_ROBUST_UNIVERSE_SHARPE.WITH_RATIO,PASS,0.9,0.14,0.32,LOW_ROBUST_UNIVERSE_RETURNS,FAIL,0.9,0.0027,0.0022,SELF_CORRELATION,PENDING,DATA_DIVERSITY,PENDING,PROD_CORRELATION,PENDING,REGULAR_SUBMISSION,PENDING,LOW_2Y_SHARPE,FAIL,0.09,1.58,MATCHES_COMPETITION,PENDING,AIACv2,AI Alphas Competition 2.0,PASS,MATCHES_PYRAMID,1.0,1.1,ASI/D1/FUNDAMENTAL,1.1,WARNING,MATCHES_THEMES,EDrKL34,2.0,JPN Dataset Utilization Theme,M4ZYx3D,2.0,AMR Dataset Utilization Theme,9B3qxZ4,2.0,KOR Dataset Utilization Theme,PBVkEJD,2.0,TWN Dataset Utilization Theme,by88rqy,2.0,HKG Dataset Utilization Theme,V45896D,1.0,GLB/D1 TOPDIV3000 Power Pool Feb`26 Theme,,,,,,,,,,,,,,,,,,,,,,,,,,,,,,,,,,,,
88koWqmq,REGULAR,PS40111,EQUITY,ASI,MINVOL1M,1,0,INDUSTRY,0.08,ON,VERIFY,OFF,OFF,FASTEXPR,False,2014-01-01,2023-12-31,"divide(income, bookvalue_ps)",,1,2026-02-02T07:04:53-05:00,,2026-02-02T07:04:53-05:00,,False,False,,,ace_tag,llm_test,confidence_0.63,DATA_USAGE:SINGLE_DATA_SET,Single Data Set Alpha,,IS,UNSUBMITTED,907815,20000000,1017,2311,0.0284,0.0088,0.3611,0.000618,0.07,0.02,2014-01-01,-1797568.0,20000000.0,1052.0,2277.0,0.0299,-0.0174,0.5065,-0.001161,-0.06,-0.16,-1029038.0,20000000.0,1017.0,2311.0,0.0284,-0.0099,0.3971,-0.0007,-0.03,-0.1,LOW_SHARPE,FAIL,1.58,0.07,LOW_FITNESS,FAIL,1.0,0.02,LOW_ASI_JPN_SHARPE,FAIL,1,0.51,LOW_INVESTABILITY_CONSTRAINED_SHARPE,FAIL,0.05,-0.16,LOW_TURNOVER,PASS,0.01,0.0284,HIGH_TURNOVER,PASS,0.7,0.0284,CONCENTRATED_WEIGHT,FAIL,2023-03-22,0.1,0.376734,LOW_SUB_UNIVERSE_SHARPE,FAIL,0.02,0.01,LOW_ROBUST_UNIVERSE_SHARPE.WITH_RATIO,FAIL,0.9,0.06,0.01,LOW_ROBUST_UNIVERSE_RETURNS,FAIL,0.9,0.0079,0.0016,SELF_CORRELATION,PENDING,DATA_DIVERSITY,PENDING,PROD_CORRELATION,PENDING,REGULAR_SUBMISSION,PENDING,LOW_2Y_SHARPE,FAIL,0.23,1.58,MATCHES_COMPETITION,PENDING,AIACv2,AI Alphas Competition 2.0,PASS,MATCHES_PYRAMID,1.0,1.1,ASI/D1/FUNDAMENTAL,1.1,WARNING,MATCHES_THEMES,EDrKL34,2.0,JPN Dataset Utilization Theme,M4ZYx3D,2.0,AMR Dataset Utilization Theme,9B3qxZ4,2.0,KOR Dataset Utilization Theme,PBVkEJD,2.0,TWN Dataset Utilization Theme,by88rqy,2.0,HKG Dataset Utilization Theme,V45896D,1.0,GLB/D1 TOPDIV3000 Power Pool Feb`26 Theme,,,,,,,,,,,,,,,,,,,,,,,,,,,,,,,,,,,,
omwpjOJl,REGULAR,PS40111,EQUITY,ASI,MINVOL1M,1,0,INDUSTRY,0.08,ON,VERIFY,OFF,OFF,FASTEXPR,False,2014-01-01,2023-12-31,"subtract(ts_delta(sales,4), ts_delta(inventory,4))",,3,2026-02-02T07:04:49-05:00,,2026-02-02T07:04:50-05:00,,False,False,,,ace_tag,llm_test,confidence_0.61,DATA_USAGE:SINGLE_DATA_SET,Single Data Set Alpha,,IS,UNSUBMITTED,-267816,20000000,1071,1019,0.7846,-0.0026,0.75,-7e-06,-0.02,-0.0,2014-01-01,-7278469.0,20000000.0,1443.0,1446.0,0.3436,-0.0703,0.7594,-0.000409,-0.25,-0.56,1624369.0,20000000.0,1071.0,1019.0,0.7846,0.0157,0.3925,4e-05,0.02,0.14,LOW_SHARPE,FAIL,1.58,-0.02,LOW_FITNESS,FAIL,1.0,-0.0,LOW_ASI_JPN_SHARPE,FAIL,1,-0.18,LOW_INVESTABILITY_CONSTRAINED_SHARPE,FAIL,-0.01,-0.56,LOW_TURNOVER,PASS,0.01,0.7846,HIGH_TURNOVER,FAIL,0.7,0.7846,CONCENTRATED_WEIGHT,FAIL,2017-01-04,0.1,0.500002,LOW_SUB_UNIVERSE_SHARPE,PASS,-0.01,0.15,LOW_ROBUST_UNIVERSE_SHARPE.WITH_RATIO,PASS,0.9,-0.02,0.22,LOW_ROBUST_UNIVERSE_RETURNS,PASS,0.9,-0.0023,0.0296,SELF_CORRELATION,PENDING,DATA_DIVERSITY,PENDING,PROD_CORRELATION,PENDING,REGULAR_SUBMISSION,PENDING,LOW_2Y_SHARPE,FAIL,-0.1,1.58,MATCHES_COMPETITION,PENDING,AIACv2,AI Alphas Competition 2.0,PASS,MATCHES_PYRAMID,1.0,1.1,ASI/D1/FUNDAMENTAL,1.1,WARNING,MATCHES_THEMES,EDrKL34,2.0,JPN Dataset Utilization Theme,M4ZYx3D,2.0,AMR Dataset Utilization Theme,9B3qxZ4,2.0,KOR Dataset Utilization Theme,PBVkEJD,2.0,TWN Dataset Utilization Theme,by88rqy,2.0,HKG Dataset Utilization Theme,V45896D,1.0,GLB/D1 TOPDIV3000 Power Pool Feb`26 Theme,,,,,,,,,,,,,,,,,,,,,,,,,,,,,,,,,,,,
0mklZkzK,REGULAR,PS40111,EQUITY,ASI,MINVOL1M,1,0,INDUSTRY,0.08,ON,VERIFY,OFF,OFF,FASTEXPR,False,2014-01-01,2023-12-31,"ts_delta(ppent_net,4)",,1,2026-02-02T07:05:51-05:00,,2026-02-02T07:05:52-05:00,,False,False,,,ace_tag,llm_test,confidence_0.52,DATA_USAGE:SINGLE_DATA_SET,Single Data Set Alpha,,IS,UNSUBMITTED,-4585428,20000000,836,1545,0.7717,-0.0443,0.7375,-0.000115,-0.3,-0.07,2014-01-01,-2277563.0,20000000.0,1513.0,1816.0,0.346,-0.022,0.6364,-0.000127,-0.05,-0.18,-2649707.0,20000000.0,836.0,1545.0,0.7717,-0.0256,0.5849,-6.6e-05,-0.04,-0.2,LOW_SHARPE,FAIL,1.58,-0.3,LOW_FITNESS,FAIL,1.0,-0.07,LOW_ASI_JPN_SHARPE,FAIL,1,-0.38,LOW_INVESTABILITY_CONSTRAINED_SHARPE,PASS,-0.21,-0.18,LOW_TURNOVER,PASS,0.01,0.7717,HIGH_TURNOVER,FAIL,0.7,0.7717,CONCENTRATED_WEIGHT,FAIL,2023-01-05,0.1,0.500005,LOW_SUB_UNIVERSE_SHARPE,FAIL,-0.09,-0.44,LOW_ROBUST_UNIVERSE_SHARPE.WITH_RATIO,PASS,0.9,-0.27,-0.23,LOW_ROBUST_UNIVERSE_RETURNS,PASS,0.9,-0.0399,-0.0335,SELF_CORRELATION,PENDING,DATA_DIVERSITY,PENDING,PROD_CORRELATION,PENDING,REGULAR_SUBMISSION,PENDING,LOW_2Y_SHARPE,FAIL,-1.11,1.58,MATCHES_COMPETITION,PENDING,AIACv2,AI Alphas Competition 2.0,PASS,MATCHES_PYRAMID,1.0,1.1,ASI/D1/FUNDAMENTAL,1.1,WARNING,MATCHES_THEMES,EDrKL34,2.0,JPN Dataset Utilization Theme,M4ZYx3D,2.0,AMR Dataset Utilization Theme,9B3qxZ4,2.0,KOR Dataset Utilization Theme,PBVkEJD,2.0,TWN Dataset Utilization Theme,by88rqy,2.0,HKG Dataset Utilization Theme,V45896D,1.0,GLB/D1 TOPDIV3000 Power Pool Feb`26 Theme,,,,,,,,,,,,,,,,,,,,,,,,,,,,,,,,,,,,
P0rWLrzE,REGULAR,PS40111,EQUITY,ASI,MINVOL1M,1,0,INDUSTRY,0.08,ON,VERIFY,OFF,OFF,FASTEXPR,False,2014-01-01,2023-12-31,"subtract(operating_margin, divide(sga_expense, revenue))",,2,2026-02-02T07:05:58-05:00,,2026-02-02T07:05:58-05:00,,False,False,,,ace_tag,llm_test,confidence_0.6,DATA_USAGE:SINGLE_DATA_SET,Single Data Set Alpha,,IS,UNSUBMITTED,18270479,20000000,1856,1270,0.0368,0.1766,0.8489,0.009586,0.56,0.67,2014-01-01,11195709.0,20000000.0,1655.0,1474.0,0.0403,0.1082,0.8482,0.005374,0.37,0.4,3908056.0,20000000.0,1856.0,1270.0,0.0368,0.0378,0.8147,0.002051,0.08,0.14,LOW_SHARPE,FAIL,1.58,0.56,LOW_FITNESS,FAIL,1.0,0.67,LOW_ASI_JPN_SHARPE,FAIL,1,0.32,LOW_INVESTABILITY_CONSTRAINED_SHARPE,PASS,0.39,0.4,LOW_TURNOVER,PASS,0.01,0.0368,HIGH_TURNOVER,PASS,0.7,0.0368,CONCENTRATED_WEIGHT,FAIL,2014-02-19,0.1,0.397218,LOW_SUB_UNIVERSE_SHARPE,FAIL,0.17,-0.06,LOW_ROBUST_UNIVERSE_SHARPE.WITH_RATIO,PASS,0.9,0.5,0.69,LOW_ROBUST_UNIVERSE_RETURNS,PASS,0.9,0.1589,0.1989,SELF_CORRELATION,PENDING,DATA_DIVERSITY,PENDING,PROD_CORRELATION,PENDING,REGULAR_SUBMISSION,PENDING,LOW_2Y_SHARPE,FAIL,1.18,1.58,MATCHES_COMPETITION,PENDING,AIACv2,AI Alphas Competition 2.0,PASS,MATCHES_PYRAMID,1.0,1.1,ASI/D1/FUNDAMENTAL,1.1,WARNING,MATCHES_THEMES,EDrKL34,2.0,JPN Dataset Utilization Theme,M4ZYx3D,2.0,AMR Dataset Utilization Theme,9B3qxZ4,2.0,KOR Dataset Utilization Theme,PBVkEJD,2.0,TWN Dataset Utilization Theme,by88rqy,2.0,HKG Dataset Utilization Theme,V45896D,1.0,GLB/D1 TOPDIV3000 Power Pool Feb`26 Theme,,,,,,,,,,,,,,,,,,,,,,,,,,,,,,,,,,,,
pwJXbOG6,REGULAR,PS40111,EQUITY,ASI,MINVOL1M,1,0,INDUSTRY,0.08,ON,VERIFY,OFF,OFF,FASTEXPR,False,2014-01-01,2023-12-31,"ts_zscore(ts_delta(income,4),12)",,2,2026-02-02T07:04:50-05:00,,2026-02-02T07:04:50-05:00,,False,False,,,ace_tag,llm_test,confidence_0.7,DATA_USAGE:SINGLE_DATA_SET,Single Data Set Alpha,,IS,UNSUBMITTED,2566198,20000000,345,358,0.6167,0.0248,0.1202,8e-05,0.46,0.09,2014-01-01,-1499282.0,20000000.0,450.0,452.0,0.2816,-0.0145,0.2249,-0.000103,-0.05,-0.24,2175757.0,20000000.0,345.0,358.0,0.6167,0.021,0.1149,6.8e-05,0.08,0.43,LOW_SHARPE,FAIL,1.58,0.46,LOW_FITNESS,FAIL,1.0,0.09,LOW_ASI_JPN_SHARPE,FAIL,1,0.12,LOW_INVESTABILITY_CONSTRAINED_SHARPE,FAIL,0.32,-0.24,LOW_TURNOVER,PASS,0.01,0.6167,HIGH_TURNOVER,PASS,0.7,0.6167,CONCENTRATED_WEIGHT,PASS,,,,LOW_SUB_UNIVERSE_SHARPE,FAIL,0.14,-0.0,LOW_ROBUST_UNIVERSE_SHARPE.WITH_RATIO,PASS,0.9,0.41,0.65,LOW_ROBUST_UNIVERSE_RETURNS,PASS,0.9,0.0223,0.0373,SELF_CORRELATION,PENDING,DATA_DIVERSITY,PENDING,PROD_CORRELATION,PENDING,REGULAR_SUBMISSION,PENDING,LOW_2Y_SHARPE,FAIL,-0.15,1.58,MATCHES_COMPETITION,PENDING,AIACv2,AI Alphas Competition 2.0,PASS,MATCHES_PYRAMID,1.0,1.1,ASI/D1/FUNDAMENTAL,1.1,WARNING,MATCHES_THEMES,EDrKL34,2.0,JPN Dataset Utilization Theme,M4ZYx3D,2.0,AMR Dataset Utilization Theme,9B3qxZ4,2.0,KOR Dataset Utilization Theme,PBVkEJD,2.0,TWN Dataset Utilization Theme,by88rqy,2.0,HKG Dataset Utilization Theme,V45896D,1.0,GLB/D1 TOPDIV3000 Power Pool Feb`26 Theme,,,,,,,,,,,,,,,,,,,,,,,,,,,,,,,,,,,,
Xgwrv0p5,REGULAR,PS40111,EQUITY,ASI,MINVOL1M,1,0,INDUSTRY,0.08,ON,VERIFY,OFF,OFF,FASTEXPR,False,2014-01-01,2023-12-31,"ts_delta(fnd23_ecns, 4)","ts_delta(fnd23_ecns, 4) (Net Cash - Ending Balance growth) single field with strong coverage. Confidence: 0.58.",1,2026-02-02T05:55:45-05:00,,2026-02-02T05:55:49-05:00,,False,False,,,ace_tag,llm_test,confidence_0.57,DATA_USAGE:SINGLE_DATA_SET,Single Data Set Alpha,,IS,UNSUBMITTED,23240568,20000000,457,780,0.7247,0.2249,0.2647,0.000621,1.01,0.56,2014-01-01,8113755.0,20000000.0,1619.0,1679.0,0.3052,0.0785,0.4946,0.000515,0.21,0.42,17520646.0,20000000.0,457.0,780.0,0.7247,0.1696,0.2564,0.000468,0.41,0.84,LOW_SHARPE,FAIL,1.58,1.01,LOW_FITNESS,FAIL,1.0,0.56,LOW_ASI_JPN_SHARPE,FAIL,1,0.91,LOW_INVESTABILITY_CONSTRAINED_SHARPE,FAIL,0.71,0.42,LOW_TURNOVER,PASS,0.01,0.7247,HIGH_TURNOVER,FAIL,0.7,0.7247,CONCENTRATED_WEIGHT,FAIL,2020-01-03,0.1,0.500003,LOW_SUB_UNIVERSE_SHARPE,PASS,0.3,0.5,LOW_ROBUST_UNIVERSE_SHARPE.WITH_RATIO,PASS,0.9,0.91,1.07,LOW_ROBUST_UNIVERSE_RETURNS,FAIL,0.9,0.2024,0.1964,SELF_CORRELATION,PENDING,DATA_DIVERSITY,PENDING,PROD_CORRELATION,PENDING,REGULAR_SUBMISSION,PENDING,LOW_2Y_SHARPE,FAIL,0.89,1.58,MATCHES_COMPETITION,PENDING,AIACv2,AI Alphas Competition 2.0,PASS,MATCHES_PYRAMID,1.0,1.1,ASI/D1/FUNDAMENTAL,1.1,WARNING,MATCHES_THEMES,EDrKL34,2.0,JPN Dataset Utilization Theme,M4ZYx3D,2.0,AMR Dataset Utilization Theme,9B3qxZ4,2.0,KOR Dataset Utilization Theme,PBVkEJD,2.0,TWN Dataset Utilization Theme,by88rqy,2.0,HKG Dataset Utilization Theme,V45896D,1.0,GLB/D1 TOPDIV3000 Power Pool Feb`26 Theme,,,,,,,,,,,,,,,,,,,,,,,,,,,,,,,,,,,,
O0wYdb71,REGULAR,PS40111,EQUITY,ASI,MINVOL1M,1,0,INDUSTRY,0.08,ON,VERIFY,OFF,OFF,FASTEXPR,False,2014-01-01,2023-12-31,"subtract(operating_margin, ts_delta(ebitda,4))",,2,2026-02-02T07:07:17-05:00,,2026-02-02T07:07:17-05:00,,False,False,,,ace_tag,llm_test,confidence_0.5,DATA_USAGE:SINGLE_DATA_SET,Single Data Set Alpha,,IS,UNSUBMITTED,4220285,20000000,1841,1334,0.4235,0.0408,0.8545,0.000193,0.19,0.06,2014-01-01,7218156.0,20000000.0,1818.0,1359.0,0.2253,0.0698,0.6239,0.000619,0.15,0.27,-1537062.0,20000000.0,1841.0,1334.0,0.4235,-0.0149,0.9686,-7e-05,-0.02,-0.08,LOW_SHARPE,FAIL,1.58,0.19,LOW_FITNESS,FAIL,1.0,0.06,LOW_ASI_JPN_SHARPE,FAIL,1,0.4,LOW_INVESTABILITY_CONSTRAINED_SHARPE,PASS,0.13,0.27,LOW_TURNOVER,PASS,0.01,0.4235,HIGH_TURNOVER,PASS,0.7,0.4235,CONCENTRATED_WEIGHT,FAIL,2014-02-07,0.1,0.301961,LOW_SUB_UNIVERSE_SHARPE,FAIL,0.06,-0.07,LOW_ROBUST_UNIVERSE_SHARPE.WITH_RATIO,PASS,0.9,0.17,0.24,LOW_ROBUST_UNIVERSE_RETURNS,PASS,0.9,0.0367,0.0443,SELF_CORRELATION,PENDING,DATA_DIVERSITY,PENDING,PROD_CORRELATION,PENDING,REGULAR_SUBMISSION,PENDING,LOW_2Y_SHARPE,FAIL,0.08,1.58,MATCHES_COMPETITION,PENDING,AIACv2,AI Alphas Competition 2.0,PASS,MATCHES_PYRAMID,1.0,1.1,ASI/D1/FUNDAMENTAL,1.1,WARNING,MATCHES_THEMES,EDrKL34,2.0,JPN Dataset Utilization Theme,M4ZYx3D,2.0,AMR Dataset Utilization Theme,9B3qxZ4,2.0,KOR Dataset Utilization Theme,PBVkEJD,2.0,TWN Dataset Utilization Theme,by88rqy,2.0,HKG Dataset Utilization Theme,V45896D,1.0,GLB/D1 TOPDIV3000 Power Pool Feb`26 Theme,,,,,,,,,,,,,,,,,,,,,,,,,,,,,,,,,,,,
LLbjopJL,REGULAR,PS40111,EQUITY,ASI,MINVOL1M,1,0,INDUSTRY,0.08,ON,VERIFY,OFF,OFF,FASTEXPR,False,2014-01-01,2023-12-31,"ts_zscore(ts_delta(sales,1),12)",,2,2026-02-02T07:08:17-05:00,,2026-02-02T07:08:17-05:00,,False,False,,,ace_tag,llm_test,confidence_0.66,DATA_USAGE:SINGLE_DATA_SET,Single Data Set Alpha,,IS,UNSUBMITTED,4392467,20000000,233,289,1.2788,0.0424,0.1255,6.6e-05,0.48,0.09,2014-01-01,1947664.0,20000000.0,361.0,409.0,0.2969,0.0188,0.2366,0.000127,0.05,0.21,4038759.0,20000000.0,233.0,289.0,1.2788,0.039,0.1148,6.1e-05,0.09,0.5,LOW_SHARPE,FAIL,1.58,0.48,LOW_FITNESS,FAIL,1.0,0.09,LOW_ASI_JPN_SHARPE,FAIL,1,-0.17,LOW_INVESTABILITY_CONSTRAINED_SHARPE,FAIL,0.34,0.21,LOW_TURNOVER,PASS,0.01,1.2788,HIGH_TURNOVER,FAIL,0.7,1.2788,CONCENTRATED_WEIGHT,FAIL,2018-01-05,0.1,0.262254,LOW_SUB_UNIVERSE_SHARPE,PASS,0.14,0.66,LOW_ROBUST_UNIVERSE_SHARPE.WITH_RATIO,FAIL,0.9,0.43,0.33,LOW_ROBUST_UNIVERSE_RETURNS,FAIL,0.9,0.0382,0.0297,SELF_CORRELATION,PENDING,DATA_DIVERSITY,PENDING,PROD_CORRELATION,PENDING,REGULAR_SUBMISSION,PENDING,LOW_2Y_SHARPE,FAIL,0.01,1.58,MATCHES_COMPETITION,PENDING,AIACv2,AI Alphas Competition 2.0,PASS,MATCHES_PYRAMID,1.0,1.1,ASI/D1/FUNDAMENTAL,1.1,WARNING,MATCHES_THEMES,EDrKL34,2.0,JPN Dataset Utilization Theme,M4ZYx3D,2.0,AMR Dataset Utilization Theme,9B3qxZ4,2.0,KOR Dataset Utilization Theme,PBVkEJD,2.0,TWN Dataset Utilization Theme,by88rqy,2.0,HKG Dataset Utilization Theme,V45896D,1.0,GLB/D1 TOPDIV3000 Power Pool Feb`26 Theme,,,,,,,,,,,,,,,,,,,,,,,,,,,,,,,,,,,,
le6qwlYN,REGULAR,PS40111,EQUITY,ASI,MINVOL1M,1,0,INDUSTRY,0.08,ON,VERIFY,OFF,OFF,FASTEXPR,False,2014-01-01,2023-12-31,"add(return_assets, ts_delta(return_assets,4))",,2,2026-02-02T07:08:41-05:00,,2026-02-02T07:08:41-05:00,,False,False,,,ace_tag,llm_test,confidence_0.69,DATA_USAGE:SINGLE_DATA_SET,Single Data Set Alpha,,IS,UNSUBMITTED,6338599,20000000,1606,1724,0.0891,0.0613,0.5263,0.001375,0.27,0.19,2014-01-01,11888092.0,20000000.0,1636.0,1697.0,0.0658,0.1149,0.4526,0.003489,0.57,0.59,762470.0,20000000.0,1606.0,1724.0,0.0891,0.0074,0.3703,0.000165,0.01,0.04,LOW_SHARPE,FAIL,1.58,0.27,LOW_FITNESS,FAIL,1.0,0.19,LOW_ASI_JPN_SHARPE,FAIL,1,0.1,LOW_INVESTABILITY_CONSTRAINED_SHARPE,PASS,0.19,0.59,LOW_TURNOVER,PASS,0.01,0.0891,HIGH_TURNOVER,PASS,0.7,0.0891,CONCENTRATED_WEIGHT,FAIL,2014-06-30,0.1,0.486954,LOW_SUB_UNIVERSE_SHARPE,PASS,0.08,0.52,LOW_ROBUST_UNIVERSE_SHARPE.WITH_RATIO,PASS,0.9,0.24,0.41,LOW_ROBUST_UNIVERSE_RETURNS,FAIL,0.9,0.0552,0.0459,SELF_CORRELATION,PENDING,DATA_DIVERSITY,PENDING,PROD_CORRELATION,PENDING,REGULAR_SUBMISSION,PENDING,LOW_2Y_SHARPE,FAIL,0.46,1.58,MATCHES_COMPETITION,PENDING,AIACv2,AI Alphas Competition 2.0,PASS,MATCHES_PYRAMID,1.0,1.1,ASI/D1/FUNDAMENTAL,1.1,WARNING,MATCHES_THEMES,EDrKL34,2.0,JPN Dataset Utilization Theme,M4ZYx3D,2.0,AMR Dataset Utilization Theme,9B3qxZ4,2.0,KOR Dataset Utilization Theme,PBVkEJD,2.0,TWN Dataset Utilization Theme,by88rqy,2.0,HKG Dataset Utilization Theme,V45896D,1.0,GLB/D1 TOPDIV3000 Power Pool Feb`26 Theme,,,,,,,,,,,,,,,,,,,,,,,,,,,,,,,,,,,,
KPY0AXNz,REGULAR,PS40111,EQUITY,ASI,MINVOL1M,1,0,INDUSTRY,0.08,ON,VERIFY,OFF,OFF,FASTEXPR,False,2014-01-01,2023-12-31,"ts_delta(fnd23_rtdv,4)",,1,2026-02-02T07:07:18-05:00,,2026-02-02T07:07:18-05:00,,False,False,,,ace_tag,llm_test,confidence_0.44,DATA_USAGE:SINGLE_DATA_SET,Single Data Set Alpha,,IS,UNSUBMITTED,10033759,20000000,555,531,0.7464,0.097,0.389,0.00026,0.49,0.18,2014-01-01,8237377.0,20000000.0,1540.0,1442.0,0.2908,0.0796,0.5612,0.000547,0.24,0.46,9728712.0,20000000.0,555.0,531.0,0.7464,0.094,0.3799,0.000252,0.18,0.52,LOW_SHARPE,FAIL,1.58,0.49,LOW_FITNESS,FAIL,1.0,0.18,LOW_ASI_JPN_SHARPE,FAIL,1,0.08,LOW_INVESTABILITY_CONSTRAINED_SHARPE,PASS,0.34,0.46,LOW_TURNOVER,PASS,0.01,0.7464,HIGH_TURNOVER,FAIL,0.7,0.7464,CONCENTRATED_WEIGHT,FAIL,2021-12-21,0.1,0.500004,LOW_SUB_UNIVERSE_SHARPE,PASS,0.14,0.35,LOW_ROBUST_UNIVERSE_SHARPE.WITH_RATIO,PASS,0.9,0.44,0.5,LOW_ROBUST_UNIVERSE_RETURNS,PASS,0.9,0.0873,0.0955,SELF_CORRELATION,PENDING,DATA_DIVERSITY,PENDING,PROD_CORRELATION,PENDING,REGULAR_SUBMISSION,PENDING,LOW_2Y_SHARPE,FAIL,0.5,1.58,MATCHES_COMPETITION,PENDING,AIACv2,AI Alphas Competition 2.0,PASS,MATCHES_PYRAMID,1.0,1.1,ASI/D1/FUNDAMENTAL,1.1,WARNING,MATCHES_THEMES,EDrKL34,2.0,JPN Dataset Utilization Theme,M4ZYx3D,2.0,AMR Dataset Utilization Theme,9B3qxZ4,2.0,KOR Dataset Utilization Theme,PBVkEJD,2.0,TWN Dataset Utilization Theme,by88rqy,2.0,HKG Dataset Utilization Theme,V45896D,1.0,GLB/D1 TOPDIV3000 Power Pool Feb`26 Theme,,,,,,,,,,,,,,,,,,,,,,,,,,,,,,,,,,,,
E507ngEP,REGULAR,PS40111,EQUITY,ASI,MINVOL1M,1,0,INDUSTRY,0.08,ON,VERIFY,OFF,OFF,FASTEXPR,False,2014-01-01,2023-12-31,"divide(cashflow_op, fnd23_1oscq)",,1,2026-02-02T07:07:16-05:00,,2026-02-02T07:07:17-05:00,,False,False,,,ace_tag,llm_test,confidence_0.62,DATA_USAGE:SINGLE_DATA_SET,Single Data Set Alpha,,IS,UNSUBMITTED,-851380,20000000,798,2450,0.0238,-0.0082,0.2359,-0.00069,-0.11,-0.03,2014-01-01,-1231043.0,20000000.0,841.0,2410.0,0.0227,-0.0119,0.2818,-0.00105,-0.05,-0.15,-2391887.0,20000000.0,798.0,2450.0,0.0238,-0.0231,0.2794,-0.00194,-0.22,-0.52,LOW_SHARPE,FAIL,1.58,-0.11,LOW_FITNESS,FAIL,1.0,-0.03,LOW_ASI_JPN_SHARPE,FAIL,1,-0.16,LOW_INVESTABILITY_CONSTRAINED_SHARPE,FAIL,-0.08,-0.15,LOW_TURNOVER,PASS,0.01,0.0238,HIGH_TURNOVER,PASS,0.7,0.0238,CONCENTRATED_WEIGHT,FAIL,2015-05-26,0.1,0.483715,LOW_SUB_UNIVERSE_SHARPE,FAIL,-0.03,-0.22,LOW_ROBUST_UNIVERSE_SHARPE.WITH_RATIO,FAIL,0.9,-0.1,-0.46,LOW_ROBUST_UNIVERSE_RETURNS,FAIL,0.9,-0.0074,-0.0364,SELF_CORRELATION,PENDING,DATA_DIVERSITY,PENDING,PROD_CORRELATION,PENDING,REGULAR_SUBMISSION,PENDING,LOW_2Y_SHARPE,FAIL,-0.48,1.58,MATCHES_COMPETITION,PENDING,AIACv2,AI Alphas Competition 2.0,PASS,MATCHES_PYRAMID,1.0,1.1,ASI/D1/FUNDAMENTAL,1.1,WARNING,MATCHES_THEMES,EDrKL34,2.0,JPN Dataset Utilization Theme,M4ZYx3D,2.0,AMR Dataset Utilization Theme,9B3qxZ4,2.0,KOR Dataset Utilization Theme,PBVkEJD,2.0,TWN Dataset Utilization Theme,by88rqy,2.0,HKG Dataset Utilization Theme,V45896D,1.0,GLB/D1 TOPDIV3000 Power Pool Feb`26 Theme,,,,,,,,,,,,,,,,,,,,,,,,,,,,,,,,,,,,
kqk7p066,REGULAR,PS40111,EQUITY,ASI,MINVOL1M,1,0,INDUSTRY,0.08,ON,VERIFY,OFF,OFF,FASTEXPR,False,2014-01-01,2023-12-31,"subtract(ts_delta(sales,4), ts_delta(receivable,4))",,3,2026-02-02T07:08:41-05:00,,2026-02-02T07:08:42-05:00,,False,False,,,ace_tag,llm_test,confidence_0.6,DATA_USAGE:SINGLE_DATA_SET,Single Data Set Alpha,,IS,UNSUBMITTED,-3705799,20000000,1259,1217,0.7751,-0.0358,0.8895,-9.2e-05,-0.26,-0.06,2014-01-01,-6039568.0,20000000.0,1566.0,1586.0,0.3434,-0.0584,0.7658,-0.00034,-0.19,-0.47,163323.0,20000000.0,1259.0,1217.0,0.7751,0.0016,0.4897,4e-06,0.0,0.01,LOW_SHARPE,FAIL,1.58,-0.26,LOW_FITNESS,FAIL,1.0,-0.06,LOW_ASI_JPN_SHARPE,FAIL,1,-0.08,LOW_INVESTABILITY_CONSTRAINED_SHARPE,FAIL,-0.18,-0.47,LOW_TURNOVER,PASS,0.01,0.7751,HIGH_TURNOVER,FAIL,0.7,0.7751,CONCENTRATED_WEIGHT,FAIL,2017-01-04,0.1,0.499999,LOW_SUB_UNIVERSE_SHARPE,PASS,-0.08,-0.03,LOW_ROBUST_UNIVERSE_SHARPE.WITH_RATIO,PASS,0.9,-0.23,-0.02,LOW_ROBUST_UNIVERSE_RETURNS,PASS,0.9,-0.0322,-0.0021,SELF_CORRELATION,PENDING,DATA_DIVERSITY,PENDING,PROD_CORRELATION,PENDING,REGULAR_SUBMISSION,PENDING,LOW_2Y_SHARPE,FAIL,0.27,1.58,MATCHES_COMPETITION,PENDING,AIACv2,AI Alphas Competition 2.0,PASS,MATCHES_PYRAMID,1.0,1.1,ASI/D1/FUNDAMENTAL,1.1,WARNING,MATCHES_THEMES,EDrKL34,2.0,JPN Dataset Utilization Theme,M4ZYx3D,2.0,AMR Dataset Utilization Theme,9B3qxZ4,2.0,KOR Dataset Utilization Theme,PBVkEJD,2.0,TWN Dataset Utilization Theme,by88rqy,2.0,HKG Dataset Utilization Theme,V45896D,1.0,GLB/D1 TOPDIV3000 Power Pool Feb`26 Theme,,,,,,,,,,,,,,,,,,,,,,,,,,,,,,,,,,,,
le6qwQMe,REGULAR,PS40111,EQUITY,ASI,MINVOL1M,1,0,INDUSTRY,0.08,ON,VERIFY,OFF,OFF,FASTEXPR,False,2014-01-01,2023-12-31,"divide(ebitda, debt)",,1,2026-02-02T07:07:18-05:00,,2026-02-02T07:07:19-05:00,,False,False,,,ace_tag,llm_test,confidence_0.66,DATA_USAGE:SINGLE_DATA_SET,Single Data Set Alpha,,IS,UNSUBMITTED,6203991,20000000,520,2381,0.0468,0.06,0.3553,0.002565,0.42,0.29,2014-01-01,3053863.0,20000000.0,713.0,2193.0,0.0429,0.0295,0.262,0.001375,0.12,0.25,4157462.0,20000000.0,520.0,2381.0,0.0468,0.0402,0.2208,0.001719,0.18,0.32,LOW_SHARPE,FAIL,1.58,0.42,LOW_FITNESS,FAIL,1.0,0.29,LOW_ASI_JPN_SHARPE,FAIL,1,0.63,LOW_INVESTABILITY_CONSTRAINED_SHARPE,FAIL,0.29,0.25,LOW_TURNOVER,PASS,0.01,0.0468,HIGH_TURNOVER,PASS,0.7,0.0468,CONCENTRATED_WEIGHT,FAIL,2022-03-21,0.1,0.498465,LOW_SUB_UNIVERSE_SHARPE,PASS,0.12,0.33,LOW_ROBUST_UNIVERSE_SHARPE.WITH_RATIO,FAIL,0.9,0.38,0.2,LOW_ROBUST_UNIVERSE_RETURNS,FAIL,0.9,0.054,0.0242,SELF_CORRELATION,PENDING,DATA_DIVERSITY,PENDING,PROD_CORRELATION,PENDING,REGULAR_SUBMISSION,PENDING,LOW_2Y_SHARPE,FAIL,1.12,1.58,MATCHES_COMPETITION,PENDING,AIACv2,AI Alphas Competition 2.0,PASS,MATCHES_PYRAMID,1.0,1.1,ASI/D1/FUNDAMENTAL,1.1,WARNING,MATCHES_THEMES,EDrKL34,2.0,JPN Dataset Utilization Theme,M4ZYx3D,2.0,AMR Dataset Utilization Theme,9B3qxZ4,2.0,KOR Dataset Utilization Theme,PBVkEJD,2.0,TWN Dataset Utilization Theme,by88rqy,2.0,HKG Dataset Utilization Theme,V45896D,1.0,GLB/D1 TOPDIV3000 Power Pool Feb`26 Theme,,,,,,,,,,,,,,,,,,,,,,,,,,,,,,,,,,,,
88koWNRW,REGULAR,PS40111,EQUITY,ASI,MINVOL1M,1,0,INDUSTRY,0.08,ON,VERIFY,OFF,OFF,FASTEXPR,False,2014-01-01,2023-12-31,"ts_delta(divide(capex, sales),4)",,2,2026-02-02T07:11:08-05:00,,2026-02-02T07:11:09-05:00,,False,False,,,ace_tag,llm_test,confidence_0.54,DATA_USAGE:SINGLE_DATA_SET,Single Data Set Alpha,,IS,UNSUBMITTED,-3134653,20000000,1292,1022,0.756,-0.0303,0.9546,-8e-05,-0.12,-0.02,2014-01-01,-2109025.0,20000000.0,1491.0,1561.0,0.3104,-0.0204,0.4859,-0.000131,-0.03,-0.12,-1185766.0,20000000.0,1292.0,1022.0,0.756,-0.0115,0.851,-3e-05,-0.01,-0.05,LOW_SHARPE,FAIL,1.58,-0.12,LOW_FITNESS,FAIL,1.0,-0.02,LOW_ASI_JPN_SHARPE,FAIL,1,-0.31,LOW_INVESTABILITY_CONSTRAINED_SHARPE,FAIL,-0.08,-0.12,LOW_TURNOVER,PASS,0.01,0.756,HIGH_TURNOVER,FAIL,0.7,0.756,CONCENTRATED_WEIGHT,FAIL,2020-01-16,0.1,0.500003,LOW_SUB_UNIVERSE_SHARPE,PASS,-0.04,0.53,LOW_ROBUST_UNIVERSE_SHARPE.WITH_RATIO,FAIL,0.9,-0.11,-0.38,LOW_ROBUST_UNIVERSE_RETURNS,FAIL,0.9,-0.0273,-0.0898,SELF_CORRELATION,PENDING,DATA_DIVERSITY,PENDING,PROD_CORRELATION,PENDING,REGULAR_SUBMISSION,PENDING,LOW_2Y_SHARPE,FAIL,-0.09,1.58,MATCHES_COMPETITION,PENDING,AIACv2,AI Alphas Competition 2.0,PASS,MATCHES_PYRAMID,1.0,1.1,ASI/D1/FUNDAMENTAL,1.1,WARNING,MATCHES_THEMES,EDrKL34,2.0,JPN Dataset Utilization Theme,M4ZYx3D,2.0,AMR Dataset Utilization Theme,9B3qxZ4,2.0,KOR Dataset Utilization Theme,PBVkEJD,2.0,TWN Dataset Utilization Theme,by88rqy,2.0,HKG Dataset Utilization Theme,V45896D,1.0,GLB/D1 TOPDIV3000 Power Pool Feb`26 Theme,,,,,,,,,,,,,,,,,,,,,,,,,,,,,,,,,,,,
le6qwaw8,REGULAR,PS40111,EQUITY,ASI,MINVOL1M,1,0,INDUSTRY,0.08,ON,VERIFY,OFF,OFF,FASTEXPR,False,2014-01-01,2023-12-31,"divide(ts_delta(eps,4), bookvalue_ps)",,2,2026-02-02T07:11:13-05:00,,2026-02-02T07:11:13-05:00,,False,False,,,ace_tag,llm_test,confidence_0.67,DATA_USAGE:SINGLE_DATA_SET,Single Data Set Alpha,,IS,UNSUBMITTED,3380609,20000000,1306,1346,0.7289,0.0327,0.3563,9e-05,0.18,0.04,2014-01-01,-6153567.0,20000000.0,1597.0,1730.0,0.3396,-0.0595,0.8229,-0.00035,-0.13,-0.3,-2687995.0,20000000.0,1306.0,1346.0,0.7289,-0.026,0.6257,-7.1e-05,-0.03,-0.15,LOW_SHARPE,FAIL,1.58,0.18,LOW_FITNESS,FAIL,1.0,0.04,LOW_ASI_JPN_SHARPE,FAIL,1,-0.18,LOW_INVESTABILITY_CONSTRAINED_SHARPE,FAIL,0.13,-0.3,LOW_TURNOVER,PASS,0.01,0.7289,HIGH_TURNOVER,FAIL,0.7,0.7289,CONCENTRATED_WEIGHT,FAIL,2023-01-06,0.1,0.5,LOW_SUB_UNIVERSE_SHARPE,PASS,0.05,0.46,LOW_ROBUST_UNIVERSE_SHARPE.WITH_RATIO,PASS,0.9,0.16,0.25,LOW_ROBUST_UNIVERSE_RETURNS,PASS,0.9,0.0294,0.0427,SELF_CORRELATION,PENDING,DATA_DIVERSITY,PENDING,PROD_CORRELATION,PENDING,REGULAR_SUBMISSION,PENDING,LOW_2Y_SHARPE,FAIL,-0.13,1.58,MATCHES_COMPETITION,PENDING,AIACv2,AI Alphas Competition 2.0,PASS,MATCHES_PYRAMID,1.0,1.1,ASI/D1/FUNDAMENTAL,1.1,WARNING,MATCHES_THEMES,EDrKL34,2.0,JPN Dataset Utilization Theme,M4ZYx3D,2.0,AMR Dataset Utilization Theme,9B3qxZ4,2.0,KOR Dataset Utilization Theme,PBVkEJD,2.0,TWN Dataset Utilization Theme,by88rqy,2.0,HKG Dataset Utilization Theme,V45896D,1.0,GLB/D1 TOPDIV3000 Power Pool Feb`26 Theme,,,,,,,,,,,,,,,,,,,,,,,,,,,,,,,,,,,,
1YV93WGk,REGULAR,PS40111,EQUITY,ASI,MINVOL1M,1,0,INDUSTRY,0.08,ON,VERIFY,OFF,OFF,FASTEXPR,False,2014-01-01,2023-12-31,"subtract(ts_delta(cost_of_revenue,4), ts_delta(inventory,4))",,3,2026-02-02T07:11:09-05:00,,2026-02-02T07:11:09-05:00,,False,False,,,ace_tag,llm_test,confidence_0.46,DATA_USAGE:SINGLE_DATA_SET,Single Data Set Alpha,,IS,UNSUBMITTED,6908795,20000000,1013,1016,0.755,0.0668,0.2889,0.000177,0.5,0.15,2014-01-01,-8930152.0,20000000.0,1549.0,1355.0,0.3325,-0.0863,0.9157,-0.000519,-0.34,-0.67,6171540.0,20000000.0,1013.0,1016.0,0.755,0.0596,0.2423,0.000158,0.14,0.51,LOW_SHARPE,FAIL,1.58,0.5,LOW_FITNESS,FAIL,1.0,0.15,LOW_ASI_JPN_SHARPE,FAIL,1,-0.09,LOW_INVESTABILITY_CONSTRAINED_SHARPE,FAIL,0.35,-0.67,LOW_TURNOVER,PASS,0.01,0.755,HIGH_TURNOVER,FAIL,0.7,0.755,CONCENTRATED_WEIGHT,FAIL,2019-01-04,0.1,0.500003,LOW_SUB_UNIVERSE_SHARPE,PASS,0.15,0.27,LOW_ROBUST_UNIVERSE_SHARPE.WITH_RATIO,PASS,0.9,0.45,0.6,LOW_ROBUST_UNIVERSE_RETURNS,PASS,0.9,0.0601,0.0777,SELF_CORRELATION,PENDING,DATA_DIVERSITY,PENDING,PROD_CORRELATION,PENDING,REGULAR_SUBMISSION,PENDING,LOW_2Y_SHARPE,FAIL,-0.09,1.58,MATCHES_COMPETITION,PENDING,AIACv2,AI Alphas Competition 2.0,PASS,MATCHES_PYRAMID,1.0,1.1,ASI/D1/FUNDAMENTAL,1.1,WARNING,MATCHES_THEMES,EDrKL34,2.0,JPN Dataset Utilization Theme,M4ZYx3D,2.0,AMR Dataset Utilization Theme,9B3qxZ4,2.0,KOR Dataset Utilization Theme,PBVkEJD,2.0,TWN Dataset Utilization Theme,by88rqy,2.0,HKG Dataset Utilization Theme,V45896D,1.0,GLB/D1 TOPDIV3000 Power Pool Feb`26 Theme,,,,,,,,,,,,,,,,,,,,,,,,,,,,,,,,,,,,
qMk12xEZ,REGULAR,PS40111,EQUITY,ASI,MINVOL1M,1,0,INDUSTRY,0.08,ON,VERIFY,OFF,OFF,FASTEXPR,False,2014-01-01,2023-12-31,"winsorize(fnd23_pamonper, std=4)",,1,2026-02-02T07:09:57-05:00,,2026-02-02T07:09:57-05:00,,False,False,,,ace_tag,llm_test,confidence_0.58,DATA_USAGE:SINGLE_DATA_SET,Single Data Set Alpha,,IS,UNSUBMITTED,-736604,20000000,482,761,0.0054,-0.0071,0.171,-0.002648,-0.21,-0.05,2014-01-01,-821951.0,20000000.0,486.0,762.0,0.006,-0.0079,0.1748,-0.002637,-0.06,-0.24,-944.0,20000000.0,482.0,761.0,0.0054,-0.0,0.1125,-3e-06,-0.0,-0.0,LOW_SHARPE,FAIL,1.58,-0.21,LOW_FITNESS,FAIL,1.0,-0.05,LOW_ASI_JPN_SHARPE,FAIL,1,-0.16,LOW_INVESTABILITY_CONSTRAINED_SHARPE,FAIL,-0.15,-0.24,LOW_TURNOVER,FAIL,0.01,0.0054,HIGH_TURNOVER,PASS,0.7,0.0054,CONCENTRATED_WEIGHT,PASS,,,,LOW_SUB_UNIVERSE_SHARPE,FAIL,-0.06,-0.61,LOW_ROBUST_UNIVERSE_SHARPE.WITH_RATIO,FAIL,0.9,-0.19,-0.28,LOW_ROBUST_UNIVERSE_RETURNS,FAIL,0.9,-0.0064,-0.0093,SELF_CORRELATION,PENDING,DATA_DIVERSITY,PENDING,PROD_CORRELATION,PENDING,REGULAR_SUBMISSION,PENDING,LOW_2Y_SHARPE,FAIL,1.28,1.58,MATCHES_COMPETITION,PENDING,AIACv2,AI Alphas Competition 2.0,PASS,MATCHES_PYRAMID,1.0,1.1,ASI/D1/FUNDAMENTAL,1.1,WARNING,MATCHES_THEMES,EDrKL34,2.0,JPN Dataset Utilization Theme,M4ZYx3D,2.0,AMR Dataset Utilization Theme,9B3qxZ4,2.0,KOR Dataset Utilization Theme,PBVkEJD,2.0,TWN Dataset Utilization Theme,by88rqy,2.0,HKG Dataset Utilization Theme,V45896D,1.0,GLB/D1 TOPDIV3000 Power Pool Feb`26 Theme,,,,,,,,,,,,,,,,,,,,,,,,,,,,,,,,,,,,
qMk1275O,REGULAR,PS40111,EQUITY,ASI,MINVOL1M,1,0,INDUSTRY,0.08,ON,VERIFY,OFF,OFF,FASTEXPR,False,2014-01-01,2023-12-31,"divide(cash, liabilities_curr)",,1,2026-02-02T07:11:09-05:00,,2026-02-02T07:11:10-05:00,,False,False,,,ace_tag,llm_test,confidence_0.7,DATA_USAGE:SINGLE_DATA_SET,Single Data Set Alpha,,IS,UNSUBMITTED,-5772438,20000000,878,2024,0.0199,-0.0558,0.6196,-0.005592,-0.64,-0.43,2014-01-01,-4959810.0,20000000.0,893.0,2011.0,0.0196,-0.0479,0.569,-0.004886,-0.35,-0.56,-1280930.0,20000000.0,878.0,2024.0,0.0199,-0.0124,0.3453,-0.001241,-0.06,-0.18,LOW_SHARPE,FAIL,1.58,-0.64,LOW_FITNESS,FAIL,1.0,-0.43,LOW_ASI_JPN_SHARPE,FAIL,1,-0.47,LOW_INVESTABILITY_CONSTRAINED_SHARPE,FAIL,-0.45,-0.56,LOW_TURNOVER,PASS,0.01,0.0199,HIGH_TURNOVER,PASS,0.7,0.0199,CONCENTRATED_WEIGHT,FAIL,2021-11-02,0.1,0.324686,LOW_SUB_UNIVERSE_SHARPE,FAIL,-0.19,-0.97,LOW_ROBUST_UNIVERSE_SHARPE.WITH_RATIO,FAIL,0.9,-0.58,-0.82,LOW_ROBUST_UNIVERSE_RETURNS,FAIL,0.9,-0.0502,-0.0713,SELF_CORRELATION,PENDING,DATA_DIVERSITY,PENDING,PROD_CORRELATION,PENDING,REGULAR_SUBMISSION,PENDING,LOW_2Y_SHARPE,FAIL,-1.08,1.58,MATCHES_COMPETITION,PENDING,AIACv2,AI Alphas Competition 2.0,PASS,MATCHES_PYRAMID,1.0,1.1,ASI/D1/FUNDAMENTAL,1.1,WARNING,MATCHES_THEMES,EDrKL34,2.0,JPN Dataset Utilization Theme,M4ZYx3D,2.0,AMR Dataset Utilization Theme,9B3qxZ4,2.0,KOR Dataset Utilization Theme,PBVkEJD,2.0,TWN Dataset Utilization Theme,by88rqy,2.0,HKG Dataset Utilization Theme,V45896D,1.0,GLB/D1 TOPDIV3000 Power Pool Feb`26 Theme,,,,,,,,,,,,,,,,,,,,,,,,,,,,,,,,,,,,
omwpjoKk,REGULAR,PS40111,EQUITY,ASI,MINVOL1M,1,0,INDUSTRY,0.08,ON,VERIFY,OFF,OFF,FASTEXPR,False,2014-01-01,2023-12-31,"ts_delta(divide(income, assets),4)",,2,2026-02-02T07:10:29-05:00,,2026-02-02T07:10:29-05:00,,False,False,,,ace_tag,llm_test,confidence_0.64,DATA_USAGE:SINGLE_DATA_SET,Single Data Set Alpha,,IS,UNSUBMITTED,-7509461,20000000,1304,1237,0.706,-0.0726,1.0065,-0.000206,-0.43,-0.14,2014-01-01,-11564541.0,20000000.0,1708.0,1625.0,0.3436,-0.1118,1.2568,-0.000651,-0.45,-0.79,-5932374.0,20000000.0,1304.0,1237.0,0.706,-0.0573,0.8066,-0.000162,-0.11,-0.38,LOW_SHARPE,FAIL,1.58,-0.43,LOW_FITNESS,FAIL,1.0,-0.14,LOW_ASI_JPN_SHARPE,FAIL,1,0.09,LOW_INVESTABILITY_CONSTRAINED_SHARPE,FAIL,-0.3,-0.79,LOW_TURNOVER,PASS,0.01,0.706,HIGH_TURNOVER,FAIL,0.7,0.706,CONCENTRATED_WEIGHT,FAIL,2017-01-04,0.1,0.500001,LOW_SUB_UNIVERSE_SHARPE,PASS,-0.13,0.04,LOW_ROBUST_UNIVERSE_SHARPE.WITH_RATIO,PASS,0.9,-0.39,0.05,LOW_ROBUST_UNIVERSE_RETURNS,PASS,0.9,-0.0653,0.0078,SELF_CORRELATION,PENDING,DATA_DIVERSITY,PENDING,PROD_CORRELATION,PENDING,REGULAR_SUBMISSION,PENDING,LOW_2Y_SHARPE,FAIL,-0.75,1.58,MATCHES_COMPETITION,PENDING,AIACv2,AI Alphas Competition 2.0,PASS,MATCHES_PYRAMID,1.0,1.1,ASI/D1/FUNDAMENTAL,1.1,WARNING,MATCHES_THEMES,EDrKL34,2.0,JPN Dataset Utilization Theme,M4ZYx3D,2.0,AMR Dataset Utilization Theme,9B3qxZ4,2.0,KOR Dataset Utilization Theme,PBVkEJD,2.0,TWN Dataset Utilization Theme,by88rqy,2.0,HKG Dataset Utilization Theme,V45896D,1.0,GLB/D1 TOPDIV3000 Power Pool Feb`26 Theme,,,,,,,,,,,,,,,,,,,,,,,,,,,,,,,,,,,,
9qPv5E3o,REGULAR,PS40111,EQUITY,ASI,MINVOL1M,1,0,INDUSTRY,0.08,ON,VERIFY,OFF,OFF,FASTEXPR,False,2014-01-01,2023-12-31,"ts_delta(divide(income_tax_payable, income),4)",,2,2026-02-02T07:10:35-05:00,,2026-02-02T07:10:36-05:00,,False,False,,,ace_tag,llm_test,confidence_0.48,DATA_USAGE:SINGLE_DATA_SET,Single Data Set Alpha,,IS,UNSUBMITTED,-7511608,20000000,1178,1219,0.7271,-0.0726,1.0595,-0.0002,-0.52,-0.16,2014-01-01,337469.0,20000000.0,1618.0,1552.0,0.3337,0.0033,0.5623,2e-05,0.0,0.03,-4594523.0,20000000.0,1178.0,1219.0,0.7271,-0.0444,0.7394,-0.000122,-0.09,-0.35,LOW_SHARPE,FAIL,1.58,-0.52,LOW_FITNESS,FAIL,1.0,-0.16,LOW_ASI_JPN_SHARPE,FAIL,1,-0.39,LOW_INVESTABILITY_CONSTRAINED_SHARPE,PASS,-0.36,0.03,LOW_TURNOVER,PASS,0.01,0.7271,HIGH_TURNOVER,FAIL,0.7,0.7271,CONCENTRATED_WEIGHT,FAIL,2019-01-04,0.1,0.500003,LOW_SUB_UNIVERSE_SHARPE,FAIL,-0.15,-0.17,LOW_ROBUST_UNIVERSE_SHARPE.WITH_RATIO,PASS,0.9,-0.47,-0.4,LOW_ROBUST_UNIVERSE_RETURNS,PASS,0.9,-0.0653,-0.056,SELF_CORRELATION,PENDING,DATA_DIVERSITY,PENDING,PROD_CORRELATION,PENDING,REGULAR_SUBMISSION,PENDING,LOW_2Y_SHARPE,FAIL,0.44,1.58,MATCHES_COMPETITION,PENDING,AIACv2,AI Alphas Competition 2.0,PASS,MATCHES_PYRAMID,1.0,1.1,ASI/D1/FUNDAMENTAL,1.1,WARNING,MATCHES_THEMES,EDrKL34,2.0,JPN Dataset Utilization Theme,M4ZYx3D,2.0,AMR Dataset Utilization Theme,9B3qxZ4,2.0,KOR Dataset Utilization Theme,PBVkEJD,2.0,TWN Dataset Utilization Theme,by88rqy,2.0,HKG Dataset Utilization Theme,V45896D,1.0,GLB/D1 TOPDIV3000 Power Pool Feb`26 Theme,,,,,,,,,,,,,,,,,,,,,,,,,,,,,,,,,,,,
0mklZPxK,REGULAR,PS40111,EQUITY,ASI,MINVOL1M,1,0,INDUSTRY,0.08,ON,VERIFY,OFF,OFF,FASTEXPR,False,2014-01-01,2023-12-31,"subtract(income, cashflow_op)",,1,2026-02-02T07:11:09-05:00,,2026-02-02T07:11:10-05:00,,False,False,,,ace_tag,llm_test,confidence_0.58,DATA_USAGE:SINGLE_DATA_SET,Single Data Set Alpha,,IS,UNSUBMITTED,-1408225,20000000,2447,881,0.0249,-0.0136,0.3268,-0.001091,-0.16,-0.05,2014-01-01,-493643.0,20000000.0,2330.0,1001.0,0.0269,-0.0048,0.2416,-0.000355,-0.01,-0.06,-1713524.0,20000000.0,2447.0,881.0,0.0249,-0.0166,0.3381,-0.001328,-0.11,-0.3,LOW_SHARPE,FAIL,1.58,-0.16,LOW_FITNESS,FAIL,1.0,-0.05,LOW_ASI_JPN_SHARPE,FAIL,1,-0.09,LOW_INVESTABILITY_CONSTRAINED_SHARPE,PASS,-0.11,-0.06,LOW_TURNOVER,PASS,0.01,0.0249,HIGH_TURNOVER,PASS,0.7,0.0249,CONCENTRATED_WEIGHT,PASS,,,,LOW_SUB_UNIVERSE_SHARPE,FAIL,-0.05,-0.12,LOW_ROBUST_UNIVERSE_SHARPE.WITH_RATIO,PASS,0.9,-0.14,-0.09,LOW_ROBUST_UNIVERSE_RETURNS,PASS,0.9,-0.0122,-0.0084,SELF_CORRELATION,PENDING,DATA_DIVERSITY,PENDING,PROD_CORRELATION,PENDING,REGULAR_SUBMISSION,PENDING,LOW_2Y_SHARPE,FAIL,-0.99,1.58,MATCHES_COMPETITION,PENDING,AIACv2,AI Alphas Competition 2.0,PASS,MATCHES_PYRAMID,1.0,1.1,ASI/D1/FUNDAMENTAL,1.1,WARNING,MATCHES_THEMES,EDrKL34,2.0,JPN Dataset Utilization Theme,M4ZYx3D,2.0,AMR Dataset Utilization Theme,9B3qxZ4,2.0,KOR Dataset Utilization Theme,PBVkEJD,2.0,TWN Dataset Utilization Theme,by88rqy,2.0,HKG Dataset Utilization Theme,V45896D,1.0,GLB/D1 TOPDIV3000 Power Pool Feb`26 Theme,,,,,,,,,,,,,,,,,,,,,,,,,,,,,,,,,,,,
j2lEkxj5,REGULAR,PS40111,EQUITY,ASI,MINVOL1M,1,0,INDUSTRY,0.08,ON,VERIFY,OFF,OFF,FASTEXPR,False,2014-01-01,2023-12-31,"ts_std_dev(sales,8)",,1,2026-02-02T07:12:36-05:00,,2026-02-02T07:12:36-05:00,,False,False,,,ace_tag,llm_test,confidence_0.55,DATA_USAGE:SINGLE_DATA_SET,Single Data Set Alpha,,IS,UNSUBMITTED,1870152,20000000,144,2461,0.4054,0.0181,0.5777,8.9e-05,0.13,0.03,2014-01-01,-2587478.0,20000000.0,980.0,2183.0,0.2305,-0.025,0.3515,-0.000217,-0.07,-0.2,-2085451.0,20000000.0,144.0,2461.0,0.4054,-0.0202,0.3299,-9.9e-05,-0.04,-0.2,LOW_SHARPE,FAIL,1.58,0.13,LOW_FITNESS,FAIL,1.0,0.03,LOW_ASI_JPN_SHARPE,FAIL,1,0.05,LOW_INVESTABILITY_CONSTRAINED_SHARPE,FAIL,0.09,-0.2,LOW_TURNOVER,PASS,0.01,0.4054,HIGH_TURNOVER,PASS,0.7,0.4054,CONCENTRATED_WEIGHT,FAIL,2021-04-20,0.1,0.499967,LOW_SUB_UNIVERSE_SHARPE,FAIL,0.04,-0.02,LOW_ROBUST_UNIVERSE_SHARPE.WITH_RATIO,FAIL,0.9,0.12,0.02,LOW_ROBUST_UNIVERSE_RETURNS,FAIL,0.9,0.0163,0.0027,SELF_CORRELATION,PENDING,DATA_DIVERSITY,PENDING,PROD_CORRELATION,PENDING,REGULAR_SUBMISSION,PENDING,LOW_2Y_SHARPE,FAIL,-0.05,1.58,MATCHES_COMPETITION,PENDING,AIACv2,AI Alphas Competition 2.0,PASS,MATCHES_PYRAMID,1.0,1.1,ASI/D1/FUNDAMENTAL,1.1,WARNING,MATCHES_THEMES,EDrKL34,2.0,JPN Dataset Utilization Theme,M4ZYx3D,2.0,AMR Dataset Utilization Theme,9B3qxZ4,2.0,KOR Dataset Utilization Theme,PBVkEJD,2.0,TWN Dataset Utilization Theme,by88rqy,2.0,HKG Dataset Utilization Theme,V45896D,1.0,GLB/D1 TOPDIV3000 Power Pool Feb`26 Theme,,,,,,,,,,,,,,,,,,,,,,,,,,,,,,,,,,,,
0mkl6Egr,REGULAR,PS40111,EQUITY,ASI,MINVOL1M,1,0,INDUSTRY,0.08,ON,VERIFY,OFF,OFF,FASTEXPR,False,2014-01-01,2023-12-31,"quantile(divide(inventory, sales))",Low inventory/sales can indicate efficiency or understock; used inventory and sales high coverage. SUGGESTION1 applied. Confidence 0.56 (context dependent).,2,2026-02-02T06:12:53-05:00,,2026-02-02T06:12:59-05:00,,False,False,,,ace_tag,llm_test,confidence_0.51,DATA_USAGE:SINGLE_DATA_SET,Single Data Set Alpha,,IS,UNSUBMITTED,-629907,20000000,1365,1470,0.0166,-0.0061,0.1346,-0.000732,-0.16,-0.04,2014-01-01,-446642.0,20000000.0,1368.0,1471.0,0.0162,-0.0043,0.1286,-0.000531,-0.02,-0.11,-570813.0,20000000.0,1365.0,1470.0,0.0166,-0.0055,0.067,-0.000663,-0.06,-0.28,LOW_SHARPE,FAIL,1.58,-0.16,LOW_FITNESS,FAIL,1.0,-0.04,LOW_ASI_JPN_SHARPE,FAIL,1,-0.09,LOW_INVESTABILITY_CONSTRAINED_SHARPE,PASS,-0.11,-0.11,LOW_TURNOVER,PASS,0.01,0.0166,HIGH_TURNOVER,PASS,0.7,0.0166,CONCENTRATED_WEIGHT,PASS,,,,LOW_SUB_UNIVERSE_SHARPE,PASS,-0.05,0.18,LOW_ROBUST_UNIVERSE_SHARPE.WITH_RATIO,PASS,0.9,-0.14,-0.1,LOW_ROBUST_UNIVERSE_RETURNS,PASS,0.9,-0.0055,-0.004,SELF_CORRELATION,PENDING,DATA_DIVERSITY,PENDING,PROD_CORRELATION,PENDING,REGULAR_SUBMISSION,PENDING,LOW_2Y_SHARPE,FAIL,0.37,1.58,MATCHES_COMPETITION,PENDING,AIACv2,AI Alphas Competition 2.0,PASS,MATCHES_PYRAMID,1.0,1.1,ASI/D1/FUNDAMENTAL,1.1,WARNING,MATCHES_THEMES,EDrKL34,2.0,JPN Dataset Utilization Theme,M4ZYx3D,2.0,AMR Dataset Utilization Theme,9B3qxZ4,2.0,KOR Dataset Utilization Theme,PBVkEJD,2.0,TWN Dataset Utilization Theme,by88rqy,2.0,HKG Dataset Utilization Theme,V45896D,1.0,GLB/D1 TOPDIV3000 Power Pool Feb`26 Theme,,,,,,,,,,,,,,,,,,,,,,,,,,,,,,,,,,,,
O0wYdjZd,REGULAR,PS40111,EQUITY,ASI,MINVOL1M,1,0,INDUSTRY,0.08,ON,VERIFY,OFF,OFF,FASTEXPR,False,2014-01-01,2023-12-31,"ts_delta(fnd23_dtns,4)",,1,2026-02-02T07:13:25-05:00,,2026-02-02T07:13:25-05:00,,False,False,,,ace_tag,llm_test,confidence_0.53,DATA_USAGE:SINGLE_DATA_SET,Single Data Set Alpha,,IS,UNSUBMITTED,-17364785,20000000,724,896,0.7337,-0.1678,2.0043,-0.000457,-0.9,-0.43,2014-01-01,-9544945.0,20000000.0,1629.0,1530.0,0.309,-0.0922,1.221,-0.000597,-0.31,-0.57,-13546471.0,20000000.0,724.0,896.0,0.7337,-0.1309,1.573,-0.000357,-0.33,-0.78,LOW_SHARPE,FAIL,1.58,-0.9,LOW_FITNESS,FAIL,1.0,-0.43,LOW_ASI_JPN_SHARPE,FAIL,1,-0.15,LOW_INVESTABILITY_CONSTRAINED_SHARPE,PASS,-0.63,-0.57,LOW_TURNOVER,PASS,0.01,0.7337,HIGH_TURNOVER,FAIL,0.7,0.7337,CONCENTRATED_WEIGHT,FAIL,2022-07-13,0.1,0.5,LOW_SUB_UNIVERSE_SHARPE,FAIL,-0.27,-0.45,LOW_ROBUST_UNIVERSE_SHARPE.WITH_RATIO,PASS,0.9,-0.81,-0.69,LOW_ROBUST_UNIVERSE_RETURNS,PASS,0.9,-0.151,-0.113,SELF_CORRELATION,PENDING,DATA_DIVERSITY,PENDING,PROD_CORRELATION,PENDING,REGULAR_SUBMISSION,PENDING,LOW_2Y_SHARPE,FAIL,-0.7,1.58,MATCHES_COMPETITION,PENDING,AIACv2,AI Alphas Competition 2.0,PASS,MATCHES_PYRAMID,1.0,1.1,ASI/D1/FUNDAMENTAL,1.1,WARNING,MATCHES_THEMES,EDrKL34,2.0,JPN Dataset Utilization Theme,M4ZYx3D,2.0,AMR Dataset Utilization Theme,9B3qxZ4,2.0,KOR Dataset Utilization Theme,PBVkEJD,2.0,TWN Dataset Utilization Theme,by88rqy,2.0,HKG Dataset Utilization Theme,V45896D,1.0,GLB/D1 TOPDIV3000 Power Pool Feb`26 Theme,,,,,,,,,,,,,,,,,,,,,,,,,,,,,,,,,,,,
1YV9Ajqz,REGULAR,PS40111,EQUITY,ASI,MINVOL1M,1,0,INDUSTRY,0.08,ON,VERIFY,OFF,OFF,FASTEXPR,False,2014-01-01,2023-12-31,"ts_delta(return_equity,4)",Detects improving profitability on equity. SUGGESTION1: single core field return_equity (high coverage). SUGGESTION2: no vector. SUGGESTION3: coverage=1 so no backfill. SUGGESTION4: high user/alpha counts. Simple implementation to respect KEEP_IN_MINDs. Confidence: 0.64.,1,2026-02-02T06:58:27-05:00,,2026-02-02T06:58:33-05:00,,False,False,,,ace_tag,llm_test,confidence_0.68,DATA_USAGE:SINGLE_DATA_SET,Single Data Set Alpha,,IS,UNSUBMITTED,2103314,20000000,1321,1219,0.7195,0.0203,0.537,5.6e-05,0.1,0.02,2014-01-01,-9583880.0,20000000.0,1689.0,1644.0,0.3473,-0.0926,0.9802,-0.000533,-0.3,-0.59,1394629.0,20000000.0,1321.0,1219.0,0.7195,0.0135,0.5867,3.7e-05,0.01,0.07,LOW_SHARPE,FAIL,1.58,0.1,LOW_FITNESS,FAIL,1.0,0.02,LOW_ASI_JPN_SHARPE,FAIL,1,-0.11,LOW_INVESTABILITY_CONSTRAINED_SHARPE,FAIL,0.07,-0.59,LOW_TURNOVER,PASS,0.01,0.7195,HIGH_TURNOVER,FAIL,0.7,0.7195,CONCENTRATED_WEIGHT,FAIL,2017-01-04,0.1,0.500002,LOW_SUB_UNIVERSE_SHARPE,PASS,0.03,0.11,LOW_ROBUST_UNIVERSE_SHARPE.WITH_RATIO,FAIL,0.9,0.09,-0.05,LOW_ROBUST_UNIVERSE_RETURNS,FAIL,0.9,0.0183,-0.0086,SELF_CORRELATION,PENDING,DATA_DIVERSITY,PENDING,PROD_CORRELATION,PENDING,REGULAR_SUBMISSION,PENDING,LOW_2Y_SHARPE,FAIL,0.29,1.58,MATCHES_COMPETITION,PENDING,AIACv2,AI Alphas Competition 2.0,PASS,MATCHES_PYRAMID,1.0,1.1,ASI/D1/FUNDAMENTAL,1.1,WARNING,MATCHES_THEMES,EDrKL34,2.0,JPN Dataset Utilization Theme,M4ZYx3D,2.0,AMR Dataset Utilization Theme,9B3qxZ4,2.0,KOR Dataset Utilization Theme,PBVkEJD,2.0,TWN Dataset Utilization Theme,by88rqy,2.0,HKG Dataset Utilization Theme,V45896D,1.0,GLB/D1 TOPDIV3000 Power Pool Feb`26 Theme,,,,,,,,,,,,,,,,,,,,,,,,,,,,,,,,,,,,
O0wYd3Lb,REGULAR,PS40111,EQUITY,ASI,MINVOL1M,1,0,INDUSTRY,0.08,ON,VERIFY,OFF,OFF,FASTEXPR,False,2014-01-01,2023-12-31,"ts_delta(divide(cash, liabilities_curr),4)",,2,2026-02-02T07:14:39-05:00,,2026-02-02T07:14:40-05:00,,False,False,,,ace_tag,llm_test,confidence_0.66,DATA_USAGE:SINGLE_DATA_SET,Single Data Set Alpha,,IS,UNSUBMITTED,11206237,20000000,1107,1084,0.7145,0.1083,0.264,0.000303,0.71,0.28,2014-01-01,1280044.0,20000000.0,1554.0,1347.0,0.3148,0.0124,0.9419,7.9e-05,0.01,0.06,4940299.0,20000000.0,1107.0,1084.0,0.7145,0.0477,0.3562,0.000134,0.09,0.36,LOW_SHARPE,FAIL,1.58,0.71,LOW_FITNESS,FAIL,1.0,0.28,LOW_ASI_JPN_SHARPE,FAIL,1,0.28,LOW_INVESTABILITY_CONSTRAINED_SHARPE,FAIL,0.5,0.06,LOW_TURNOVER,PASS,0.01,0.7145,HIGH_TURNOVER,FAIL,0.7,0.7145,CONCENTRATED_WEIGHT,FAIL,2017-01-04,0.1,0.500002,LOW_SUB_UNIVERSE_SHARPE,PASS,0.21,0.5,LOW_ROBUST_UNIVERSE_SHARPE.WITH_RATIO,PASS,0.9,0.64,0.78,LOW_ROBUST_UNIVERSE_RETURNS,PASS,0.9,0.0975,0.1225,SELF_CORRELATION,PENDING,DATA_DIVERSITY,PENDING,PROD_CORRELATION,PENDING,REGULAR_SUBMISSION,PENDING,LOW_2Y_SHARPE,FAIL,0.57,1.58,MATCHES_COMPETITION,PENDING,AIACv2,AI Alphas Competition 2.0,PASS,MATCHES_PYRAMID,1.0,1.1,ASI/D1/FUNDAMENTAL,1.1,WARNING,MATCHES_THEMES,EDrKL34,2.0,JPN Dataset Utilization Theme,M4ZYx3D,2.0,AMR Dataset Utilization Theme,9B3qxZ4,2.0,KOR Dataset Utilization Theme,PBVkEJD,2.0,TWN Dataset Utilization Theme,by88rqy,2.0,HKG Dataset Utilization Theme,V45896D,1.0,GLB/D1 TOPDIV3000 Power Pool Feb`26 Theme,,,,,,,,,,,,,,,,,,,,,,,,,,,,,,,,,,,,
587bKeRn,REGULAR,PS40111,EQUITY,ASI,MINVOL1M,1,0,INDUSTRY,0.08,ON,VERIFY,OFF,OFF,FASTEXPR,False,2014-01-01,2023-12-31,"ts_zscore(divide(operating_expense, revenue),12)",,2,2026-02-02T07:12:30-05:00,,2026-02-02T07:12:31-05:00,,False,False,,,ace_tag,llm_test,confidence_0.62,DATA_USAGE:SINGLE_DATA_SET,Single Data Set Alpha,,IS,UNSUBMITTED,-1545200,20000000,266,256,0.5925,-0.0149,0.3688,-5e-05,-0.2,-0.03,2014-01-01,3245995.0,20000000.0,381.0,359.0,0.2227,0.0314,0.2829,0.000282,0.14,0.37,-1516433.0,20000000.0,266.0,256.0,0.5925,-0.0147,0.3225,-4.9e-05,-0.04,-0.23,LOW_SHARPE,FAIL,1.58,-0.2,LOW_FITNESS,FAIL,1.0,-0.03,LOW_ASI_JPN_SHARPE,FAIL,1,0.16,LOW_INVESTABILITY_CONSTRAINED_SHARPE,PASS,-0.14,0.37,LOW_TURNOVER,PASS,0.01,0.5925,HIGH_TURNOVER,PASS,0.7,0.5925,CONCENTRATED_WEIGHT,FAIL,2020-01-20,0.1,0.200845,LOW_SUB_UNIVERSE_SHARPE,PASS,-0.06,0.42,LOW_ROBUST_UNIVERSE_SHARPE.WITH_RATIO,FAIL,0.9,-0.18,-0.31,LOW_ROBUST_UNIVERSE_RETURNS,FAIL,0.9,-0.0134,-0.0238,SELF_CORRELATION,PENDING,DATA_DIVERSITY,PENDING,PROD_CORRELATION,PENDING,REGULAR_SUBMISSION,PENDING,LOW_2Y_SHARPE,FAIL,0.26,1.58,MATCHES_COMPETITION,PENDING,AIACv2,AI Alphas Competition 2.0,PASS,MATCHES_PYRAMID,1.0,1.1,ASI/D1/FUNDAMENTAL,1.1,WARNING,MATCHES_THEMES,EDrKL34,2.0,JPN Dataset Utilization Theme,M4ZYx3D,2.0,AMR Dataset Utilization Theme,9B3qxZ4,2.0,KOR Dataset Utilization Theme,PBVkEJD,2.0,TWN Dataset Utilization Theme,by88rqy,2.0,HKG Dataset Utilization Theme,V45896D,1.0,GLB/D1 TOPDIV3000 Power Pool Feb`26 Theme,,,,,,,,,,,,,,,,,,,,,,,,,,,,,,,,,,,,
QPrJRg55,REGULAR,PS40111,EQUITY,ASI,MINVOL1M,1,0,INDUSTRY,0.08,ON,VERIFY,OFF,OFF,FASTEXPR,False,2014-01-01,2023-12-31,"ts_delta(retained_earnings,4)",,1,2026-02-02T07:12:33-05:00,,2026-02-02T07:12:33-05:00,,False,False,,,ace_tag,llm_test,confidence_0.54,DATA_USAGE:SINGLE_DATA_SET,Single Data Set Alpha,,IS,UNSUBMITTED,8839992,20000000,816,1657,0.7292,0.0854,0.2832,0.000234,0.67,0.23,2014-01-01,3951949.0,20000000.0,1478.0,1849.0,0.3454,0.0382,0.3069,0.000221,0.11,0.32,8892542.0,20000000.0,816.0,1657.0,0.7292,0.0859,0.2625,0.000236,0.27,0.8,LOW_SHARPE,FAIL,1.58,0.67,LOW_FITNESS,FAIL,1.0,0.23,LOW_ASI_JPN_SHARPE,FAIL,1,-0.05,LOW_INVESTABILITY_CONSTRAINED_SHARPE,FAIL,0.47,0.32,LOW_TURNOVER,PASS,0.01,0.7292,HIGH_TURNOVER,FAIL,0.7,0.7292,CONCENTRATED_WEIGHT,FAIL,2022-12-09,0.1,0.476171,LOW_SUB_UNIVERSE_SHARPE,PASS,0.2,0.31,LOW_ROBUST_UNIVERSE_SHARPE.WITH_RATIO,PASS,0.9,0.6,0.78,LOW_ROBUST_UNIVERSE_RETURNS,PASS,0.9,0.0769,0.1001,SELF_CORRELATION,PENDING,DATA_DIVERSITY,PENDING,PROD_CORRELATION,PENDING,REGULAR_SUBMISSION,PENDING,LOW_2Y_SHARPE,PASS,1.78,1.58,MATCHES_COMPETITION,PENDING,AIACv2,AI Alphas Competition 2.0,PASS,MATCHES_PYRAMID,1.0,1.1,ASI/D1/FUNDAMENTAL,1.1,WARNING,MATCHES_THEMES,EDrKL34,2.0,JPN Dataset Utilization Theme,M4ZYx3D,2.0,AMR Dataset Utilization Theme,9B3qxZ4,2.0,KOR Dataset Utilization Theme,PBVkEJD,2.0,TWN Dataset Utilization Theme,by88rqy,2.0,HKG Dataset Utilization Theme,V45896D,1.0,GLB/D1 TOPDIV3000 Power Pool Feb`26 Theme,,,,,,,,,,,,,,,,,,,,,,,,,,,,,,,,,,,,
e78pMvqM,REGULAR,PS40111,EQUITY,ASI,MINVOL1M,1,0,INDUSTRY,0.08,ON,VERIFY,OFF,OFF,FASTEXPR,False,2014-01-01,2023-12-31,"divide(fnd23_eaca, liabilities_curr)",,1,2026-02-02T07:12:33-05:00,,2026-02-02T07:12:33-05:00,,False,False,,,ace_tag,llm_test,confidence_0.67,DATA_USAGE:SINGLE_DATA_SET,Single Data Set Alpha,,IS,UNSUBMITTED,-7742088,20000000,865,2127,0.0329,-0.0748,0.9117,-0.004548,-0.67,-0.52,2014-01-01,-8304903.0,20000000.0,890.0,2105.0,0.0261,-0.0803,0.8874,-0.006139,-0.59,-0.74,-2363355.0,20000000.0,865.0,2127.0,0.0329,-0.0228,0.4008,-0.001388,-0.15,-0.34,LOW_SHARPE,FAIL,1.58,-0.67,LOW_FITNESS,FAIL,1.0,-0.52,LOW_ASI_JPN_SHARPE,FAIL,1,-0.39,LOW_INVESTABILITY_CONSTRAINED_SHARPE,FAIL,-0.47,-0.74,LOW_TURNOVER,PASS,0.01,0.0329,HIGH_TURNOVER,PASS,0.7,0.0329,CONCENTRATED_WEIGHT,FAIL,2021-07-12,0.1,0.492616,LOW_SUB_UNIVERSE_SHARPE,FAIL,-0.2,-0.98,LOW_ROBUST_UNIVERSE_SHARPE.WITH_RATIO,FAIL,0.9,-0.6,-0.61,LOW_ROBUST_UNIVERSE_RETURNS,FAIL,0.9,-0.0673,-0.0719,SELF_CORRELATION,PENDING,DATA_DIVERSITY,PENDING,PROD_CORRELATION,PENDING,REGULAR_SUBMISSION,PENDING,LOW_2Y_SHARPE,FAIL,-1.1,1.58,MATCHES_COMPETITION,PENDING,AIACv2,AI Alphas Competition 2.0,PASS,MATCHES_PYRAMID,1.0,1.1,ASI/D1/FUNDAMENTAL,1.1,WARNING,MATCHES_THEMES,EDrKL34,2.0,JPN Dataset Utilization Theme,M4ZYx3D,2.0,AMR Dataset Utilization Theme,9B3qxZ4,2.0,KOR Dataset Utilization Theme,PBVkEJD,2.0,TWN Dataset Utilization Theme,by88rqy,2.0,HKG Dataset Utilization Theme,V45896D,1.0,GLB/D1 TOPDIV3000 Power Pool Feb`26 Theme,,,,,,,,,,,,,,,,,,,,,,,,,,,,,,,,,,,,
e78pYR7z,REGULAR,PS40111,EQUITY,ASI,MINVOL1M,1,0,INDUSTRY,0.08,ON,VERIFY,OFF,OFF,FASTEXPR,False,2014-01-01,2023-12-31,"ts_delta(divide(cashflow_op, revenue),8)",,2,2026-02-02T07:17:05-05:00,,2026-02-02T07:17:05-05:00,,False,False,,,ace_tag,llm_test,confidence_0.69,DATA_USAGE:SINGLE_DATA_SET,Single Data Set Alpha,,IS,UNSUBMITTED,8414423,20000000,1358,1442,0.4242,0.0813,0.7193,0.000383,0.39,0.17,2014-01-01,4185725.0,20000000.0,1769.0,1427.0,0.2262,0.0404,0.5046,0.000358,0.09,0.21,6727419.0,20000000.0,1358.0,1442.0,0.4242,0.065,0.7485,0.000306,0.13,0.34,LOW_SHARPE,FAIL,1.58,0.39,LOW_FITNESS,FAIL,1.0,0.17,LOW_ASI_JPN_SHARPE,FAIL,1,0.72,LOW_INVESTABILITY_CONSTRAINED_SHARPE,FAIL,0.27,0.21,LOW_TURNOVER,PASS,0.01,0.4242,HIGH_TURNOVER,PASS,0.7,0.4242,CONCENTRATED_WEIGHT,FAIL,2015-12-31,0.1,0.499877,LOW_SUB_UNIVERSE_SHARPE,PASS,0.12,0.88,LOW_ROBUST_UNIVERSE_SHARPE.WITH_RATIO,FAIL,0.9,0.35,0.22,LOW_ROBUST_UNIVERSE_RETURNS,FAIL,0.9,0.0732,0.0445,SELF_CORRELATION,PENDING,DATA_DIVERSITY,PENDING,PROD_CORRELATION,PENDING,REGULAR_SUBMISSION,PENDING,LOW_2Y_SHARPE,FAIL,0.2,1.58,MATCHES_COMPETITION,PENDING,AIACv2,AI Alphas Competition 2.0,PASS,MATCHES_PYRAMID,1.0,1.1,ASI/D1/FUNDAMENTAL,1.1,WARNING,MATCHES_THEMES,EDrKL34,2.0,JPN Dataset Utilization Theme,M4ZYx3D,2.0,AMR Dataset Utilization Theme,9B3qxZ4,2.0,KOR Dataset Utilization Theme,PBVkEJD,2.0,TWN Dataset Utilization Theme,by88rqy,2.0,HKG Dataset Utilization Theme,V45896D,1.0,GLB/D1 TOPDIV3000 Power Pool Feb`26 Theme,,,,,,,,,,,,,,,,,,,,,,,,,,,,,,,,,,,,
QPrJxMqK,REGULAR,PS40111,EQUITY,ASI,MINVOL1M,1,0,INDUSTRY,0.08,ON,VERIFY,OFF,OFF,FASTEXPR,False,2014-01-01,2023-12-31,"divide(income, sga_expense)",,1,2026-02-02T07:15:57-05:00,,2026-02-02T07:15:57-05:00,,False,False,,,ace_tag,llm_test,confidence_0.58,DATA_USAGE:SINGLE_DATA_SET,Single Data Set Alpha,,IS,UNSUBMITTED,-925822,20000000,1148,1966,0.0389,-0.0089,0.4967,-0.00046,-0.05,-0.01,2014-01-01,1375489.0,20000000.0,1200.0,1917.0,0.039,0.0133,0.5311,0.000681,0.03,0.08,-5259826.0,20000000.0,1148.0,1966.0,0.0389,-0.0508,0.7524,-0.002611,-0.22,-0.35,LOW_SHARPE,FAIL,1.58,-0.05,LOW_FITNESS,FAIL,1.0,-0.01,LOW_ASI_JPN_SHARPE,FAIL,1,-0.42,LOW_INVESTABILITY_CONSTRAINED_SHARPE,PASS,-0.03,0.08,LOW_TURNOVER,PASS,0.01,0.0389,HIGH_TURNOVER,PASS,0.7,0.0389,CONCENTRATED_WEIGHT,FAIL,2014-01-20,0.1,0.499312,LOW_SUB_UNIVERSE_SHARPE,PASS,-0.01,0.15,LOW_ROBUST_UNIVERSE_SHARPE.WITH_RATIO,FAIL,0.9,-0.05,-0.12,LOW_ROBUST_UNIVERSE_RETURNS,FAIL,0.9,-0.008,-0.0206,SELF_CORRELATION,PENDING,DATA_DIVERSITY,PENDING,PROD_CORRELATION,PENDING,REGULAR_SUBMISSION,PENDING,LOW_2Y_SHARPE,FAIL,-0.09,1.58,MATCHES_COMPETITION,PENDING,AIACv2,AI Alphas Competition 2.0,PASS,MATCHES_PYRAMID,1.0,1.1,ASI/D1/FUNDAMENTAL,1.1,WARNING,MATCHES_THEMES,EDrKL34,2.0,JPN Dataset Utilization Theme,M4ZYx3D,2.0,AMR Dataset Utilization Theme,9B3qxZ4,2.0,KOR Dataset Utilization Theme,PBVkEJD,2.0,TWN Dataset Utilization Theme,by88rqy,2.0,HKG Dataset Utilization Theme,V45896D,1.0,GLB/D1 TOPDIV3000 Power Pool Feb`26 Theme,,,,,,,,,,,,,,,,,,,,,,,,,,,,,,,,,,,,
zqwMxZaG,REGULAR,PS40111,EQUITY,ASI,MINVOL1M,1,0,INDUSTRY,0.08,ON,VERIFY,OFF,OFF,FASTEXPR,False,2014-01-01,2023-12-31,"subtract(operating_margin, ts_delta(sales,4))",,2,2026-02-02T07:15:56-05:00,,2026-02-02T07:15:56-05:00,,False,False,,,ace_tag,llm_test,confidence_0.49,DATA_USAGE:SINGLE_DATA_SET,Single Data Set Alpha,,IS,UNSUBMITTED,5619878,20000000,1793,1358,0.5915,0.0543,0.3518,0.000184,0.29,0.09,2014-01-01,6511828.0,20000000.0,1768.0,1385.0,0.2685,0.0629,0.5401,0.000469,0.13,0.26,-381083.0,20000000.0,1793.0,1358.0,0.5915,-0.0037,0.4786,-1.2e-05,-0.0,-0.02,LOW_SHARPE,FAIL,1.58,0.29,LOW_FITNESS,FAIL,1.0,0.09,LOW_ASI_JPN_SHARPE,FAIL,1,0.15,LOW_INVESTABILITY_CONSTRAINED_SHARPE,PASS,0.2,0.26,LOW_TURNOVER,PASS,0.01,0.5915,HIGH_TURNOVER,PASS,0.7,0.5915,CONCENTRATED_WEIGHT,FAIL,2021-04-16,0.1,0.49998,LOW_SUB_UNIVERSE_SHARPE,PASS,0.09,0.16,LOW_ROBUST_UNIVERSE_SHARPE.WITH_RATIO,PASS,0.9,0.26,0.27,LOW_ROBUST_UNIVERSE_RETURNS,PASS,0.9,0.0489,0.0511,SELF_CORRELATION,PENDING,DATA_DIVERSITY,PENDING,PROD_CORRELATION,PENDING,REGULAR_SUBMISSION,PENDING,LOW_2Y_SHARPE,FAIL,-0.19,1.58,MATCHES_COMPETITION,PENDING,AIACv2,AI Alphas Competition 2.0,PASS,MATCHES_PYRAMID,1.0,1.1,ASI/D1/FUNDAMENTAL,1.1,WARNING,MATCHES_THEMES,EDrKL34,2.0,JPN Dataset Utilization Theme,M4ZYx3D,2.0,AMR Dataset Utilization Theme,9B3qxZ4,2.0,KOR Dataset Utilization Theme,PBVkEJD,2.0,TWN Dataset Utilization Theme,by88rqy,2.0,HKG Dataset Utilization Theme,V45896D,1.0,GLB/D1 TOPDIV3000 Power Pool Feb`26 Theme,,,,,,,,,,,,,,,,,,,,,,,,,,,,,,,,,,,,
2rq0Xe98,REGULAR,PS40111,EQUITY,ASI,MINVOL1M,1,0,INDUSTRY,0.08,ON,VERIFY,OFF,OFF,FASTEXPR,False,2014-01-01,2023-12-31,"ts_delta(fnd23_vbts, 4)","ts_delta(fnd23_vbts, 4) — change in tangible book value (fnd23_vbts). Single solid field. Confidence: 0.65.",1,2026-02-02T05:54:22-05:00,,2026-02-02T05:54:25-05:00,,False,False,,,ace_tag,llm_test,confidence_0.61,DATA_USAGE:SINGLE_DATA_SET,Single Data Set Alpha,,IS,UNSUBMITTED,1900532,20000000,407,998,0.7236,0.0184,0.3915,5.1e-05,0.1,0.02,2014-01-01,2583542.0,20000000.0,1551.0,1749.0,0.3144,0.025,0.3609,0.000159,0.04,0.15,1093150.0,20000000.0,407.0,998.0,0.7236,0.0106,0.3955,2.9e-05,0.01,0.06,LOW_SHARPE,FAIL,1.58,0.1,LOW_FITNESS,FAIL,1.0,0.02,LOW_ASI_JPN_SHARPE,FAIL,1,0.26,LOW_INVESTABILITY_CONSTRAINED_SHARPE,PASS,0.07,0.15,LOW_TURNOVER,PASS,0.01,0.7236,HIGH_TURNOVER,FAIL,0.7,0.7236,CONCENTRATED_WEIGHT,FAIL,2021-01-05,0.1,0.500003,LOW_SUB_UNIVERSE_SHARPE,FAIL,0.03,-0.03,LOW_ROBUST_UNIVERSE_SHARPE.WITH_RATIO,PASS,0.9,0.09,0.16,LOW_ROBUST_UNIVERSE_RETURNS,PASS,0.9,0.0166,0.0274,SELF_CORRELATION,PENDING,DATA_DIVERSITY,PENDING,PROD_CORRELATION,PENDING,REGULAR_SUBMISSION,PENDING,LOW_2Y_SHARPE,FAIL,0.37,1.58,MATCHES_COMPETITION,PENDING,AIACv2,AI Alphas Competition 2.0,PASS,MATCHES_PYRAMID,1.0,1.1,ASI/D1/FUNDAMENTAL,1.1,WARNING,MATCHES_THEMES,EDrKL34,2.0,JPN Dataset Utilization Theme,M4ZYx3D,2.0,AMR Dataset Utilization Theme,9B3qxZ4,2.0,KOR Dataset Utilization Theme,PBVkEJD,2.0,TWN Dataset Utilization Theme,by88rqy,2.0,HKG Dataset Utilization Theme,V45896D,1.0,GLB/D1 TOPDIV3000 Power Pool Feb`26 Theme,,,,,,,,,,,,,,,,,,,,,,,,,,,,,,,,,,,,
kqk7w2Y6,REGULAR,PS40111,EQUITY,ASI,MINVOL1M,1,0,INDUSTRY,0.08,ON,VERIFY,OFF,OFF,FASTEXPR,False,2014-01-01,2023-12-31,"divide(ebit, assets)",,1,2026-02-02T07:17:01-05:00,,2026-02-02T07:17:02-05:00,,False,False,,,ace_tag,llm_test,confidence_0.66,DATA_USAGE:SINGLE_DATA_SET,Single Data Set Alpha,,IS,UNSUBMITTED,8936512,20000000,1413,1778,0.0342,0.0864,0.5364,0.005044,0.41,0.34,2014-01-01,9521183.0,20000000.0,1420.0,1774.0,0.0318,0.092,0.5043,0.005783,0.41,0.48,5589345.0,20000000.0,1413.0,1778.0,0.0342,0.054,0.2548,0.003155,0.23,0.35,LOW_SHARPE,FAIL,1.58,0.41,LOW_FITNESS,FAIL,1.0,0.34,LOW_ASI_JPN_SHARPE,FAIL,1,0.15,LOW_INVESTABILITY_CONSTRAINED_SHARPE,PASS,0.29,0.48,LOW_TURNOVER,PASS,0.01,0.0342,HIGH_TURNOVER,PASS,0.7,0.0342,CONCENTRATED_WEIGHT,FAIL,2020-11-30,0.1,0.491818,LOW_SUB_UNIVERSE_SHARPE,PASS,0.12,0.46,LOW_ROBUST_UNIVERSE_SHARPE.WITH_RATIO,PASS,0.9,0.37,0.64,LOW_ROBUST_UNIVERSE_RETURNS,FAIL,0.9,0.0778,0.0506,SELF_CORRELATION,PENDING,DATA_DIVERSITY,PENDING,PROD_CORRELATION,PENDING,REGULAR_SUBMISSION,PENDING,LOW_2Y_SHARPE,FAIL,0.81,1.58,MATCHES_COMPETITION,PENDING,AIACv2,AI Alphas Competition 2.0,PASS,MATCHES_PYRAMID,1.0,1.1,ASI/D1/FUNDAMENTAL,1.1,WARNING,MATCHES_THEMES,EDrKL34,2.0,JPN Dataset Utilization Theme,M4ZYx3D,2.0,AMR Dataset Utilization Theme,9B3qxZ4,2.0,KOR Dataset Utilization Theme,PBVkEJD,2.0,TWN Dataset Utilization Theme,by88rqy,2.0,HKG Dataset Utilization Theme,V45896D,1.0,GLB/D1 TOPDIV3000 Power Pool Feb`26 Theme,,,,,,,,,,,,,,,,,,,,,,,,,,,,,,,,,,,,
Gr0a2PnQ,REGULAR,PS40111,EQUITY,ASI,MINVOL1M,1,0,INDUSTRY,0.08,ON,VERIFY,OFF,OFF,FASTEXPR,False,2014-01-01,2023-12-31,zscore(cashflow_op),,1,2026-02-02T07:15:59-05:00,,2026-02-02T07:16:00-05:00,,False,False,,,ace_tag,llm_test,confidence_0.56,DATA_USAGE:SINGLE_DATA_SET,Single Data Set Alpha,,IS,UNSUBMITTED,2549505,20000000,752,2580,0.0212,0.0246,0.1699,0.00232,0.27,0.12,2014-01-01,1492313.0,20000000.0,844.0,2490.0,0.0228,0.0144,0.1819,0.001265,0.05,0.16,1626676.0,20000000.0,752.0,2580.0,0.0212,0.0157,0.1364,0.00148,0.1,0.29,LOW_SHARPE,FAIL,1.58,0.27,LOW_FITNESS,FAIL,1.0,0.12,LOW_ASI_JPN_SHARPE,FAIL,1,0.08,LOW_INVESTABILITY_CONSTRAINED_SHARPE,FAIL,0.19,0.16,LOW_TURNOVER,PASS,0.01,0.0212,HIGH_TURNOVER,PASS,0.7,0.0212,CONCENTRATED_WEIGHT,PASS,,,,LOW_SUB_UNIVERSE_SHARPE,PASS,0.08,0.25,LOW_ROBUST_UNIVERSE_SHARPE.WITH_RATIO,FAIL,0.9,0.24,0.16,LOW_ROBUST_UNIVERSE_RETURNS,FAIL,0.9,0.0221,0.0147,SELF_CORRELATION,PENDING,DATA_DIVERSITY,PENDING,PROD_CORRELATION,PENDING,REGULAR_SUBMISSION,PENDING,LOW_2Y_SHARPE,FAIL,0.89,1.58,MATCHES_COMPETITION,PENDING,AIACv2,AI Alphas Competition 2.0,PASS,MATCHES_PYRAMID,1.0,1.1,ASI/D1/FUNDAMENTAL,1.1,WARNING,MATCHES_THEMES,EDrKL34,2.0,JPN Dataset Utilization Theme,M4ZYx3D,2.0,AMR Dataset Utilization Theme,9B3qxZ4,2.0,KOR Dataset Utilization Theme,PBVkEJD,2.0,TWN Dataset Utilization Theme,by88rqy,2.0,HKG Dataset Utilization Theme,V45896D,1.0,GLB/D1 TOPDIV3000 Power Pool Feb`26 Theme,,,,,,,,,,,,,,,,,,,,,,,,,,,,,,,,,,,,
WjwqZ83d,REGULAR,PS40111,EQUITY,ASI,MINVOL1M,1,0,INDUSTRY,0.08,ON,VERIFY,OFF,OFF,FASTEXPR,False,2014-01-01,2023-12-31,"ts_delta(divide(pretax_income, revenue),4)",,2,2026-02-02T07:17:15-05:00,,2026-02-02T07:17:15-05:00,,False,False,,,ace_tag,llm_test,confidence_0.63,DATA_USAGE:SINGLE_DATA_SET,Single Data Set Alpha,,IS,UNSUBMITTED,-2707755,20000000,1172,1136,0.7409,-0.0262,1.7532,-7.1e-05,-0.1,-0.02,2014-01-01,-18732760.0,20000000.0,1610.0,1599.0,0.3338,-0.181,1.9855,-0.001085,-0.55,-0.75,986829.0,20000000.0,1172.0,1136.0,0.7409,0.0095,1.3234,2.6e-05,0.0,0.04,LOW_SHARPE,FAIL,1.58,-0.1,LOW_FITNESS,FAIL,1.0,-0.02,LOW_ASI_JPN_SHARPE,FAIL,1,-0.22,LOW_INVESTABILITY_CONSTRAINED_SHARPE,FAIL,-0.07,-0.75,LOW_TURNOVER,PASS,0.01,0.7409,HIGH_TURNOVER,FAIL,0.7,0.7409,CONCENTRATED_WEIGHT,FAIL,2018-01-05,0.1,0.500002,LOW_SUB_UNIVERSE_SHARPE,PASS,-0.03,-0.01,LOW_ROBUST_UNIVERSE_SHARPE.WITH_RATIO,FAIL,0.9,-0.09,-0.11,LOW_ROBUST_UNIVERSE_RETURNS,FAIL,0.9,-0.0236,-0.0271,SELF_CORRELATION,PENDING,DATA_DIVERSITY,PENDING,PROD_CORRELATION,PENDING,REGULAR_SUBMISSION,PENDING,LOW_2Y_SHARPE,FAIL,0.58,1.58,MATCHES_COMPETITION,PENDING,AIACv2,AI Alphas Competition 2.0,PASS,MATCHES_PYRAMID,1.0,1.1,ASI/D1/FUNDAMENTAL,1.1,WARNING,MATCHES_THEMES,EDrKL34,2.0,JPN Dataset Utilization Theme,M4ZYx3D,2.0,AMR Dataset Utilization Theme,9B3qxZ4,2.0,KOR Dataset Utilization Theme,PBVkEJD,2.0,TWN Dataset Utilization Theme,by88rqy,2.0,HKG Dataset Utilization Theme,V45896D,1.0,GLB/D1 TOPDIV3000 Power Pool Feb`26 Theme,,,,,,,,,,,,,,,,,,,,,,,,,,,,,,,,,,,,
j2lEpvV9,REGULAR,PS40111,EQUITY,ASI,MINVOL1M,1,0,INDUSTRY,0.08,ON,VERIFY,OFF,OFF,FASTEXPR,False,2014-01-01,2023-12-31,"ts_delta(debt_st,4)",,1,2026-02-02T07:16:04-05:00,,2026-02-02T07:16:05-05:00,,False,False,,,ace_tag,llm_test,confidence_0.52,DATA_USAGE:SINGLE_DATA_SET,Single Data Set Alpha,,IS,UNSUBMITTED,5696591,20000000,1016,1093,0.753,0.0551,0.2153,0.000146,0.4,0.11,2014-01-01,-1906059.0,20000000.0,1583.0,1647.0,0.3356,-0.0184,0.3671,-0.00011,-0.04,-0.15,7796962.0,20000000.0,1016.0,1093.0,0.753,0.0753,0.1566,0.0002,0.21,0.65,LOW_SHARPE,FAIL,1.58,0.4,LOW_FITNESS,FAIL,1.0,0.11,LOW_ASI_JPN_SHARPE,FAIL,1,0.55,LOW_INVESTABILITY_CONSTRAINED_SHARPE,FAIL,0.28,-0.15,LOW_TURNOVER,PASS,0.01,0.753,HIGH_TURNOVER,FAIL,0.7,0.753,CONCENTRATED_WEIGHT,FAIL,2017-01-06,0.1,0.500002,LOW_SUB_UNIVERSE_SHARPE,FAIL,0.12,-0.27,LOW_ROBUST_UNIVERSE_SHARPE.WITH_RATIO,PASS,0.9,0.36,0.41,LOW_ROBUST_UNIVERSE_RETURNS,PASS,0.9,0.0496,0.0554,SELF_CORRELATION,PENDING,DATA_DIVERSITY,PENDING,PROD_CORRELATION,PENDING,REGULAR_SUBMISSION,PENDING,LOW_2Y_SHARPE,FAIL,0.34,1.58,MATCHES_COMPETITION,PENDING,AIACv2,AI Alphas Competition 2.0,PASS,MATCHES_PYRAMID,1.0,1.1,ASI/D1/FUNDAMENTAL,1.1,WARNING,MATCHES_THEMES,EDrKL34,2.0,JPN Dataset Utilization Theme,M4ZYx3D,2.0,AMR Dataset Utilization Theme,9B3qxZ4,2.0,KOR Dataset Utilization Theme,PBVkEJD,2.0,TWN Dataset Utilization Theme,by88rqy,2.0,HKG Dataset Utilization Theme,V45896D,1.0,GLB/D1 TOPDIV3000 Power Pool Feb`26 Theme,,,,,,,,,,,,,,,,,,,,,,,,,,,,,,,,,,,,
omwpbAbn,REGULAR,PS40111,EQUITY,ASI,MINVOL1M,1,0,INDUSTRY,0.08,ON,VERIFY,OFF,OFF,FASTEXPR,False,2014-01-01,2023-12-31,"divide(cashflow_op, debt)",,1,2026-02-02T07:18:38-05:00,,2026-02-02T07:18:38-05:00,,False,False,,,ace_tag,llm_test,confidence_0.68,DATA_USAGE:SINGLE_DATA_SET,Single Data Set Alpha,,IS,UNSUBMITTED,8863066,20000000,664,2274,0.0527,0.0857,0.2658,0.003249,0.59,0.49,2014-01-01,6308527.0,20000000.0,883.0,2061.0,0.048,0.061,0.2333,0.002542,0.34,0.49,5964311.0,20000000.0,664.0,2274.0,0.0527,0.0576,0.2079,0.002186,0.3,0.44,LOW_SHARPE,FAIL,1.58,0.59,LOW_FITNESS,FAIL,1.0,0.49,LOW_ASI_JPN_SHARPE,FAIL,1,0.48,LOW_INVESTABILITY_CONSTRAINED_SHARPE,PASS,0.41,0.49,LOW_TURNOVER,PASS,0.01,0.0527,HIGH_TURNOVER,PASS,0.7,0.0527,CONCENTRATED_WEIGHT,FAIL,2021-04-30,0.1,0.49557,LOW_SUB_UNIVERSE_SHARPE,PASS,0.17,0.24,LOW_ROBUST_UNIVERSE_SHARPE.WITH_RATIO,FAIL,0.9,0.53,0.2,LOW_ROBUST_UNIVERSE_RETURNS,FAIL,0.9,0.0771,0.0267,SELF_CORRELATION,PENDING,DATA_DIVERSITY,PENDING,PROD_CORRELATION,PENDING,REGULAR_SUBMISSION,PENDING,LOW_2Y_SHARPE,FAIL,1.19,1.58,MATCHES_COMPETITION,PENDING,AIACv2,AI Alphas Competition 2.0,PASS,MATCHES_PYRAMID,1.0,1.1,ASI/D1/FUNDAMENTAL,1.1,WARNING,MATCHES_THEMES,EDrKL34,2.0,JPN Dataset Utilization Theme,M4ZYx3D,2.0,AMR Dataset Utilization Theme,9B3qxZ4,2.0,KOR Dataset Utilization Theme,PBVkEJD,2.0,TWN Dataset Utilization Theme,by88rqy,2.0,HKG Dataset Utilization Theme,V45896D,1.0,GLB/D1 TOPDIV3000 Power Pool Feb`26 Theme,,,,,,,,,,,,,,,,,,,,,,,,,,,,,,,,,,,,
omwpjoKk,REGULAR,PS40111,EQUITY,ASI,MINVOL1M,1,0,INDUSTRY,0.08,ON,VERIFY,OFF,OFF,FASTEXPR,False,2014-01-01,2023-12-31,"ts_delta(divide(income, assets),4)",Tracks improvement in income generated per asset. SUGGESTION1: uses income and assets. SUGGESTION2: none. SUGGESTION3: high coverage. SUGGESTION4: both commonly used. Confidence: 0.64.,2,2026-02-02T07:10:29-05:00,,2026-02-02T07:10:34-05:00,,False,False,,,ace_tag,llm_test,confidence_0.65,DATA_USAGE:SINGLE_DATA_SET,Single Data Set Alpha,,IS,UNSUBMITTED,-7509461,20000000,1304,1237,0.706,-0.0726,1.0065,-0.000206,-0.43,-0.14,2014-01-01,-11564541.0,20000000.0,1708.0,1625.0,0.3436,-0.1118,1.2568,-0.000651,-0.45,-0.79,-5932374.0,20000000.0,1304.0,1237.0,0.706,-0.0573,0.8066,-0.000162,-0.11,-0.38,LOW_SHARPE,FAIL,1.58,-0.43,LOW_FITNESS,FAIL,1.0,-0.14,LOW_ASI_JPN_SHARPE,FAIL,1,0.09,LOW_INVESTABILITY_CONSTRAINED_SHARPE,FAIL,-0.3,-0.79,LOW_TURNOVER,PASS,0.01,0.706,HIGH_TURNOVER,FAIL,0.7,0.706,CONCENTRATED_WEIGHT,FAIL,2017-01-04,0.1,0.500001,LOW_SUB_UNIVERSE_SHARPE,PASS,-0.13,0.04,LOW_ROBUST_UNIVERSE_SHARPE.WITH_RATIO,PASS,0.9,-0.39,0.05,LOW_ROBUST_UNIVERSE_RETURNS,PASS,0.9,-0.0653,0.0078,SELF_CORRELATION,PENDING,DATA_DIVERSITY,PENDING,PROD_CORRELATION,PENDING,REGULAR_SUBMISSION,PENDING,LOW_2Y_SHARPE,FAIL,-0.75,1.58,MATCHES_COMPETITION,PENDING,AIACv2,AI Alphas Competition 2.0,PASS,MATCHES_PYRAMID,1.0,1.1,ASI/D1/FUNDAMENTAL,1.1,WARNING,MATCHES_THEMES,EDrKL34,2.0,JPN Dataset Utilization Theme,M4ZYx3D,2.0,AMR Dataset Utilization Theme,9B3qxZ4,2.0,KOR Dataset Utilization Theme,PBVkEJD,2.0,TWN Dataset Utilization Theme,by88rqy,2.0,HKG Dataset Utilization Theme,V45896D,1.0,GLB/D1 TOPDIV3000 Power Pool Feb`26 Theme,,,,,,,,,,,,,,,,,,,,,,,,,,,,,,,,,,,,
N1Wwd5WX,REGULAR,PS40111,EQUITY,ASI,MINVOL1M,1,0,INDUSTRY,0.08,ON,VERIFY,OFF,OFF,FASTEXPR,False,2014-01-01,2023-12-31,"ts_zscore(operating_margin,12)",,1,2026-02-02T07:19:17-05:00,,2026-02-02T07:19:18-05:00,,False,False,,,ace_tag,llm_test,confidence_0.62,DATA_USAGE:SINGLE_DATA_SET,Single Data Set Alpha,,IS,UNSUBMITTED,1756959,20000000,233,232,0.5505,0.017,0.2213,6.2e-05,0.25,0.04,2014-01-01,-643814.0,20000000.0,340.0,354.0,0.2123,-0.0062,0.2421,-5.9e-05,-0.01,-0.08,1849030.0,20000000.0,233.0,232.0,0.5505,0.0179,0.2253,6.5e-05,0.05,0.29,LOW_SHARPE,FAIL,1.58,0.25,LOW_FITNESS,FAIL,1.0,0.04,LOW_ASI_JPN_SHARPE,FAIL,1,-0.35,LOW_INVESTABILITY_CONSTRAINED_SHARPE,FAIL,0.17,-0.08,LOW_TURNOVER,PASS,0.01,0.5505,HIGH_TURNOVER,PASS,0.7,0.5505,CONCENTRATED_WEIGHT,FAIL,2023-01-06,0.1,0.166667,LOW_SUB_UNIVERSE_SHARPE,FAIL,0.07,-0.29,LOW_ROBUST_UNIVERSE_SHARPE.WITH_RATIO,PASS,0.9,0.23,0.23,LOW_ROBUST_UNIVERSE_RETURNS,PASS,0.9,0.0153,0.0162,SELF_CORRELATION,PENDING,DATA_DIVERSITY,PENDING,PROD_CORRELATION,PENDING,REGULAR_SUBMISSION,PENDING,LOW_2Y_SHARPE,FAIL,-0.95,1.58,MATCHES_COMPETITION,PENDING,AIACv2,AI Alphas Competition 2.0,PASS,MATCHES_PYRAMID,1.0,1.1,ASI/D1/FUNDAMENTAL,1.1,WARNING,MATCHES_THEMES,EDrKL34,2.0,JPN Dataset Utilization Theme,M4ZYx3D,2.0,AMR Dataset Utilization Theme,9B3qxZ4,2.0,KOR Dataset Utilization Theme,PBVkEJD,2.0,TWN Dataset Utilization Theme,by88rqy,2.0,HKG Dataset Utilization Theme,V45896D,1.0,GLB/D1 TOPDIV3000 Power Pool Feb`26 Theme,,,,,,,,,,,,,,,,,,,,,,,,,,,,,,,,,,,,
vRnqExX3,REGULAR,PS40111,EQUITY,ASI,MINVOL1M,1,0,INDUSTRY,0.08,ON,VERIFY,OFF,OFF,FASTEXPR,False,2014-01-01,2023-12-31,"subtract(ts_delta(cost_of_revenue,4), ts_delta(accounts_payable,4))",,3,2026-02-02T07:18:37-05:00,,2026-02-02T07:18:38-05:00,,False,False,,,ace_tag,llm_test,confidence_0.47,DATA_USAGE:SINGLE_DATA_SET,Single Data Set Alpha,,IS,UNSUBMITTED,226783,20000000,1029,1298,0.7422,0.0022,0.2395,6e-06,0.02,0.0,2014-01-01,-11734290.0,20000000.0,1547.0,1517.0,0.3385,-0.1134,1.2086,-0.00067,-0.58,-1.0,-551116.0,20000000.0,1029.0,1298.0,0.7422,-0.0053,0.4267,-1.4e-05,-0.0,-0.05,LOW_SHARPE,FAIL,1.58,0.02,LOW_FITNESS,FAIL,1.0,0.0,LOW_ASI_JPN_SHARPE,FAIL,1,-0.23,LOW_INVESTABILITY_CONSTRAINED_SHARPE,FAIL,0.01,-1.0,LOW_TURNOVER,PASS,0.01,0.7422,HIGH_TURNOVER,FAIL,0.7,0.7422,CONCENTRATED_WEIGHT,FAIL,2023-01-06,0.1,0.5,LOW_SUB_UNIVERSE_SHARPE,PASS,0.01,0.06,LOW_ROBUST_UNIVERSE_SHARPE.WITH_RATIO,PASS,0.9,0.02,0.04,LOW_ROBUST_UNIVERSE_RETURNS,PASS,0.9,0.002,0.0052,SELF_CORRELATION,PENDING,DATA_DIVERSITY,PENDING,PROD_CORRELATION,PENDING,REGULAR_SUBMISSION,PENDING,LOW_2Y_SHARPE,FAIL,-0.29,1.58,MATCHES_COMPETITION,PENDING,AIACv2,AI Alphas Competition 2.0,PASS,MATCHES_PYRAMID,1.0,1.1,ASI/D1/FUNDAMENTAL,1.1,WARNING,MATCHES_THEMES,EDrKL34,2.0,JPN Dataset Utilization Theme,M4ZYx3D,2.0,AMR Dataset Utilization Theme,9B3qxZ4,2.0,KOR Dataset Utilization Theme,PBVkEJD,2.0,TWN Dataset Utilization Theme,by88rqy,2.0,HKG Dataset Utilization Theme,V45896D,1.0,GLB/D1 TOPDIV3000 Power Pool Feb`26 Theme,,,,,,,,,,,,,,,,,,,,,,,,,,,,,,,,,,,,
xAw6LQap,REGULAR,PS40111,EQUITY,ASI,MINVOL1M,1,0,INDUSTRY,0.08,ON,VERIFY,OFF,OFF,FASTEXPR,False,2014-01-01,2023-12-31,"subtract(operating_margin, ts_delta(divide(sga_expense, revenue),4))",,3,2026-02-02T07:18:42-05:00,,2026-02-02T07:18:43-05:00,,False,False,,,ace_tag,llm_test,confidence_0.53,DATA_USAGE:SINGLE_DATA_SET,Single Data Set Alpha,,IS,UNSUBMITTED,18588285,20000000,1848,1275,0.038,0.1796,0.8596,0.009463,0.57,0.68,2014-01-01,11072031.0,20000000.0,1607.0,1519.0,0.0403,0.107,0.85,0.005316,0.36,0.39,3682216.0,20000000.0,1848.0,1275.0,0.038,0.0356,0.8471,0.001875,0.07,0.13,LOW_SHARPE,FAIL,1.58,0.57,LOW_FITNESS,FAIL,1.0,0.68,LOW_ASI_JPN_SHARPE,FAIL,1,0.28,LOW_INVESTABILITY_CONSTRAINED_SHARPE,FAIL,0.4,0.39,LOW_TURNOVER,PASS,0.01,0.038,HIGH_TURNOVER,PASS,0.7,0.038,CONCENTRATED_WEIGHT,FAIL,2014-02-20,0.1,0.408073,LOW_SUB_UNIVERSE_SHARPE,FAIL,0.17,-0.04,LOW_ROBUST_UNIVERSE_SHARPE.WITH_RATIO,PASS,0.9,0.51,0.75,LOW_ROBUST_UNIVERSE_RETURNS,PASS,0.9,0.1616,0.2133,SELF_CORRELATION,PENDING,DATA_DIVERSITY,PENDING,PROD_CORRELATION,PENDING,REGULAR_SUBMISSION,PENDING,LOW_2Y_SHARPE,FAIL,1.23,1.58,MATCHES_COMPETITION,PENDING,AIACv2,AI Alphas Competition 2.0,PASS,MATCHES_PYRAMID,1.0,1.1,ASI/D1/FUNDAMENTAL,1.1,WARNING,MATCHES_THEMES,EDrKL34,2.0,JPN Dataset Utilization Theme,M4ZYx3D,2.0,AMR Dataset Utilization Theme,9B3qxZ4,2.0,KOR Dataset Utilization Theme,PBVkEJD,2.0,TWN Dataset Utilization Theme,by88rqy,2.0,HKG Dataset Utilization Theme,V45896D,1.0,GLB/D1 TOPDIV3000 Power Pool Feb`26 Theme,,,,,,,,,,,,,,,,,,,,,,,,,,,,,,,,,,,,
A1JWpbRQ,REGULAR,PS40111,EQUITY,ASI,MINVOL1M,1,0,INDUSTRY,0.08,ON,VERIFY,OFF,OFF,FASTEXPR,False,2014-01-01,2023-12-31,"divide(ts_backfill(goodwill,8), assets)",,2,2026-02-02T07:18:39-05:00,,2026-02-02T07:18:40-05:00,,False,False,,,ace_tag,llm_test,confidence_0.45,DATA_USAGE:SINGLE_DATA_SET,Single Data Set Alpha,,IS,UNSUBMITTED,-8784980,20000000,535,1633,0.0397,-0.0849,1.1312,-0.004273,-0.42,-0.35,2014-01-01,-5625052.0,20000000.0,592.0,1578.0,0.0404,-0.0544,0.929,-0.00269,-0.18,-0.27,-6747276.0,20000000.0,535.0,1633.0,0.0397,-0.0652,0.7884,-0.003282,-0.33,-0.46,LOW_SHARPE,FAIL,1.58,-0.42,LOW_FITNESS,FAIL,1.0,-0.35,LOW_ASI_JPN_SHARPE,FAIL,1,0.2,LOW_INVESTABILITY_CONSTRAINED_SHARPE,PASS,-0.29,-0.27,LOW_TURNOVER,PASS,0.01,0.0397,HIGH_TURNOVER,PASS,0.7,0.0397,CONCENTRATED_WEIGHT,FAIL,2021-07-14,0.1,0.491068,LOW_SUB_UNIVERSE_SHARPE,PASS,-0.12,-0.08,LOW_ROBUST_UNIVERSE_SHARPE.WITH_RATIO,PASS,0.9,-0.38,-0.11,LOW_ROBUST_UNIVERSE_RETURNS,PASS,0.9,-0.0764,-0.0212,SELF_CORRELATION,PENDING,DATA_DIVERSITY,PENDING,PROD_CORRELATION,PENDING,REGULAR_SUBMISSION,PENDING,LOW_2Y_SHARPE,FAIL,0.25,1.58,MATCHES_COMPETITION,PENDING,AIACv2,AI Alphas Competition 2.0,PASS,MATCHES_PYRAMID,1.0,1.1,ASI/D1/FUNDAMENTAL,1.1,WARNING,MATCHES_THEMES,EDrKL34,2.0,JPN Dataset Utilization Theme,M4ZYx3D,2.0,AMR Dataset Utilization Theme,9B3qxZ4,2.0,KOR Dataset Utilization Theme,PBVkEJD,2.0,TWN Dataset Utilization Theme,by88rqy,2.0,HKG Dataset Utilization Theme,V45896D,1.0,GLB/D1 TOPDIV3000 Power Pool Feb`26 Theme,,,,,,,,,,,,,,,,,,,,,,,,,,,,,,,,,,,,
1YV98LV6,REGULAR,PS40111,EQUITY,ASI,MINVOL1M,1,0,INDUSTRY,0.08,ON,VERIFY,OFF,OFF,FASTEXPR,False,2014-01-01,2023-12-31,"divide(cashflow_op, capex)",,1,2026-02-02T07:18:43-05:00,,2026-02-02T07:18:44-05:00,,False,False,,,ace_tag,llm_test,confidence_0.63,DATA_USAGE:SINGLE_DATA_SET,Single Data Set Alpha,,IS,UNSUBMITTED,-6323050,20000000,1861,1398,0.0377,-0.0611,0.6388,-0.003244,-0.54,-0.38,2014-01-01,-2981667.0,20000000.0,1773.0,1488.0,0.0376,-0.0288,0.4178,-0.001533,-0.13,-0.28,-4035239.0,20000000.0,1861.0,1398.0,0.0377,-0.039,0.4513,-0.00207,-0.22,-0.39,LOW_SHARPE,FAIL,1.58,-0.54,LOW_FITNESS,FAIL,1.0,-0.38,LOW_ASI_JPN_SHARPE,FAIL,1,-0.24,LOW_INVESTABILITY_CONSTRAINED_SHARPE,PASS,-0.38,-0.28,LOW_TURNOVER,PASS,0.01,0.0377,HIGH_TURNOVER,PASS,0.7,0.0377,CONCENTRATED_WEIGHT,FAIL,2023-08-30,0.1,0.499437,LOW_SUB_UNIVERSE_SHARPE,FAIL,-0.16,-0.27,LOW_ROBUST_UNIVERSE_SHARPE.WITH_RATIO,FAIL,0.9,-0.49,-0.54,LOW_ROBUST_UNIVERSE_RETURNS,FAIL,0.9,-0.055,-0.0596,SELF_CORRELATION,PENDING,DATA_DIVERSITY,PENDING,PROD_CORRELATION,PENDING,REGULAR_SUBMISSION,PENDING,LOW_2Y_SHARPE,FAIL,-0.23,1.58,MATCHES_COMPETITION,PENDING,AIACv2,AI Alphas Competition 2.0,PASS,MATCHES_PYRAMID,1.0,1.1,ASI/D1/FUNDAMENTAL,1.1,WARNING,MATCHES_THEMES,EDrKL34,2.0,JPN Dataset Utilization Theme,M4ZYx3D,2.0,AMR Dataset Utilization Theme,9B3qxZ4,2.0,KOR Dataset Utilization Theme,PBVkEJD,2.0,TWN Dataset Utilization Theme,by88rqy,2.0,HKG Dataset Utilization Theme,V45896D,1.0,GLB/D1 TOPDIV3000 Power Pool Feb`26 Theme,,,,,,,,,,,,,,,,,,,,,,,,,,,,,,,,,,,,
2rq0gRqx,REGULAR,PS40111,EQUITY,ASI,MINVOL1M,1,0,INDUSTRY,0.08,ON,VERIFY,OFF,OFF,FASTEXPR,False,2014-01-01,2023-12-31,"ts_ir(ts_delta(eps,4),12)",,2,2026-02-02T07:18:44-05:00,,2026-02-02T07:18:44-05:00,,False,False,,,ace_tag,llm_test,confidence_0.68,DATA_USAGE:SINGLE_DATA_SET,Single Data Set Alpha,,IS,UNSUBMITTED,2068684,20000000,396,370,0.2471,0.02,0.0916,0.000162,0.43,0.12,2014-01-01,-210340.0,20000000.0,530.0,511.0,0.1683,-0.002,0.1351,-2.4e-05,-0.0,-0.04,1461689.0,20000000.0,396.0,370.0,0.2471,0.0141,0.0886,0.000114,0.08,0.33,LOW_SHARPE,FAIL,1.58,0.43,LOW_FITNESS,FAIL,1.0,0.12,LOW_ASI_JPN_SHARPE,FAIL,1,-0.57,LOW_INVESTABILITY_CONSTRAINED_SHARPE,FAIL,0.3,-0.04,LOW_TURNOVER,PASS,0.01,0.2471,HIGH_TURNOVER,PASS,0.7,0.2471,CONCENTRATED_WEIGHT,FAIL,2014-01-20,0.1,0.499982,LOW_SUB_UNIVERSE_SHARPE,FAIL,0.13,-0.13,LOW_ROBUST_UNIVERSE_SHARPE.WITH_RATIO,FAIL,0.9,0.39,0.29,LOW_ROBUST_UNIVERSE_RETURNS,FAIL,0.9,0.018,0.0136,SELF_CORRELATION,PENDING,DATA_DIVERSITY,PENDING,PROD_CORRELATION,PENDING,REGULAR_SUBMISSION,PENDING,LOW_2Y_SHARPE,FAIL,0.02,1.58,MATCHES_COMPETITION,PENDING,AIACv2,AI Alphas Competition 2.0,PASS,MATCHES_PYRAMID,1.0,1.1,ASI/D1/FUNDAMENTAL,1.1,WARNING,MATCHES_THEMES,EDrKL34,2.0,JPN Dataset Utilization Theme,M4ZYx3D,2.0,AMR Dataset Utilization Theme,9B3qxZ4,2.0,KOR Dataset Utilization Theme,PBVkEJD,2.0,TWN Dataset Utilization Theme,by88rqy,2.0,HKG Dataset Utilization Theme,V45896D,1.0,GLB/D1 TOPDIV3000 Power Pool Feb`26 Theme,,,,,,,,,,,,,,,,,,,,,,,,,,,,,,,,,,,,
ak2YQGk1,REGULAR,PS40111,EQUITY,ASI,MINVOL1M,1,0,INDUSTRY,0.08,ON,VERIFY,OFF,OFF,FASTEXPR,False,2014-01-01,2023-12-31,"ts_delta(fnd23_fcos, 4)","ts_delta(subtract(fnd23_acta, liabilities_curr), 4) would be three fields; instead keep to two by using ts_delta(fnd23_fcos,4) (Changes in Working Capital field fnd23_fcos is available) — single chosen field to capture working-cap trends. Confidence: 0.55.",1,2026-02-02T05:54:11-05:00,,2026-02-02T05:54:15-05:00,,False,False,,,ace_tag,llm_test,confidence_0.56,DATA_USAGE:SINGLE_DATA_SET,Single Data Set Alpha,,IS,UNSUBMITTED,17639179,20000000,815,701,0.7583,0.1707,0.3087,0.00045,0.92,0.44,2014-01-01,10669723.0,20000000.0,1635.0,1662.0,0.3198,0.1033,0.2533,0.000646,0.36,0.63,19049087.0,20000000.0,815.0,701.0,0.7583,0.1844,0.243,0.000486,0.54,1.09,LOW_SHARPE,FAIL,1.58,0.92,LOW_FITNESS,FAIL,1.0,0.44,LOW_ASI_JPN_SHARPE,FAIL,1,0.27,LOW_INVESTABILITY_CONSTRAINED_SHARPE,FAIL,0.64,0.63,LOW_TURNOVER,PASS,0.01,0.7583,HIGH_TURNOVER,FAIL,0.7,0.7583,CONCENTRATED_WEIGHT,FAIL,2016-01-07,0.1,0.500002,LOW_SUB_UNIVERSE_SHARPE,PASS,0.27,0.41,LOW_ROBUST_UNIVERSE_SHARPE.WITH_RATIO,FAIL,0.9,0.83,0.74,LOW_ROBUST_UNIVERSE_RETURNS,FAIL,0.9,0.1536,0.1241,SELF_CORRELATION,PENDING,DATA_DIVERSITY,PENDING,PROD_CORRELATION,PENDING,REGULAR_SUBMISSION,PENDING,LOW_2Y_SHARPE,FAIL,0.77,1.58,MATCHES_COMPETITION,PENDING,AIACv2,AI Alphas Competition 2.0,PASS,MATCHES_PYRAMID,1.0,1.1,ASI/D1/FUNDAMENTAL,1.1,WARNING,MATCHES_THEMES,EDrKL34,2.0,JPN Dataset Utilization Theme,M4ZYx3D,2.0,AMR Dataset Utilization Theme,9B3qxZ4,2.0,KOR Dataset Utilization Theme,PBVkEJD,2.0,TWN Dataset Utilization Theme,by88rqy,2.0,HKG Dataset Utilization Theme,V45896D,1.0,GLB/D1 TOPDIV3000 Power Pool Feb`26 Theme,,,,,,,,,,,,,,,,,,,,,,,,,,,,,,,,,,,,
MPlWE15k,REGULAR,PS40111,EQUITY,ASI,MINVOL1M,1,0,INDUSTRY,0.08,ON,VERIFY,OFF,OFF,FASTEXPR,False,2014-01-01,2023-12-31,"subtract(fnd23_mtps, ts_delta(fnd23_rtes,4))",,2,2026-02-02T07:22:11-05:00,,2026-02-02T07:22:12-05:00,,False,False,,,ace_tag,llm_test,confidence_0.49,DATA_USAGE:SINGLE_DATA_SET,Single Data Set Alpha,,IS,UNSUBMITTED,19226255,20000000,1500,1697,0.0266,0.1858,0.5124,0.013974,0.63,0.77,2014-01-01,13606664.0,20000000.0,1451.0,1747.0,0.0258,0.1315,0.446,0.010186,0.51,0.5,10473407.0,20000000.0,1500.0,1697.0,0.0266,0.1012,0.7501,0.007612,0.34,0.38,LOW_SHARPE,FAIL,1.58,0.63,LOW_FITNESS,FAIL,1.0,0.77,LOW_ASI_JPN_SHARPE,FAIL,1,0.46,LOW_INVESTABILITY_CONSTRAINED_SHARPE,PASS,0.44,0.5,LOW_TURNOVER,PASS,0.01,0.0266,HIGH_TURNOVER,PASS,0.7,0.0266,CONCENTRATED_WEIGHT,FAIL,2023-06-12,0.1,0.424755,LOW_SUB_UNIVERSE_SHARPE,PASS,0.19,0.46,LOW_ROBUST_UNIVERSE_SHARPE.WITH_RATIO,PASS,0.9,0.57,0.77,LOW_ROBUST_UNIVERSE_RETURNS,PASS,0.9,0.1672,0.2103,SELF_CORRELATION,PENDING,DATA_DIVERSITY,PENDING,PROD_CORRELATION,PENDING,REGULAR_SUBMISSION,PENDING,LOW_2Y_SHARPE,FAIL,0.89,1.58,MATCHES_COMPETITION,PENDING,AIACv2,AI Alphas Competition 2.0,PASS,MATCHES_PYRAMID,1.0,1.1,ASI/D1/FUNDAMENTAL,1.1,WARNING,MATCHES_THEMES,EDrKL34,2.0,JPN Dataset Utilization Theme,M4ZYx3D,2.0,AMR Dataset Utilization Theme,9B3qxZ4,2.0,KOR Dataset Utilization Theme,PBVkEJD,2.0,TWN Dataset Utilization Theme,by88rqy,2.0,HKG Dataset Utilization Theme,V45896D,1.0,GLB/D1 TOPDIV3000 Power Pool Feb`26 Theme,,,,,,,,,,,,,,,,,,,,,,,,,,,,,,,,,,,,
RRZ3OE0d,REGULAR,PS40111,EQUITY,ASI,MINVOL1M,1,0,INDUSTRY,0.08,ON,VERIFY,OFF,OFF,FASTEXPR,False,2014-01-01,2023-12-31,"subtract(ts_delta(retained_earnings,4), ts_delta(fnd23_pamonper,4))",,3,2026-02-02T07:23:18-05:00,,2026-02-02T07:23:18-05:00,,False,False,,,ace_tag,llm_test,confidence_0.5,DATA_USAGE:SINGLE_DATA_SET,Single Data Set Alpha,,IS,UNSUBMITTED,3566043,20000000,211,450,0.7436,0.0345,0.2982,9.3e-05,0.25,0.05,2014-01-01,-5666034.0,20000000.0,529.0,688.0,0.2901,-0.0548,0.7701,-0.000377,-0.17,-0.38,23545.0,20000000.0,211.0,450.0,0.7436,0.0002,0.4583,1e-06,0.0,0.0,LOW_SHARPE,FAIL,1.58,0.25,LOW_FITNESS,FAIL,1.0,0.05,LOW_ASI_JPN_SHARPE,FAIL,1,-0.2,LOW_INVESTABILITY_CONSTRAINED_SHARPE,FAIL,0.17,-0.38,LOW_TURNOVER,PASS,0.01,0.7436,HIGH_TURNOVER,FAIL,0.7,0.7436,CONCENTRATED_WEIGHT,FAIL,2017-01-04,0.1,0.500002,LOW_SUB_UNIVERSE_SHARPE,FAIL,0.07,-0.21,LOW_ROBUST_UNIVERSE_SHARPE.WITH_RATIO,PASS,0.9,0.23,0.4,LOW_ROBUST_UNIVERSE_RETURNS,PASS,0.9,0.0311,0.053,SELF_CORRELATION,PENDING,DATA_DIVERSITY,PENDING,PROD_CORRELATION,PENDING,REGULAR_SUBMISSION,PENDING,LOW_2Y_SHARPE,FAIL,-0.32,1.58,MATCHES_COMPETITION,PENDING,AIACv2,AI Alphas Competition 2.0,PASS,MATCHES_PYRAMID,1.0,1.1,ASI/D1/FUNDAMENTAL,1.1,WARNING,MATCHES_THEMES,EDrKL34,2.0,JPN Dataset Utilization Theme,M4ZYx3D,2.0,AMR Dataset Utilization Theme,9B3qxZ4,2.0,KOR Dataset Utilization Theme,PBVkEJD,2.0,TWN Dataset Utilization Theme,by88rqy,2.0,HKG Dataset Utilization Theme,V45896D,1.0,GLB/D1 TOPDIV3000 Power Pool Feb`26 Theme,,,,,,,,,,,,,,,,,,,,,,,,,,,,,,,,,,,,
rK63Opem,REGULAR,PS40111,EQUITY,ASI,MINVOL1M,1,0,INDUSTRY,0.08,ON,VERIFY,OFF,OFF,FASTEXPR,False,2014-01-01,2023-12-31,"divide(operating_income, fnd23_ltem)","Divide operating_income by full-time employees (fnd23_ltem) to capture productivity. Two fields used, both with good coverage. Confidence: 0.58.",1,2026-02-02T04:33:46-05:00,,2026-02-02T05:36:04-05:00,,False,False,,,ace_tag,llm_test,confidence_0.57,DATA_USAGE:SINGLE_DATA_SET,Single Data Set Alpha,,IS,UNSUBMITTED,2944281,20000000,558,2094,0.0214,0.0285,0.33,0.002663,0.22,0.11,2014-01-01,2675495.0,20000000.0,625.0,2032.0,0.0228,0.0259,0.3876,0.002269,0.09,0.2,115982.0,20000000.0,558.0,2094.0,0.0214,0.0011,0.2222,0.000105,0.0,0.01,LOW_SHARPE,FAIL,1.58,0.22,LOW_FITNESS,FAIL,1.0,0.11,LOW_ASI_JPN_SHARPE,FAIL,1,-0.04,LOW_INVESTABILITY_CONSTRAINED_SHARPE,PASS,0.15,0.2,LOW_TURNOVER,PASS,0.01,0.0214,HIGH_TURNOVER,PASS,0.7,0.0214,CONCENTRATED_WEIGHT,FAIL,2023-03-15,0.1,0.112758,LOW_SUB_UNIVERSE_SHARPE,PASS,0.06,0.12,LOW_ROBUST_UNIVERSE_SHARPE.WITH_RATIO,FAIL,0.9,0.2,-0.18,LOW_ROBUST_UNIVERSE_RETURNS,FAIL,0.9,0.0257,-0.0243,SELF_CORRELATION,PENDING,DATA_DIVERSITY,PENDING,PROD_CORRELATION,PENDING,REGULAR_SUBMISSION,PENDING,LOW_2Y_SHARPE,FAIL,-0.08,1.58,MATCHES_COMPETITION,PENDING,AIACv2,AI Alphas Competition 2.0,PASS,MATCHES_PYRAMID,1.0,1.1,ASI/D1/FUNDAMENTAL,1.1,WARNING,MATCHES_THEMES,EDrKL34,2.0,JPN Dataset Utilization Theme,M4ZYx3D,2.0,AMR Dataset Utilization Theme,9B3qxZ4,2.0,KOR Dataset Utilization Theme,PBVkEJD,2.0,TWN Dataset Utilization Theme,by88rqy,2.0,HKG Dataset Utilization Theme,V45896D,1.0,GLB/D1 TOPDIV3000 Power Pool Feb`26 Theme,,,,,,,,,,,,,,,,,,,,,,,,,,,,,,,,,,,,
E507jvYr,REGULAR,PS40111,EQUITY,ASI,MINVOL1M,1,0,INDUSTRY,0.08,ON,VERIFY,OFF,OFF,FASTEXPR,False,2014-01-01,2023-12-31,"ts_zscore(ts_mean(sales,4),12)",,2,2026-02-02T07:22:10-05:00,,2026-02-02T07:22:10-05:00,,False,False,,,ace_tag,llm_test,confidence_0.61,DATA_USAGE:SINGLE_DATA_SET,Single Data Set Alpha,,IS,UNSUBMITTED,5887760,20000000,289,267,0.4192,0.0569,0.119,0.000271,0.75,0.28,2014-01-01,-3641816.0,20000000.0,396.0,367.0,0.199,-0.0352,0.428,-0.000354,-0.19,-0.44,5877943.0,20000000.0,289.0,267.0,0.4192,0.0568,0.0858,0.000271,0.33,0.91,LOW_SHARPE,FAIL,1.58,0.75,LOW_FITNESS,FAIL,1.0,0.28,LOW_ASI_JPN_SHARPE,FAIL,1,0.63,LOW_INVESTABILITY_CONSTRAINED_SHARPE,FAIL,0.52,-0.44,LOW_TURNOVER,PASS,0.01,0.4192,HIGH_TURNOVER,PASS,0.7,0.4192,CONCENTRATED_WEIGHT,FAIL,2023-01-06,0.1,0.110125,LOW_SUB_UNIVERSE_SHARPE,PASS,0.22,0.38,LOW_ROBUST_UNIVERSE_SHARPE.WITH_RATIO,PASS,0.9,0.68,0.86,LOW_ROBUST_UNIVERSE_RETURNS,PASS,0.9,0.0512,0.0682,SELF_CORRELATION,PENDING,DATA_DIVERSITY,PENDING,PROD_CORRELATION,PENDING,REGULAR_SUBMISSION,PENDING,LOW_2Y_SHARPE,FAIL,0.72,1.58,MATCHES_COMPETITION,PENDING,AIACv2,AI Alphas Competition 2.0,PASS,MATCHES_PYRAMID,1.0,1.1,ASI/D1/FUNDAMENTAL,1.1,WARNING,MATCHES_THEMES,EDrKL34,2.0,JPN Dataset Utilization Theme,M4ZYx3D,2.0,AMR Dataset Utilization Theme,9B3qxZ4,2.0,KOR Dataset Utilization Theme,PBVkEJD,2.0,TWN Dataset Utilization Theme,by88rqy,2.0,HKG Dataset Utilization Theme,V45896D,1.0,GLB/D1 TOPDIV3000 Power Pool Feb`26 Theme,,,,,,,,,,,,,,,,,,,,,,,,,,,,,,,,,,,,
xAw6LlLb,REGULAR,PS40111,EQUITY,ASI,MINVOL1M,1,0,INDUSTRY,0.08,ON,VERIFY,OFF,OFF,FASTEXPR,False,2014-01-01,2023-12-31,quantile(operating_margin),,1,2026-02-02T07:24:07-05:00,,2026-02-02T07:24:08-05:00,,False,False,,,ace_tag,llm_test,confidence_0.6,DATA_USAGE:SINGLE_DATA_SET,Single Data Set Alpha,,IS,UNSUBMITTED,4654270,20000000,1643,1547,0.02,0.045,0.1174,0.004504,0.92,0.55,2014-01-01,4390957.0,20000000.0,1639.0,1553.0,0.0201,0.0424,0.1193,0.004226,0.51,0.87,1486492.0,20000000.0,1643.0,1547.0,0.02,0.0144,0.0424,0.001439,0.27,0.79,LOW_SHARPE,FAIL,1.58,0.92,LOW_FITNESS,FAIL,1.0,0.55,LOW_ASI_JPN_SHARPE,FAIL,1,-0.1,LOW_INVESTABILITY_CONSTRAINED_SHARPE,PASS,0.64,0.87,LOW_TURNOVER,PASS,0.01,0.02,HIGH_TURNOVER,PASS,0.7,0.02,CONCENTRATED_WEIGHT,PASS,,,,LOW_SUB_UNIVERSE_SHARPE,PASS,0.27,0.65,LOW_ROBUST_UNIVERSE_SHARPE.WITH_RATIO,FAIL,0.9,0.83,0.58,LOW_ROBUST_UNIVERSE_RETURNS,FAIL,0.9,0.0405,0.0293,SELF_CORRELATION,PENDING,DATA_DIVERSITY,PENDING,PROD_CORRELATION,PENDING,REGULAR_SUBMISSION,PENDING,LOW_2Y_SHARPE,FAIL,1.15,1.58,MATCHES_COMPETITION,PENDING,AIACv2,AI Alphas Competition 2.0,PASS,MATCHES_PYRAMID,1.0,1.1,ASI/D1/FUNDAMENTAL,1.1,WARNING,MATCHES_THEMES,EDrKL34,2.0,JPN Dataset Utilization Theme,M4ZYx3D,2.0,AMR Dataset Utilization Theme,9B3qxZ4,2.0,KOR Dataset Utilization Theme,PBVkEJD,2.0,TWN Dataset Utilization Theme,by88rqy,2.0,HKG Dataset Utilization Theme,V45896D,1.0,GLB/D1 TOPDIV3000 Power Pool Feb`26 Theme,,,,,,,,,,,,,,,,,,,,,,,,,,,,,,,,,,,,
587bmGPN,REGULAR,PS40111,EQUITY,ASI,MINVOL1M,1,0,INDUSTRY,0.08,ON,VERIFY,OFF,OFF,FASTEXPR,False,2014-01-01,2023-12-31,"divide(ts_delta(fnd23_ecns,4), fnd23_1oscq)",,2,2026-02-02T07:24:08-05:00,,2026-02-02T07:24:08-05:00,,False,False,,,ace_tag,llm_test,confidence_0.59,DATA_USAGE:SINGLE_DATA_SET,Single Data Set Alpha,,IS,UNSUBMITTED,23540345,20000000,442,772,0.7508,0.2278,0.3594,0.000607,1.06,0.58,2014-01-01,1003842.0,20000000.0,1479.0,1777.0,0.292,0.0097,0.8938,6.7e-05,0.01,0.06,18678979.0,20000000.0,442.0,772.0,0.7508,0.1808,0.5561,0.000482,0.45,0.91,LOW_SHARPE,FAIL,1.58,1.06,LOW_FITNESS,FAIL,1.0,0.58,LOW_ASI_JPN_SHARPE,FAIL,1,0.82,LOW_INVESTABILITY_CONSTRAINED_SHARPE,FAIL,0.74,0.06,LOW_TURNOVER,PASS,0.01,0.7508,HIGH_TURNOVER,FAIL,0.7,0.7508,CONCENTRATED_WEIGHT,FAIL,2021-12-23,0.1,0.500004,LOW_SUB_UNIVERSE_SHARPE,FAIL,0.31,0.23,LOW_ROBUST_UNIVERSE_SHARPE.WITH_RATIO,PASS,0.9,0.95,1.06,LOW_ROBUST_UNIVERSE_RETURNS,PASS,0.9,0.205,0.2156,SELF_CORRELATION,PENDING,DATA_DIVERSITY,PENDING,PROD_CORRELATION,PENDING,REGULAR_SUBMISSION,PENDING,LOW_2Y_SHARPE,FAIL,0.72,1.58,MATCHES_COMPETITION,PENDING,AIACv2,AI Alphas Competition 2.0,PASS,MATCHES_PYRAMID,1.0,1.1,ASI/D1/FUNDAMENTAL,1.1,WARNING,MATCHES_THEMES,EDrKL34,2.0,JPN Dataset Utilization Theme,M4ZYx3D,2.0,AMR Dataset Utilization Theme,9B3qxZ4,2.0,KOR Dataset Utilization Theme,PBVkEJD,2.0,TWN Dataset Utilization Theme,by88rqy,2.0,HKG Dataset Utilization Theme,V45896D,1.0,GLB/D1 TOPDIV3000 Power Pool Feb`26 Theme,,,,,,,,,,,,,,,,,,,,,,,,,,,,,,,,,,,,
d58XMOlJ,REGULAR,PS40111,EQUITY,ASI,MINVOL1M,1,0,INDUSTRY,0.08,ON,VERIFY,OFF,OFF,FASTEXPR,False,2014-01-01,2023-12-31,"ts_delta(divide(operating_income, assets),4)",,2,2026-02-02T07:22:11-05:00,,2026-02-02T07:22:12-05:00,,False,False,,,ace_tag,llm_test,confidence_0.65,DATA_USAGE:SINGLE_DATA_SET,Single Data Set Alpha,,IS,UNSUBMITTED,-8456283,20000000,1319,1213,0.6898,-0.0817,1.1565,-0.000237,-0.51,-0.18,2014-01-01,-9987393.0,20000000.0,1590.0,1638.0,0.3342,-0.0965,1.1211,-0.000578,-0.4,-0.74,-5489742.0,20000000.0,1319.0,1213.0,0.6898,-0.0531,0.8237,-0.000154,-0.1,-0.37,LOW_SHARPE,FAIL,1.58,-0.51,LOW_FITNESS,FAIL,1.0,-0.18,LOW_ASI_JPN_SHARPE,FAIL,1,-0.24,LOW_INVESTABILITY_CONSTRAINED_SHARPE,FAIL,-0.36,-0.74,LOW_TURNOVER,PASS,0.01,0.6898,HIGH_TURNOVER,PASS,0.7,0.6898,CONCENTRATED_WEIGHT,FAIL,2020-12-25,0.1,0.49989,LOW_SUB_UNIVERSE_SHARPE,PASS,-0.15,-0.07,LOW_ROBUST_UNIVERSE_SHARPE.WITH_RATIO,PASS,0.9,-0.46,0.05,LOW_ROBUST_UNIVERSE_RETURNS,PASS,0.9,-0.0735,0.0065,SELF_CORRELATION,PENDING,DATA_DIVERSITY,PENDING,PROD_CORRELATION,PENDING,REGULAR_SUBMISSION,PENDING,LOW_2Y_SHARPE,FAIL,-0.25,1.58,MATCHES_COMPETITION,PENDING,AIACv2,AI Alphas Competition 2.0,PASS,MATCHES_PYRAMID,1.0,1.1,ASI/D1/FUNDAMENTAL,1.1,WARNING,MATCHES_THEMES,EDrKL34,2.0,JPN Dataset Utilization Theme,M4ZYx3D,2.0,AMR Dataset Utilization Theme,9B3qxZ4,2.0,KOR Dataset Utilization Theme,PBVkEJD,2.0,TWN Dataset Utilization Theme,by88rqy,2.0,HKG Dataset Utilization Theme,V45896D,1.0,GLB/D1 TOPDIV3000 Power Pool Feb`26 Theme,,,,,,,,,,,,,,,,,,,,,,,,,,,,,,,,,,,,
6XP8WJLL,REGULAR,PS40111,EQUITY,ASI,MINVOL1M,1,0,INDUSTRY,0.08,ON,VERIFY,OFF,OFF,FASTEXPR,False,2014-01-01,2023-12-31,"ts_delta(divide(ts_backfill(interest_expense,8), revenue),4)",,3,2026-02-02T07:25:17-05:00,,2026-02-02T07:25:18-05:00,,False,False,,,ace_tag,llm_test,confidence_0.5,DATA_USAGE:SINGLE_DATA_SET,Single Data Set Alpha,,IS,UNSUBMITTED,-15709491,20000000,88,82,0.665,-0.1525,2.0719,-0.000459,-0.72,-0.34,2014-01-01,-9905133.0,20000000.0,669.0,667.0,0.2423,-0.0957,1.3068,-0.00079,-0.33,-0.52,-10446239.0,20000000.0,88.0,82.0,0.665,-0.1014,1.7461,-0.000305,-0.2,-0.52,LOW_SHARPE,FAIL,1.58,-0.72,LOW_FITNESS,FAIL,1.0,-0.34,LOW_ASI_JPN_SHARPE,FAIL,1,-0.25,LOW_INVESTABILITY_CONSTRAINED_SHARPE,FAIL,-0.5,-0.52,LOW_TURNOVER,PASS,0.01,0.665,HIGH_TURNOVER,PASS,0.7,0.665,CONCENTRATED_WEIGHT,FAIL,2022-07-26,0.1,0.500002,LOW_SUB_UNIVERSE_SHARPE,FAIL,-0.21,-0.84,LOW_ROBUST_UNIVERSE_SHARPE.WITH_RATIO,PASS,0.9,-0.65,-0.64,LOW_ROBUST_UNIVERSE_RETURNS,PASS,0.9,-0.1373,-0.1284,SELF_CORRELATION,PENDING,DATA_DIVERSITY,PENDING,PROD_CORRELATION,PENDING,REGULAR_SUBMISSION,PENDING,LOW_2Y_SHARPE,FAIL,0.5,1.58,MATCHES_COMPETITION,PENDING,AIACv2,AI Alphas Competition 2.0,PASS,MATCHES_PYRAMID,1.0,1.1,ASI/D1/FUNDAMENTAL,1.1,WARNING,MATCHES_THEMES,EDrKL34,2.0,JPN Dataset Utilization Theme,M4ZYx3D,2.0,AMR Dataset Utilization Theme,9B3qxZ4,2.0,KOR Dataset Utilization Theme,PBVkEJD,2.0,TWN Dataset Utilization Theme,by88rqy,2.0,HKG Dataset Utilization Theme,V45896D,1.0,GLB/D1 TOPDIV3000 Power Pool Feb`26 Theme,,,,,,,,,,,,,,,,,,,,,,,,,,,,,,,,,,,,
ak2Y0GL9,REGULAR,PS40111,EQUITY,ASI,MINVOL1M,1,0,INDUSTRY,0.08,ON,VERIFY,OFF,OFF,FASTEXPR,False,2014-01-01,2023-12-31,"divide(income, ebitda)",,1,2026-02-02T07:25:29-05:00,,2026-02-02T07:25:29-05:00,,False,False,,,ace_tag,llm_test,confidence_0.62,DATA_USAGE:SINGLE_DATA_SET,Single Data Set Alpha,,IS,UNSUBMITTED,-7149821,20000000,1470,1648,0.0591,-0.0691,0.8984,-0.002338,-0.48,-0.36,2014-01-01,-4587815.0,20000000.0,1489.0,1632.0,0.0556,-0.0443,0.9185,-0.001593,-0.2,-0.33,-5928384.0,20000000.0,1470.0,1648.0,0.0591,-0.0573,0.7564,-0.001939,-0.3,-0.44,LOW_SHARPE,FAIL,1.58,-0.48,LOW_FITNESS,FAIL,1.0,-0.36,LOW_ASI_JPN_SHARPE,FAIL,1,-0.18,LOW_INVESTABILITY_CONSTRAINED_SHARPE,PASS,-0.34,-0.33,LOW_TURNOVER,PASS,0.01,0.0591,HIGH_TURNOVER,PASS,0.7,0.0591,CONCENTRATED_WEIGHT,FAIL,2022-08-10,0.1,0.377435,LOW_SUB_UNIVERSE_SHARPE,FAIL,-0.14,-0.37,LOW_ROBUST_UNIVERSE_SHARPE.WITH_RATIO,PASS,0.9,-0.43,-0.14,LOW_ROBUST_UNIVERSE_RETURNS,PASS,0.9,-0.0622,-0.0198,SELF_CORRELATION,PENDING,DATA_DIVERSITY,PENDING,PROD_CORRELATION,PENDING,REGULAR_SUBMISSION,PENDING,LOW_2Y_SHARPE,FAIL,-0.51,1.58,MATCHES_COMPETITION,PENDING,AIACv2,AI Alphas Competition 2.0,PASS,MATCHES_PYRAMID,1.0,1.1,ASI/D1/FUNDAMENTAL,1.1,WARNING,MATCHES_THEMES,EDrKL34,2.0,JPN Dataset Utilization Theme,M4ZYx3D,2.0,AMR Dataset Utilization Theme,9B3qxZ4,2.0,KOR Dataset Utilization Theme,PBVkEJD,2.0,TWN Dataset Utilization Theme,by88rqy,2.0,HKG Dataset Utilization Theme,V45896D,1.0,GLB/D1 TOPDIV3000 Power Pool Feb`26 Theme,,,,,,,,,,,,,,,,,,,,,,,,,,,,,,,,,,,,
le6qn1vn,REGULAR,PS40111,EQUITY,ASI,MINVOL1M,1,0,INDUSTRY,0.08,ON,VERIFY,OFF,OFF,FASTEXPR,False,2014-01-01,2023-12-31,"subtract(ts_delta(operating_margin,4), divide(capex, assets))",,3,2026-02-02T07:25:29-05:00,,2026-02-02T07:25:30-05:00,,False,False,,,ace_tag,llm_test,confidence_0.54,DATA_USAGE:SINGLE_DATA_SET,Single Data Set Alpha,,IS,UNSUBMITTED,-6727756,20000000,1447,1693,0.6197,-0.065,1.3314,-0.00021,-0.25,-0.08,2014-01-01,-13723550.0,20000000.0,1359.0,1784.0,0.2801,-0.1326,1.6381,-0.000947,-0.43,-0.62,466890.0,20000000.0,1447.0,1693.0,0.6197,0.0045,0.7298,1.5e-05,0.0,0.02,LOW_SHARPE,FAIL,1.58,-0.25,LOW_FITNESS,FAIL,1.0,-0.08,LOW_ASI_JPN_SHARPE,FAIL,1,-0.47,LOW_INVESTABILITY_CONSTRAINED_SHARPE,FAIL,-0.17,-0.62,LOW_TURNOVER,PASS,0.01,0.6197,HIGH_TURNOVER,PASS,0.7,0.6197,CONCENTRATED_WEIGHT,FAIL,2016-09-14,0.1,0.499043,LOW_SUB_UNIVERSE_SHARPE,FAIL,-0.07,-0.13,LOW_ROBUST_UNIVERSE_SHARPE.WITH_RATIO,PASS,0.9,-0.23,-0.18,LOW_ROBUST_UNIVERSE_RETURNS,PASS,0.9,-0.0585,-0.045,SELF_CORRELATION,PENDING,DATA_DIVERSITY,PENDING,PROD_CORRELATION,PENDING,REGULAR_SUBMISSION,PENDING,LOW_2Y_SHARPE,FAIL,-0.01,1.58,MATCHES_COMPETITION,PENDING,AIACv2,AI Alphas Competition 2.0,PASS,MATCHES_PYRAMID,1.0,1.1,ASI/D1/FUNDAMENTAL,1.1,WARNING,MATCHES_THEMES,EDrKL34,2.0,JPN Dataset Utilization Theme,M4ZYx3D,2.0,AMR Dataset Utilization Theme,9B3qxZ4,2.0,KOR Dataset Utilization Theme,PBVkEJD,2.0,TWN Dataset Utilization Theme,by88rqy,2.0,HKG Dataset Utilization Theme,V45896D,1.0,GLB/D1 TOPDIV3000 Power Pool Feb`26 Theme,,,,,,,,,,,,,,,,,,,,,,,,,,,,,,,,,,,,
rK63q8jE,REGULAR,PS40111,EQUITY,ASI,MINVOL1M,1,0,INDUSTRY,0.08,ON,VERIFY,OFF,OFF,FASTEXPR,False,2014-01-01,2023-12-31,"ts_delta(divide(sales, fnd23_1oscq),4)",,2,2026-02-02T07:25:28-05:00,,2026-02-02T07:25:29-05:00,,False,False,,,ace_tag,llm_test,confidence_0.63,DATA_USAGE:SINGLE_DATA_SET,Single Data Set Alpha,,IS,UNSUBMITTED,-3434372,20000000,1160,1160,0.7959,-0.0332,0.8215,-8.3e-05,-0.22,-0.04,2014-01-01,1006967.0,20000000.0,1441.0,1634.0,0.3193,0.0097,0.4504,6.1e-05,0.01,0.07,-3540907.0,20000000.0,1160.0,1160.0,0.7959,-0.0342,0.6942,-8.6e-05,-0.06,-0.28,LOW_SHARPE,FAIL,1.58,-0.22,LOW_FITNESS,FAIL,1.0,-0.04,LOW_ASI_JPN_SHARPE,FAIL,1,0.52,LOW_INVESTABILITY_CONSTRAINED_SHARPE,PASS,-0.15,0.07,LOW_TURNOVER,PASS,0.01,0.7959,HIGH_TURNOVER,FAIL,0.7,0.7959,CONCENTRATED_WEIGHT,FAIL,2021-04-16,0.1,0.499995,LOW_SUB_UNIVERSE_SHARPE,PASS,-0.06,-0.06,LOW_ROBUST_UNIVERSE_SHARPE.WITH_RATIO,PASS,0.9,-0.2,-0.0,LOW_ROBUST_UNIVERSE_RETURNS,PASS,0.9,-0.0299,-0.0005,SELF_CORRELATION,PENDING,DATA_DIVERSITY,PENDING,PROD_CORRELATION,PENDING,REGULAR_SUBMISSION,PENDING,LOW_2Y_SHARPE,FAIL,0.39,1.58,MATCHES_COMPETITION,PENDING,AIACv2,AI Alphas Competition 2.0,PASS,MATCHES_PYRAMID,1.0,1.1,ASI/D1/FUNDAMENTAL,1.1,WARNING,MATCHES_THEMES,EDrKL34,2.0,JPN Dataset Utilization Theme,M4ZYx3D,2.0,AMR Dataset Utilization Theme,9B3qxZ4,2.0,KOR Dataset Utilization Theme,PBVkEJD,2.0,TWN Dataset Utilization Theme,by88rqy,2.0,HKG Dataset Utilization Theme,V45896D,1.0,GLB/D1 TOPDIV3000 Power Pool Feb`26 Theme,,,,,,,,,,,,,,,,,,,,,,,,,,,,,,,,,,,,
P0rWRK0x,REGULAR,PS40111,EQUITY,ASI,MINVOL1M,1,0,INDUSTRY,0.08,ON,VERIFY,OFF,OFF,FASTEXPR,False,2014-01-01,2023-12-31,"divide(ts_delta(eps,4), assets)",,2,2026-02-02T07:25:19-05:00,,2026-02-02T07:25:20-05:00,,False,False,,,ace_tag,llm_test,confidence_0.66,DATA_USAGE:SINGLE_DATA_SET,Single Data Set Alpha,,IS,UNSUBMITTED,-1682728,20000000,1313,1349,0.7286,-0.0163,1.02,-4.5e-05,-0.09,-0.01,2014-01-01,-1895771.0,20000000.0,1777.0,1557.0,0.2984,-0.0183,0.6599,-0.000123,-0.03,-0.11,515419.0,20000000.0,1313.0,1349.0,0.7286,0.005,0.8103,1.4e-05,0.0,0.03,LOW_SHARPE,FAIL,1.58,-0.09,LOW_FITNESS,FAIL,1.0,-0.01,LOW_ASI_JPN_SHARPE,FAIL,1,-0.4,LOW_INVESTABILITY_CONSTRAINED_SHARPE,FAIL,-0.06,-0.11,LOW_TURNOVER,PASS,0.01,0.7286,HIGH_TURNOVER,FAIL,0.7,0.7286,CONCENTRATED_WEIGHT,FAIL,2023-01-06,0.1,0.5,LOW_SUB_UNIVERSE_SHARPE,FAIL,-0.03,-0.41,LOW_ROBUST_UNIVERSE_SHARPE.WITH_RATIO,FAIL,0.9,-0.08,-0.15,LOW_ROBUST_UNIVERSE_RETURNS,FAIL,0.9,-0.0147,-0.0267,SELF_CORRELATION,PENDING,DATA_DIVERSITY,PENDING,PROD_CORRELATION,PENDING,REGULAR_SUBMISSION,PENDING,LOW_2Y_SHARPE,FAIL,-0.34,1.58,MATCHES_COMPETITION,PENDING,AIACv2,AI Alphas Competition 2.0,PASS,MATCHES_PYRAMID,1.0,1.1,ASI/D1/FUNDAMENTAL,1.1,WARNING,MATCHES_THEMES,EDrKL34,2.0,JPN Dataset Utilization Theme,M4ZYx3D,2.0,AMR Dataset Utilization Theme,9B3qxZ4,2.0,KOR Dataset Utilization Theme,PBVkEJD,2.0,TWN Dataset Utilization Theme,by88rqy,2.0,HKG Dataset Utilization Theme,V45896D,1.0,GLB/D1 TOPDIV3000 Power Pool Feb`26 Theme,,,,,,,,,,,,,,,,,,,,,,,,,,,,,,,,,,,,
omwpbrjJ,REGULAR,PS40111,EQUITY,ASI,MINVOL1M,1,0,INDUSTRY,0.08,ON,VERIFY,OFF,OFF,FASTEXPR,False,2014-01-01,2023-12-31,"ts_count_nans(cashflow_op,12)",,1,2026-02-02T07:25:18-05:00,,2026-02-02T07:25:18-05:00,,False,False,,,ace_tag,llm_test,confidence_0.48,DATA_USAGE:SINGLE_DATA_SET,Single Data Set Alpha,,IS,UNSUBMITTED,-1421189,20000000,261,3099,0.014,-0.0137,0.3102,-0.00196,-0.15,-0.05,2014-01-01,-1662096.0,20000000.0,403.0,3183.0,0.0138,-0.0161,0.3167,-0.002321,-0.06,-0.17,-219872.0,20000000.0,261.0,3099.0,0.014,-0.0021,0.1263,-0.000303,-0.01,-0.08,LOW_SHARPE,FAIL,1.58,-0.15,LOW_FITNESS,FAIL,1.0,-0.05,LOW_ASI_JPN_SHARPE,FAIL,1,0.07,LOW_INVESTABILITY_CONSTRAINED_SHARPE,FAIL,-0.1,-0.17,LOW_TURNOVER,PASS,0.01,0.014,HIGH_TURNOVER,PASS,0.7,0.014,CONCENTRATED_WEIGHT,PASS,,,,LOW_SUB_UNIVERSE_SHARPE,FAIL,-0.04,-0.09,LOW_ROBUST_UNIVERSE_SHARPE.WITH_RATIO,PASS,0.9,-0.14,-0.01,LOW_ROBUST_UNIVERSE_RETURNS,PASS,0.9,-0.0123,-0.0012,SELF_CORRELATION,PENDING,DATA_DIVERSITY,PENDING,PROD_CORRELATION,PENDING,REGULAR_SUBMISSION,PENDING,LOW_2Y_SHARPE,FAIL,-0.54,1.58,MATCHES_COMPETITION,PENDING,AIACv2,AI Alphas Competition 2.0,PASS,MATCHES_PYRAMID,1.0,1.1,ASI/D1/FUNDAMENTAL,1.1,WARNING,MATCHES_THEMES,EDrKL34,2.0,JPN Dataset Utilization Theme,M4ZYx3D,2.0,AMR Dataset Utilization Theme,9B3qxZ4,2.0,KOR Dataset Utilization Theme,PBVkEJD,2.0,TWN Dataset Utilization Theme,by88rqy,2.0,HKG Dataset Utilization Theme,V45896D,1.0,GLB/D1 TOPDIV3000 Power Pool Feb`26 Theme,,,,,,,,,,,,,,,,,,,,,,,,,,,,,,,,,,,,
88koGlko,REGULAR,PS40111,EQUITY,ASI,MINVOL1M,1,0,INDUSTRY,0.08,ON,VERIFY,OFF,OFF,FASTEXPR,False,2014-01-01,2023-12-31,"ts_delta(divide(inventory, sales), 4)","ts_delta(inventory/sales,4) to capture deteriorating inventory relative to sales. Two fields only. Confidence: 0.60.",2,2026-02-02T05:29:31-05:00,,2026-02-02T05:29:38-05:00,,False,False,,,ace_tag,llm_test,confidence_0.6,DATA_USAGE:SINGLE_DATA_SET,Single Data Set Alpha,,IS,UNSUBMITTED,-980710,20000000,933,1089,0.7828,-0.0095,0.6439,-2.4e-05,-0.04,-0.0,2014-01-01,5033681.0,20000000.0,1322.0,1513.0,0.3004,0.0486,0.5618,0.000324,0.11,0.27,-2239801.0,20000000.0,933.0,1089.0,0.7828,-0.0216,0.5498,-5.5e-05,-0.02,-0.1,LOW_SHARPE,FAIL,1.58,-0.04,LOW_FITNESS,FAIL,1.0,-0.0,LOW_ASI_JPN_SHARPE,FAIL,1,-0.56,LOW_INVESTABILITY_CONSTRAINED_SHARPE,PASS,-0.03,0.27,LOW_TURNOVER,PASS,0.01,0.7828,HIGH_TURNOVER,FAIL,0.7,0.7828,CONCENTRATED_WEIGHT,FAIL,2014-05-27,0.1,0.500004,LOW_SUB_UNIVERSE_SHARPE,FAIL,-0.01,-0.57,LOW_ROBUST_UNIVERSE_SHARPE.WITH_RATIO,PASS,0.9,-0.04,0.03,LOW_ROBUST_UNIVERSE_RETURNS,PASS,0.9,-0.0086,0.0075,SELF_CORRELATION,PENDING,DATA_DIVERSITY,PENDING,PROD_CORRELATION,PENDING,REGULAR_SUBMISSION,PENDING,LOW_2Y_SHARPE,FAIL,-0.83,1.58,MATCHES_COMPETITION,PENDING,AIACv2,AI Alphas Competition 2.0,PASS,MATCHES_PYRAMID,1.0,1.1,ASI/D1/FUNDAMENTAL,1.1,WARNING,MATCHES_THEMES,EDrKL34,2.0,JPN Dataset Utilization Theme,M4ZYx3D,2.0,AMR Dataset Utilization Theme,9B3qxZ4,2.0,KOR Dataset Utilization Theme,PBVkEJD,2.0,TWN Dataset Utilization Theme,by88rqy,2.0,HKG Dataset Utilization Theme,V45896D,1.0,GLB/D1 TOPDIV3000 Power Pool Feb`26 Theme,,,,,,,,,,,,,,,,,,,,,,,,,,,,,,,,,,,,
6XP8WNlE,REGULAR,PS40111,EQUITY,ASI,MINVOL1M,1,0,INDUSTRY,0.08,ON,VERIFY,OFF,OFF,FASTEXPR,False,2014-01-01,2023-12-31,"divide(ts_delta(operating_income,4), liabilities)",,2,2026-02-02T07:25:28-05:00,,2026-02-02T07:25:29-05:00,,False,False,,,ace_tag,llm_test,confidence_0.58,DATA_USAGE:SINGLE_DATA_SET,Single Data Set Alpha,,IS,UNSUBMITTED,-10073987,20000000,1230,1249,0.6939,-0.0974,1.291,-0.000281,-0.48,-0.18,2014-01-01,-14481445.0,20000000.0,1524.0,1705.0,0.3271,-0.1399,1.4997,-0.000856,-0.49,-0.75,-8582005.0,20000000.0,1230.0,1249.0,0.6939,-0.0829,1.0753,-0.000239,-0.16,-0.47,LOW_SHARPE,FAIL,1.58,-0.48,LOW_FITNESS,FAIL,1.0,-0.18,LOW_ASI_JPN_SHARPE,FAIL,1,-0.52,LOW_INVESTABILITY_CONSTRAINED_SHARPE,FAIL,-0.34,-0.75,LOW_TURNOVER,PASS,0.01,0.6939,HIGH_TURNOVER,PASS,0.7,0.6939,CONCENTRATED_WEIGHT,FAIL,2017-07-25,0.1,0.498818,LOW_SUB_UNIVERSE_SHARPE,FAIL,-0.14,-0.16,LOW_ROBUST_UNIVERSE_SHARPE.WITH_RATIO,PASS,0.9,-0.43,-0.1,LOW_ROBUST_UNIVERSE_RETURNS,PASS,0.9,-0.0877,-0.0158,SELF_CORRELATION,PENDING,DATA_DIVERSITY,PENDING,PROD_CORRELATION,PENDING,REGULAR_SUBMISSION,PENDING,LOW_2Y_SHARPE,FAIL,-0.03,1.58,MATCHES_COMPETITION,PENDING,AIACv2,AI Alphas Competition 2.0,PASS,MATCHES_PYRAMID,1.0,1.1,ASI/D1/FUNDAMENTAL,1.1,WARNING,MATCHES_THEMES,EDrKL34,2.0,JPN Dataset Utilization Theme,M4ZYx3D,2.0,AMR Dataset Utilization Theme,9B3qxZ4,2.0,KOR Dataset Utilization Theme,PBVkEJD,2.0,TWN Dataset Utilization Theme,by88rqy,2.0,HKG Dataset Utilization Theme,V45896D,1.0,GLB/D1 TOPDIV3000 Power Pool Feb`26 Theme,,,,,,,,,,,,,,,,,,,,,,,,,,,,,,,,,,,,
E507d7pR,REGULAR,PS40111,EQUITY,ASI,MINVOL1M,1,0,INDUSTRY,0.08,ON,VERIFY,OFF,OFF,FASTEXPR,False,2014-01-01,2023-12-31,"ts_zscore(divide(pretax_income, revenue),12)",,2,2026-02-02T07:28:40-05:00,,2026-02-02T07:28:40-05:00,,False,False,,,ace_tag,llm_test,confidence_0.63,DATA_USAGE:SINGLE_DATA_SET,Single Data Set Alpha,,IS,UNSUBMITTED,6547575,20000000,240,235,0.5509,0.0633,0.2228,0.00023,0.82,0.28,2014-01-01,328298.0,20000000.0,347.0,355.0,0.2123,0.0032,0.2492,3e-05,0.0,0.04,6015117.0,20000000.0,240.0,235.0,0.5509,0.0581,0.2426,0.000211,0.26,0.81,LOW_SHARPE,FAIL,1.58,0.82,LOW_FITNESS,FAIL,1.0,0.28,LOW_ASI_JPN_SHARPE,FAIL,1,-0.14,LOW_INVESTABILITY_CONSTRAINED_SHARPE,FAIL,0.57,0.04,LOW_TURNOVER,PASS,0.01,0.5509,HIGH_TURNOVER,PASS,0.7,0.5509,CONCENTRATED_WEIGHT,FAIL,2023-01-06,0.1,0.166667,LOW_SUB_UNIVERSE_SHARPE,FAIL,0.24,-0.02,LOW_ROBUST_UNIVERSE_SHARPE.WITH_RATIO,PASS,0.9,0.74,0.79,LOW_ROBUST_UNIVERSE_RETURNS,PASS,0.9,0.057,0.0623,SELF_CORRELATION,PENDING,DATA_DIVERSITY,PENDING,PROD_CORRELATION,PENDING,REGULAR_SUBMISSION,PENDING,LOW_2Y_SHARPE,FAIL,0.4,1.58,MATCHES_COMPETITION,PENDING,AIACv2,AI Alphas Competition 2.0,PASS,MATCHES_PYRAMID,1.0,1.1,ASI/D1/FUNDAMENTAL,1.1,WARNING,MATCHES_THEMES,EDrKL34,2.0,JPN Dataset Utilization Theme,M4ZYx3D,2.0,AMR Dataset Utilization Theme,9B3qxZ4,2.0,KOR Dataset Utilization Theme,PBVkEJD,2.0,TWN Dataset Utilization Theme,by88rqy,2.0,HKG Dataset Utilization Theme,V45896D,1.0,GLB/D1 TOPDIV3000 Power Pool Feb`26 Theme,,,,,,,,,,,,,,,,,,,,,,,,,,,,,,,,,,,,
6XP8kP55,REGULAR,PS40111,EQUITY,ASI,MINVOL1M,1,0,INDUSTRY,0.08,ON,VERIFY,OFF,OFF,FASTEXPR,False,2014-01-01,2023-12-31,"ts_delta(long_term_debt_total,4)",,1,2026-02-02T07:30:39-05:00,,2026-02-02T07:30:40-05:00,,False,False,,,ace_tag,llm_test,confidence_0.5,DATA_USAGE:SINGLE_DATA_SET,Single Data Set Alpha,,IS,UNSUBMITTED,-12981387,20000000,580,589,0.7539,-0.1254,1.7704,-0.000333,-0.63,-0.26,2014-01-01,-10734348.0,20000000.0,1629.0,1561.0,0.2868,-0.1037,1.158,-0.000723,-0.38,-0.63,-12545578.0,20000000.0,580.0,589.0,0.7539,-0.1212,1.5775,-0.000322,-0.28,-0.69,LOW_SHARPE,FAIL,1.58,-0.63,LOW_FITNESS,FAIL,1.0,-0.26,LOW_ASI_JPN_SHARPE,FAIL,1,-0.43,LOW_INVESTABILITY_CONSTRAINED_SHARPE,FAIL,-0.44,-0.63,LOW_TURNOVER,PASS,0.01,0.7539,HIGH_TURNOVER,FAIL,0.7,0.7539,CONCENTRATED_WEIGHT,FAIL,2014-10-06,0.1,0.500003,LOW_SUB_UNIVERSE_SHARPE,FAIL,-0.19,-0.49,LOW_ROBUST_UNIVERSE_SHARPE.WITH_RATIO,FAIL,0.9,-0.57,-0.67,LOW_ROBUST_UNIVERSE_RETURNS,FAIL,0.9,-0.1129,-0.122,SELF_CORRELATION,PENDING,DATA_DIVERSITY,PENDING,PROD_CORRELATION,PENDING,REGULAR_SUBMISSION,PENDING,LOW_2Y_SHARPE,FAIL,-0.3,1.58,MATCHES_COMPETITION,PENDING,AIACv2,AI Alphas Competition 2.0,PASS,MATCHES_PYRAMID,1.0,1.1,ASI/D1/FUNDAMENTAL,1.1,WARNING,MATCHES_THEMES,EDrKL34,2.0,JPN Dataset Utilization Theme,M4ZYx3D,2.0,AMR Dataset Utilization Theme,9B3qxZ4,2.0,KOR Dataset Utilization Theme,PBVkEJD,2.0,TWN Dataset Utilization Theme,by88rqy,2.0,HKG Dataset Utilization Theme,V45896D,1.0,GLB/D1 TOPDIV3000 Power Pool Feb`26 Theme,,,,,,,,,,,,,,,,,,,,,,,,,,,,,,,,,,,,
1YV9MbVm,REGULAR,PS40111,EQUITY,ASI,MINVOL1M,1,0,INDUSTRY,0.08,ON,VERIFY,OFF,OFF,FASTEXPR,False,2014-01-01,2023-12-31,"divide(ts_zscore(income,12), ts_std_dev(cashflow_op,12))",,3,2026-02-02T07:28:48-05:00,,2026-02-02T07:28:49-05:00,,False,False,,,ace_tag,llm_test,confidence_0.6,DATA_USAGE:SINGLE_DATA_SET,Single Data Set Alpha,,IS,UNSUBMITTED,2935063,20000000,160,166,0.6622,0.0284,1.1896,8.6e-05,0.1,0.02,2014-01-01,-8877441.0,20000000.0,247.0,263.0,0.1971,-0.0858,1.1879,-0.00087,-0.25,-0.38,-1686700.0,20000000.0,160.0,166.0,0.6622,-0.0163,1.3107,-4.9e-05,-0.01,-0.06,LOW_SHARPE,FAIL,1.58,0.1,LOW_FITNESS,FAIL,1.0,0.02,LOW_ASI_JPN_SHARPE,FAIL,1,-0.16,LOW_INVESTABILITY_CONSTRAINED_SHARPE,FAIL,0.07,-0.38,LOW_TURNOVER,PASS,0.01,0.6622,HIGH_TURNOVER,PASS,0.7,0.6622,CONCENTRATED_WEIGHT,FAIL,2023-07-04,0.1,0.5,LOW_SUB_UNIVERSE_SHARPE,PASS,0.03,0.62,LOW_ROBUST_UNIVERSE_SHARPE.WITH_RATIO,FAIL,0.9,0.09,0.06,LOW_ROBUST_UNIVERSE_RETURNS,FAIL,0.9,0.0256,0.0171,SELF_CORRELATION,PENDING,DATA_DIVERSITY,PENDING,PROD_CORRELATION,PENDING,REGULAR_SUBMISSION,PENDING,LOW_2Y_SHARPE,FAIL,0.5,1.58,MATCHES_COMPETITION,PENDING,AIACv2,AI Alphas Competition 2.0,PASS,MATCHES_PYRAMID,1.0,1.1,ASI/D1/FUNDAMENTAL,1.1,WARNING,MATCHES_THEMES,EDrKL34,2.0,JPN Dataset Utilization Theme,M4ZYx3D,2.0,AMR Dataset Utilization Theme,9B3qxZ4,2.0,KOR Dataset Utilization Theme,PBVkEJD,2.0,TWN Dataset Utilization Theme,by88rqy,2.0,HKG Dataset Utilization Theme,V45896D,1.0,GLB/D1 TOPDIV3000 Power Pool Feb`26 Theme,,,,,,,,,,,,,,,,,,,,,,,,,,,,,,,,,,,,
O0wY3Ydb,REGULAR,PS40111,EQUITY,ASI,MINVOL1M,1,0,INDUSTRY,0.08,ON,VERIFY,OFF,OFF,FASTEXPR,False,2014-01-01,2023-12-31,"divide(ts_delta(operating_income,4), fnd23_1oscq)",,2,2026-02-02T07:28:44-05:00,,2026-02-02T07:28:45-05:00,,False,False,,,ace_tag,llm_test,confidence_0.64,DATA_USAGE:SINGLE_DATA_SET,Single Data Set Alpha,,IS,UNSUBMITTED,-2094341,20000000,1171,1236,0.7176,-0.0202,0.4016,-5.6e-05,-0.16,-0.03,2014-01-01,-385047.0,20000000.0,1516.0,1633.0,0.3166,-0.0037,0.3284,-2.4e-05,-0.0,-0.03,472771.0,20000000.0,1171.0,1236.0,0.7176,0.0046,0.2763,1.3e-05,0.0,0.04,LOW_SHARPE,FAIL,1.58,-0.16,LOW_FITNESS,FAIL,1.0,-0.03,LOW_ASI_JPN_SHARPE,FAIL,1,-0.23,LOW_INVESTABILITY_CONSTRAINED_SHARPE,PASS,-0.11,-0.03,LOW_TURNOVER,PASS,0.01,0.7176,HIGH_TURNOVER,FAIL,0.7,0.7176,CONCENTRATED_WEIGHT,FAIL,2017-06-21,0.1,0.497662,LOW_SUB_UNIVERSE_SHARPE,FAIL,-0.05,-0.4,LOW_ROBUST_UNIVERSE_SHARPE.WITH_RATIO,PASS,0.9,-0.14,0.03,LOW_ROBUST_UNIVERSE_RETURNS,PASS,0.9,-0.0182,0.0035,SELF_CORRELATION,PENDING,DATA_DIVERSITY,PENDING,PROD_CORRELATION,PENDING,REGULAR_SUBMISSION,PENDING,LOW_2Y_SHARPE,FAIL,-0.16,1.58,MATCHES_COMPETITION,PENDING,AIACv2,AI Alphas Competition 2.0,PASS,MATCHES_PYRAMID,1.0,1.1,ASI/D1/FUNDAMENTAL,1.1,WARNING,MATCHES_THEMES,EDrKL34,2.0,JPN Dataset Utilization Theme,M4ZYx3D,2.0,AMR Dataset Utilization Theme,9B3qxZ4,2.0,KOR Dataset Utilization Theme,PBVkEJD,2.0,TWN Dataset Utilization Theme,by88rqy,2.0,HKG Dataset Utilization Theme,V45896D,1.0,GLB/D1 TOPDIV3000 Power Pool Feb`26 Theme,,,,,,,,,,,,,,,,,,,,,,,,,,,,,,,,,,,,
O0wY3Ygg,REGULAR,PS40111,EQUITY,ASI,MINVOL1M,1,0,INDUSTRY,0.08,ON,VERIFY,OFF,OFF,FASTEXPR,False,2014-01-01,2023-12-31,"subtract(operating_income, ts_delta(sales,4))",,2,2026-02-02T07:28:43-05:00,,2026-02-02T07:28:43-05:00,,False,False,,,ace_tag,llm_test,confidence_0.47,DATA_USAGE:SINGLE_DATA_SET,Single Data Set Alpha,,IS,UNSUBMITTED,4755619,20000000,647,2510,0.125,0.046,0.2064,0.000736,0.41,0.25,2014-01-01,3025765.0,20000000.0,739.0,2420.0,0.0724,0.0292,0.205,0.000808,0.13,0.26,-965441.0,20000000.0,647.0,2510.0,0.125,-0.0093,0.2211,-0.000149,-0.04,-0.16,LOW_SHARPE,FAIL,1.58,0.41,LOW_FITNESS,FAIL,1.0,0.25,LOW_ASI_JPN_SHARPE,FAIL,1,-0.04,LOW_INVESTABILITY_CONSTRAINED_SHARPE,FAIL,0.29,0.26,LOW_TURNOVER,PASS,0.01,0.125,HIGH_TURNOVER,PASS,0.7,0.125,CONCENTRATED_WEIGHT,FAIL,2021-04-22,0.1,0.499712,LOW_SUB_UNIVERSE_SHARPE,PASS,0.12,0.49,LOW_ROBUST_UNIVERSE_SHARPE.WITH_RATIO,FAIL,0.9,0.37,0.09,LOW_ROBUST_UNIVERSE_RETURNS,FAIL,0.9,0.0414,0.01,SELF_CORRELATION,PENDING,DATA_DIVERSITY,PENDING,PROD_CORRELATION,PENDING,REGULAR_SUBMISSION,PENDING,LOW_2Y_SHARPE,FAIL,0.04,1.58,MATCHES_COMPETITION,PENDING,AIACv2,AI Alphas Competition 2.0,PASS,MATCHES_PYRAMID,1.0,1.1,ASI/D1/FUNDAMENTAL,1.1,WARNING,MATCHES_THEMES,EDrKL34,2.0,JPN Dataset Utilization Theme,M4ZYx3D,2.0,AMR Dataset Utilization Theme,9B3qxZ4,2.0,KOR Dataset Utilization Theme,PBVkEJD,2.0,TWN Dataset Utilization Theme,by88rqy,2.0,HKG Dataset Utilization Theme,V45896D,1.0,GLB/D1 TOPDIV3000 Power Pool Feb`26 Theme,,,,,,,,,,,,,,,,,,,,,,,,,,,,,,,,,,,,
A1JWAWGR,REGULAR,PS40111,EQUITY,ASI,MINVOL1M,1,0,INDUSTRY,0.08,ON,VERIFY,OFF,OFF,FASTEXPR,False,2014-01-01,2023-12-31,"ts_delta(divide(cash, debt),4)",,2,2026-02-02T07:28:38-05:00,,2026-02-02T07:28:39-05:00,,False,False,,,ace_tag,llm_test,confidence_0.67,DATA_USAGE:SINGLE_DATA_SET,Single Data Set Alpha,,IS,UNSUBMITTED,-329424,20000000,984,1128,0.7593,-0.0032,0.9585,-8e-06,-0.02,-0.0,2014-01-01,3376767.0,20000000.0,1318.0,1348.0,0.2922,0.0326,0.678,0.000223,0.06,0.18,3353816.0,20000000.0,984.0,1128.0,0.7593,0.0324,0.6196,8.5e-05,0.04,0.18,LOW_SHARPE,FAIL,1.58,-0.02,LOW_FITNESS,FAIL,1.0,-0.0,LOW_ASI_JPN_SHARPE,FAIL,1,0.21,LOW_INVESTABILITY_CONSTRAINED_SHARPE,PASS,-0.01,0.18,LOW_TURNOVER,PASS,0.01,0.7593,HIGH_TURNOVER,FAIL,0.7,0.7593,CONCENTRATED_WEIGHT,FAIL,2014-03-04,0.1,0.499995,LOW_SUB_UNIVERSE_SHARPE,PASS,-0.01,0.09,LOW_ROBUST_UNIVERSE_SHARPE.WITH_RATIO,FAIL,0.9,-0.02,-0.09,LOW_ROBUST_UNIVERSE_RETURNS,FAIL,0.9,-0.0029,-0.0179,SELF_CORRELATION,PENDING,DATA_DIVERSITY,PENDING,PROD_CORRELATION,PENDING,REGULAR_SUBMISSION,PENDING,LOW_2Y_SHARPE,FAIL,-0.2,1.58,MATCHES_COMPETITION,PENDING,AIACv2,AI Alphas Competition 2.0,PASS,MATCHES_PYRAMID,1.0,1.1,ASI/D1/FUNDAMENTAL,1.1,WARNING,MATCHES_THEMES,EDrKL34,2.0,JPN Dataset Utilization Theme,M4ZYx3D,2.0,AMR Dataset Utilization Theme,9B3qxZ4,2.0,KOR Dataset Utilization Theme,PBVkEJD,2.0,TWN Dataset Utilization Theme,by88rqy,2.0,HKG Dataset Utilization Theme,V45896D,1.0,GLB/D1 TOPDIV3000 Power Pool Feb`26 Theme,,,,,,,,,,,,,,,,,,,,,,,,,,,,,,,,,,,,
le6qm2Ox,REGULAR,PS40111,EQUITY,ASI,MINVOL1M,1,0,INDUSTRY,0.08,ON,VERIFY,OFF,OFF,FASTEXPR,False,2014-01-01,2023-12-31,"ts_delta(divide(assets, fnd23_1oscq),4)",,2,2026-02-02T07:30:59-05:00,,2026-02-02T07:30:59-05:00,,False,False,,,ace_tag,llm_test,confidence_0.55,DATA_USAGE:SINGLE_DATA_SET,Single Data Set Alpha,,IS,UNSUBMITTED,7532456,20000000,899,1464,0.7726,0.0728,0.304,0.000188,0.56,0.17,2014-01-01,5525165.0,20000000.0,1474.0,1775.0,0.3108,0.0534,0.4424,0.000344,0.17,0.41,6595647.0,20000000.0,899.0,1464.0,0.7726,0.0637,0.2724,0.000165,0.16,0.57,LOW_SHARPE,FAIL,1.58,0.56,LOW_FITNESS,FAIL,1.0,0.17,LOW_ASI_JPN_SHARPE,FAIL,1,0.57,LOW_INVESTABILITY_CONSTRAINED_SHARPE,PASS,0.39,0.41,LOW_TURNOVER,PASS,0.01,0.7726,HIGH_TURNOVER,FAIL,0.7,0.7726,CONCENTRATED_WEIGHT,FAIL,2021-01-08,0.1,0.499955,LOW_SUB_UNIVERSE_SHARPE,FAIL,0.17,0.12,LOW_ROBUST_UNIVERSE_SHARPE.WITH_RATIO,PASS,0.9,0.5,0.66,LOW_ROBUST_UNIVERSE_RETURNS,PASS,0.9,0.0655,0.0836,SELF_CORRELATION,PENDING,DATA_DIVERSITY,PENDING,PROD_CORRELATION,PENDING,REGULAR_SUBMISSION,PENDING,LOW_2Y_SHARPE,FAIL,-0.1,1.58,MATCHES_COMPETITION,PENDING,AIACv2,AI Alphas Competition 2.0,PASS,MATCHES_PYRAMID,1.0,1.1,ASI/D1/FUNDAMENTAL,1.1,WARNING,MATCHES_THEMES,EDrKL34,2.0,JPN Dataset Utilization Theme,M4ZYx3D,2.0,AMR Dataset Utilization Theme,9B3qxZ4,2.0,KOR Dataset Utilization Theme,PBVkEJD,2.0,TWN Dataset Utilization Theme,by88rqy,2.0,HKG Dataset Utilization Theme,V45896D,1.0,GLB/D1 TOPDIV3000 Power Pool Feb`26 Theme,,,,,,,,,,,,,,,,,,,,,,,,,,,,,,,,,,,,
ZYw5J570,REGULAR,PS40111,EQUITY,ASI,MINVOL1M,1,0,INDUSTRY,0.08,ON,VERIFY,OFF,OFF,FASTEXPR,False,2014-01-01,2023-12-31,"divide(income, fnd23_pamonper)",,1,2026-02-02T07:28:39-05:00,,2026-02-02T07:28:39-05:00,,False,False,,,ace_tag,llm_test,confidence_0.52,DATA_USAGE:SINGLE_DATA_SET,Single Data Set Alpha,,IS,UNSUBMITTED,-4629412,20000000,283,930,0.019,-0.0447,0.5839,-0.004703,-0.41,-0.25,2014-01-01,-4651354.0,20000000.0,286.0,933.0,0.0198,-0.0449,0.5576,-0.004537,-0.25,-0.42,-3737521.0,20000000.0,283.0,930.0,0.019,-0.0361,0.4207,-0.003797,-0.25,-0.46,LOW_SHARPE,FAIL,1.58,-0.41,LOW_FITNESS,FAIL,1.0,-0.25,LOW_ASI_JPN_SHARPE,FAIL,1,0.25,LOW_INVESTABILITY_CONSTRAINED_SHARPE,FAIL,-0.29,-0.42,LOW_TURNOVER,PASS,0.01,0.019,HIGH_TURNOVER,PASS,0.7,0.019,CONCENTRATED_WEIGHT,PASS,,,,LOW_SUB_UNIVERSE_SHARPE,FAIL,-0.12,-0.35,LOW_ROBUST_UNIVERSE_SHARPE.WITH_RATIO,FAIL,0.9,-0.37,-0.6,LOW_ROBUST_UNIVERSE_RETURNS,FAIL,0.9,-0.0402,-0.0641,SELF_CORRELATION,PENDING,DATA_DIVERSITY,PENDING,PROD_CORRELATION,PENDING,REGULAR_SUBMISSION,PENDING,LOW_2Y_SHARPE,FAIL,-0.36,1.58,MATCHES_COMPETITION,PENDING,AIACv2,AI Alphas Competition 2.0,PASS,MATCHES_PYRAMID,1.0,1.1,ASI/D1/FUNDAMENTAL,1.1,WARNING,MATCHES_THEMES,EDrKL34,2.0,JPN Dataset Utilization Theme,M4ZYx3D,2.0,AMR Dataset Utilization Theme,9B3qxZ4,2.0,KOR Dataset Utilization Theme,PBVkEJD,2.0,TWN Dataset Utilization Theme,by88rqy,2.0,HKG Dataset Utilization Theme,V45896D,1.0,GLB/D1 TOPDIV3000 Power Pool Feb`26 Theme,,,,,,,,,,,,,,,,,,,,,,,,,,,,,,,,,,,,
pwJXLK6v,REGULAR,PS40111,EQUITY,ASI,MINVOL1M,1,0,INDUSTRY,0.08,ON,VERIFY,OFF,OFF,FASTEXPR,False,2014-01-01,2023-12-31,"divide(ts_delta(operating_income,4), ts_std_dev(revenue,8))",,3,2026-02-02T07:33:28-05:00,,2026-02-02T07:33:29-05:00,,False,False,,,ace_tag,llm_test,confidence_0.6,DATA_USAGE:SINGLE_DATA_SET,Single Data Set Alpha,,IS,UNSUBMITTED,1010345,20000000,152,150,0.9072,0.0098,0.6629,2.2e-05,0.04,0.0,2014-01-01,-18597879.0,20000000.0,255.0,274.0,0.2164,-0.1797,1.9056,-0.001661,-0.65,-0.71,3303819.0,20000000.0,152.0,150.0,0.9072,0.0319,0.6472,7e-05,0.03,0.14,LOW_SHARPE,FAIL,1.58,0.04,LOW_FITNESS,FAIL,1.0,0.0,LOW_ASI_JPN_SHARPE,FAIL,1,0.36,LOW_INVESTABILITY_CONSTRAINED_SHARPE,FAIL,0.03,-0.71,LOW_TURNOVER,PASS,0.01,0.9072,HIGH_TURNOVER,FAIL,0.7,0.9072,CONCENTRATED_WEIGHT,FAIL,2023-01-05,0.1,0.5,LOW_SUB_UNIVERSE_SHARPE,PASS,0.01,0.1,LOW_ROBUST_UNIVERSE_SHARPE.WITH_RATIO,PASS,0.9,0.04,0.09,LOW_ROBUST_UNIVERSE_RETURNS,PASS,0.9,0.0088,0.0214,SELF_CORRELATION,PENDING,DATA_DIVERSITY,PENDING,PROD_CORRELATION,PENDING,REGULAR_SUBMISSION,PENDING,LOW_2Y_SHARPE,FAIL,0.3,1.58,MATCHES_COMPETITION,PENDING,AIACv2,AI Alphas Competition 2.0,PASS,MATCHES_PYRAMID,1.0,1.1,ASI/D1/FUNDAMENTAL,1.1,WARNING,MATCHES_THEMES,EDrKL34,2.0,JPN Dataset Utilization Theme,M4ZYx3D,2.0,AMR Dataset Utilization Theme,9B3qxZ4,2.0,KOR Dataset Utilization Theme,PBVkEJD,2.0,TWN Dataset Utilization Theme,by88rqy,2.0,HKG Dataset Utilization Theme,V45896D,1.0,GLB/D1 TOPDIV3000 Power Pool Feb`26 Theme,,,,,,,,,,,,,,,,,,,,,,,,,,,,,,,,,,,,
E507mraP,REGULAR,PS40111,EQUITY,ASI,MINVOL1M,1,0,INDUSTRY,0.08,ON,VERIFY,OFF,OFF,FASTEXPR,False,2014-01-01,2023-12-31,"ts_delta(current_ratio, 4)",Quarterly change in current_ratio (liquidity improvement). Single field with high coverage. Confidence: 0.61.,1,2026-02-02T05:27:22-05:00,,2026-02-02T05:27:25-05:00,,False,False,,,ace_tag,llm_test,confidence_0.62,DATA_USAGE:SINGLE_DATA_SET,Single Data Set Alpha,,IS,UNSUBMITTED,4062514,20000000,1071,1096,0.7105,0.0393,0.4262,0.000111,0.26,0.06,2014-01-01,440456.0,20000000.0,1699.0,1459.0,0.3177,0.0043,0.8585,2.7e-05,0.0,0.02,1505699.0,20000000.0,1071.0,1096.0,0.7105,0.0146,0.556,4.1e-05,0.02,0.11,LOW_SHARPE,FAIL,1.58,0.26,LOW_FITNESS,FAIL,1.0,0.06,LOW_ASI_JPN_SHARPE,FAIL,1,-0.04,LOW_INVESTABILITY_CONSTRAINED_SHARPE,FAIL,0.18,0.02,LOW_TURNOVER,PASS,0.01,0.7105,HIGH_TURNOVER,FAIL,0.7,0.7105,CONCENTRATED_WEIGHT,FAIL,2018-01-05,0.1,0.499997,LOW_SUB_UNIVERSE_SHARPE,PASS,0.08,0.09,LOW_ROBUST_UNIVERSE_SHARPE.WITH_RATIO,PASS,0.9,0.23,0.37,LOW_ROBUST_UNIVERSE_RETURNS,PASS,0.9,0.0354,0.0574,SELF_CORRELATION,PENDING,DATA_DIVERSITY,PENDING,PROD_CORRELATION,PENDING,REGULAR_SUBMISSION,PENDING,LOW_2Y_SHARPE,FAIL,0.93,1.58,MATCHES_COMPETITION,PENDING,AIACv2,AI Alphas Competition 2.0,PASS,MATCHES_PYRAMID,1.0,1.1,ASI/D1/FUNDAMENTAL,1.1,WARNING,MATCHES_THEMES,EDrKL34,2.0,JPN Dataset Utilization Theme,M4ZYx3D,2.0,AMR Dataset Utilization Theme,9B3qxZ4,2.0,KOR Dataset Utilization Theme,PBVkEJD,2.0,TWN Dataset Utilization Theme,by88rqy,2.0,HKG Dataset Utilization Theme,V45896D,1.0,GLB/D1 TOPDIV3000 Power Pool Feb`26 Theme,,,,,,,,,,,,,,,,,,,,,,,,,,,,,,,,,,,,
gJqA2xwv,REGULAR,PS40111,EQUITY,ASI,MINVOL1M,1,0,INDUSTRY,0.08,ON,VERIFY,OFF,OFF,FASTEXPR,False,2014-01-01,2023-12-31,"divide(eps, fnd23_1oscq)",,1,2026-02-02T07:32:19-05:00,,2026-02-02T07:32:20-05:00,,False,False,,,ace_tag,llm_test,confidence_0.58,DATA_USAGE:SINGLE_DATA_SET,Single Data Set Alpha,,IS,UNSUBMITTED,-2392690,20000000,654,2597,0.0143,-0.0231,0.339,-0.003237,-0.23,-0.1,2014-01-01,-2581709.0,20000000.0,909.0,2344.0,0.0182,-0.0249,0.4063,-0.002736,-0.11,-0.25,-4165177.0,20000000.0,654.0,2597.0,0.0143,-0.0403,0.4437,-0.005635,-0.32,-0.56,LOW_SHARPE,FAIL,1.58,-0.23,LOW_FITNESS,FAIL,1.0,-0.1,LOW_ASI_JPN_SHARPE,FAIL,1,0.05,LOW_INVESTABILITY_CONSTRAINED_SHARPE,FAIL,-0.16,-0.25,LOW_TURNOVER,PASS,0.01,0.0143,HIGH_TURNOVER,PASS,0.7,0.0143,CONCENTRATED_WEIGHT,FAIL,2017-05-18,0.1,0.485042,LOW_SUB_UNIVERSE_SHARPE,FAIL,-0.07,-0.55,LOW_ROBUST_UNIVERSE_SHARPE.WITH_RATIO,FAIL,0.9,-0.21,-0.34,LOW_ROBUST_UNIVERSE_RETURNS,FAIL,0.9,-0.0208,-0.0362,SELF_CORRELATION,PENDING,DATA_DIVERSITY,PENDING,PROD_CORRELATION,PENDING,REGULAR_SUBMISSION,PENDING,LOW_2Y_SHARPE,FAIL,-0.09,1.58,MATCHES_COMPETITION,PENDING,AIACv2,AI Alphas Competition 2.0,PASS,MATCHES_PYRAMID,1.0,1.1,ASI/D1/FUNDAMENTAL,1.1,WARNING,MATCHES_THEMES,EDrKL34,2.0,JPN Dataset Utilization Theme,M4ZYx3D,2.0,AMR Dataset Utilization Theme,9B3qxZ4,2.0,KOR Dataset Utilization Theme,PBVkEJD,2.0,TWN Dataset Utilization Theme,by88rqy,2.0,HKG Dataset Utilization Theme,V45896D,1.0,GLB/D1 TOPDIV3000 Power Pool Feb`26 Theme,,,,,,,,,,,,,,,,,,,,,,,,,,,,,,,,,,,,
1YV9MxvX,REGULAR,PS40111,EQUITY,ASI,MINVOL1M,1,0,INDUSTRY,0.08,ON,VERIFY,OFF,OFF,FASTEXPR,False,2014-01-01,2023-12-31,"divide(capex, assets)",,1,2026-02-02T07:34:12-05:00,,2026-02-02T07:34:13-05:00,,False,False,,,ace_tag,llm_test,confidence_0.56,DATA_USAGE:SINGLE_DATA_SET,Single Data Set Alpha,,IS,UNSUBMITTED,10146891,20000000,2213,1078,0.0377,0.0981,0.651,0.005209,0.42,0.37,2014-01-01,10586792.0,20000000.0,2217.0,1076.0,0.0369,0.1023,0.6782,0.005541,0.4,0.44,11763807.0,20000000.0,2213.0,1078.0,0.0377,0.1137,0.2136,0.006039,0.65,0.68,LOW_SHARPE,FAIL,1.58,0.42,LOW_FITNESS,FAIL,1.0,0.37,LOW_ASI_JPN_SHARPE,FAIL,1,0.37,LOW_INVESTABILITY_CONSTRAINED_SHARPE,PASS,0.29,0.44,LOW_TURNOVER,PASS,0.01,0.0377,HIGH_TURNOVER,PASS,0.7,0.0377,CONCENTRATED_WEIGHT,FAIL,2022-02-22,0.1,0.482719,LOW_SUB_UNIVERSE_SHARPE,PASS,0.12,0.37,LOW_ROBUST_UNIVERSE_SHARPE.WITH_RATIO,FAIL,0.9,0.38,0.15,LOW_ROBUST_UNIVERSE_RETURNS,FAIL,0.9,0.0883,0.0354,SELF_CORRELATION,PENDING,DATA_DIVERSITY,PENDING,PROD_CORRELATION,PENDING,REGULAR_SUBMISSION,PENDING,LOW_2Y_SHARPE,FAIL,-0.16,1.58,MATCHES_COMPETITION,PENDING,AIACv2,AI Alphas Competition 2.0,PASS,MATCHES_PYRAMID,1.0,1.1,ASI/D1/FUNDAMENTAL,1.1,WARNING,MATCHES_THEMES,EDrKL34,2.0,JPN Dataset Utilization Theme,M4ZYx3D,2.0,AMR Dataset Utilization Theme,9B3qxZ4,2.0,KOR Dataset Utilization Theme,PBVkEJD,2.0,TWN Dataset Utilization Theme,by88rqy,2.0,HKG Dataset Utilization Theme,V45896D,1.0,GLB/D1 TOPDIV3000 Power Pool Feb`26 Theme,,,,,,,,,,,,,,,,,,,,,,,,,,,,,,,,,,,,
LLbjQk6v,REGULAR,PS40111,EQUITY,ASI,MINVOL1M,1,0,INDUSTRY,0.08,ON,VERIFY,OFF,OFF,FASTEXPR,False,2014-01-01,2023-12-31,"quantile(ts_delta(sales,4))",,2,2026-02-02T07:32:20-05:00,,2026-02-02T07:32:21-05:00,,False,False,,,ace_tag,llm_test,confidence_0.65,DATA_USAGE:SINGLE_DATA_SET,Single Data Set Alpha,,IS,UNSUBMITTED,4667359,20000000,1022,1266,0.6776,0.0451,0.1252,0.000133,0.62,0.16,2014-01-01,950728.0,20000000.0,1513.0,1648.0,0.3516,0.0092,0.1365,5.2e-05,0.02,0.13,3688383.0,20000000.0,1022.0,1266.0,0.6776,0.0356,0.0975,0.000105,0.14,0.6,LOW_SHARPE,FAIL,1.58,0.62,LOW_FITNESS,FAIL,1.0,0.16,LOW_ASI_JPN_SHARPE,FAIL,1,0.65,LOW_INVESTABILITY_CONSTRAINED_SHARPE,FAIL,0.43,0.13,LOW_TURNOVER,PASS,0.01,0.6776,HIGH_TURNOVER,PASS,0.7,0.6776,CONCENTRATED_WEIGHT,FAIL,2019-01-04,0.1,0.500004,LOW_SUB_UNIVERSE_SHARPE,PASS,0.18,0.58,LOW_ROBUST_UNIVERSE_SHARPE.WITH_RATIO,PASS,0.9,0.56,0.66,LOW_ROBUST_UNIVERSE_RETURNS,PASS,0.9,0.0406,0.0477,SELF_CORRELATION,PENDING,DATA_DIVERSITY,PENDING,PROD_CORRELATION,PENDING,REGULAR_SUBMISSION,PENDING,LOW_2Y_SHARPE,FAIL,0.64,1.58,MATCHES_COMPETITION,PENDING,AIACv2,AI Alphas Competition 2.0,PASS,MATCHES_PYRAMID,1.0,1.1,ASI/D1/FUNDAMENTAL,1.1,WARNING,MATCHES_THEMES,EDrKL34,2.0,JPN Dataset Utilization Theme,M4ZYx3D,2.0,AMR Dataset Utilization Theme,9B3qxZ4,2.0,KOR Dataset Utilization Theme,PBVkEJD,2.0,TWN Dataset Utilization Theme,by88rqy,2.0,HKG Dataset Utilization Theme,V45896D,1.0,GLB/D1 TOPDIV3000 Power Pool Feb`26 Theme,,,,,,,,,,,,,,,,,,,,,,,,,,,,,,,,,,,,
RRZ3exOb,REGULAR,PS40111,EQUITY,ASI,MINVOL1M,1,0,INDUSTRY,0.08,ON,VERIFY,OFF,OFF,FASTEXPR,False,2014-01-01,2023-12-31,"ts_delta(divide(ebitda, revenue), 4)",Quarter-to-quarter change in ebitda/revenue. Uses ebitda & revenue (both high coverage). Kept operators small. Confidence: 0.66.,2,2026-02-02T05:22:48-05:00,,2026-02-02T05:22:55-05:00,,False,False,,,ace_tag,llm_test,confidence_0.67,DATA_USAGE:SINGLE_DATA_SET,Single Data Set Alpha,,IS,UNSUBMITTED,10436171,20000000,1340,1305,0.7404,0.1009,0.3988,0.000272,0.42,0.16,2014-01-01,-3818965.0,20000000.0,1655.0,1503.0,0.3234,-0.0369,1.3775,-0.000228,-0.05,-0.15,12538408.0,20000000.0,1340.0,1305.0,0.7404,0.1212,0.3972,0.000327,0.23,0.56,LOW_SHARPE,FAIL,1.58,0.42,LOW_FITNESS,FAIL,1.0,0.16,LOW_ASI_JPN_SHARPE,FAIL,1,0.03,LOW_INVESTABILITY_CONSTRAINED_SHARPE,FAIL,0.29,-0.15,LOW_TURNOVER,PASS,0.01,0.7404,HIGH_TURNOVER,FAIL,0.7,0.7404,CONCENTRATED_WEIGHT,FAIL,2017-07-18,0.1,0.499904,LOW_SUB_UNIVERSE_SHARPE,PASS,0.12,0.53,LOW_ROBUST_UNIVERSE_SHARPE.WITH_RATIO,PASS,0.9,0.38,0.43,LOW_ROBUST_UNIVERSE_RETURNS,PASS,0.9,0.0908,0.0938,SELF_CORRELATION,PENDING,DATA_DIVERSITY,PENDING,PROD_CORRELATION,PENDING,REGULAR_SUBMISSION,PENDING,LOW_2Y_SHARPE,FAIL,0.63,1.58,MATCHES_COMPETITION,PENDING,AIACv2,AI Alphas Competition 2.0,PASS,MATCHES_PYRAMID,1.0,1.1,ASI/D1/FUNDAMENTAL,1.1,WARNING,MATCHES_THEMES,EDrKL34,2.0,JPN Dataset Utilization Theme,M4ZYx3D,2.0,AMR Dataset Utilization Theme,9B3qxZ4,2.0,KOR Dataset Utilization Theme,PBVkEJD,2.0,TWN Dataset Utilization Theme,by88rqy,2.0,HKG Dataset Utilization Theme,V45896D,1.0,GLB/D1 TOPDIV3000 Power Pool Feb`26 Theme,,,,,,,,,,,,,,,,,,,,,,,,,,,,,,,,,,,,
ak2Yp1AO,REGULAR,PS40111,EQUITY,ASI,MINVOL1M,1,0,INDUSTRY,0.08,ON,VERIFY,OFF,OFF,FASTEXPR,False,2014-01-01,2023-12-31,"ts_zscore(ts_backfill(goodwill,8),12)",,2,2026-02-02T07:33:43-05:00,,2026-02-02T07:33:43-05:00,,False,False,,,ace_tag,llm_test,confidence_0.4,DATA_USAGE:SINGLE_DATA_SET,Single Data Set Alpha,,IS,UNSUBMITTED,-1905476,20000000,56,68,0.5701,-0.0184,0.6537,-6.5e-05,-0.13,-0.02,2014-01-01,-890721.0,20000000.0,105.0,126.0,0.1744,-0.0086,0.6624,-9.9e-05,-0.01,-0.05,-3024100.0,20000000.0,56.0,68.0,0.5701,-0.0292,0.5927,-0.000103,-0.06,-0.25,LOW_SHARPE,FAIL,1.58,-0.13,LOW_FITNESS,FAIL,1.0,-0.02,LOW_ASI_JPN_SHARPE,FAIL,1,0.0,LOW_INVESTABILITY_CONSTRAINED_SHARPE,PASS,-0.09,-0.05,LOW_TURNOVER,PASS,0.01,0.5701,HIGH_TURNOVER,PASS,0.7,0.5701,CONCENTRATED_WEIGHT,FAIL,2017-01-06,0.1,0.5,LOW_SUB_UNIVERSE_SHARPE,PASS,-0.04,0.18,LOW_ROBUST_UNIVERSE_SHARPE.WITH_RATIO,PASS,0.9,-0.12,-0.12,LOW_ROBUST_UNIVERSE_RETURNS,PASS,0.9,-0.0166,-0.0164,SELF_CORRELATION,PENDING,DATA_DIVERSITY,PENDING,PROD_CORRELATION,PENDING,REGULAR_SUBMISSION,PENDING,LOW_2Y_SHARPE,FAIL,-0.06,1.58,MATCHES_COMPETITION,PENDING,AIACv2,AI Alphas Competition 2.0,PASS,MATCHES_PYRAMID,1.0,1.1,ASI/D1/FUNDAMENTAL,1.1,WARNING,MATCHES_THEMES,EDrKL34,2.0,JPN Dataset Utilization Theme,M4ZYx3D,2.0,AMR Dataset Utilization Theme,9B3qxZ4,2.0,KOR Dataset Utilization Theme,PBVkEJD,2.0,TWN Dataset Utilization Theme,by88rqy,2.0,HKG Dataset Utilization Theme,V45896D,1.0,GLB/D1 TOPDIV3000 Power Pool Feb`26 Theme,,,,,,,,,,,,,,,,,,,,,,,,,,,,,,,,,,,,
E507dvl1,REGULAR,PS40111,EQUITY,ASI,MINVOL1M,1,0,INDUSTRY,0.08,ON,VERIFY,OFF,OFF,FASTEXPR,False,2014-01-01,2023-12-31,"divide(ts_zscore(ts_delta(ebitda,4),12), ts_std_dev(ebitda,12))",,4,2026-02-02T07:34:17-05:00,,2026-02-02T07:34:18-05:00,,False,False,,,ace_tag,llm_test,confidence_0.66,DATA_USAGE:SINGLE_DATA_SET,Single Data Set Alpha,,IS,UNSUBMITTED,-1642940,20000000,254,256,0.7837,-0.0159,1.2135,-4.1e-05,-0.06,-0.01,2014-01-01,-516304.0,20000000.0,362.0,349.0,0.2263,-0.005,0.9399,-4.4e-05,-0.0,-0.02,-2786184.0,20000000.0,254.0,256.0,0.7837,-0.0269,0.8964,-6.9e-05,-0.02,-0.12,LOW_SHARPE,FAIL,1.58,-0.06,LOW_FITNESS,FAIL,1.0,-0.01,LOW_ASI_JPN_SHARPE,FAIL,1,-0.14,LOW_INVESTABILITY_CONSTRAINED_SHARPE,PASS,-0.04,-0.02,LOW_TURNOVER,PASS,0.01,0.7837,HIGH_TURNOVER,FAIL,0.7,0.7837,CONCENTRATED_WEIGHT,FAIL,2016-06-23,0.1,0.495672,LOW_SUB_UNIVERSE_SHARPE,PASS,-0.02,0.18,LOW_ROBUST_UNIVERSE_SHARPE.WITH_RATIO,PASS,0.9,-0.05,-0.02,LOW_ROBUST_UNIVERSE_RETURNS,PASS,0.9,-0.0143,-0.0044,SELF_CORRELATION,PENDING,DATA_DIVERSITY,PENDING,PROD_CORRELATION,PENDING,REGULAR_SUBMISSION,PENDING,LOW_2Y_SHARPE,FAIL,-0.86,1.58,MATCHES_COMPETITION,PENDING,AIACv2,AI Alphas Competition 2.0,PASS,MATCHES_PYRAMID,1.0,1.1,ASI/D1/FUNDAMENTAL,1.1,WARNING,MATCHES_THEMES,EDrKL34,2.0,JPN Dataset Utilization Theme,M4ZYx3D,2.0,AMR Dataset Utilization Theme,9B3qxZ4,2.0,KOR Dataset Utilization Theme,PBVkEJD,2.0,TWN Dataset Utilization Theme,by88rqy,2.0,HKG Dataset Utilization Theme,V45896D,1.0,GLB/D1 TOPDIV3000 Power Pool Feb`26 Theme,,,,,,,,,,,,,,,,,,,,,,,,,,,,,,,,,,,,
78qApl7Z,REGULAR,PS40111,EQUITY,ASI,MINVOL1M,1,0,INDUSTRY,0.08,ON,VERIFY,OFF,OFF,FASTEXPR,False,2014-01-01,2023-12-31,"divide(ts_delta(operating_margin,4), assets)",,2,2026-02-02T07:37:11-05:00,,2026-02-02T07:37:11-05:00,,False,False,,,ace_tag,llm_test,confidence_0.61,DATA_USAGE:SINGLE_DATA_SET,Single Data Set Alpha,,IS,UNSUBMITTED,9297839,20000000,1262,1182,0.7496,0.0899,1.1805,0.00024,0.24,0.08,2014-01-01,-19308876.0,20000000.0,1519.0,1665.0,0.3047,-0.1866,2.6122,-0.001225,-0.48,-0.61,16621039.0,20000000.0,1262.0,1182.0,0.7496,0.1606,1.0183,0.000429,0.22,0.47,LOW_SHARPE,FAIL,1.58,0.24,LOW_FITNESS,FAIL,1.0,0.08,LOW_ASI_JPN_SHARPE,FAIL,1,-0.09,LOW_INVESTABILITY_CONSTRAINED_SHARPE,FAIL,0.17,-0.61,LOW_TURNOVER,PASS,0.01,0.7496,HIGH_TURNOVER,FAIL,0.7,0.7496,CONCENTRATED_WEIGHT,FAIL,2022-09-22,0.1,0.499995,LOW_SUB_UNIVERSE_SHARPE,FAIL,0.07,-0.03,LOW_ROBUST_UNIVERSE_SHARPE.WITH_RATIO,FAIL,0.9,0.22,0.21,LOW_ROBUST_UNIVERSE_RETURNS,FAIL,0.9,0.0809,0.0696,SELF_CORRELATION,PENDING,DATA_DIVERSITY,PENDING,PROD_CORRELATION,PENDING,REGULAR_SUBMISSION,PENDING,LOW_2Y_SHARPE,FAIL,-0.11,1.58,MATCHES_COMPETITION,PENDING,AIACv2,AI Alphas Competition 2.0,PASS,MATCHES_PYRAMID,1.0,1.1,ASI/D1/FUNDAMENTAL,1.1,WARNING,MATCHES_THEMES,EDrKL34,2.0,JPN Dataset Utilization Theme,M4ZYx3D,2.0,AMR Dataset Utilization Theme,9B3qxZ4,2.0,KOR Dataset Utilization Theme,PBVkEJD,2.0,TWN Dataset Utilization Theme,by88rqy,2.0,HKG Dataset Utilization Theme,V45896D,1.0,GLB/D1 TOPDIV3000 Power Pool Feb`26 Theme,,,,,,,,,,,,,,,,,,,,,,,,,,,,,,,,,,,,
Wjwq53Zo,REGULAR,PS40111,EQUITY,ASI,MINVOL1M,1,0,INDUSTRY,0.08,ON,VERIFY,OFF,OFF,FASTEXPR,False,2014-01-01,2023-12-31,"subtract(ts_delta(income,4), ts_delta(receivable,4))",,3,2026-02-02T07:36:21-05:00,,2026-02-02T07:36:22-05:00,,False,False,,,ace_tag,llm_test,confidence_0.6,DATA_USAGE:SINGLE_DATA_SET,Single Data Set Alpha,,IS,UNSUBMITTED,4418026,20000000,1390,1164,0.7468,0.0427,0.2013,0.000114,0.34,0.08,2014-01-01,-217268.0,20000000.0,1685.0,1529.0,0.3508,-0.0021,0.4116,-1.2e-05,-0.0,-0.02,5373669.0,20000000.0,1390.0,1164.0,0.7468,0.0519,0.1935,0.000139,0.12,0.46,LOW_SHARPE,FAIL,1.58,0.34,LOW_FITNESS,FAIL,1.0,0.08,LOW_ASI_JPN_SHARPE,FAIL,1,0.04,LOW_INVESTABILITY_CONSTRAINED_SHARPE,FAIL,0.24,-0.02,LOW_TURNOVER,PASS,0.01,0.7468,HIGH_TURNOVER,FAIL,0.7,0.7468,CONCENTRATED_WEIGHT,FAIL,2017-01-04,0.1,0.499998,LOW_SUB_UNIVERSE_SHARPE,PASS,0.1,0.3,LOW_ROBUST_UNIVERSE_SHARPE.WITH_RATIO,PASS,0.9,0.31,0.37,LOW_ROBUST_UNIVERSE_RETURNS,PASS,0.9,0.0384,0.0454,SELF_CORRELATION,PENDING,DATA_DIVERSITY,PENDING,PROD_CORRELATION,PENDING,REGULAR_SUBMISSION,PENDING,LOW_2Y_SHARPE,FAIL,0.02,1.58,MATCHES_COMPETITION,PENDING,AIACv2,AI Alphas Competition 2.0,PASS,MATCHES_PYRAMID,1.0,1.1,ASI/D1/FUNDAMENTAL,1.1,WARNING,MATCHES_THEMES,EDrKL34,2.0,JPN Dataset Utilization Theme,M4ZYx3D,2.0,AMR Dataset Utilization Theme,9B3qxZ4,2.0,KOR Dataset Utilization Theme,PBVkEJD,2.0,TWN Dataset Utilization Theme,by88rqy,2.0,HKG Dataset Utilization Theme,V45896D,1.0,GLB/D1 TOPDIV3000 Power Pool Feb`26 Theme,,,,,,,,,,,,,,,,,,,,,,,,,,,,,,,,,,,,
587bJeAJ,REGULAR,PS40111,EQUITY,ASI,MINVOL1M,1,0,INDUSTRY,0.08,ON,VERIFY,OFF,OFF,FASTEXPR,False,2014-01-01,2023-12-31,"divide(cashflow_op, assets)","Cash generation scaled by balance-sheet size. Uses cashflow_op and assets (both high coverage). No vec_avg. ts_backfill not needed. Confidence: 0.76. SUGGESTION1 & SUGGESTION4 applied (two complementary, high‑quality fields).",1,2026-02-02T05:21:30-05:00,,2026-02-02T05:21:36-05:00,,False,False,,,ace_tag,llm_test,confidence_0.7,DATA_USAGE:SINGLE_DATA_SET,Single Data Set Alpha,,IS,UNSUBMITTED,7666709,20000000,1597,1731,0.0293,0.0741,0.0772,0.005059,1.16,0.89,2014-01-01,7487874.0,20000000.0,1606.0,1723.0,0.0293,0.0724,0.0769,0.004935,0.87,1.14,1905241.0,20000000.0,1597.0,1731.0,0.0293,0.0184,0.0661,0.001257,0.18,0.48,LOW_SHARPE,WARNING,1.58,1.16,LOW_FITNESS,WARNING,1.0,0.89,LOW_ASI_JPN_SHARPE,FAIL,1,0.28,LOW_INVESTABILITY_CONSTRAINED_SHARPE,PASS,0.81,1.14,LOW_TURNOVER,PASS,0.01,0.0293,HIGH_TURNOVER,PASS,0.7,0.0293,CONCENTRATED_WEIGHT,WARNING,2016-01-15,0.1,0.499534,LOW_SUB_UNIVERSE_SHARPE,PASS,0.34,0.81,LOW_ROBUST_UNIVERSE_SHARPE.WITH_RATIO,FAIL,0.9,1.04,0.79,LOW_ROBUST_UNIVERSE_RETURNS,FAIL,0.9,0.0667,0.0439,SELF_CORRELATION,PENDING,DATA_DIVERSITY,PENDING,PROD_CORRELATION,PENDING,REGULAR_SUBMISSION,PENDING,LOW_2Y_SHARPE,WARNING,1.04,1.58,POWER_POOL_CORRELATION,PENDING,,,PENDING,MATCHES_COMPETITION,,,,,PASS,MATCHES_PYRAMID,,,,,,,,,,,,,,,,,,,,,,,,,,,,,AIACv2,AI Alphas Competition 2.0,1.0,1.1,ASI/D1/FUNDAMENTAL,1.1,WARNING,MATCHES_THEMES,EDrKL34,2.0,JPN Dataset Utilization Theme,M4ZYx3D,2.0,AMR Dataset Utilization Theme,9B3qxZ4,2.0,KOR Dataset Utilization Theme,PBVkEJD,2.0,TWN Dataset Utilization Theme,by88rqy,2.0,HKG Dataset Utilization Theme,V45896D,1.0,GLB/D1 TOPDIV3000 Power Pool Feb`26 Theme
O0wYj0nJ,REGULAR,PS40111,EQUITY,ASI,MINVOL1M,1,0,INDUSTRY,0.08,ON,VERIFY,OFF,OFF,FASTEXPR,False,2014-01-01,2023-12-31,"zscore(divide(operating_income, assets))",Operating income scaled by assets as a yield metric. Both fields coverage 1.0. SUGGESTION1 applied. Confidence 0.71.,2,2026-02-02T06:40:15-05:00,,2026-02-02T06:49:08-05:00,,False,False,,,ace_tag,llm_test,confidence_0.85,DATA_USAGE:SINGLE_DATA_SET,Single Data Set Alpha,,IS,UNSUBMITTED,8693452,20000000,1477,1753,0.0354,0.084,0.5176,0.004751,0.4,0.33,2014-01-01,10143090.0,20000000.0,1489.0,1742.0,0.0329,0.098,0.4443,0.005954,0.48,0.54,5070154.0,20000000.0,1477.0,1753.0,0.0354,0.049,0.2347,0.002771,0.19,0.31,LOW_SHARPE,FAIL,1.58,0.4,LOW_FITNESS,FAIL,1.0,0.33,LOW_ASI_JPN_SHARPE,FAIL,1,-0.11,LOW_INVESTABILITY_CONSTRAINED_SHARPE,PASS,0.28,0.54,LOW_TURNOVER,PASS,0.01,0.0354,HIGH_TURNOVER,PASS,0.7,0.0354,CONCENTRATED_WEIGHT,FAIL,2020-11-30,0.1,0.489043,LOW_SUB_UNIVERSE_SHARPE,PASS,0.12,0.44,LOW_ROBUST_UNIVERSE_SHARPE.WITH_RATIO,PASS,0.9,0.36,0.5,LOW_ROBUST_UNIVERSE_RETURNS,FAIL,0.9,0.0756,0.0455,SELF_CORRELATION,PENDING,DATA_DIVERSITY,PENDING,PROD_CORRELATION,PENDING,REGULAR_SUBMISSION,PENDING,LOW_2Y_SHARPE,FAIL,0.98,1.58,MATCHES_COMPETITION,PENDING,AIACv2,AI Alphas Competition 2.0,PASS,MATCHES_PYRAMID,1.0,1.1,ASI/D1/FUNDAMENTAL,1.1,WARNING,MATCHES_THEMES,EDrKL34,2.0,JPN Dataset Utilization Theme,M4ZYx3D,2.0,AMR Dataset Utilization Theme,9B3qxZ4,2.0,KOR Dataset Utilization Theme,PBVkEJD,2.0,TWN Dataset Utilization Theme,by88rqy,2.0,HKG Dataset Utilization Theme,V45896D,1.0,GLB/D1 TOPDIV3000 Power Pool Feb`26 Theme,,,,,,,,,,,,,,,,,,,,,,,,,,,,,,,,,,,,
1YV9lKKk,REGULAR,PS40111,EQUITY,ASI,MINVOL1M,1,0,INDUSTRY,0.08,ON,VERIFY,OFF,OFF,FASTEXPR,False,2014-01-01,2023-12-31,"zscore(divide(cashflow_op, assets))","zscore(divide(cashflow_op, assets)) to find companies with outsized cash generation relative to size. Two fields. Confidence: 0.65.",2,2026-02-02T05:53:51-05:00,,2026-02-02T05:53:56-05:00,,False,False,,,ace_tag,llm_test,confidence_0.82,DATA_USAGE:SINGLE_DATA_SET,Single Data Set Alpha,,IS,UNSUBMITTED,7666717,20000000,1597,1731,0.0293,0.0741,0.0772,0.005059,1.16,0.89,2014-01-01,7487879.0,20000000.0,1606.0,1723.0,0.0293,0.0724,0.0769,0.004935,0.87,1.14,1905241.0,20000000.0,1597.0,1731.0,0.0293,0.0184,0.0661,0.001257,0.18,0.48,LOW_SHARPE,WARNING,1.58,1.16,LOW_FITNESS,WARNING,1.0,0.89,LOW_ASI_JPN_SHARPE,FAIL,1,0.28,LOW_INVESTABILITY_CONSTRAINED_SHARPE,PASS,0.81,1.14,LOW_TURNOVER,PASS,0.01,0.0293,HIGH_TURNOVER,PASS,0.7,0.0293,CONCENTRATED_WEIGHT,WARNING,2016-01-15,0.1,0.499535,LOW_SUB_UNIVERSE_SHARPE,PASS,0.34,0.81,LOW_ROBUST_UNIVERSE_SHARPE.WITH_RATIO,FAIL,0.9,1.04,0.79,LOW_ROBUST_UNIVERSE_RETURNS,FAIL,0.9,0.0667,0.0439,SELF_CORRELATION,PENDING,DATA_DIVERSITY,PENDING,PROD_CORRELATION,PENDING,REGULAR_SUBMISSION,PENDING,LOW_2Y_SHARPE,WARNING,1.04,1.58,POWER_POOL_CORRELATION,PENDING,,,PENDING,MATCHES_COMPETITION,,,,,PASS,MATCHES_PYRAMID,,,,,,,,,,,,,,,,,,,,,,,,,,,,,AIACv2,AI Alphas Competition 2.0,1.0,1.1,ASI/D1/FUNDAMENTAL,1.1,WARNING,MATCHES_THEMES,EDrKL34,2.0,JPN Dataset Utilization Theme,M4ZYx3D,2.0,AMR Dataset Utilization Theme,9B3qxZ4,2.0,KOR Dataset Utilization Theme,PBVkEJD,2.0,TWN Dataset Utilization Theme,by88rqy,2.0,HKG Dataset Utilization Theme,V45896D,1.0,GLB/D1 TOPDIV3000 Power Pool Feb`26 Theme
LLbj0ban,REGULAR,PS40111,EQUITY,ASI,MINVOL1M,1,0,INDUSTRY,0.08,ON,VERIFY,OFF,OFF,FASTEXPR,False,2014-01-01,2023-12-31,"ts_zscore(ts_delta(divide(ebitda, revenue), 4), 60)",,3,2026-02-02T07:42:16-05:00,,2026-02-02T07:42:17-05:00,,False,False,,,ace_tag,llm_test,confidence_0.78,DATA_USAGE:SINGLE_DATA_SET,Single Data Set Alpha,,IS,UNSUBMITTED,1886918,20000000,1342,1326,0.5276,0.0182,0.0943,6.9e-05,0.48,0.09,2014-01-01,-427562.0,20000000.0,1342.0,1354.0,0.2817,-0.0041,0.1351,-2.9e-05,-0.02,-0.13,2295391.0,20000000.0,1342.0,1326.0,0.5276,0.0222,0.0632,8.4e-05,0.15,0.73,LOW_SHARPE,FAIL,1.58,0.48,LOW_FITNESS,FAIL,1.0,0.09,LOW_ASI_JPN_SHARPE,FAIL,1,-0.1,LOW_INVESTABILITY_CONSTRAINED_SHARPE,FAIL,0.34,-0.13,LOW_TURNOVER,PASS,0.01,0.5276,HIGH_TURNOVER,PASS,0.7,0.5276,CONCENTRATED_WEIGHT,PASS,,,,LOW_SUB_UNIVERSE_SHARPE,PASS,0.14,0.23,LOW_ROBUST_UNIVERSE_SHARPE.WITH_RATIO,PASS,0.9,0.43,0.63,LOW_ROBUST_UNIVERSE_RETURNS,PASS,0.9,0.0164,0.024,SELF_CORRELATION,PENDING,DATA_DIVERSITY,PENDING,PROD_CORRELATION,PENDING,REGULAR_SUBMISSION,PENDING,LOW_2Y_SHARPE,FAIL,0.64,1.58,MATCHES_COMPETITION,PENDING,AIACv2,AI Alphas Competition 2.0,PASS,MATCHES_PYRAMID,1.0,1.1,ASI/D1/FUNDAMENTAL,1.1,WARNING,MATCHES_THEMES,EDrKL34,2.0,JPN Dataset Utilization Theme,M4ZYx3D,2.0,AMR Dataset Utilization Theme,9B3qxZ4,2.0,KOR Dataset Utilization Theme,PBVkEJD,2.0,TWN Dataset Utilization Theme,by88rqy,2.0,HKG Dataset Utilization Theme,V45896D,1.0,GLB/D1 TOPDIV3000 Power Pool Feb`26 Theme,,,,,,,,,,,,,,,,,,,,,,,,,,,,,,,,,,,,
0mkl1n98,REGULAR,PS40111,EQUITY,ASI,MINVOL1M,1,0,INDUSTRY,0.08,ON,VERIFY,OFF,OFF,FASTEXPR,False,2014-01-01,2023-12-31,"zscore(divide(sales, ts_mean(sales, 4)))",,3,2026-02-02T07:42:03-05:00,,2026-02-02T07:42:04-05:00,,False,False,,,ace_tag,llm_test,confidence_0.74,DATA_USAGE:SINGLE_DATA_SET,Single Data Set Alpha,,IS,UNSUBMITTED,3471057,20000000,993,1104,0.9561,0.0335,0.4106,7e-05,0.26,0.05,2014-01-01,2550799.0,20000000.0,1464.0,1634.0,0.3916,0.0247,0.3966,0.000126,0.05,0.18,4663719.0,20000000.0,993.0,1104.0,0.9561,0.0451,0.2718,9.4e-05,0.09,0.41,LOW_SHARPE,FAIL,1.58,0.26,LOW_FITNESS,FAIL,1.0,0.05,LOW_ASI_JPN_SHARPE,FAIL,1,0.54,LOW_INVESTABILITY_CONSTRAINED_SHARPE,PASS,0.18,0.18,LOW_TURNOVER,PASS,0.01,0.9561,HIGH_TURNOVER,FAIL,0.7,0.9561,CONCENTRATED_WEIGHT,FAIL,2023-01-05,0.1,0.5,LOW_SUB_UNIVERSE_SHARPE,PASS,0.08,0.46,LOW_ROBUST_UNIVERSE_SHARPE.WITH_RATIO,PASS,0.9,0.23,0.36,LOW_ROBUST_UNIVERSE_RETURNS,PASS,0.9,0.0302,0.0454,SELF_CORRELATION,PENDING,DATA_DIVERSITY,PENDING,PROD_CORRELATION,PENDING,REGULAR_SUBMISSION,PENDING,LOW_2Y_SHARPE,FAIL,0.44,1.58,MATCHES_COMPETITION,PENDING,AIACv2,AI Alphas Competition 2.0,PASS,MATCHES_PYRAMID,1.0,1.1,ASI/D1/FUNDAMENTAL,1.1,WARNING,MATCHES_THEMES,EDrKL34,2.0,JPN Dataset Utilization Theme,M4ZYx3D,2.0,AMR Dataset Utilization Theme,9B3qxZ4,2.0,KOR Dataset Utilization Theme,PBVkEJD,2.0,TWN Dataset Utilization Theme,by88rqy,2.0,HKG Dataset Utilization Theme,V45896D,1.0,GLB/D1 TOPDIV3000 Power Pool Feb`26 Theme,,,,,,,,,,,,,,,,,,,,,,,,,,,,,,,,,,,,
d58XNewx,REGULAR,PS40111,EQUITY,ASI,MINVOL1M,1,0,INDUSTRY,0.08,ON,VERIFY,OFF,OFF,FASTEXPR,False,2014-01-01,2023-12-31,"zscore(divide(ts_delta(receivable, 4), sales))",,3,2026-02-02T07:42:02-05:00,,2026-02-02T07:42:02-05:00,,False,False,,,ace_tag,llm_test,confidence_0.7,DATA_USAGE:SINGLE_DATA_SET,Single Data Set Alpha,,IS,UNSUBMITTED,-1311221,20000000,1016,1280,0.7559,-0.0127,0.5014,-3.4e-05,-0.07,-0.01,2014-01-01,2465044.0,20000000.0,1519.0,1569.0,0.3294,0.0238,0.4312,0.000145,0.04,0.15,-810005.0,20000000.0,1016.0,1280.0,0.7559,-0.0078,0.5,-2.1e-05,-0.01,-0.05,LOW_SHARPE,FAIL,1.58,-0.07,LOW_FITNESS,FAIL,1.0,-0.01,LOW_ASI_JPN_SHARPE,FAIL,1,0.4,LOW_INVESTABILITY_CONSTRAINED_SHARPE,PASS,-0.05,0.15,LOW_TURNOVER,PASS,0.01,0.7559,HIGH_TURNOVER,FAIL,0.7,0.7559,CONCENTRATED_WEIGHT,FAIL,2019-05-31,0.1,0.500004,LOW_SUB_UNIVERSE_SHARPE,FAIL,-0.02,-0.2,LOW_ROBUST_UNIVERSE_SHARPE.WITH_RATIO,FAIL,0.9,-0.06,-0.25,LOW_ROBUST_UNIVERSE_RETURNS,FAIL,0.9,-0.0114,-0.0463,SELF_CORRELATION,PENDING,DATA_DIVERSITY,PENDING,PROD_CORRELATION,PENDING,REGULAR_SUBMISSION,PENDING,LOW_2Y_SHARPE,FAIL,-0.04,1.58,MATCHES_COMPETITION,PENDING,AIACv2,AI Alphas Competition 2.0,PASS,MATCHES_PYRAMID,1.0,1.1,ASI/D1/FUNDAMENTAL,1.1,WARNING,MATCHES_THEMES,EDrKL34,2.0,JPN Dataset Utilization Theme,M4ZYx3D,2.0,AMR Dataset Utilization Theme,9B3qxZ4,2.0,KOR Dataset Utilization Theme,PBVkEJD,2.0,TWN Dataset Utilization Theme,by88rqy,2.0,HKG Dataset Utilization Theme,V45896D,1.0,GLB/D1 TOPDIV3000 Power Pool Feb`26 Theme,,,,,,,,,,,,,,,,,,,,,,,,,,,,,,,,,,,,
N1WwYk0p,REGULAR,PS40111,EQUITY,ASI,MINVOL1M,1,0,INDUSTRY,0.08,ON,VERIFY,OFF,OFF,FASTEXPR,False,2014-01-01,2023-12-31,"zscore(divide(ts_delta(inventory, 4), sales))",,3,2026-02-02T07:42:00-05:00,,2026-02-02T07:42:00-05:00,,False,False,,,ace_tag,llm_test,confidence_0.68,DATA_USAGE:SINGLE_DATA_SET,Single Data Set Alpha,,IS,UNSUBMITTED,-2756879,20000000,710,1145,0.7607,-0.0266,0.5647,-7e-05,-0.14,-0.03,2014-01-01,4865409.0,20000000.0,1360.0,1475.0,0.317,0.047,0.3907,0.000297,0.12,0.32,371348.0,20000000.0,710.0,1145.0,0.7607,0.0036,0.4493,9e-06,0.0,0.02,LOW_SHARPE,FAIL,1.58,-0.14,LOW_FITNESS,FAIL,1.0,-0.03,LOW_ASI_JPN_SHARPE,FAIL,1,-0.38,LOW_INVESTABILITY_CONSTRAINED_SHARPE,PASS,-0.1,0.32,LOW_TURNOVER,PASS,0.01,0.7607,HIGH_TURNOVER,FAIL,0.7,0.7607,CONCENTRATED_WEIGHT,FAIL,2023-01-05,0.1,0.500005,LOW_SUB_UNIVERSE_SHARPE,FAIL,-0.04,-0.82,LOW_ROBUST_UNIVERSE_SHARPE.WITH_RATIO,FAIL,0.9,-0.13,-0.25,LOW_ROBUST_UNIVERSE_RETURNS,FAIL,0.9,-0.0239,-0.0443,SELF_CORRELATION,PENDING,DATA_DIVERSITY,PENDING,PROD_CORRELATION,PENDING,REGULAR_SUBMISSION,PENDING,LOW_2Y_SHARPE,FAIL,0.13,1.58,MATCHES_COMPETITION,PENDING,AIACv2,AI Alphas Competition 2.0,PASS,MATCHES_PYRAMID,1.0,1.1,ASI/D1/FUNDAMENTAL,1.1,WARNING,MATCHES_THEMES,EDrKL34,2.0,JPN Dataset Utilization Theme,M4ZYx3D,2.0,AMR Dataset Utilization Theme,9B3qxZ4,2.0,KOR Dataset Utilization Theme,PBVkEJD,2.0,TWN Dataset Utilization Theme,by88rqy,2.0,HKG Dataset Utilization Theme,V45896D,1.0,GLB/D1 TOPDIV3000 Power Pool Feb`26 Theme,,,,,,,,,,,,,,,,,,,,,,,,,,,,,,,,,,,,
0mkl1n8k,REGULAR,PS40111,EQUITY,ASI,MINVOL1M,1,0,INDUSTRY,0.08,ON,VERIFY,OFF,OFF,FASTEXPR,False,2014-01-01,2023-12-31,"zscore(divide(add(receivable, inventory, filter=true) - liabilities_curr, assets))",,4,2026-02-02T07:42:06-05:00,,2026-02-02T07:42:06-05:00,,False,False,,,ace_tag,llm_test,confidence_0.72,DATA_USAGE:SINGLE_DATA_SET,Single Data Set Alpha,,IS,UNSUBMITTED,-2014238,20000000,1684,1482,0.0274,-0.0195,0.9991,-0.001422,-0.08,-0.03,2014-01-01,-2487973.0,20000000.0,1688.0,1480.0,0.0275,-0.024,0.8526,-0.001746,-0.04,-0.1,-5755928.0,20000000.0,1684.0,1482.0,0.0274,-0.0556,1.0832,-0.004063,-0.21,-0.31,LOW_SHARPE,FAIL,1.58,-0.08,LOW_FITNESS,FAIL,1.0,-0.03,LOW_ASI_JPN_SHARPE,FAIL,1,0.02,LOW_INVESTABILITY_CONSTRAINED_SHARPE,FAIL,-0.06,-0.1,LOW_TURNOVER,PASS,0.01,0.0274,HIGH_TURNOVER,PASS,0.7,0.0274,CONCENTRATED_WEIGHT,FAIL,2015-06-29,0.1,0.499018,LOW_SUB_UNIVERSE_SHARPE,PASS,-0.02,0.05,LOW_ROBUST_UNIVERSE_SHARPE.WITH_RATIO,FAIL,0.9,-0.07,-0.12,LOW_ROBUST_UNIVERSE_RETURNS,FAIL,0.9,-0.0175,-0.0183,SELF_CORRELATION,PENDING,DATA_DIVERSITY,PENDING,PROD_CORRELATION,PENDING,REGULAR_SUBMISSION,PENDING,LOW_2Y_SHARPE,FAIL,0.36,1.58,MATCHES_COMPETITION,PENDING,AIACv2,AI Alphas Competition 2.0,PASS,MATCHES_PYRAMID,1.0,1.1,ASI/D1/FUNDAMENTAL,1.1,WARNING,MATCHES_THEMES,EDrKL34,2.0,JPN Dataset Utilization Theme,M4ZYx3D,2.0,AMR Dataset Utilization Theme,9B3qxZ4,2.0,KOR Dataset Utilization Theme,PBVkEJD,2.0,TWN Dataset Utilization Theme,by88rqy,2.0,HKG Dataset Utilization Theme,V45896D,1.0,GLB/D1 TOPDIV3000 Power Pool Feb`26 Theme,,,,,,,,,,,,,,,,,,,,,,,,,,,,,,,,,,,,
bl2ke7k6,REGULAR,PS40111,EQUITY,ASI,MINVOL1M,1,0,INDUSTRY,0.08,ON,VERIFY,OFF,OFF,FASTEXPR,False,2014-01-01,2023-12-31,"zscore(reverse(ts_delta(long_term_debt_total, 12)))",,3,2026-02-02T07:42:00-05:00,,2026-02-02T07:42:01-05:00,,False,False,,,ace_tag,llm_test,confidence_0.66,DATA_USAGE:SINGLE_DATA_SET,Single Data Set Alpha,,IS,UNSUBMITTED,9062720,20000000,971,939,0.3223,0.0876,0.1919,0.000543,0.64,0.33,2014-01-01,4972858.0,20000000.0,1555.0,1629.0,0.1905,0.0481,0.3005,0.000505,0.21,0.42,8291198.0,20000000.0,971.0,939.0,0.3223,0.0801,0.1431,0.000497,0.32,0.65,LOW_SHARPE,FAIL,1.58,0.64,LOW_FITNESS,FAIL,1.0,0.33,LOW_ASI_JPN_SHARPE,FAIL,1,0.26,LOW_INVESTABILITY_CONSTRAINED_SHARPE,FAIL,0.45,0.42,LOW_TURNOVER,PASS,0.01,0.3223,HIGH_TURNOVER,PASS,0.7,0.3223,CONCENTRATED_WEIGHT,FAIL,2023-01-10,0.1,0.494197,LOW_SUB_UNIVERSE_SHARPE,PASS,0.19,0.29,LOW_ROBUST_UNIVERSE_SHARPE.WITH_RATIO,FAIL,0.9,0.58,0.45,LOW_ROBUST_UNIVERSE_RETURNS,FAIL,0.9,0.0788,0.057,SELF_CORRELATION,PENDING,DATA_DIVERSITY,PENDING,PROD_CORRELATION,PENDING,REGULAR_SUBMISSION,PENDING,LOW_2Y_SHARPE,FAIL,1.01,1.58,MATCHES_COMPETITION,PENDING,AIACv2,AI Alphas Competition 2.0,PASS,MATCHES_PYRAMID,1.0,1.1,ASI/D1/FUNDAMENTAL,1.1,WARNING,MATCHES_THEMES,EDrKL34,2.0,JPN Dataset Utilization Theme,M4ZYx3D,2.0,AMR Dataset Utilization Theme,9B3qxZ4,2.0,KOR Dataset Utilization Theme,PBVkEJD,2.0,TWN Dataset Utilization Theme,by88rqy,2.0,HKG Dataset Utilization Theme,V45896D,1.0,GLB/D1 TOPDIV3000 Power Pool Feb`26 Theme,,,,,,,,,,,,,,,,,,,,,,,,,,,,,,,,,,,,
9qPvNAO2,REGULAR,PS40111,EQUITY,ASI,MINVOL1M,1,0,INDUSTRY,0.08,ON,VERIFY,OFF,OFF,FASTEXPR,False,2014-01-01,2023-12-31,"zscore(reverse(ts_delta(capex, 4)))",,3,2026-02-02T07:43:35-05:00,,2026-02-02T07:43:36-05:00,,False,False,,,ace_tag,llm_test,confidence_0.65,DATA_USAGE:SINGLE_DATA_SET,Single Data Set Alpha,,IS,UNSUBMITTED,6762026,20000000,821,1434,0.7179,0.0653,0.2558,0.000182,0.47,0.14,2014-01-01,-4255453.0,20000000.0,1562.0,1730.0,0.3313,-0.0411,0.6836,-0.000248,-0.12,-0.34,5716191.0,20000000.0,821.0,1434.0,0.7179,0.0552,0.2045,0.000154,0.14,0.52,LOW_SHARPE,FAIL,1.58,0.47,LOW_FITNESS,FAIL,1.0,0.14,LOW_ASI_JPN_SHARPE,FAIL,1,-0.3,LOW_INVESTABILITY_CONSTRAINED_SHARPE,FAIL,0.33,-0.34,LOW_TURNOVER,PASS,0.01,0.7179,HIGH_TURNOVER,FAIL,0.7,0.7179,CONCENTRATED_WEIGHT,FAIL,2017-01-05,0.1,0.500002,LOW_SUB_UNIVERSE_SHARPE,FAIL,0.14,-0.08,LOW_ROBUST_UNIVERSE_SHARPE.WITH_RATIO,PASS,0.9,0.42,0.61,LOW_ROBUST_UNIVERSE_RETURNS,PASS,0.9,0.0588,0.0848,SELF_CORRELATION,PENDING,DATA_DIVERSITY,PENDING,PROD_CORRELATION,PENDING,REGULAR_SUBMISSION,PENDING,LOW_2Y_SHARPE,FAIL,-0.5,1.58,MATCHES_COMPETITION,PENDING,AIACv2,AI Alphas Competition 2.0,PASS,MATCHES_PYRAMID,1.0,1.1,ASI/D1/FUNDAMENTAL,1.1,WARNING,MATCHES_THEMES,EDrKL34,2.0,JPN Dataset Utilization Theme,M4ZYx3D,2.0,AMR Dataset Utilization Theme,9B3qxZ4,2.0,KOR Dataset Utilization Theme,PBVkEJD,2.0,TWN Dataset Utilization Theme,by88rqy,2.0,HKG Dataset Utilization Theme,V45896D,1.0,GLB/D1 TOPDIV3000 Power Pool Feb`26 Theme,,,,,,,,,,,,,,,,,,,,,,,,,,,,,,,,,,,,
Jj0w6g3m,REGULAR,PS40111,EQUITY,ASI,MINVOL1M,1,0,INDUSTRY,0.08,ON,VERIFY,OFF,OFF,FASTEXPR,False,2014-01-01,2023-12-31,"zscore(ts_delta(fnd23_1spdd, 4))",,2,2026-02-02T07:43:49-05:00,,2026-02-02T07:43:49-05:00,,False,False,,,ace_tag,llm_test,confidence_0.71,DATA_USAGE:SINGLE_DATA_SET,Single Data Set Alpha,,IS,UNSUBMITTED,6363363,20000000,548,849,0.7662,0.0615,0.4285,0.000161,0.31,0.09,2014-01-01,11744028.0,20000000.0,1472.0,1769.0,0.2932,0.1135,0.2143,0.000774,0.46,0.74,6348712.0,20000000.0,548.0,849.0,0.7662,0.0614,0.3594,0.00016,0.1,0.34,LOW_SHARPE,FAIL,1.58,0.31,LOW_FITNESS,FAIL,1.0,0.09,LOW_ASI_JPN_SHARPE,FAIL,1,0.48,LOW_INVESTABILITY_CONSTRAINED_SHARPE,PASS,0.22,0.74,LOW_TURNOVER,PASS,0.01,0.7662,HIGH_TURNOVER,FAIL,0.7,0.7662,CONCENTRATED_WEIGHT,FAIL,2016-11-29,0.1,0.500004,LOW_SUB_UNIVERSE_SHARPE,PASS,0.09,0.27,LOW_ROBUST_UNIVERSE_SHARPE.WITH_RATIO,PASS,0.9,0.28,0.33,LOW_ROBUST_UNIVERSE_RETURNS,PASS,0.9,0.0554,0.0649,SELF_CORRELATION,PENDING,DATA_DIVERSITY,PENDING,PROD_CORRELATION,PENDING,REGULAR_SUBMISSION,PENDING,LOW_2Y_SHARPE,FAIL,-0.21,1.58,MATCHES_COMPETITION,PENDING,AIACv2,AI Alphas Competition 2.0,PASS,MATCHES_PYRAMID,1.0,1.1,ASI/D1/FUNDAMENTAL,1.1,WARNING,MATCHES_THEMES,EDrKL34,2.0,JPN Dataset Utilization Theme,M4ZYx3D,2.0,AMR Dataset Utilization Theme,9B3qxZ4,2.0,KOR Dataset Utilization Theme,PBVkEJD,2.0,TWN Dataset Utilization Theme,by88rqy,2.0,HKG Dataset Utilization Theme,V45896D,1.0,GLB/D1 TOPDIV3000 Power Pool Feb`26 Theme,,,,,,,,,,,,,,,,,,,,,,,,,,,,,,,,,,,,
e78pXdvE,REGULAR,PS40111,EQUITY,ASI,MINVOL1M,1,0,INDUSTRY,0.08,ON,VERIFY,OFF,OFF,FASTEXPR,False,2014-01-01,2023-12-31,"zscore(ts_delta(return_assets, 4))",,2,2026-02-02T07:43:50-05:00,,2026-02-02T07:43:51-05:00,,False,False,,,ace_tag,llm_test,confidence_0.76,DATA_USAGE:SINGLE_DATA_SET,Single Data Set Alpha,,IS,UNSUBMITTED,-7509443,20000000,1303,1236,0.706,-0.0726,1.0065,-0.000206,-0.43,-0.14,2014-01-01,-11555669.0,20000000.0,1707.0,1624.0,0.3436,-0.1117,1.256,-0.00065,-0.45,-0.79,-5932353.0,20000000.0,1303.0,1236.0,0.706,-0.0573,0.8066,-0.000162,-0.11,-0.38,LOW_SHARPE,FAIL,1.58,-0.43,LOW_FITNESS,FAIL,1.0,-0.14,LOW_ASI_JPN_SHARPE,FAIL,1,0.09,LOW_INVESTABILITY_CONSTRAINED_SHARPE,FAIL,-0.3,-0.79,LOW_TURNOVER,PASS,0.01,0.706,HIGH_TURNOVER,FAIL,0.7,0.706,CONCENTRATED_WEIGHT,FAIL,2017-01-04,0.1,0.499997,LOW_SUB_UNIVERSE_SHARPE,PASS,-0.13,0.04,LOW_ROBUST_UNIVERSE_SHARPE.WITH_RATIO,PASS,0.9,-0.39,0.05,LOW_ROBUST_UNIVERSE_RETURNS,PASS,0.9,-0.0653,0.0078,SELF_CORRELATION,PENDING,DATA_DIVERSITY,PENDING,PROD_CORRELATION,PENDING,REGULAR_SUBMISSION,PENDING,LOW_2Y_SHARPE,FAIL,-0.75,1.58,MATCHES_COMPETITION,PENDING,AIACv2,AI Alphas Competition 2.0,PASS,MATCHES_PYRAMID,1.0,1.1,ASI/D1/FUNDAMENTAL,1.1,WARNING,MATCHES_THEMES,EDrKL34,2.0,JPN Dataset Utilization Theme,M4ZYx3D,2.0,AMR Dataset Utilization Theme,9B3qxZ4,2.0,KOR Dataset Utilization Theme,PBVkEJD,2.0,TWN Dataset Utilization Theme,by88rqy,2.0,HKG Dataset Utilization Theme,V45896D,1.0,GLB/D1 TOPDIV3000 Power Pool Feb`26 Theme,,,,,,,,,,,,,,,,,,,,,,,,,,,,,,,,,,,,
wpwmP8Gv,REGULAR,PS40111,EQUITY,ASI,MINVOL1M,1,0,INDUSTRY,0.08,ON,VERIFY,OFF,OFF,FASTEXPR,False,2014-01-01,2023-12-31,"ts_zscore(ts_delta(return_equity, 4), 60)",Detect improving ROE via time-series delta. Used return_equity (coverage 1.0). SUGGESTION1 (time op + field). Confidence 0.68.,2,2026-02-02T06:07:19-05:00,,2026-02-02T06:07:23-05:00,,False,False,,,ace_tag,llm_test,confidence_0.77,DATA_USAGE:SINGLE_DATA_SET,Single Data Set Alpha,,IS,UNSUBMITTED,1282382,20000000,1402,1338,0.4816,0.0124,0.0635,5.1e-05,0.34,0.05,2014-01-01,-962621.0,20000000.0,1409.0,1368.0,0.2651,-0.0093,0.1307,-7e-05,-0.05,-0.29,1515633.0,20000000.0,1402.0,1338.0,0.4816,0.0146,0.0854,6.1e-05,0.09,0.49,LOW_SHARPE,FAIL,1.58,0.34,LOW_FITNESS,FAIL,1.0,0.05,LOW_ASI_JPN_SHARPE,FAIL,1,-0.37,LOW_INVESTABILITY_CONSTRAINED_SHARPE,FAIL,0.24,-0.29,LOW_TURNOVER,PASS,0.01,0.4816,HIGH_TURNOVER,PASS,0.7,0.4816,CONCENTRATED_WEIGHT,PASS,,,,LOW_SUB_UNIVERSE_SHARPE,FAIL,0.1,-0.34,LOW_ROBUST_UNIVERSE_SHARPE.WITH_RATIO,PASS,0.9,0.31,0.46,LOW_ROBUST_UNIVERSE_RETURNS,PASS,0.9,0.0112,0.017,SELF_CORRELATION,PENDING,DATA_DIVERSITY,PENDING,PROD_CORRELATION,PENDING,REGULAR_SUBMISSION,PENDING,LOW_2Y_SHARPE,FAIL,-0.53,1.58,MATCHES_COMPETITION,PENDING,AIACv2,AI Alphas Competition 2.0,PASS,MATCHES_PYRAMID,1.0,1.1,ASI/D1/FUNDAMENTAL,1.1,WARNING,MATCHES_THEMES,EDrKL34,2.0,JPN Dataset Utilization Theme,M4ZYx3D,2.0,AMR Dataset Utilization Theme,9B3qxZ4,2.0,KOR Dataset Utilization Theme,PBVkEJD,2.0,TWN Dataset Utilization Theme,by88rqy,2.0,HKG Dataset Utilization Theme,V45896D,1.0,GLB/D1 TOPDIV3000 Power Pool Feb`26 Theme,,,,,,,,,,,,,,,,,,,,,,,,,,,,,,,,,,,,
A1JWonRg,REGULAR,PS40111,EQUITY,ASI,MINVOL1M,1,0,INDUSTRY,0.08,ON,VERIFY,OFF,OFF,FASTEXPR,False,2014-01-01,2023-12-31,"zscore(ts_delta(divide(fnd23_prgs, fnd23_rltr), 4))",,3,2026-02-02T07:43:53-05:00,,2026-02-02T07:43:54-05:00,,False,False,,,ace_tag,llm_test,confidence_0.74,DATA_USAGE:SINGLE_DATA_SET,Single Data Set Alpha,,IS,UNSUBMITTED,986374,20000000,655,696,0.7798,0.0095,0.5678,2.4e-05,0.05,0.01,2014-01-01,-3242147.0,20000000.0,1570.0,1492.0,0.3056,-0.0313,0.7254,-0.000205,-0.05,-0.17,-1689884.0,20000000.0,655.0,696.0,0.7798,-0.0163,0.5005,-4.2e-05,-0.01,-0.09,LOW_SHARPE,FAIL,1.58,0.05,LOW_FITNESS,FAIL,1.0,0.01,LOW_ASI_JPN_SHARPE,FAIL,1,-0.03,LOW_INVESTABILITY_CONSTRAINED_SHARPE,FAIL,0.03,-0.17,LOW_TURNOVER,PASS,0.01,0.7798,HIGH_TURNOVER,FAIL,0.7,0.7798,CONCENTRATED_WEIGHT,FAIL,2021-01-05,0.1,0.500004,LOW_SUB_UNIVERSE_SHARPE,PASS,0.01,0.16,LOW_ROBUST_UNIVERSE_SHARPE.WITH_RATIO,PASS,0.9,0.05,0.22,LOW_ROBUST_UNIVERSE_RETURNS,PASS,0.9,0.0086,0.0401,SELF_CORRELATION,PENDING,DATA_DIVERSITY,PENDING,PROD_CORRELATION,PENDING,REGULAR_SUBMISSION,PENDING,LOW_2Y_SHARPE,FAIL,-0.14,1.58,MATCHES_COMPETITION,PENDING,AIACv2,AI Alphas Competition 2.0,PASS,MATCHES_PYRAMID,1.0,1.1,ASI/D1/FUNDAMENTAL,1.1,WARNING,MATCHES_THEMES,EDrKL34,2.0,JPN Dataset Utilization Theme,M4ZYx3D,2.0,AMR Dataset Utilization Theme,9B3qxZ4,2.0,KOR Dataset Utilization Theme,PBVkEJD,2.0,TWN Dataset Utilization Theme,by88rqy,2.0,HKG Dataset Utilization Theme,V45896D,1.0,GLB/D1 TOPDIV3000 Power Pool Feb`26 Theme,,,,,,,,,,,,,,,,,,,,,,,,,,,,,,,,,,,,
E5079gnP,REGULAR,PS40111,EQUITY,ASI,MINVOL1M,1,0,INDUSTRY,0.08,ON,VERIFY,OFF,OFF,FASTEXPR,False,2014-01-01,2023-12-31,"zscore(reverse(divide(sga_expense, revenue)))",,3,2026-02-02T07:43:52-05:00,,2026-02-02T07:43:52-05:00,,False,False,,,ace_tag,llm_test,confidence_0.69,DATA_USAGE:SINGLE_DATA_SET,Single Data Set Alpha,,IS,UNSUBMITTED,21663929,20000000,2120,1043,0.0462,0.2094,0.4628,0.009067,0.77,1.0,2014-01-01,17259436.0,20000000.0,1873.0,1294.0,0.044,0.1668,0.4695,0.007584,0.75,0.65,13162111.0,20000000.0,2120.0,1043.0,0.0462,0.1272,0.4904,0.005509,0.53,0.53,LOW_SHARPE,FAIL,1.58,0.77,LOW_FITNESS,PASS,1.0,1.0,LOW_ASI_JPN_SHARPE,FAIL,1,0.23,LOW_INVESTABILITY_CONSTRAINED_SHARPE,PASS,0.54,0.65,LOW_TURNOVER,PASS,0.01,0.0462,HIGH_TURNOVER,PASS,0.7,0.0462,CONCENTRATED_WEIGHT,FAIL,2022-07-08,0.1,0.471569,LOW_SUB_UNIVERSE_SHARPE,FAIL,0.23,-0.12,LOW_ROBUST_UNIVERSE_SHARPE.WITH_RATIO,FAIL,0.9,0.69,0.49,LOW_ROBUST_UNIVERSE_RETURNS,FAIL,0.9,0.1885,0.1158,SELF_CORRELATION,PENDING,DATA_DIVERSITY,PENDING,PROD_CORRELATION,PENDING,REGULAR_SUBMISSION,PENDING,LOW_2Y_SHARPE,FAIL,1.53,1.58,MATCHES_COMPETITION,PENDING,AIACv2,AI Alphas Competition 2.0,PASS,MATCHES_PYRAMID,1.0,1.1,ASI/D1/FUNDAMENTAL,1.1,WARNING,MATCHES_THEMES,EDrKL34,2.0,JPN Dataset Utilization Theme,M4ZYx3D,2.0,AMR Dataset Utilization Theme,9B3qxZ4,2.0,KOR Dataset Utilization Theme,PBVkEJD,2.0,TWN Dataset Utilization Theme,by88rqy,2.0,HKG Dataset Utilization Theme,V45896D,1.0,GLB/D1 TOPDIV3000 Power Pool Feb`26 Theme,,,,,,,,,,,,,,,,,,,,,,,,,,,,,,,,,,,,
vRnqWJP3,REGULAR,PS40111,EQUITY,ASI,MINVOL1M,1,0,INDUSTRY,0.08,ON,VERIFY,OFF,OFF,FASTEXPR,False,2014-01-01,2023-12-31,"zscore(divide(ebit, ts_backfill(interest_expense, 12)))",,3,2026-02-02T07:43:33-05:00,,2026-02-02T07:43:34-05:00,,False,False,,,ace_tag,llm_test,confidence_0.66,DATA_USAGE:SINGLE_DATA_SET,Single Data Set Alpha,,IS,UNSUBMITTED,10298363,20000000,30,63,0.0188,0.0995,0.3796,0.010588,0.46,0.41,2014-01-01,7300854.0,20000000.0,38.0,71.0,0.0222,0.0706,0.6145,0.006352,0.24,0.32,9910545.0,20000000.0,30.0,63.0,0.0188,0.0958,0.4567,0.010189,0.43,0.49,LOW_SHARPE,FAIL,1.58,0.46,LOW_FITNESS,FAIL,1.0,0.41,LOW_ASI_JPN_SHARPE,FAIL,1,-0.14,LOW_INVESTABILITY_CONSTRAINED_SHARPE,PASS,0.32,0.32,LOW_TURNOVER,PASS,0.01,0.0188,HIGH_TURNOVER,PASS,0.7,0.0188,CONCENTRATED_WEIGHT,FAIL,2017-07-18,0.1,0.49697,LOW_SUB_UNIVERSE_SHARPE,PASS,0.14,0.23,LOW_ROBUST_UNIVERSE_SHARPE.WITH_RATIO,FAIL,0.9,0.41,0.4,LOW_ROBUST_UNIVERSE_RETURNS,FAIL,0.9,0.0896,0.0871,SELF_CORRELATION,PENDING,DATA_DIVERSITY,PENDING,PROD_CORRELATION,PENDING,REGULAR_SUBMISSION,PENDING,LOW_2Y_SHARPE,FAIL,0.59,1.58,MATCHES_COMPETITION,PENDING,AIACv2,AI Alphas Competition 2.0,PASS,MATCHES_PYRAMID,1.0,1.1,ASI/D1/FUNDAMENTAL,1.1,WARNING,MATCHES_THEMES,EDrKL34,2.0,JPN Dataset Utilization Theme,M4ZYx3D,2.0,AMR Dataset Utilization Theme,9B3qxZ4,2.0,KOR Dataset Utilization Theme,PBVkEJD,2.0,TWN Dataset Utilization Theme,by88rqy,2.0,HKG Dataset Utilization Theme,V45896D,1.0,GLB/D1 TOPDIV3000 Power Pool Feb`26 Theme,,,,,,,,,,,,,,,,,,,,,,,,,,,,,,,,,,,,
LLbj0grn,REGULAR,PS40111,EQUITY,ASI,MINVOL1M,1,0,INDUSTRY,0.08,ON,VERIFY,OFF,OFF,FASTEXPR,False,2014-01-01,2023-12-31,"zscore(reverse(ts_delta(fnd23_rtes, 4)))",,3,2026-02-02T07:43:50-05:00,,2026-02-02T07:43:51-05:00,,False,False,,,ace_tag,llm_test,confidence_0.6,DATA_USAGE:SINGLE_DATA_SET,Single Data Set Alpha,,IS,UNSUBMITTED,5322531,20000000,553,583,0.7325,0.0515,0.558,0.000141,0.24,0.06,2014-01-01,1260856.0,20000000.0,1504.0,1657.0,0.3059,0.0122,0.4232,8e-05,0.01,0.07,8593565.0,20000000.0,553.0,583.0,0.7325,0.0832,0.4974,0.000227,0.14,0.42,LOW_SHARPE,FAIL,1.58,0.24,LOW_FITNESS,FAIL,1.0,0.06,LOW_ASI_JPN_SHARPE,FAIL,1,-0.01,LOW_INVESTABILITY_CONSTRAINED_SHARPE,FAIL,0.17,0.07,LOW_TURNOVER,PASS,0.01,0.7325,HIGH_TURNOVER,FAIL,0.7,0.7325,CONCENTRATED_WEIGHT,FAIL,2021-12-23,0.1,0.500011,LOW_SUB_UNIVERSE_SHARPE,FAIL,0.07,-0.12,LOW_ROBUST_UNIVERSE_SHARPE.WITH_RATIO,FAIL,0.9,0.22,-0.13,LOW_ROBUST_UNIVERSE_RETURNS,FAIL,0.9,0.0463,-0.0269,SELF_CORRELATION,PENDING,DATA_DIVERSITY,PENDING,PROD_CORRELATION,PENDING,REGULAR_SUBMISSION,PENDING,LOW_2Y_SHARPE,FAIL,0.59,1.58,MATCHES_COMPETITION,PENDING,AIACv2,AI Alphas Competition 2.0,PASS,MATCHES_PYRAMID,1.0,1.1,ASI/D1/FUNDAMENTAL,1.1,WARNING,MATCHES_THEMES,EDrKL34,2.0,JPN Dataset Utilization Theme,M4ZYx3D,2.0,AMR Dataset Utilization Theme,9B3qxZ4,2.0,KOR Dataset Utilization Theme,PBVkEJD,2.0,TWN Dataset Utilization Theme,by88rqy,2.0,HKG Dataset Utilization Theme,V45896D,1.0,GLB/D1 TOPDIV3000 Power Pool Feb`26 Theme,,,,,,,,,,,,,,,,,,,,,,,,,,,,,,,,,,,,
3qYb8l9P,REGULAR,PS40111,EQUITY,ASI,MINVOL1M,1,0,INDUSTRY,0.08,ON,VERIFY,OFF,OFF,FASTEXPR,False,2014-01-01,2023-12-31,"zscore(ts_delta(inventory_turnover, 4))",,2,2026-02-02T07:45:55-05:00,,2026-02-02T07:45:55-05:00,,False,False,,,ace_tag,llm_test,confidence_0.72,DATA_USAGE:SINGLE_DATA_SET,Single Data Set Alpha,,IS,UNSUBMITTED,-7264962,20000000,1088,936,0.7728,-0.0702,0.98,-0.000182,-0.29,-0.09,2014-01-01,-5189905.0,20000000.0,1457.0,1368.0,0.2792,-0.0502,0.9815,-0.000359,-0.13,-0.3,-9274987.0,20000000.0,1088.0,936.0,0.7728,-0.0896,1.0829,-0.000232,-0.14,-0.4,LOW_SHARPE,FAIL,1.58,-0.29,LOW_FITNESS,FAIL,1.0,-0.09,LOW_ASI_JPN_SHARPE,FAIL,1,-0.21,LOW_INVESTABILITY_CONSTRAINED_SHARPE,FAIL,-0.2,-0.3,LOW_TURNOVER,PASS,0.01,0.7728,HIGH_TURNOVER,FAIL,0.7,0.7728,CONCENTRATED_WEIGHT,FAIL,2017-01-04,0.1,0.499996,LOW_SUB_UNIVERSE_SHARPE,FAIL,-0.09,-0.37,LOW_ROBUST_UNIVERSE_SHARPE.WITH_RATIO,PASS,0.9,-0.26,-0.17,LOW_ROBUST_UNIVERSE_RETURNS,PASS,0.9,-0.0632,-0.0389,SELF_CORRELATION,PENDING,DATA_DIVERSITY,PENDING,PROD_CORRELATION,PENDING,REGULAR_SUBMISSION,PENDING,LOW_2Y_SHARPE,FAIL,-0.02,1.58,MATCHES_COMPETITION,PENDING,AIACv2,AI Alphas Competition 2.0,PASS,MATCHES_PYRAMID,1.0,1.1,ASI/D1/FUNDAMENTAL,1.1,WARNING,MATCHES_THEMES,EDrKL34,2.0,JPN Dataset Utilization Theme,M4ZYx3D,2.0,AMR Dataset Utilization Theme,9B3qxZ4,2.0,KOR Dataset Utilization Theme,PBVkEJD,2.0,TWN Dataset Utilization Theme,by88rqy,2.0,HKG Dataset Utilization Theme,V45896D,1.0,GLB/D1 TOPDIV3000 Power Pool Feb`26 Theme,,,,,,,,,,,,,,,,,,,,,,,,,,,,,,,,,,,,
E5079QOJ,REGULAR,PS40111,EQUITY,ASI,MINVOL1M,1,0,INDUSTRY,0.08,ON,VERIFY,OFF,OFF,FASTEXPR,False,2014-01-01,2023-12-31,"zscore(reverse(divide(subtract(add(receivable, inventory, filter=true), liabilities_curr), assets)))",,5,2026-02-02T07:47:20-05:00,,2026-02-02T07:47:21-05:00,,False,False,,,ace_tag,llm_test,confidence_0.71,DATA_USAGE:SINGLE_DATA_SET,Single Data Set Alpha,,IS,UNSUBMITTED,2014238,20000000,1482,1684,0.0274,0.0195,0.5924,0.001422,0.08,0.03,2014-01-01,2487973.0,20000000.0,1480.0,1688.0,0.0275,0.024,0.5271,0.001746,0.04,0.1,5755928.0,20000000.0,1482.0,1684.0,0.0274,0.0556,0.4651,0.004063,0.21,0.31,LOW_SHARPE,FAIL,1.58,0.08,LOW_FITNESS,FAIL,1.0,0.03,LOW_ASI_JPN_SHARPE,FAIL,1,-0.02,LOW_INVESTABILITY_CONSTRAINED_SHARPE,PASS,0.06,0.1,LOW_TURNOVER,PASS,0.01,0.0274,HIGH_TURNOVER,PASS,0.7,0.0274,CONCENTRATED_WEIGHT,FAIL,2015-06-29,0.1,0.499018,LOW_SUB_UNIVERSE_SHARPE,FAIL,0.02,-0.05,LOW_ROBUST_UNIVERSE_SHARPE.WITH_RATIO,PASS,0.9,0.07,0.12,LOW_ROBUST_UNIVERSE_RETURNS,PASS,0.9,0.0175,0.0183,SELF_CORRELATION,PENDING,DATA_DIVERSITY,PENDING,PROD_CORRELATION,PENDING,REGULAR_SUBMISSION,PENDING,LOW_2Y_SHARPE,FAIL,-0.36,1.58,MATCHES_COMPETITION,PENDING,AIACv2,AI Alphas Competition 2.0,PASS,MATCHES_PYRAMID,1.0,1.1,ASI/D1/FUNDAMENTAL,1.1,WARNING,MATCHES_THEMES,EDrKL34,2.0,JPN Dataset Utilization Theme,M4ZYx3D,2.0,AMR Dataset Utilization Theme,9B3qxZ4,2.0,KOR Dataset Utilization Theme,PBVkEJD,2.0,TWN Dataset Utilization Theme,by88rqy,2.0,HKG Dataset Utilization Theme,V45896D,1.0,GLB/D1 TOPDIV3000 Power Pool Feb`26 Theme,,,,,,,,,,,,,,,,,,,,,,,,,,,,,,,,,,,,
e78pXxpM,REGULAR,PS40111,EQUITY,ASI,MINVOL1M,1,0,INDUSTRY,0.08,ON,VERIFY,OFF,OFF,FASTEXPR,False,2014-01-01,2023-12-31,"zscore(divide(subtract(ts_delta(retained_earnings, 4), ts_delta(cashflow_op, 4)), assets))",,5,2026-02-02T07:45:15-05:00,,2026-02-02T07:45:15-05:00,,False,False,,,ace_tag,llm_test,confidence_0.73,DATA_USAGE:SINGLE_DATA_SET,Single Data Set Alpha,,IS,UNSUBMITTED,7259238,20000000,1217,1336,0.7072,0.0702,0.2127,0.000198,0.47,0.15,2014-01-01,3733240.0,20000000.0,1584.0,1730.0,0.3374,0.0361,0.6752,0.000214,0.07,0.2,3936105.0,20000000.0,1217.0,1336.0,0.7072,0.038,0.2786,0.000108,0.07,0.31,LOW_SHARPE,FAIL,1.58,0.47,LOW_FITNESS,FAIL,1.0,0.15,LOW_ASI_JPN_SHARPE,FAIL,1,-0.09,LOW_INVESTABILITY_CONSTRAINED_SHARPE,FAIL,0.33,0.2,LOW_TURNOVER,PASS,0.01,0.7072,HIGH_TURNOVER,FAIL,0.7,0.7072,CONCENTRATED_WEIGHT,FAIL,2017-01-03,0.1,0.499817,LOW_SUB_UNIVERSE_SHARPE,PASS,0.14,0.34,LOW_ROBUST_UNIVERSE_SHARPE.WITH_RATIO,FAIL,0.9,0.42,0.39,LOW_ROBUST_UNIVERSE_RETURNS,FAIL,0.9,0.0632,0.0556,SELF_CORRELATION,PENDING,DATA_DIVERSITY,PENDING,PROD_CORRELATION,PENDING,REGULAR_SUBMISSION,PENDING,LOW_2Y_SHARPE,FAIL,0.58,1.58,MATCHES_COMPETITION,PENDING,AIACv2,AI Alphas Competition 2.0,PASS,MATCHES_PYRAMID,1.0,1.1,ASI/D1/FUNDAMENTAL,1.1,WARNING,MATCHES_THEMES,EDrKL34,2.0,JPN Dataset Utilization Theme,M4ZYx3D,2.0,AMR Dataset Utilization Theme,9B3qxZ4,2.0,KOR Dataset Utilization Theme,PBVkEJD,2.0,TWN Dataset Utilization Theme,by88rqy,2.0,HKG Dataset Utilization Theme,V45896D,1.0,GLB/D1 TOPDIV3000 Power Pool Feb`26 Theme,,,,,,,,,,,,,,,,,,,,,,,,,,,,,,,,,,,,
88koMl3X,REGULAR,PS40111,EQUITY,ASI,MINVOL1M,1,0,INDUSTRY,0.08,ON,VERIFY,OFF,OFF,FASTEXPR,False,2014-01-01,2023-12-31,"zscore(reverse(ts_delta(fnd23_sabs, 4)))",,3,2026-02-02T07:45:55-05:00,,2026-02-02T07:45:55-05:00,,False,False,,,ace_tag,llm_test,confidence_0.68,DATA_USAGE:SINGLE_DATA_SET,Single Data Set Alpha,,IS,UNSUBMITTED,9424219,20000000,891,539,0.7386,0.0911,0.6223,0.000247,0.37,0.13,2014-01-01,6504405.0,20000000.0,1838.0,1452.0,0.2917,0.0629,0.6452,0.000431,0.14,0.3,5513033.0,20000000.0,891.0,539.0,0.7386,0.0533,0.5693,0.000144,0.07,0.26,LOW_SHARPE,FAIL,1.58,0.37,LOW_FITNESS,FAIL,1.0,0.13,LOW_ASI_JPN_SHARPE,FAIL,1,-0.25,LOW_INVESTABILITY_CONSTRAINED_SHARPE,PASS,0.26,0.3,LOW_TURNOVER,PASS,0.01,0.7386,HIGH_TURNOVER,FAIL,0.7,0.7386,CONCENTRATED_WEIGHT,FAIL,2019-01-07,0.1,0.500006,LOW_SUB_UNIVERSE_SHARPE,PASS,0.11,0.24,LOW_ROBUST_UNIVERSE_SHARPE.WITH_RATIO,PASS,0.9,0.33,0.48,LOW_ROBUST_UNIVERSE_RETURNS,PASS,0.9,0.082,0.0991,SELF_CORRELATION,PENDING,DATA_DIVERSITY,PENDING,PROD_CORRELATION,PENDING,REGULAR_SUBMISSION,PENDING,LOW_2Y_SHARPE,FAIL,1.26,1.58,MATCHES_COMPETITION,PENDING,AIACv2,AI Alphas Competition 2.0,PASS,MATCHES_PYRAMID,1.0,1.1,ASI/D1/FUNDAMENTAL,1.1,WARNING,MATCHES_THEMES,EDrKL34,2.0,JPN Dataset Utilization Theme,M4ZYx3D,2.0,AMR Dataset Utilization Theme,9B3qxZ4,2.0,KOR Dataset Utilization Theme,PBVkEJD,2.0,TWN Dataset Utilization Theme,by88rqy,2.0,HKG Dataset Utilization Theme,V45896D,1.0,GLB/D1 TOPDIV3000 Power Pool Feb`26 Theme,,,,,,,,,,,,,,,,,,,,,,,,,,,,,,,,,,,,
88koMj1m,REGULAR,PS40111,EQUITY,ASI,MINVOL1M,1,0,INDUSTRY,0.08,ON,VERIFY,OFF,OFF,FASTEXPR,False,2014-01-01,2023-12-31,"zscore(divide(quick_ratio, ts_std_dev(quick_ratio, 60)))",,3,2026-02-02T07:46:20-05:00,,2026-02-02T07:46:21-05:00,,False,False,,,ace_tag,llm_test,confidence_0.64,DATA_USAGE:SINGLE_DATA_SET,Single Data Set Alpha,,IS,UNSUBMITTED,3408669,20000000,450,1935,0.1654,0.0329,0.203,0.000398,0.42,0.19,2014-01-01,4674506.0,20000000.0,511.0,1954.0,0.1027,0.0452,0.1008,0.00088,0.37,0.62,2774760.0,20000000.0,450.0,1935.0,0.1654,0.0268,0.1431,0.000324,0.17,0.41,LOW_SHARPE,FAIL,1.58,0.42,LOW_FITNESS,FAIL,1.0,0.19,LOW_ASI_JPN_SHARPE,FAIL,1,0.29,LOW_INVESTABILITY_CONSTRAINED_SHARPE,PASS,0.29,0.62,LOW_TURNOVER,PASS,0.01,0.1654,HIGH_TURNOVER,PASS,0.7,0.1654,CONCENTRATED_WEIGHT,FAIL,2019-08-08,0.1,0.18394,LOW_SUB_UNIVERSE_SHARPE,FAIL,0.12,-0.22,LOW_ROBUST_UNIVERSE_SHARPE.WITH_RATIO,FAIL,0.9,0.38,0.31,LOW_ROBUST_UNIVERSE_RETURNS,FAIL,0.9,0.0296,0.0247,SELF_CORRELATION,PENDING,DATA_DIVERSITY,PENDING,PROD_CORRELATION,PENDING,REGULAR_SUBMISSION,PENDING,LOW_2Y_SHARPE,FAIL,0.33,1.58,MATCHES_COMPETITION,PENDING,AIACv2,AI Alphas Competition 2.0,PASS,MATCHES_PYRAMID,1.0,1.1,ASI/D1/FUNDAMENTAL,1.1,WARNING,MATCHES_THEMES,EDrKL34,2.0,JPN Dataset Utilization Theme,M4ZYx3D,2.0,AMR Dataset Utilization Theme,9B3qxZ4,2.0,KOR Dataset Utilization Theme,PBVkEJD,2.0,TWN Dataset Utilization Theme,by88rqy,2.0,HKG Dataset Utilization Theme,V45896D,1.0,GLB/D1 TOPDIV3000 Power Pool Feb`26 Theme,,,,,,,,,,,,,,,,,,,,,,,,,,,,,,,,,,,,
2rq03LWw,REGULAR,PS40111,EQUITY,ASI,MINVOL1M,1,0,INDUSTRY,0.08,ON,VERIFY,OFF,OFF,FASTEXPR,False,2014-01-01,2023-12-31,"zscore(ts_delta(cashflow_op, 4))",,2,2026-02-02T07:45:09-05:00,,2026-02-02T07:45:10-05:00,,False,False,,,ace_tag,llm_test,confidence_0.79,DATA_USAGE:SINGLE_DATA_SET,Single Data Set Alpha,,IS,UNSUBMITTED,12947935,20000000,1012,1342,0.7257,0.1251,0.298,0.000345,0.96,0.4,2014-01-01,-3680882.0,20000000.0,1626.0,1704.0,0.3332,-0.0356,0.4289,-0.000214,-0.09,-0.29,11054939.0,20000000.0,1012.0,1342.0,0.7257,0.1068,0.2391,0.000294,0.39,1.01,LOW_SHARPE,FAIL,1.58,0.96,LOW_FITNESS,FAIL,1.0,0.4,LOW_ASI_JPN_SHARPE,FAIL,1,-0.26,LOW_INVESTABILITY_CONSTRAINED_SHARPE,FAIL,0.67,-0.29,LOW_TURNOVER,PASS,0.01,0.7257,HIGH_TURNOVER,FAIL,0.7,0.7257,CONCENTRATED_WEIGHT,FAIL,2018-01-05,0.1,0.500002,LOW_SUB_UNIVERSE_SHARPE,PASS,0.28,0.68,LOW_ROBUST_UNIVERSE_SHARPE.WITH_RATIO,PASS,0.9,0.86,1.0,LOW_ROBUST_UNIVERSE_RETURNS,PASS,0.9,0.1126,0.1291,SELF_CORRELATION,PENDING,DATA_DIVERSITY,PENDING,PROD_CORRELATION,PENDING,REGULAR_SUBMISSION,PENDING,LOW_2Y_SHARPE,FAIL,0.62,1.58,MATCHES_COMPETITION,PENDING,AIACv2,AI Alphas Competition 2.0,PASS,MATCHES_PYRAMID,1.0,1.1,ASI/D1/FUNDAMENTAL,1.1,WARNING,MATCHES_THEMES,EDrKL34,2.0,JPN Dataset Utilization Theme,M4ZYx3D,2.0,AMR Dataset Utilization Theme,9B3qxZ4,2.0,KOR Dataset Utilization Theme,PBVkEJD,2.0,TWN Dataset Utilization Theme,by88rqy,2.0,HKG Dataset Utilization Theme,V45896D,1.0,GLB/D1 TOPDIV3000 Power Pool Feb`26 Theme,,,,,,,,,,,,,,,,,,,,,,,,,,,,,,,,,,,,
pwJX9KV6,REGULAR,PS40111,EQUITY,ASI,MINVOL1M,1,0,INDUSTRY,0.08,ON,VERIFY,OFF,OFF,FASTEXPR,False,2014-01-01,2023-12-31,"zscore(ts_delta(fnd23_fbds, 4))",,2,2026-02-02T07:45:19-05:00,,2026-02-02T07:45:20-05:00,,False,False,,,ace_tag,llm_test,confidence_0.8,DATA_USAGE:SINGLE_DATA_SET,Single Data Set Alpha,,IS,UNSUBMITTED,10440162,20000000,749,902,0.7614,0.1009,0.5805,0.000265,0.46,0.17,2014-01-01,-5793216.0,20000000.0,1673.0,1628.0,0.2899,-0.056,1.0066,-0.000386,-0.13,-0.3,9042790.0,20000000.0,749.0,902.0,0.7614,0.0874,0.5899,0.00023,0.15,0.43,LOW_SHARPE,FAIL,1.58,0.46,LOW_FITNESS,FAIL,1.0,0.17,LOW_ASI_JPN_SHARPE,FAIL,1,0.83,LOW_INVESTABILITY_CONSTRAINED_SHARPE,FAIL,0.32,-0.3,LOW_TURNOVER,PASS,0.01,0.7614,HIGH_TURNOVER,FAIL,0.7,0.7614,CONCENTRATED_WEIGHT,FAIL,2014-01-03,0.1,0.500001,LOW_SUB_UNIVERSE_SHARPE,FAIL,0.14,0.09,LOW_ROBUST_UNIVERSE_SHARPE.WITH_RATIO,PASS,0.9,0.41,0.56,LOW_ROBUST_UNIVERSE_RETURNS,PASS,0.9,0.0908,0.1192,SELF_CORRELATION,PENDING,DATA_DIVERSITY,PENDING,PROD_CORRELATION,PENDING,REGULAR_SUBMISSION,PENDING,LOW_2Y_SHARPE,FAIL,0.94,1.58,MATCHES_COMPETITION,PENDING,AIACv2,AI Alphas Competition 2.0,PASS,MATCHES_PYRAMID,1.0,1.1,ASI/D1/FUNDAMENTAL,1.1,WARNING,MATCHES_THEMES,EDrKL34,2.0,JPN Dataset Utilization Theme,M4ZYx3D,2.0,AMR Dataset Utilization Theme,9B3qxZ4,2.0,KOR Dataset Utilization Theme,PBVkEJD,2.0,TWN Dataset Utilization Theme,by88rqy,2.0,HKG Dataset Utilization Theme,V45896D,1.0,GLB/D1 TOPDIV3000 Power Pool Feb`26 Theme,,,,,,,,,,,,,,,,,,,,,,,,,,,,,,,,,,,,
d58XNjoK,REGULAR,PS40111,EQUITY,ASI,MINVOL1M,1,0,INDUSTRY,0.08,ON,VERIFY,OFF,OFF,FASTEXPR,False,2014-01-01,2023-12-31,"zscore(reverse(subtract(operating_margin, divide(fnd23_prgs, fnd23_rltr))))",,4,2026-02-02T07:45:58-05:00,,2026-02-02T07:45:59-05:00,,False,False,,,ace_tag,llm_test,confidence_0.66,DATA_USAGE:SINGLE_DATA_SET,Single Data Set Alpha,,IS,UNSUBMITTED,-21671215,20000000,1299,1761,0.0305,-0.2094,2.3611,-0.013728,-0.76,-0.98,2014-01-01,-17673005.0,20000000.0,1449.0,1614.0,0.0341,-0.1708,1.8324,-0.010029,-0.9,-0.77,-10240884.0,20000000.0,1299.0,1761.0,0.0305,-0.099,1.2257,-0.006487,-0.36,-0.41,LOW_SHARPE,FAIL,1.58,-0.76,LOW_FITNESS,FAIL,1.0,-0.98,LOW_ASI_JPN_SHARPE,FAIL,1,-0.5,LOW_INVESTABILITY_CONSTRAINED_SHARPE,FAIL,-0.53,-0.77,LOW_TURNOVER,PASS,0.01,0.0305,HIGH_TURNOVER,PASS,0.7,0.0305,CONCENTRATED_WEIGHT,FAIL,2020-10-16,0.1,0.425068,LOW_SUB_UNIVERSE_SHARPE,FAIL,-0.22,-0.49,LOW_ROBUST_UNIVERSE_SHARPE.WITH_RATIO,PASS,0.9,-0.68,-0.68,LOW_ROBUST_UNIVERSE_RETURNS,FAIL,0.9,-0.1885,-0.1963,SELF_CORRELATION,PENDING,DATA_DIVERSITY,PENDING,PROD_CORRELATION,PENDING,REGULAR_SUBMISSION,PENDING,LOW_2Y_SHARPE,FAIL,-1.67,1.58,MATCHES_COMPETITION,PENDING,AIACv2,AI Alphas Competition 2.0,PASS,MATCHES_PYRAMID,1.0,1.1,ASI/D1/FUNDAMENTAL,1.1,WARNING,MATCHES_THEMES,EDrKL34,2.0,JPN Dataset Utilization Theme,M4ZYx3D,2.0,AMR Dataset Utilization Theme,9B3qxZ4,2.0,KOR Dataset Utilization Theme,PBVkEJD,2.0,TWN Dataset Utilization Theme,by88rqy,2.0,HKG Dataset Utilization Theme,V45896D,1.0,GLB/D1 TOPDIV3000 Power Pool Feb`26 Theme,,,,,,,,,,,,,,,,,,,,,,,,,,,,,,,,,,,,
omwpkJY2,REGULAR,PS40111,EQUITY,ASI,MINVOL1M,1,0,INDUSTRY,0.08,ON,VERIFY,OFF,OFF,FASTEXPR,False,2014-01-01,2023-12-31,"zscore(divide(revenue, assets))",Revenue density on asset base indicates asset efficiency. Both fields high coverage. SUGGESTION1 applied. Confidence 0.67.,2,2026-02-02T06:37:05-05:00,,2026-02-02T06:37:11-05:00,,False,False,,,ace_tag,llm_test,confidence_0.67,DATA_USAGE:SINGLE_DATA_SET,Single Data Set Alpha,,IS,UNSUBMITTED,4005259,20000000,1227,2004,0.0238,0.0387,0.3264,0.003251,0.33,0.18,2014-01-01,6296426.0,20000000.0,1235.0,1999.0,0.0228,0.0608,0.2379,0.005339,0.42,0.6,3680613.0,20000000.0,1227.0,2004.0,0.0238,0.0356,0.2285,0.002988,0.19,0.36,LOW_SHARPE,FAIL,1.58,0.33,LOW_FITNESS,FAIL,1.0,0.18,LOW_ASI_JPN_SHARPE,FAIL,1,0.07,LOW_INVESTABILITY_CONSTRAINED_SHARPE,PASS,0.23,0.6,LOW_TURNOVER,PASS,0.01,0.0238,HIGH_TURNOVER,PASS,0.7,0.0238,CONCENTRATED_WEIGHT,FAIL,2021-07-14,0.1,0.499571,LOW_SUB_UNIVERSE_SHARPE,FAIL,0.1,-0.19,LOW_ROBUST_UNIVERSE_SHARPE.WITH_RATIO,PASS,0.9,0.3,0.56,LOW_ROBUST_UNIVERSE_RETURNS,FAIL,0.9,0.0348,0.0277,SELF_CORRELATION,PENDING,DATA_DIVERSITY,PENDING,PROD_CORRELATION,PENDING,REGULAR_SUBMISSION,PENDING,LOW_2Y_SHARPE,FAIL,0.54,1.58,MATCHES_COMPETITION,PENDING,AIACv2,AI Alphas Competition 2.0,PASS,MATCHES_PYRAMID,1.0,1.1,ASI/D1/FUNDAMENTAL,1.1,WARNING,MATCHES_THEMES,EDrKL34,2.0,JPN Dataset Utilization Theme,M4ZYx3D,2.0,AMR Dataset Utilization Theme,9B3qxZ4,2.0,KOR Dataset Utilization Theme,PBVkEJD,2.0,TWN Dataset Utilization Theme,by88rqy,2.0,HKG Dataset Utilization Theme,V45896D,1.0,GLB/D1 TOPDIV3000 Power Pool Feb`26 Theme,,,,,,,,,,,,,,,,,,,,,,,,,,,,,,,,,,,,
88koMYbq,REGULAR,PS40111,EQUITY,ASI,MINVOL1M,1,0,INDUSTRY,0.08,ON,VERIFY,OFF,OFF,FASTEXPR,False,2014-01-01,2023-12-31,"zscore(ts_delta(divide(ebitda, ts_backfill(interest_expense, 12)), 4))",,4,2026-02-02T07:48:40-05:00,,2026-02-02T07:48:40-05:00,,False,False,,,ace_tag,llm_test,confidence_0.65,DATA_USAGE:SINGLE_DATA_SET,Single Data Set Alpha,,IS,UNSUBMITTED,12632058,20000000,10,10,0.6067,0.1221,0.5582,0.000402,0.43,0.19,2014-01-01,151609.0,20000000.0,54.0,44.0,0.1729,0.0015,1.1695,1.7e-05,0.0,0.0,10202433.0,20000000.0,10.0,10.0,0.6067,0.0986,0.4373,0.000325,0.16,0.39,LOW_SHARPE,FAIL,1.58,0.43,LOW_FITNESS,FAIL,1.0,0.19,LOW_ASI_JPN_SHARPE,FAIL,1,0.03,LOW_INVESTABILITY_CONSTRAINED_SHARPE,FAIL,0.3,0.0,LOW_TURNOVER,PASS,0.01,0.6067,HIGH_TURNOVER,PASS,0.7,0.6067,CONCENTRATED_WEIGHT,FAIL,2021-10-13,0.1,0.500001,LOW_SUB_UNIVERSE_SHARPE,PASS,0.13,1.15,LOW_ROBUST_UNIVERSE_SHARPE.WITH_RATIO,PASS,0.9,0.39,0.45,LOW_ROBUST_UNIVERSE_RETURNS,PASS,0.9,0.1099,0.1229,SELF_CORRELATION,PENDING,DATA_DIVERSITY,PENDING,PROD_CORRELATION,PENDING,REGULAR_SUBMISSION,PENDING,LOW_2Y_SHARPE,FAIL,-0.35,1.58,MATCHES_COMPETITION,PENDING,AIACv2,AI Alphas Competition 2.0,PASS,MATCHES_PYRAMID,1.0,1.1,ASI/D1/FUNDAMENTAL,1.1,WARNING,MATCHES_THEMES,EDrKL34,2.0,JPN Dataset Utilization Theme,M4ZYx3D,2.0,AMR Dataset Utilization Theme,9B3qxZ4,2.0,KOR Dataset Utilization Theme,PBVkEJD,2.0,TWN Dataset Utilization Theme,by88rqy,2.0,HKG Dataset Utilization Theme,V45896D,1.0,GLB/D1 TOPDIV3000 Power Pool Feb`26 Theme,,,,,,,,,,,,,,,,,,,,,,,,,,,,,,,,,,,,
QPrJwxGX,REGULAR,PS40111,EQUITY,ASI,MINVOL1M,1,0,INDUSTRY,0.08,ON,VERIFY,OFF,OFF,FASTEXPR,False,2014-01-01,2023-12-31,"zscore(divide(sales, fnd23_ltem))",,2,2026-02-02T07:50:23-05:00,,2026-02-02T07:50:23-05:00,,False,False,,,ace_tag,llm_test,confidence_0.7,DATA_USAGE:SINGLE_DATA_SET,Single Data Set Alpha,,IS,UNSUBMITTED,-2913863,20000000,421,2162,0.0204,-0.0282,0.6088,-0.002767,-0.18,-0.09,2014-01-01,-1982692.0,20000000.0,484.0,2105.0,0.0181,-0.0192,0.5884,-0.002122,-0.05,-0.13,-4854110.0,20000000.0,421.0,2162.0,0.0204,-0.0469,0.5321,-0.004609,-0.36,-0.59,LOW_SHARPE,FAIL,1.58,-0.18,LOW_FITNESS,FAIL,1.0,-0.09,LOW_ASI_JPN_SHARPE,FAIL,1,0.11,LOW_INVESTABILITY_CONSTRAINED_SHARPE,PASS,-0.13,-0.13,LOW_TURNOVER,PASS,0.01,0.0204,HIGH_TURNOVER,PASS,0.7,0.0204,CONCENTRATED_WEIGHT,FAIL,2021-04-16,0.1,0.496953,LOW_SUB_UNIVERSE_SHARPE,FAIL,-0.05,-0.19,LOW_ROBUST_UNIVERSE_SHARPE.WITH_RATIO,FAIL,0.9,-0.16,-0.43,LOW_ROBUST_UNIVERSE_RETURNS,FAIL,0.9,-0.0254,-0.0611,SELF_CORRELATION,PENDING,DATA_DIVERSITY,PENDING,PROD_CORRELATION,PENDING,REGULAR_SUBMISSION,PENDING,LOW_2Y_SHARPE,FAIL,-0.55,1.58,MATCHES_COMPETITION,PENDING,AIACv2,AI Alphas Competition 2.0,PASS,MATCHES_PYRAMID,1.0,1.1,ASI/D1/FUNDAMENTAL,1.1,WARNING,MATCHES_THEMES,EDrKL34,2.0,JPN Dataset Utilization Theme,M4ZYx3D,2.0,AMR Dataset Utilization Theme,9B3qxZ4,2.0,KOR Dataset Utilization Theme,PBVkEJD,2.0,TWN Dataset Utilization Theme,by88rqy,2.0,HKG Dataset Utilization Theme,V45896D,1.0,GLB/D1 TOPDIV3000 Power Pool Feb`26 Theme,,,,,,,,,,,,,,,,,,,,,,,,,,,,,,,,,,,,
WjwqvZVQ,REGULAR,PS40111,EQUITY,ASI,MINVOL1M,1,0,INDUSTRY,0.08,ON,VERIFY,OFF,OFF,FASTEXPR,False,2014-01-01,2023-12-31,"zscore(ts_delta(divide(sales, assets), 4))",,3,2026-02-02T07:50:22-05:00,,2026-02-02T07:50:23-05:00,,False,False,,,ace_tag,llm_test,confidence_0.72,DATA_USAGE:SINGLE_DATA_SET,Single Data Set Alpha,,IS,UNSUBMITTED,2360849,20000000,1252,1053,0.7278,0.0228,0.4808,6.3e-05,0.13,0.02,2014-01-01,-130995.0,20000000.0,1541.0,1614.0,0.3103,-0.0013,0.53,-8e-06,-0.0,-0.01,1201426.0,20000000.0,1252.0,1053.0,0.7278,0.0116,0.3583,3.2e-05,0.01,0.08,LOW_SHARPE,FAIL,1.58,0.13,LOW_FITNESS,FAIL,1.0,0.02,LOW_ASI_JPN_SHARPE,FAIL,1,0.25,LOW_INVESTABILITY_CONSTRAINED_SHARPE,FAIL,0.09,-0.01,LOW_TURNOVER,PASS,0.01,0.7278,HIGH_TURNOVER,FAIL,0.7,0.7278,CONCENTRATED_WEIGHT,FAIL,2019-01-04,0.1,0.500001,LOW_SUB_UNIVERSE_SHARPE,PASS,0.04,0.29,LOW_ROBUST_UNIVERSE_SHARPE.WITH_RATIO,PASS,0.9,0.12,0.3,LOW_ROBUST_UNIVERSE_RETURNS,PASS,0.9,0.0205,0.0514,SELF_CORRELATION,PENDING,DATA_DIVERSITY,PENDING,PROD_CORRELATION,PENDING,REGULAR_SUBMISSION,PENDING,LOW_2Y_SHARPE,FAIL,0.99,1.58,MATCHES_COMPETITION,PENDING,AIACv2,AI Alphas Competition 2.0,PASS,MATCHES_PYRAMID,1.0,1.1,ASI/D1/FUNDAMENTAL,1.1,WARNING,MATCHES_THEMES,EDrKL34,2.0,JPN Dataset Utilization Theme,M4ZYx3D,2.0,AMR Dataset Utilization Theme,9B3qxZ4,2.0,KOR Dataset Utilization Theme,PBVkEJD,2.0,TWN Dataset Utilization Theme,by88rqy,2.0,HKG Dataset Utilization Theme,V45896D,1.0,GLB/D1 TOPDIV3000 Power Pool Feb`26 Theme,,,,,,,,,,,,,,,,,,,,,,,,,,,,,,,,,,,,
omwpRZMk,REGULAR,PS40111,EQUITY,ASI,MINVOL1M,1,0,INDUSTRY,0.08,ON,VERIFY,OFF,OFF,FASTEXPR,False,2014-01-01,2023-12-31,"zscore(divide(cash, assets))","zscore(divide(cash, assets)) to highlight very liquid balance sheets. Two fields. Confidence: 0.63.",2,2026-02-02T05:43:05-05:00,,2026-02-02T05:43:10-05:00,,False,False,,,ace_tag,llm_test,confidence_0.75,DATA_USAGE:SINGLE_DATA_SET,Single Data Set Alpha,,IS,UNSUBMITTED,6743153,20000000,1237,1671,0.0254,0.0652,0.4228,0.005129,0.39,0.28,2014-01-01,5521436.0,20000000.0,1278.0,1633.0,0.0259,0.0534,0.4566,0.004128,0.2,0.3,8215553.0,20000000.0,1237.0,1671.0,0.0254,0.0794,0.1497,0.00625,0.49,0.61,LOW_SHARPE,FAIL,1.58,0.39,LOW_FITNESS,FAIL,1.0,0.28,LOW_ASI_JPN_SHARPE,FAIL,1,-0.2,LOW_INVESTABILITY_CONSTRAINED_SHARPE,PASS,0.27,0.3,LOW_TURNOVER,PASS,0.01,0.0254,HIGH_TURNOVER,PASS,0.7,0.0254,CONCENTRATED_WEIGHT,FAIL,2019-03-15,0.1,0.484546,LOW_SUB_UNIVERSE_SHARPE,PASS,0.12,0.23,LOW_ROBUST_UNIVERSE_SHARPE.WITH_RATIO,FAIL,0.9,0.35,0.12,LOW_ROBUST_UNIVERSE_RETURNS,FAIL,0.9,0.0587,0.0209,SELF_CORRELATION,PENDING,DATA_DIVERSITY,PENDING,PROD_CORRELATION,PENDING,REGULAR_SUBMISSION,PENDING,LOW_2Y_SHARPE,FAIL,-0.32,1.58,MATCHES_COMPETITION,PENDING,AIACv2,AI Alphas Competition 2.0,PASS,MATCHES_PYRAMID,1.0,1.1,ASI/D1/FUNDAMENTAL,1.1,WARNING,MATCHES_THEMES,EDrKL34,2.0,JPN Dataset Utilization Theme,M4ZYx3D,2.0,AMR Dataset Utilization Theme,9B3qxZ4,2.0,KOR Dataset Utilization Theme,PBVkEJD,2.0,TWN Dataset Utilization Theme,by88rqy,2.0,HKG Dataset Utilization Theme,V45896D,1.0,GLB/D1 TOPDIV3000 Power Pool Feb`26 Theme,,,,,,,,,,,,,,,,,,,,,,,,,,,,,,,,,,,,
ZYw5O8n8,REGULAR,PS40111,EQUITY,ASI,MINVOL1M,1,0,INDUSTRY,0.08,ON,VERIFY,OFF,OFF,FASTEXPR,False,2014-01-01,2023-12-31,"zscore(reverse(divide(fnd23_xeal, assets)))",,3,2026-02-02T07:50:22-05:00,,2026-02-02T07:50:23-05:00,,False,False,,,ace_tag,llm_test,confidence_0.63,DATA_USAGE:SINGLE_DATA_SET,Single Data Set Alpha,,IS,UNSUBMITTED,-994328,20000000,2038,1001,0.0548,-0.0096,0.483,-0.000351,-0.07,-0.02,2014-01-01,-2548254.0,20000000.0,2003.0,1039.0,0.0435,-0.0246,0.5805,-0.001133,-0.08,-0.19,-2641956.0,20000000.0,2038.0,1001.0,0.0548,-0.0255,0.5551,-0.000932,-0.09,-0.21,LOW_SHARPE,FAIL,1.58,-0.07,LOW_FITNESS,FAIL,1.0,-0.02,LOW_ASI_JPN_SHARPE,FAIL,1,-0.01,LOW_INVESTABILITY_CONSTRAINED_SHARPE,FAIL,-0.05,-0.19,LOW_TURNOVER,PASS,0.01,0.0548,HIGH_TURNOVER,PASS,0.7,0.0548,CONCENTRATED_WEIGHT,FAIL,2018-06-08,0.1,0.499981,LOW_SUB_UNIVERSE_SHARPE,FAIL,-0.02,-0.15,LOW_ROBUST_UNIVERSE_SHARPE.WITH_RATIO,PASS,0.9,-0.06,0.13,LOW_ROBUST_UNIVERSE_RETURNS,PASS,0.9,-0.0086,0.0109,SELF_CORRELATION,PENDING,DATA_DIVERSITY,PENDING,PROD_CORRELATION,PENDING,REGULAR_SUBMISSION,PENDING,LOW_2Y_SHARPE,FAIL,0.12,1.58,MATCHES_COMPETITION,PENDING,AIACv2,AI Alphas Competition 2.0,PASS,MATCHES_PYRAMID,1.0,1.1,ASI/D1/FUNDAMENTAL,1.1,WARNING,MATCHES_THEMES,EDrKL34,2.0,JPN Dataset Utilization Theme,M4ZYx3D,2.0,AMR Dataset Utilization Theme,9B3qxZ4,2.0,KOR Dataset Utilization Theme,PBVkEJD,2.0,TWN Dataset Utilization Theme,by88rqy,2.0,HKG Dataset Utilization Theme,V45896D,1.0,GLB/D1 TOPDIV3000 Power Pool Feb`26 Theme,,,,,,,,,,,,,,,,,,,,,,,,,,,,,,,,,,,,
1YV9r3bK,REGULAR,PS40111,EQUITY,ASI,MINVOL1M,1,0,INDUSTRY,0.08,ON,VERIFY,OFF,OFF,FASTEXPR,False,2014-01-01,2023-12-31,"zscore(ts_delta(divide(fnd23_cinx, fnd23_caiv), 4))",,3,2026-02-02T07:49:57-05:00,,2026-02-02T07:49:58-05:00,,False,False,,,ace_tag,llm_test,confidence_0.7,DATA_USAGE:SINGLE_DATA_SET,Single Data Set Alpha,,IS,UNSUBMITTED,8830811,20000000,829,777,0.8021,0.0853,0.7295,0.000213,0.37,0.12,2014-01-01,1381486.0,20000000.0,1523.0,1763.0,0.3248,0.0134,0.5195,8.2e-05,0.01,0.07,12287400.0,20000000.0,829.0,777.0,0.8021,0.1187,0.4879,0.000296,0.22,0.56,LOW_SHARPE,FAIL,1.58,0.37,LOW_FITNESS,FAIL,1.0,0.12,LOW_ASI_JPN_SHARPE,FAIL,1,0.2,LOW_INVESTABILITY_CONSTRAINED_SHARPE,FAIL,0.26,0.07,LOW_TURNOVER,PASS,0.01,0.8021,HIGH_TURNOVER,FAIL,0.7,0.8021,CONCENTRATED_WEIGHT,FAIL,2018-01-04,0.1,0.500004,LOW_SUB_UNIVERSE_SHARPE,PASS,0.11,0.16,LOW_ROBUST_UNIVERSE_SHARPE.WITH_RATIO,FAIL,0.9,0.33,0.27,LOW_ROBUST_UNIVERSE_RETURNS,FAIL,0.9,0.0768,0.0603,SELF_CORRELATION,PENDING,DATA_DIVERSITY,PENDING,PROD_CORRELATION,PENDING,REGULAR_SUBMISSION,PENDING,LOW_2Y_SHARPE,FAIL,0.4,1.58,MATCHES_COMPETITION,PENDING,AIACv2,AI Alphas Competition 2.0,PASS,MATCHES_PYRAMID,1.0,1.1,ASI/D1/FUNDAMENTAL,1.1,WARNING,MATCHES_THEMES,EDrKL34,2.0,JPN Dataset Utilization Theme,M4ZYx3D,2.0,AMR Dataset Utilization Theme,9B3qxZ4,2.0,KOR Dataset Utilization Theme,PBVkEJD,2.0,TWN Dataset Utilization Theme,by88rqy,2.0,HKG Dataset Utilization Theme,V45896D,1.0,GLB/D1 TOPDIV3000 Power Pool Feb`26 Theme,,,,,,,,,,,,,,,,,,,,,,,,,,,,,,,,,,,,
gJqOYk6K,REGULAR,PS40111,EQUITY,ASI,MINVOL1M,1,0,INDUSTRY,0.08,ON,VERIFY,OFF,OFF,FASTEXPR,False,2014-01-01,2023-12-31,"ts_zscore(ts_delta(receivable, 4), 60)",,2,2026-02-02T07:51:51-05:00,,2026-02-02T07:51:52-05:00,,False,False,,,ace_tag,llm_test,confidence_0.66,DATA_USAGE:SINGLE_DATA_SET,Single Data Set Alpha,,IS,UNSUBMITTED,-255749,20000000,1156,1448,0.4717,-0.0025,0.1156,-1e-05,-0.06,-0.0,2014-01-01,1617098.0,20000000.0,1213.0,1439.0,0.2557,0.0156,0.0735,0.000122,0.11,0.43,-607123.0,20000000.0,1156.0,1448.0,0.4717,-0.0059,0.1484,-2.5e-05,-0.02,-0.19,LOW_SHARPE,FAIL,1.58,-0.06,LOW_FITNESS,FAIL,1.0,-0.0,LOW_ASI_JPN_SHARPE,FAIL,1,0.16,LOW_INVESTABILITY_CONSTRAINED_SHARPE,PASS,-0.04,0.43,LOW_TURNOVER,PASS,0.01,0.4717,HIGH_TURNOVER,PASS,0.7,0.4717,CONCENTRATED_WEIGHT,PASS,,,,LOW_SUB_UNIVERSE_SHARPE,FAIL,-0.02,-0.23,LOW_ROBUST_UNIVERSE_SHARPE.WITH_RATIO,FAIL,0.9,-0.05,-0.09,LOW_ROBUST_UNIVERSE_RETURNS,FAIL,0.9,-0.0023,-0.004,SELF_CORRELATION,PENDING,DATA_DIVERSITY,PENDING,PROD_CORRELATION,PENDING,REGULAR_SUBMISSION,PENDING,LOW_2Y_SHARPE,FAIL,-0.88,1.58,MATCHES_COMPETITION,PENDING,AIACv2,AI Alphas Competition 2.0,PASS,MATCHES_PYRAMID,1.0,1.1,ASI/D1/FUNDAMENTAL,1.1,WARNING,MATCHES_THEMES,EDrKL34,2.0,JPN Dataset Utilization Theme,M4ZYx3D,2.0,AMR Dataset Utilization Theme,9B3qxZ4,2.0,KOR Dataset Utilization Theme,PBVkEJD,2.0,TWN Dataset Utilization Theme,by88rqy,2.0,HKG Dataset Utilization Theme,V45896D,1.0,GLB/D1 TOPDIV3000 Power Pool Feb`26 Theme,,,,,,,,,,,,,,,,,,,,,,,,,,,,,,,,,,,,
0mk3bOq8,REGULAR,PS40111,EQUITY,ASI,MINVOL1M,1,0,INDUSTRY,0.08,ON,VERIFY,OFF,OFF,FASTEXPR,False,2014-01-01,2023-12-31,"zscore(reverse(ts_delta(fnd23_tdbl, 4)))",,3,2026-02-02T07:51:51-05:00,,2026-02-02T07:51:52-05:00,,False,False,,,ace_tag,llm_test,confidence_0.55,DATA_USAGE:SINGLE_DATA_SET,Single Data Set Alpha,,IS,UNSUBMITTED,-1833758,20000000,502,382,0.7335,-0.0177,1.0579,-4.8e-05,-0.07,-0.01,2014-01-01,491313.0,20000000.0,1280.0,1415.0,0.2875,0.0047,0.6218,3.3e-05,0.0,0.02,741360.0,20000000.0,502.0,382.0,0.7335,0.0072,0.7895,2e-05,0.0,0.03,LOW_SHARPE,FAIL,1.58,-0.07,LOW_FITNESS,FAIL,1.0,-0.01,LOW_ASI_JPN_SHARPE,FAIL,1,-0.16,LOW_INVESTABILITY_CONSTRAINED_SHARPE,PASS,-0.05,0.02,LOW_TURNOVER,PASS,0.01,0.7335,HIGH_TURNOVER,FAIL,0.7,0.7335,CONCENTRATED_WEIGHT,FAIL,2022-07-26,0.1,0.500008,LOW_SUB_UNIVERSE_SHARPE,PASS,-0.02,0.19,LOW_ROBUST_UNIVERSE_SHARPE.WITH_RATIO,FAIL,0.9,-0.06,-0.12,LOW_ROBUST_UNIVERSE_RETURNS,FAIL,0.9,-0.0159,-0.0268,SELF_CORRELATION,PENDING,DATA_DIVERSITY,PENDING,PROD_CORRELATION,PENDING,REGULAR_SUBMISSION,PENDING,LOW_2Y_SHARPE,FAIL,0.33,1.58,MATCHES_COMPETITION,PENDING,AIACv2,AI Alphas Competition 2.0,PASS,MATCHES_PYRAMID,1.0,1.1,ASI/D1/FUNDAMENTAL,1.1,WARNING,MATCHES_THEMES,EDrKL34,2.0,JPN Dataset Utilization Theme,M4ZYx3D,2.0,AMR Dataset Utilization Theme,9B3qxZ4,2.0,KOR Dataset Utilization Theme,PBVkEJD,2.0,TWN Dataset Utilization Theme,by88rqy,2.0,HKG Dataset Utilization Theme,V45896D,1.0,GLB/D1 TOPDIV3000 Power Pool Feb`26 Theme,,,,,,,,,,,,,,,,,,,,,,,,,,,,,,,,,,,,
LLbaPVz2,REGULAR,PS40111,EQUITY,ASI,MINVOL1M,1,0,INDUSTRY,0.08,ON,VERIFY,OFF,OFF,FASTEXPR,False,2014-01-01,2023-12-31,"zscore(reverse(ts_delta(operating_expense, 4)))",,3,2026-02-02T07:52:04-05:00,,2026-02-02T07:52:04-05:00,,False,False,,,ace_tag,llm_test,confidence_0.68,DATA_USAGE:SINGLE_DATA_SET,Single Data Set Alpha,,IS,UNSUBMITTED,-8367083,20000000,1449,1037,0.7286,-0.0809,1.0789,-0.000222,-0.61,-0.2,2014-01-01,2808050.0,20000000.0,1615.0,1617.0,0.3408,0.0271,0.2629,0.000159,0.06,0.2,-5493636.0,20000000.0,1449.0,1037.0,0.7286,-0.0531,0.7042,-0.000146,-0.13,-0.47,LOW_SHARPE,FAIL,1.58,-0.61,LOW_FITNESS,FAIL,1.0,-0.2,LOW_ASI_JPN_SHARPE,FAIL,1,-0.13,LOW_INVESTABILITY_CONSTRAINED_SHARPE,PASS,-0.43,0.2,LOW_TURNOVER,PASS,0.01,0.7286,HIGH_TURNOVER,FAIL,0.7,0.7286,CONCENTRATED_WEIGHT,FAIL,2022-12-23,0.1,0.493794,LOW_SUB_UNIVERSE_SHARPE,FAIL,-0.18,-0.28,LOW_ROBUST_UNIVERSE_SHARPE.WITH_RATIO,FAIL,0.9,-0.55,-0.6,LOW_ROBUST_UNIVERSE_RETURNS,FAIL,0.9,-0.0728,-0.0737,SELF_CORRELATION,PENDING,DATA_DIVERSITY,PENDING,PROD_CORRELATION,PENDING,REGULAR_SUBMISSION,PENDING,LOW_2Y_SHARPE,FAIL,0.2,1.58,MATCHES_COMPETITION,PENDING,AIACv2,AI Alphas Competition 2.0,PASS,MATCHES_PYRAMID,1.0,1.1,ASI/D1/FUNDAMENTAL,1.1,WARNING,MATCHES_THEMES,EDrKL34,2.0,JPN Dataset Utilization Theme,M4ZYx3D,2.0,AMR Dataset Utilization Theme,9B3qxZ4,2.0,KOR Dataset Utilization Theme,PBVkEJD,2.0,TWN Dataset Utilization Theme,by88rqy,2.0,HKG Dataset Utilization Theme,V45896D,1.0,GLB/D1 TOPDIV3000 Power Pool Feb`26 Theme,,,,,,,,,,,,,,,,,,,,,,,,,,,,,,,,,,,,
le6qa9ve,REGULAR,PS40111,EQUITY,ASI,MINVOL1M,1,0,INDUSTRY,0.08,ON,VERIFY,OFF,OFF,FASTEXPR,False,2014-01-01,2023-12-31,zscore(bookvalue_ps),Value signal: high bookvalue_ps (coverage 1.0). Applied SUGGESTION1 by using a core value field; SUGGESTION4 satisfied. Confidence 0.66.,1,2026-02-02T05:21:27-05:00,,2026-02-02T06:10:51-05:00,,False,False,,,ace_tag,llm_test,confidence_0.74,DATA_USAGE:SINGLE_DATA_SET,Single Data Set Alpha,,IS,UNSUBMITTED,-2931503,20000000,636,2701,0.0116,-0.0283,0.4464,-0.004864,-0.28,-0.13,2014-01-01,-2724694.0,20000000.0,665.0,2674.0,0.0106,-0.0263,0.4435,-0.004958,-0.12,-0.26,-4790839.0,20000000.0,636.0,2701.0,0.0116,-0.0463,0.4942,-0.007949,-0.54,-0.88,LOW_SHARPE,FAIL,1.58,-0.28,LOW_FITNESS,FAIL,1.0,-0.13,LOW_ASI_JPN_SHARPE,FAIL,1,-0.1,LOW_INVESTABILITY_CONSTRAINED_SHARPE,FAIL,-0.2,-0.26,LOW_TURNOVER,PASS,0.01,0.0116,HIGH_TURNOVER,PASS,0.7,0.0116,CONCENTRATED_WEIGHT,FAIL,2015-05-27,0.1,0.450302,LOW_SUB_UNIVERSE_SHARPE,FAIL,-0.08,-0.23,LOW_ROBUST_UNIVERSE_SHARPE.WITH_RATIO,FAIL,0.9,-0.25,-0.51,LOW_ROBUST_UNIVERSE_RETURNS,FAIL,0.9,-0.0255,-0.0526,SELF_CORRELATION,PENDING,DATA_DIVERSITY,PENDING,PROD_CORRELATION,PENDING,REGULAR_SUBMISSION,PENDING,LOW_2Y_SHARPE,FAIL,-0.28,1.58,MATCHES_COMPETITION,PENDING,AIACv2,AI Alphas Competition 2.0,PASS,MATCHES_PYRAMID,1.0,1.1,ASI/D1/FUNDAMENTAL,1.1,WARNING,MATCHES_THEMES,EDrKL34,2.0,JPN Dataset Utilization Theme,M4ZYx3D,2.0,AMR Dataset Utilization Theme,9B3qxZ4,2.0,KOR Dataset Utilization Theme,PBVkEJD,2.0,TWN Dataset Utilization Theme,by88rqy,2.0,HKG Dataset Utilization Theme,V45896D,1.0,GLB/D1 TOPDIV3000 Power Pool Feb`26 Theme,,,,,,,,,,,,,,,,,,,,,,,,,,,,,,,,,,,,
P0raJ9oK,REGULAR,PS40111,EQUITY,ASI,MINVOL1M,1,0,INDUSTRY,0.08,ON,VERIFY,OFF,OFF,FASTEXPR,False,2014-01-01,2023-12-31,"zscore(divide(ebitda, assets))",,2,2026-02-02T07:53:40-05:00,,2026-02-02T07:53:40-05:00,,False,False,,,ace_tag,llm_test,confidence_0.69,DATA_USAGE:SINGLE_DATA_SET,Single Data Set Alpha,,IS,UNSUBMITTED,-5795986,20000000,1390,1790,0.0509,-0.056,1.3146,-0.002201,-0.27,-0.18,2014-01-01,-865085.0,20000000.0,1333.0,1849.0,0.0528,-0.0084,0.9286,-0.000317,-0.01,-0.04,-5720108.0,20000000.0,1390.0,1790.0,0.0509,-0.0553,1.1133,-0.002172,-0.23,-0.34,LOW_SHARPE,FAIL,1.58,-0.27,LOW_FITNESS,FAIL,1.0,-0.18,LOW_ASI_JPN_SHARPE,FAIL,1,0.39,LOW_INVESTABILITY_CONSTRAINED_SHARPE,PASS,-0.19,-0.04,LOW_TURNOVER,PASS,0.01,0.0509,HIGH_TURNOVER,PASS,0.7,0.0509,CONCENTRATED_WEIGHT,FAIL,2020-11-30,0.1,0.492158,LOW_SUB_UNIVERSE_SHARPE,PASS,-0.08,0.38,LOW_ROBUST_UNIVERSE_SHARPE.WITH_RATIO,PASS,0.9,-0.24,-0.1,LOW_ROBUST_UNIVERSE_RETURNS,PASS,0.9,-0.0504,-0.0172,SELF_CORRELATION,PENDING,DATA_DIVERSITY,PENDING,PROD_CORRELATION,PENDING,REGULAR_SUBMISSION,PENDING,LOW_2Y_SHARPE,FAIL,0.35,1.58,MATCHES_COMPETITION,PENDING,AIACv2,AI Alphas Competition 2.0,PASS,MATCHES_PYRAMID,1.0,1.1,ASI/D1/FUNDAMENTAL,1.1,WARNING,MATCHES_THEMES,EDrKL34,2.0,JPN Dataset Utilization Theme,M4ZYx3D,2.0,AMR Dataset Utilization Theme,9B3qxZ4,2.0,KOR Dataset Utilization Theme,PBVkEJD,2.0,TWN Dataset Utilization Theme,by88rqy,2.0,HKG Dataset Utilization Theme,V45896D,1.0,GLB/D1 TOPDIV3000 Power Pool Feb`26 Theme,,,,,,,,,,,,,,,,,,,,,,,,,,,,,,,,,,,,
1YVbqkqX,REGULAR,PS40111,EQUITY,ASI,MINVOL1M,1,0,INDUSTRY,0.08,ON,VERIFY,OFF,OFF,FASTEXPR,False,2014-01-01,2023-12-31,"zscore(ts_delta(fnd23_cdav, 4))",,2,2026-02-02T07:51:50-05:00,,2026-02-02T07:51:51-05:00,,False,False,,,ace_tag,llm_test,confidence_0.62,DATA_USAGE:SINGLE_DATA_SET,Single Data Set Alpha,,IS,UNSUBMITTED,4810221,20000000,254,422,0.7316,0.0465,0.8785,0.000127,0.18,0.05,2014-01-01,3782091.0,20000000.0,1110.0,1000.0,0.2846,0.0365,0.6614,0.000257,0.06,0.16,4358164.0,20000000.0,254.0,422.0,0.7316,0.0421,1.1513,0.000115,0.04,0.18,LOW_SHARPE,FAIL,1.58,0.18,LOW_FITNESS,FAIL,1.0,0.05,LOW_ASI_JPN_SHARPE,FAIL,1,0.35,LOW_INVESTABILITY_CONSTRAINED_SHARPE,PASS,0.13,0.16,LOW_TURNOVER,PASS,0.01,0.7316,HIGH_TURNOVER,FAIL,0.7,0.7316,CONCENTRATED_WEIGHT,FAIL,2023-06-12,0.1,0.500004,LOW_SUB_UNIVERSE_SHARPE,PASS,0.05,0.08,LOW_ROBUST_UNIVERSE_SHARPE.WITH_RATIO,PASS,0.9,0.16,0.25,LOW_ROBUST_UNIVERSE_RETURNS,PASS,0.9,0.0418,0.0564,SELF_CORRELATION,PENDING,DATA_DIVERSITY,PENDING,PROD_CORRELATION,PENDING,REGULAR_SUBMISSION,PENDING,LOW_2Y_SHARPE,FAIL,-0.9,1.58,MATCHES_COMPETITION,PENDING,AIACv2,AI Alphas Competition 2.0,PASS,MATCHES_PYRAMID,1.0,1.1,ASI/D1/FUNDAMENTAL,1.1,WARNING,MATCHES_THEMES,EDrKL34,2.0,JPN Dataset Utilization Theme,M4ZYx3D,2.0,AMR Dataset Utilization Theme,9B3qxZ4,2.0,KOR Dataset Utilization Theme,PBVkEJD,2.0,TWN Dataset Utilization Theme,by88rqy,2.0,HKG Dataset Utilization Theme,V45896D,1.0,GLB/D1 TOPDIV3000 Power Pool Feb`26 Theme,,,,,,,,,,,,,,,,,,,,,,,,,,,,,,,,,,,,
RRZQJjzb,REGULAR,PS40111,EQUITY,ASI,MINVOL1M,1,0,INDUSTRY,0.08,ON,VERIFY,OFF,OFF,FASTEXPR,False,2014-01-01,2023-12-31,"zscore(reverse(ts_delta(ts_backfill(fnd23_nscf, 12), 4)))",,4,2026-02-02T07:52:04-05:00,,2026-02-02T07:52:04-05:00,,False,False,,,ace_tag,llm_test,confidence_0.58,DATA_USAGE:SINGLE_DATA_SET,Single Data Set Alpha,,IS,UNSUBMITTED,-6570764,20000000,446,494,0.7288,-0.0636,1.3614,-0.000175,-0.28,-0.08,2014-01-01,6876068.0,20000000.0,1612.0,1427.0,0.2877,0.0666,0.4353,0.000463,0.16,0.34,-6829954.0,20000000.0,446.0,494.0,0.7288,-0.0661,1.2855,-0.000181,-0.1,-0.32,LOW_SHARPE,FAIL,1.58,-0.28,LOW_FITNESS,FAIL,1.0,-0.08,LOW_ASI_JPN_SHARPE,FAIL,1,-0.75,LOW_INVESTABILITY_CONSTRAINED_SHARPE,PASS,-0.2,0.34,LOW_TURNOVER,PASS,0.01,0.7288,HIGH_TURNOVER,FAIL,0.7,0.7288,CONCENTRATED_WEIGHT,FAIL,2019-01-03,0.1,0.500005,LOW_SUB_UNIVERSE_SHARPE,PASS,-0.08,0.01,LOW_ROBUST_UNIVERSE_SHARPE.WITH_RATIO,PASS,0.9,-0.25,-0.1,LOW_ROBUST_UNIVERSE_RETURNS,PASS,0.9,-0.0572,-0.0214,SELF_CORRELATION,PENDING,DATA_DIVERSITY,PENDING,PROD_CORRELATION,PENDING,REGULAR_SUBMISSION,PENDING,LOW_2Y_SHARPE,FAIL,0.0,1.58,MATCHES_COMPETITION,PENDING,AIACv2,AI Alphas Competition 2.0,PASS,MATCHES_PYRAMID,1.0,1.1,ASI/D1/FUNDAMENTAL,1.1,WARNING,MATCHES_THEMES,EDrKL34,2.0,JPN Dataset Utilization Theme,M4ZYx3D,2.0,AMR Dataset Utilization Theme,9B3qxZ4,2.0,KOR Dataset Utilization Theme,PBVkEJD,2.0,TWN Dataset Utilization Theme,by88rqy,2.0,HKG Dataset Utilization Theme,V45896D,1.0,GLB/D1 TOPDIV3000 Power Pool Feb`26 Theme,,,,,,,,,,,,,,,,,,,,,,,,,,,,,,,,,,,,
3qYrMroQ,REGULAR,PS40111,EQUITY,ASI,MINVOL1M,1,0,INDUSTRY,0.08,ON,VERIFY,OFF,OFF,FASTEXPR,False,2014-01-01,2023-12-31,"zscore(divide(ts_delta(rad, 4), assets))",,3,2026-02-02T07:53:00-05:00,,2026-02-02T07:53:00-05:00,,False,False,,,ace_tag,llm_test,confidence_0.61,DATA_USAGE:SINGLE_DATA_SET,Single Data Set Alpha,,IS,UNSUBMITTED,2476332,20000000,1203,1145,0.7511,0.0239,0.5295,6.4e-05,0.16,0.03,2014-01-01,2780602.0,20000000.0,1377.0,1479.0,0.3185,0.0269,0.48,0.000169,0.05,0.18,1760389.0,20000000.0,1203.0,1145.0,0.7511,0.017,0.614,4.5e-05,0.02,0.13,LOW_SHARPE,FAIL,1.58,0.16,LOW_FITNESS,FAIL,1.0,0.03,LOW_ASI_JPN_SHARPE,FAIL,1,0.54,LOW_INVESTABILITY_CONSTRAINED_SHARPE,PASS,0.11,0.18,LOW_TURNOVER,PASS,0.01,0.7511,HIGH_TURNOVER,FAIL,0.7,0.7511,CONCENTRATED_WEIGHT,FAIL,2023-07-07,0.1,0.499905,LOW_SUB_UNIVERSE_SHARPE,PASS,0.05,0.08,LOW_ROBUST_UNIVERSE_SHARPE.WITH_RATIO,FAIL,0.9,0.14,0.1,LOW_ROBUST_UNIVERSE_RETURNS,FAIL,0.9,0.0215,0.0157,SELF_CORRELATION,PENDING,DATA_DIVERSITY,PENDING,PROD_CORRELATION,PENDING,REGULAR_SUBMISSION,PENDING,LOW_2Y_SHARPE,FAIL,-0.37,1.58,MATCHES_COMPETITION,PENDING,AIACv2,AI Alphas Competition 2.0,PASS,MATCHES_PYRAMID,1.0,1.1,ASI/D1/FUNDAMENTAL,1.1,WARNING,MATCHES_THEMES,EDrKL34,2.0,JPN Dataset Utilization Theme,M4ZYx3D,2.0,AMR Dataset Utilization Theme,9B3qxZ4,2.0,KOR Dataset Utilization Theme,PBVkEJD,2.0,TWN Dataset Utilization Theme,by88rqy,2.0,HKG Dataset Utilization Theme,V45896D,1.0,GLB/D1 TOPDIV3000 Power Pool Feb`26 Theme,,,,,,,,,,,,,,,,,,,,,,,,,,,,,,,,,,,,
2rqz1JGw,REGULAR,PS40111,EQUITY,ASI,MINVOL1M,1,0,INDUSTRY,0.08,ON,VERIFY,OFF,OFF,FASTEXPR,False,2014-01-01,2023-12-31,"zscore(ts_delta(operating_margin, 4))",,2,2026-02-02T07:56:40-05:00,,2026-02-02T07:56:40-05:00,,False,False,,,ace_tag,llm_test,confidence_0.75,DATA_USAGE:SINGLE_DATA_SET,Single Data Set Alpha,,IS,UNSUBMITTED,-5217430,20000000,1262,1188,0.7207,-0.0504,1.1913,-0.00014,-0.19,-0.05,2014-01-01,-16657260.0,20000000.0,1514.0,1674.0,0.3193,-0.161,1.755,-0.001008,-0.47,-0.66,1623581.0,20000000.0,1262.0,1188.0,0.7207,0.0157,0.7363,4.4e-05,0.01,0.07,LOW_SHARPE,FAIL,1.58,-0.19,LOW_FITNESS,FAIL,1.0,-0.05,LOW_ASI_JPN_SHARPE,FAIL,1,-0.44,LOW_INVESTABILITY_CONSTRAINED_SHARPE,FAIL,-0.13,-0.66,LOW_TURNOVER,PASS,0.01,0.7207,HIGH_TURNOVER,FAIL,0.7,0.7207,CONCENTRATED_WEIGHT,FAIL,2016-09-14,0.1,0.499053,LOW_SUB_UNIVERSE_SHARPE,FAIL,-0.06,-0.07,LOW_ROBUST_UNIVERSE_SHARPE.WITH_RATIO,PASS,0.9,-0.17,-0.14,LOW_ROBUST_UNIVERSE_RETURNS,PASS,0.9,-0.0454,-0.0333,SELF_CORRELATION,PENDING,DATA_DIVERSITY,PENDING,PROD_CORRELATION,PENDING,REGULAR_SUBMISSION,PENDING,LOW_2Y_SHARPE,FAIL,-0.17,1.58,MATCHES_COMPETITION,PENDING,AIACv2,AI Alphas Competition 2.0,PASS,MATCHES_PYRAMID,1.0,1.1,ASI/D1/FUNDAMENTAL,1.1,WARNING,MATCHES_THEMES,EDrKL34,2.0,JPN Dataset Utilization Theme,M4ZYx3D,2.0,AMR Dataset Utilization Theme,9B3qxZ4,2.0,KOR Dataset Utilization Theme,PBVkEJD,2.0,TWN Dataset Utilization Theme,by88rqy,2.0,HKG Dataset Utilization Theme,V45896D,1.0,GLB/D1 TOPDIV3000 Power Pool Feb`26 Theme,,,,,,,,,,,,,,,,,,,,,,,,,,,,,,,,,,,,
le6OLkJe,REGULAR,PS40111,EQUITY,ASI,MINVOL1M,1,0,INDUSTRY,0.08,ON,VERIFY,OFF,OFF,FASTEXPR,False,2014-01-01,2023-12-31,"zscore(reverse(ts_delta(fnd23_dtns, 12)))",,3,2026-02-02T07:54:59-05:00,,2026-02-02T07:54:59-05:00,,False,False,,,ace_tag,llm_test,confidence_0.67,DATA_USAGE:SINGLE_DATA_SET,Single Data Set Alpha,,IS,UNSUBMITTED,9768241,20000000,1318,1050,0.3108,0.0944,0.2449,0.000607,0.69,0.38,2014-01-01,5338809.0,20000000.0,1637.0,1516.0,0.1972,0.0516,0.366,0.000523,0.22,0.43,7416305.0,20000000.0,1318.0,1050.0,0.3108,0.0717,0.1314,0.000461,0.28,0.59,LOW_SHARPE,FAIL,1.58,0.69,LOW_FITNESS,FAIL,1.0,0.38,LOW_ASI_JPN_SHARPE,FAIL,1,0.4,LOW_INVESTABILITY_CONSTRAINED_SHARPE,FAIL,0.48,0.43,LOW_TURNOVER,PASS,0.01,0.3108,HIGH_TURNOVER,PASS,0.7,0.3108,CONCENTRATED_WEIGHT,FAIL,2020-11-16,0.1,0.475325,LOW_SUB_UNIVERSE_SHARPE,PASS,0.2,0.42,LOW_ROBUST_UNIVERSE_SHARPE.WITH_RATIO,FAIL,0.9,0.62,0.3,LOW_ROBUST_UNIVERSE_RETURNS,FAIL,0.9,0.085,0.0369,SELF_CORRELATION,PENDING,DATA_DIVERSITY,PENDING,PROD_CORRELATION,PENDING,REGULAR_SUBMISSION,PENDING,LOW_2Y_SHARPE,FAIL,0.83,1.58,MATCHES_COMPETITION,PENDING,AIACv2,AI Alphas Competition 2.0,PASS,MATCHES_PYRAMID,1.0,1.1,ASI/D1/FUNDAMENTAL,1.1,WARNING,MATCHES_THEMES,EDrKL34,2.0,JPN Dataset Utilization Theme,M4ZYx3D,2.0,AMR Dataset Utilization Theme,9B3qxZ4,2.0,KOR Dataset Utilization Theme,PBVkEJD,2.0,TWN Dataset Utilization Theme,by88rqy,2.0,HKG Dataset Utilization Theme,V45896D,1.0,GLB/D1 TOPDIV3000 Power Pool Feb`26 Theme,,,,,,,,,,,,,,,,,,,,,,,,,,,,,,,,,,,,
RRZQJqX1,REGULAR,PS40111,EQUITY,ASI,MINVOL1M,1,0,INDUSTRY,0.08,ON,VERIFY,OFF,OFF,FASTEXPR,False,2014-01-01,2023-12-31,"zscore(divide(subtract(ts_delta(income, 4), ts_delta(cashflow_op, 4)), assets))",,5,2026-02-02T07:54:59-05:00,,2026-02-02T07:54:59-05:00,,False,False,,,ace_tag,llm_test,confidence_0.74,DATA_USAGE:SINGLE_DATA_SET,Single Data Set Alpha,,IS,UNSUBMITTED,-6265794,20000000,1376,1249,0.6846,-0.0606,0.7804,-0.000177,-0.43,-0.13,2014-01-01,-4917815.0,20000000.0,1575.0,1749.0,0.3317,-0.0475,0.6257,-0.000287,-0.13,-0.34,-10760209.0,20000000.0,1376.0,1249.0,0.6846,-0.104,1.2027,-0.000304,-0.35,-0.9,LOW_SHARPE,FAIL,1.58,-0.43,LOW_FITNESS,FAIL,1.0,-0.13,LOW_ASI_JPN_SHARPE,FAIL,1,-0.27,LOW_INVESTABILITY_CONSTRAINED_SHARPE,FAIL,-0.3,-0.34,LOW_TURNOVER,PASS,0.01,0.6846,HIGH_TURNOVER,PASS,0.7,0.6846,CONCENTRATED_WEIGHT,FAIL,2015-12-24,0.1,0.499997,LOW_SUB_UNIVERSE_SHARPE,FAIL,-0.13,-0.2,LOW_ROBUST_UNIVERSE_SHARPE.WITH_RATIO,PASS,0.9,-0.39,-0.19,LOW_ROBUST_UNIVERSE_RETURNS,PASS,0.9,-0.0545,-0.0258,SELF_CORRELATION,PENDING,DATA_DIVERSITY,PENDING,PROD_CORRELATION,PENDING,REGULAR_SUBMISSION,PENDING,LOW_2Y_SHARPE,FAIL,-0.67,1.58,MATCHES_COMPETITION,PENDING,AIACv2,AI Alphas Competition 2.0,PASS,MATCHES_PYRAMID,1.0,1.1,ASI/D1/FUNDAMENTAL,1.1,WARNING,MATCHES_THEMES,EDrKL34,2.0,JPN Dataset Utilization Theme,M4ZYx3D,2.0,AMR Dataset Utilization Theme,9B3qxZ4,2.0,KOR Dataset Utilization Theme,PBVkEJD,2.0,TWN Dataset Utilization Theme,by88rqy,2.0,HKG Dataset Utilization Theme,V45896D,1.0,GLB/D1 TOPDIV3000 Power Pool Feb`26 Theme,,,,,,,,,,,,,,,,,,,,,,,,,,,,,,,,,,,,
LLbaPqe1,REGULAR,PS40111,EQUITY,ASI,MINVOL1M,1,0,INDUSTRY,0.08,ON,VERIFY,OFF,OFF,FASTEXPR,False,2014-01-01,2023-12-31,"zscore(ts_delta(divide(operating_income, sales), 4))",,3,2026-02-02T07:54:59-05:00,,2026-02-02T07:54:59-05:00,,False,False,,,ace_tag,llm_test,confidence_0.68,DATA_USAGE:SINGLE_DATA_SET,Single Data Set Alpha,,IS,UNSUBMITTED,-17076259,20000000,1144,1109,0.7688,-0.165,2.1188,-0.000429,-0.58,-0.27,2014-01-01,-16553887.0,20000000.0,1574.0,1516.0,0.3176,-0.16,1.7654,-0.001007,-0.4,-0.57,-12828795.0,20000000.0,1144.0,1109.0,0.7688,-0.124,1.639,-0.000323,-0.19,-0.48,LOW_SHARPE,FAIL,1.58,-0.58,LOW_FITNESS,FAIL,1.0,-0.27,LOW_ASI_JPN_SHARPE,FAIL,1,-0.26,LOW_INVESTABILITY_CONSTRAINED_SHARPE,FAIL,-0.41,-0.57,LOW_TURNOVER,PASS,0.01,0.7688,HIGH_TURNOVER,FAIL,0.7,0.7688,CONCENTRATED_WEIGHT,FAIL,2020-12-11,0.1,0.500004,LOW_SUB_UNIVERSE_SHARPE,FAIL,-0.17,-0.71,LOW_ROBUST_UNIVERSE_SHARPE.WITH_RATIO,PASS,0.9,-0.52,-0.35,LOW_ROBUST_UNIVERSE_RETURNS,PASS,0.9,-0.1485,-0.0918,SELF_CORRELATION,PENDING,DATA_DIVERSITY,PENDING,PROD_CORRELATION,PENDING,REGULAR_SUBMISSION,PENDING,LOW_2Y_SHARPE,FAIL,-0.85,1.58,MATCHES_COMPETITION,PENDING,AIACv2,AI Alphas Competition 2.0,PASS,MATCHES_PYRAMID,1.0,1.1,ASI/D1/FUNDAMENTAL,1.1,WARNING,MATCHES_THEMES,EDrKL34,2.0,JPN Dataset Utilization Theme,M4ZYx3D,2.0,AMR Dataset Utilization Theme,9B3qxZ4,2.0,KOR Dataset Utilization Theme,PBVkEJD,2.0,TWN Dataset Utilization Theme,by88rqy,2.0,HKG Dataset Utilization Theme,V45896D,1.0,GLB/D1 TOPDIV3000 Power Pool Feb`26 Theme,,,,,,,,,,,,,,,,,,,,,,,,,,,,,,,,,,,,
bl2ZYvrK,REGULAR,PS40111,EQUITY,ASI,MINVOL1M,1,0,INDUSTRY,0.08,ON,VERIFY,OFF,OFF,FASTEXPR,False,2014-01-01,2023-12-31,"zscore(ts_delta(fnd23_prgs, 4))",,2,2026-02-02T07:56:40-05:00,,2026-02-02T07:56:41-05:00,,False,False,,,ace_tag,llm_test,confidence_0.73,DATA_USAGE:SINGLE_DATA_SET,Single Data Set Alpha,,IS,UNSUBMITTED,246694,20000000,372,848,0.73,0.0024,0.4449,7e-06,0.01,0.0,2014-01-01,3668122.0,20000000.0,1592.0,1483.0,0.2915,0.0354,0.4276,0.000243,0.07,0.21,39465.0,20000000.0,372.0,848.0,0.73,0.0004,0.4527,1e-06,0.0,0.0,LOW_SHARPE,FAIL,1.58,0.01,LOW_FITNESS,FAIL,1.0,0.0,LOW_ASI_JPN_SHARPE,FAIL,1,0.24,LOW_INVESTABILITY_CONSTRAINED_SHARPE,PASS,0.01,0.21,LOW_TURNOVER,PASS,0.01,0.73,HIGH_TURNOVER,FAIL,0.7,0.73,CONCENTRATED_WEIGHT,FAIL,2019-12-06,0.1,0.500004,LOW_SUB_UNIVERSE_SHARPE,FAIL,0.0,-0.15,LOW_ROBUST_UNIVERSE_SHARPE.WITH_RATIO,PASS,0.9,0.01,0.23,LOW_ROBUST_UNIVERSE_RETURNS,PASS,0.9,0.0022,0.0391,SELF_CORRELATION,PENDING,DATA_DIVERSITY,PENDING,PROD_CORRELATION,PENDING,REGULAR_SUBMISSION,PENDING,LOW_2Y_SHARPE,FAIL,0.33,1.58,MATCHES_COMPETITION,PENDING,AIACv2,AI Alphas Competition 2.0,PASS,MATCHES_PYRAMID,1.0,1.1,ASI/D1/FUNDAMENTAL,1.1,WARNING,MATCHES_THEMES,EDrKL34,2.0,JPN Dataset Utilization Theme,M4ZYx3D,2.0,AMR Dataset Utilization Theme,9B3qxZ4,2.0,KOR Dataset Utilization Theme,PBVkEJD,2.0,TWN Dataset Utilization Theme,by88rqy,2.0,HKG Dataset Utilization Theme,V45896D,1.0,GLB/D1 TOPDIV3000 Power Pool Feb`26 Theme,,,,,,,,,,,,,,,,,,,,,,,,,,,,,,,,,,,,
Gr0AqM5Z,REGULAR,PS40111,EQUITY,ASI,MINVOL1M,1,0,INDUSTRY,0.08,ON,VERIFY,OFF,OFF,FASTEXPR,False,2014-01-01,2023-12-31,"zscore(divide(cash, fnd23_1oscq))",,2,2026-02-02T07:56:12-05:00,,2026-02-02T07:56:12-05:00,,False,False,,,ace_tag,llm_test,confidence_0.72,DATA_USAGE:SINGLE_DATA_SET,Single Data Set Alpha,,IS,UNSUBMITTED,-3494543,20000000,455,2385,0.0115,-0.0338,0.4374,-0.005871,-0.26,-0.14,2014-01-01,-3010943.0,20000000.0,479.0,2364.0,0.0114,-0.0291,0.4526,-0.005096,-0.11,-0.23,-4251053.0,20000000.0,455.0,2385.0,0.0115,-0.0411,0.4289,-0.007142,-0.38,-0.67,LOW_SHARPE,FAIL,1.58,-0.26,LOW_FITNESS,FAIL,1.0,-0.14,LOW_ASI_JPN_SHARPE,FAIL,1,-0.45,LOW_INVESTABILITY_CONSTRAINED_SHARPE,FAIL,-0.18,-0.23,LOW_TURNOVER,PASS,0.01,0.0115,HIGH_TURNOVER,PASS,0.7,0.0115,CONCENTRATED_WEIGHT,FAIL,2015-05-26,0.1,0.479036,LOW_SUB_UNIVERSE_SHARPE,FAIL,-0.08,-0.34,LOW_ROBUST_UNIVERSE_SHARPE.WITH_RATIO,FAIL,0.9,-0.23,-0.48,LOW_ROBUST_UNIVERSE_RETURNS,FAIL,0.9,-0.0304,-0.0609,SELF_CORRELATION,PENDING,DATA_DIVERSITY,PENDING,PROD_CORRELATION,PENDING,REGULAR_SUBMISSION,PENDING,LOW_2Y_SHARPE,FAIL,-0.61,1.58,MATCHES_COMPETITION,PENDING,AIACv2,AI Alphas Competition 2.0,PASS,MATCHES_PYRAMID,1.0,1.1,ASI/D1/FUNDAMENTAL,1.1,WARNING,MATCHES_THEMES,EDrKL34,2.0,JPN Dataset Utilization Theme,M4ZYx3D,2.0,AMR Dataset Utilization Theme,9B3qxZ4,2.0,KOR Dataset Utilization Theme,PBVkEJD,2.0,TWN Dataset Utilization Theme,by88rqy,2.0,HKG Dataset Utilization Theme,V45896D,1.0,GLB/D1 TOPDIV3000 Power Pool Feb`26 Theme,,,,,,,,,,,,,,,,,,,,,,,,,,,,,,,,,,,,
YPwKjndR,REGULAR,PS40111,EQUITY,ASI,MINVOL1M,1,0,INDUSTRY,0.08,ON,VERIFY,OFF,OFF,FASTEXPR,False,2014-01-01,2023-12-31,"zscore(reverse(ts_delta(liabilities_curr, 4)))",,3,2026-02-02T07:54:59-05:00,,2026-02-02T07:54:59-05:00,,False,False,,,ace_tag,llm_test,confidence_0.58,DATA_USAGE:SINGLE_DATA_SET,Single Data Set Alpha,,IS,UNSUBMITTED,-2026003,20000000,1270,905,0.7429,-0.0196,0.7126,-5.3e-05,-0.14,-0.02,2014-01-01,-3286087.0,20000000.0,1666.0,1505.0,0.3373,-0.0318,0.5996,-0.000188,-0.08,-0.27,-2144045.0,20000000.0,1270.0,905.0,0.7429,-0.0207,0.5744,-5.6e-05,-0.03,-0.17,LOW_SHARPE,FAIL,1.58,-0.14,LOW_FITNESS,FAIL,1.0,-0.02,LOW_ASI_JPN_SHARPE,FAIL,1,0.18,LOW_INVESTABILITY_CONSTRAINED_SHARPE,FAIL,-0.1,-0.27,LOW_TURNOVER,PASS,0.01,0.7429,HIGH_TURNOVER,FAIL,0.7,0.7429,CONCENTRATED_WEIGHT,FAIL,2017-01-04,0.1,0.500007,LOW_SUB_UNIVERSE_SHARPE,FAIL,-0.04,-0.09,LOW_ROBUST_UNIVERSE_SHARPE.WITH_RATIO,PASS,0.9,-0.13,-0.04,LOW_ROBUST_UNIVERSE_RETURNS,PASS,0.9,-0.0176,-0.0049,SELF_CORRELATION,PENDING,DATA_DIVERSITY,PENDING,PROD_CORRELATION,PENDING,REGULAR_SUBMISSION,PENDING,LOW_2Y_SHARPE,FAIL,1.12,1.58,MATCHES_COMPETITION,PENDING,AIACv2,AI Alphas Competition 2.0,PASS,MATCHES_PYRAMID,1.0,1.1,ASI/D1/FUNDAMENTAL,1.1,WARNING,MATCHES_THEMES,EDrKL34,2.0,JPN Dataset Utilization Theme,M4ZYx3D,2.0,AMR Dataset Utilization Theme,9B3qxZ4,2.0,KOR Dataset Utilization Theme,PBVkEJD,2.0,TWN Dataset Utilization Theme,by88rqy,2.0,HKG Dataset Utilization Theme,V45896D,1.0,GLB/D1 TOPDIV3000 Power Pool Feb`26 Theme,,,,,,,,,,,,,,,,,,,,,,,,,,,,,,,,,,,,
N1WmXArX,REGULAR,PS40111,EQUITY,ASI,MINVOL1M,1,0,INDUSTRY,0.08,ON,VERIFY,OFF,OFF,FASTEXPR,False,2014-01-01,2023-12-31,"zscore(ts_delta(divide(pretax_income, revenue), 4))",,3,2026-02-02T07:56:37-05:00,,2026-02-02T07:56:37-05:00,,False,False,,,ace_tag,llm_test,confidence_0.71,DATA_USAGE:SINGLE_DATA_SET,Single Data Set Alpha,,IS,UNSUBMITTED,-2707827,20000000,1170,1133,0.7409,-0.0262,1.7532,-7.1e-05,-0.1,-0.02,2014-01-01,-18730574.0,20000000.0,1609.0,1599.0,0.3338,-0.181,1.9853,-0.001084,-0.55,-0.75,986780.0,20000000.0,1170.0,1133.0,0.7409,0.0095,1.3234,2.6e-05,0.0,0.04,LOW_SHARPE,FAIL,1.58,-0.1,LOW_FITNESS,FAIL,1.0,-0.02,LOW_ASI_JPN_SHARPE,FAIL,1,-0.22,LOW_INVESTABILITY_CONSTRAINED_SHARPE,FAIL,-0.07,-0.75,LOW_TURNOVER,PASS,0.01,0.7409,HIGH_TURNOVER,FAIL,0.7,0.7409,CONCENTRATED_WEIGHT,FAIL,2017-01-04,0.1,0.500002,LOW_SUB_UNIVERSE_SHARPE,PASS,-0.03,-0.01,LOW_ROBUST_UNIVERSE_SHARPE.WITH_RATIO,FAIL,0.9,-0.09,-0.11,LOW_ROBUST_UNIVERSE_RETURNS,FAIL,0.9,-0.0236,-0.0271,SELF_CORRELATION,PENDING,DATA_DIVERSITY,PENDING,PROD_CORRELATION,PENDING,REGULAR_SUBMISSION,PENDING,LOW_2Y_SHARPE,FAIL,0.58,1.58,MATCHES_COMPETITION,PENDING,AIACv2,AI Alphas Competition 2.0,PASS,MATCHES_PYRAMID,1.0,1.1,ASI/D1/FUNDAMENTAL,1.1,WARNING,MATCHES_THEMES,EDrKL34,2.0,JPN Dataset Utilization Theme,M4ZYx3D,2.0,AMR Dataset Utilization Theme,9B3qxZ4,2.0,KOR Dataset Utilization Theme,PBVkEJD,2.0,TWN Dataset Utilization Theme,by88rqy,2.0,HKG Dataset Utilization Theme,V45896D,1.0,GLB/D1 TOPDIV3000 Power Pool Feb`26 Theme,,,,,,,,,,,,,,,,,,,,,,,,,,,,,,,,,,,,
P0raJGWw,REGULAR,PS40111,EQUITY,ASI,MINVOL1M,1,0,INDUSTRY,0.08,ON,VERIFY,OFF,OFF,FASTEXPR,False,2014-01-01,2023-12-31,"zscore(ts_delta(fnd23_vbts, 4))",,2,2026-02-02T07:57:51-05:00,,2026-02-02T07:57:52-05:00,,False,False,,,ace_tag,llm_test,confidence_0.66,DATA_USAGE:SINGLE_DATA_SET,Single Data Set Alpha,,IS,UNSUBMITTED,1900537,20000000,406,998,0.7236,0.0184,0.3915,5.1e-05,0.1,0.02,2014-01-01,2373442.0,20000000.0,1548.0,1738.0,0.3147,0.0229,0.3692,0.000146,0.04,0.14,1093142.0,20000000.0,406.0,998.0,0.7236,0.0106,0.3955,2.9e-05,0.01,0.06,LOW_SHARPE,FAIL,1.58,0.1,LOW_FITNESS,FAIL,1.0,0.02,LOW_ASI_JPN_SHARPE,FAIL,1,0.26,LOW_INVESTABILITY_CONSTRAINED_SHARPE,PASS,0.07,0.14,LOW_TURNOVER,PASS,0.01,0.7236,HIGH_TURNOVER,FAIL,0.7,0.7236,CONCENTRATED_WEIGHT,FAIL,2016-01-07,0.1,0.500005,LOW_SUB_UNIVERSE_SHARPE,FAIL,0.03,-0.03,LOW_ROBUST_UNIVERSE_SHARPE.WITH_RATIO,PASS,0.9,0.09,0.16,LOW_ROBUST_UNIVERSE_RETURNS,PASS,0.9,0.0166,0.0274,SELF_CORRELATION,PENDING,DATA_DIVERSITY,PENDING,PROD_CORRELATION,PENDING,REGULAR_SUBMISSION,PENDING,LOW_2Y_SHARPE,FAIL,0.37,1.58,MATCHES_COMPETITION,PENDING,AIACv2,AI Alphas Competition 2.0,PASS,MATCHES_PYRAMID,1.0,1.1,ASI/D1/FUNDAMENTAL,1.1,WARNING,MATCHES_THEMES,EDrKL34,2.0,JPN Dataset Utilization Theme,M4ZYx3D,2.0,AMR Dataset Utilization Theme,9B3qxZ4,2.0,KOR Dataset Utilization Theme,PBVkEJD,2.0,TWN Dataset Utilization Theme,by88rqy,2.0,HKG Dataset Utilization Theme,V45896D,1.0,GLB/D1 TOPDIV3000 Power Pool Feb`26 Theme,,,,,,,,,,,,,,,,,,,,,,,,,,,,,,,,,,,,
E507QAXR,REGULAR,PS40111,EQUITY,ASI,MINVOL1M,1,0,INDUSTRY,0.08,ON,VERIFY,OFF,OFF,FASTEXPR,False,2014-01-01,2023-12-31,"zscore(divide(cashflow_op, revenue))",Operating cash as a percent of revenue shows cash profitability. Both fields high coverage. SUGGESTION1 applied. Confidence 0.73.,2,2026-02-02T05:15:09-05:00,,2026-02-02T06:23:26-05:00,,False,False,,,ace_tag,llm_test,confidence_0.78,DATA_USAGE:SINGLE_DATA_SET,Single Data Set Alpha,,IS,UNSUBMITTED,34167332,20000000,1734,1467,0.0425,0.3302,0.3471,0.01555,1.0,1.63,2014-01-01,31981704.0,20000000.0,1650.0,1553.0,0.0447,0.3091,0.3585,0.013815,1.51,0.96,23280931.0,20000000.0,1734.0,1467.0,0.0425,0.225,0.3258,0.010595,1.02,0.76,LOW_SHARPE,WARNING,1.58,1.0,LOW_FITNESS,PASS,1.0,1.63,LOW_ASI_JPN_SHARPE,FAIL,1,0.5,LOW_INVESTABILITY_CONSTRAINED_SHARPE,PASS,0.7,0.96,LOW_TURNOVER,PASS,0.01,0.0425,HIGH_TURNOVER,PASS,0.7,0.0425,CONCENTRATED_WEIGHT,WARNING,2017-07-17,0.1,0.47554,LOW_SUB_UNIVERSE_SHARPE,PASS,0.29,0.44,LOW_ROBUST_UNIVERSE_SHARPE.WITH_RATIO,FAIL,0.9,0.9,0.64,LOW_ROBUST_UNIVERSE_RETURNS,FAIL,0.9,0.2972,0.1985,SELF_CORRELATION,PENDING,DATA_DIVERSITY,PENDING,PROD_CORRELATION,PENDING,REGULAR_SUBMISSION,PENDING,LOW_2Y_SHARPE,WARNING,1.36,1.58,POWER_POOL_CORRELATION,PENDING,,,PENDING,MATCHES_COMPETITION,,,,,PASS,MATCHES_PYRAMID,,,,,,,,,,,,,,,,,,,,,,,,,,,,,AIACv2,AI Alphas Competition 2.0,1.0,1.1,ASI/D1/FUNDAMENTAL,1.1,WARNING,MATCHES_THEMES,EDrKL34,2.0,JPN Dataset Utilization Theme,M4ZYx3D,2.0,AMR Dataset Utilization Theme,9B3qxZ4,2.0,KOR Dataset Utilization Theme,PBVkEJD,2.0,TWN Dataset Utilization Theme,by88rqy,2.0,HKG Dataset Utilization Theme,V45896D,1.0,GLB/D1 TOPDIV3000 Power Pool Feb`26 Theme
pwJrqN0g,REGULAR,PS40111,EQUITY,ASI,MINVOL1M,1,0,INDUSTRY,0.08,ON,VERIFY,OFF,OFF,FASTEXPR,False,2014-01-01,2023-12-31,"normalize(divide(sga_expense, revenue))",,2,2026-02-02T07:57:53-05:00,,2026-02-02T07:57:54-05:00,,False,False,,,ace_tag,llm_test,confidence_0.65,DATA_USAGE:SINGLE_DATA_SET,Single Data Set Alpha,,IS,UNSUBMITTED,-21663924,20000000,1043,2120,0.0462,-0.2094,2.3232,-0.009067,-0.77,-1.0,2014-01-01,-17259434.0,20000000.0,1294.0,1873.0,0.044,-0.1668,1.833,-0.007584,-0.75,-0.65,-13162120.0,20000000.0,1043.0,2120.0,0.0462,-0.1272,1.4924,-0.005509,-0.53,-0.53,LOW_SHARPE,FAIL,1.58,-0.77,LOW_FITNESS,FAIL,1.0,-1.0,LOW_ASI_JPN_SHARPE,FAIL,1,-0.23,LOW_INVESTABILITY_CONSTRAINED_SHARPE,FAIL,-0.54,-0.65,LOW_TURNOVER,PASS,0.01,0.0462,HIGH_TURNOVER,PASS,0.7,0.0462,CONCENTRATED_WEIGHT,FAIL,2022-07-08,0.1,0.471569,LOW_SUB_UNIVERSE_SHARPE,PASS,-0.23,0.12,LOW_ROBUST_UNIVERSE_SHARPE.WITH_RATIO,PASS,0.9,-0.69,-0.49,LOW_ROBUST_UNIVERSE_RETURNS,PASS,0.9,-0.1885,-0.1158,SELF_CORRELATION,PENDING,DATA_DIVERSITY,PENDING,PROD_CORRELATION,PENDING,REGULAR_SUBMISSION,PENDING,LOW_2Y_SHARPE,FAIL,-1.53,1.58,MATCHES_COMPETITION,PENDING,AIACv2,AI Alphas Competition 2.0,PASS,MATCHES_PYRAMID,1.0,1.1,ASI/D1/FUNDAMENTAL,1.1,WARNING,MATCHES_THEMES,EDrKL34,2.0,JPN Dataset Utilization Theme,M4ZYx3D,2.0,AMR Dataset Utilization Theme,9B3qxZ4,2.0,KOR Dataset Utilization Theme,PBVkEJD,2.0,TWN Dataset Utilization Theme,by88rqy,2.0,HKG Dataset Utilization Theme,V45896D,1.0,GLB/D1 TOPDIV3000 Power Pool Feb`26 Theme,,,,,,,,,,,,,,,,,,,,,,,,,,,,,,,,,,,,
gJqOY8eK,REGULAR,PS40111,EQUITY,ASI,MINVOL1M,1,0,INDUSTRY,0.08,ON,VERIFY,OFF,OFF,FASTEXPR,False,2014-01-01,2023-12-31,"zscore(ts_delta(divide(ebitda, revenue), 4))",,3,2026-02-02T07:58:00-05:00,,2026-02-02T07:58:01-05:00,,False,False,,,ace_tag,llm_test,confidence_0.74,DATA_USAGE:SINGLE_DATA_SET,Single Data Set Alpha,,IS,UNSUBMITTED,10436147,20000000,1340,1304,0.7404,0.1009,0.3988,0.000272,0.42,0.16,2014-01-01,-3818887.0,20000000.0,1655.0,1503.0,0.3234,-0.0369,1.3775,-0.000228,-0.05,-0.15,12538421.0,20000000.0,1340.0,1304.0,0.7404,0.1212,0.3972,0.000327,0.23,0.56,LOW_SHARPE,FAIL,1.58,0.42,LOW_FITNESS,FAIL,1.0,0.16,LOW_ASI_JPN_SHARPE,FAIL,1,0.03,LOW_INVESTABILITY_CONSTRAINED_SHARPE,FAIL,0.29,-0.15,LOW_TURNOVER,PASS,0.01,0.7404,HIGH_TURNOVER,FAIL,0.7,0.7404,CONCENTRATED_WEIGHT,FAIL,2017-07-18,0.1,0.499904,LOW_SUB_UNIVERSE_SHARPE,PASS,0.12,0.53,LOW_ROBUST_UNIVERSE_SHARPE.WITH_RATIO,PASS,0.9,0.38,0.43,LOW_ROBUST_UNIVERSE_RETURNS,PASS,0.9,0.0908,0.0938,SELF_CORRELATION,PENDING,DATA_DIVERSITY,PENDING,PROD_CORRELATION,PENDING,REGULAR_SUBMISSION,PENDING,LOW_2Y_SHARPE,FAIL,0.63,1.58,MATCHES_COMPETITION,PENDING,AIACv2,AI Alphas Competition 2.0,PASS,MATCHES_PYRAMID,1.0,1.1,ASI/D1/FUNDAMENTAL,1.1,WARNING,MATCHES_THEMES,EDrKL34,2.0,JPN Dataset Utilization Theme,M4ZYx3D,2.0,AMR Dataset Utilization Theme,9B3qxZ4,2.0,KOR Dataset Utilization Theme,PBVkEJD,2.0,TWN Dataset Utilization Theme,by88rqy,2.0,HKG Dataset Utilization Theme,V45896D,1.0,GLB/D1 TOPDIV3000 Power Pool Feb`26 Theme,,,,,,,,,,,,,,,,,,,,,,,,,,,,,,,,,,,,
pwJrqNVq,REGULAR,PS40111,EQUITY,ASI,MINVOL1M,1,0,INDUSTRY,0.08,ON,VERIFY,OFF,OFF,FASTEXPR,False,2014-01-01,2023-12-31,"zscore(add(ts_delta(income, 4), reverse(ts_delta(capex, 4))))",,5,2026-02-02T07:57:56-05:00,,2026-02-02T07:57:56-05:00,,False,False,,,ace_tag,llm_test,confidence_0.72,DATA_USAGE:SINGLE_DATA_SET,Single Data Set Alpha,,IS,UNSUBMITTED,5799665,20000000,1105,1466,0.7244,0.056,0.309,0.000155,0.45,0.13,2014-01-01,-4334575.0,20000000.0,1620.0,1670.0,0.3503,-0.0419,0.5978,-0.000239,-0.12,-0.36,4898497.0,20000000.0,1105.0,1466.0,0.7244,0.0473,0.2313,0.000131,0.12,0.46,LOW_SHARPE,FAIL,1.58,0.45,LOW_FITNESS,FAIL,1.0,0.13,LOW_ASI_JPN_SHARPE,FAIL,1,-0.39,LOW_INVESTABILITY_CONSTRAINED_SHARPE,FAIL,0.32,-0.36,LOW_TURNOVER,PASS,0.01,0.7244,HIGH_TURNOVER,FAIL,0.7,0.7244,CONCENTRATED_WEIGHT,FAIL,2017-01-05,0.1,0.500002,LOW_SUB_UNIVERSE_SHARPE,FAIL,0.13,-0.06,LOW_ROBUST_UNIVERSE_SHARPE.WITH_RATIO,PASS,0.9,0.41,0.52,LOW_ROBUST_UNIVERSE_RETURNS,PASS,0.9,0.0504,0.0665,SELF_CORRELATION,PENDING,DATA_DIVERSITY,PENDING,PROD_CORRELATION,PENDING,REGULAR_SUBMISSION,PENDING,LOW_2Y_SHARPE,FAIL,-0.72,1.58,MATCHES_COMPETITION,PENDING,AIACv2,AI Alphas Competition 2.0,PASS,MATCHES_PYRAMID,1.0,1.1,ASI/D1/FUNDAMENTAL,1.1,WARNING,MATCHES_THEMES,EDrKL34,2.0,JPN Dataset Utilization Theme,M4ZYx3D,2.0,AMR Dataset Utilization Theme,9B3qxZ4,2.0,KOR Dataset Utilization Theme,PBVkEJD,2.0,TWN Dataset Utilization Theme,by88rqy,2.0,HKG Dataset Utilization Theme,V45896D,1.0,GLB/D1 TOPDIV3000 Power Pool Feb`26 Theme,,,,,,,,,,,,,,,,,,,,,,,,,,,,,,,,,,,,
O0wP1GAY,REGULAR,PS40111,EQUITY,ASI,MINVOL1M,1,0,INDUSTRY,0.08,ON,VERIFY,OFF,OFF,FASTEXPR,False,2014-01-01,2023-12-31,"zscore(reverse(divide(receivable, sales)))",,3,2026-02-02T07:58:00-05:00,,2026-02-02T07:58:01-05:00,,False,False,,,ace_tag,llm_test,confidence_0.63,DATA_USAGE:SINGLE_DATA_SET,Single Data Set Alpha,,IS,UNSUBMITTED,7859390,20000000,2162,326,0.0617,0.076,0.5601,0.002463,0.28,0.22,2014-01-01,18909937.0,20000000.0,1881.0,1212.0,0.0579,0.1827,0.8561,0.006316,0.86,0.71,7667894.0,20000000.0,2162.0,326.0,0.0617,0.0741,0.6515,0.002403,0.23,0.3,LOW_SHARPE,FAIL,1.58,0.28,LOW_FITNESS,FAIL,1.0,0.22,LOW_ASI_JPN_SHARPE,FAIL,1,0.13,LOW_INVESTABILITY_CONSTRAINED_SHARPE,PASS,0.2,0.71,LOW_TURNOVER,PASS,0.01,0.0617,HIGH_TURNOVER,PASS,0.7,0.0617,CONCENTRATED_WEIGHT,FAIL,2019-08-16,0.1,0.499998,LOW_SUB_UNIVERSE_SHARPE,FAIL,0.08,-0.22,LOW_ROBUST_UNIVERSE_SHARPE.WITH_RATIO,FAIL,0.9,0.25,0.2,LOW_ROBUST_UNIVERSE_RETURNS,FAIL,0.9,0.0684,0.0471,SELF_CORRELATION,PENDING,DATA_DIVERSITY,PENDING,PROD_CORRELATION,PENDING,REGULAR_SUBMISSION,PENDING,LOW_2Y_SHARPE,FAIL,-0.01,1.58,MATCHES_COMPETITION,PENDING,AIACv2,AI Alphas Competition 2.0,PASS,MATCHES_PYRAMID,1.0,1.1,ASI/D1/FUNDAMENTAL,1.1,WARNING,MATCHES_THEMES,EDrKL34,2.0,JPN Dataset Utilization Theme,M4ZYx3D,2.0,AMR Dataset Utilization Theme,9B3qxZ4,2.0,KOR Dataset Utilization Theme,PBVkEJD,2.0,TWN Dataset Utilization Theme,by88rqy,2.0,HKG Dataset Utilization Theme,V45896D,1.0,GLB/D1 TOPDIV3000 Power Pool Feb`26 Theme,,,,,,,,,,,,,,,,,,,,,,,,,,,,,,,,,,,,
1YV9O09K,REGULAR,PS40111,EQUITY,ASI,MINVOL1M,1,0,INDUSTRY,0.08,ON,VERIFY,OFF,OFF,FASTEXPR,False,2014-01-01,2023-12-31,"zscore(divide(ebitda, revenue))",Profitability margin using two robust fields ebitda and revenue. SUGGESTION1 & 4 applied. Confidence 0.7.,2,2026-02-02T05:43:05-05:00,,2026-02-02T06:17:49-05:00,,False,False,,,ace_tag,llm_test,confidence_0.76,DATA_USAGE:SINGLE_DATA_SET,Single Data Set Alpha,,IS,UNSUBMITTED,24031478,20000000,1785,1374,0.0434,0.2322,0.7116,0.010702,0.69,0.94,2014-01-01,21527871.0,20000000.0,1687.0,1475.0,0.0443,0.208,0.6535,0.009403,0.81,0.63,14460804.0,20000000.0,1785.0,1374.0,0.0434,0.1397,0.7647,0.00644,0.5,0.47,LOW_SHARPE,FAIL,1.58,0.69,LOW_FITNESS,FAIL,1.0,0.94,LOW_ASI_JPN_SHARPE,FAIL,1,0.42,LOW_INVESTABILITY_CONSTRAINED_SHARPE,PASS,0.48,0.63,LOW_TURNOVER,PASS,0.01,0.0434,HIGH_TURNOVER,PASS,0.7,0.0434,CONCENTRATED_WEIGHT,FAIL,2017-07-17,0.1,0.465397,LOW_SUB_UNIVERSE_SHARPE,PASS,0.2,0.24,LOW_ROBUST_UNIVERSE_SHARPE.WITH_RATIO,FAIL,0.9,0.62,0.59,LOW_ROBUST_UNIVERSE_RETURNS,FAIL,0.9,0.209,0.1915,SELF_CORRELATION,PENDING,DATA_DIVERSITY,PENDING,PROD_CORRELATION,PENDING,REGULAR_SUBMISSION,PENDING,LOW_2Y_SHARPE,FAIL,1.01,1.58,MATCHES_COMPETITION,PENDING,AIACv2,AI Alphas Competition 2.0,PASS,MATCHES_PYRAMID,1.0,1.1,ASI/D1/FUNDAMENTAL,1.1,WARNING,MATCHES_THEMES,EDrKL34,2.0,JPN Dataset Utilization Theme,M4ZYx3D,2.0,AMR Dataset Utilization Theme,9B3qxZ4,2.0,KOR Dataset Utilization Theme,PBVkEJD,2.0,TWN Dataset Utilization Theme,by88rqy,2.0,HKG Dataset Utilization Theme,V45896D,1.0,GLB/D1 TOPDIV3000 Power Pool Feb`26 Theme,,,,,,,,,,,,,,,,,,,,,,,,,,,,,,,,,,,,
E50WZG0L,REGULAR,PS40111,EQUITY,ASI,MINVOL1M,1,0,INDUSTRY,0.08,ON,VERIFY,OFF,OFF,FASTEXPR,False,2014-01-01,2023-12-31,"zscore(reverse(ts_delta(ts_backfill(fnd23_pics, 12), 4)))",,4,2026-02-02T07:57:54-05:00,,2026-02-02T07:57:55-05:00,,False,False,,,ace_tag,llm_test,confidence_0.5,DATA_USAGE:SINGLE_DATA_SET,Single Data Set Alpha,,IS,UNSUBMITTED,13167845,20000000,582,528,0.7427,0.1273,0.7018,0.000343,0.47,0.19,2014-01-01,1586.0,20000000.0,1524.0,1589.0,0.3038,0.0,0.8112,0.0,0.0,0.0,10295198.0,20000000.0,582.0,528.0,0.7427,0.0996,0.6745,0.000268,0.15,0.4,LOW_SHARPE,FAIL,1.58,0.47,LOW_FITNESS,FAIL,1.0,0.19,LOW_ASI_JPN_SHARPE,FAIL,1,0.86,LOW_INVESTABILITY_CONSTRAINED_SHARPE,FAIL,0.33,0.0,LOW_TURNOVER,PASS,0.01,0.7427,HIGH_TURNOVER,FAIL,0.7,0.7427,CONCENTRATED_WEIGHT,FAIL,2021-12-21,0.1,0.500005,LOW_SUB_UNIVERSE_SHARPE,FAIL,0.14,-0.02,LOW_ROBUST_UNIVERSE_SHARPE.WITH_RATIO,PASS,0.9,0.42,0.81,LOW_ROBUST_UNIVERSE_RETURNS,PASS,0.9,0.1146,0.1567,SELF_CORRELATION,PENDING,DATA_DIVERSITY,PENDING,PROD_CORRELATION,PENDING,REGULAR_SUBMISSION,PENDING,LOW_2Y_SHARPE,FAIL,0.26,1.58,MATCHES_COMPETITION,PENDING,AIACv2,AI Alphas Competition 2.0,PASS,MATCHES_PYRAMID,1.0,1.1,ASI/D1/FUNDAMENTAL,1.1,WARNING,MATCHES_THEMES,EDrKL34,2.0,JPN Dataset Utilization Theme,M4ZYx3D,2.0,AMR Dataset Utilization Theme,9B3qxZ4,2.0,KOR Dataset Utilization Theme,PBVkEJD,2.0,TWN Dataset Utilization Theme,by88rqy,2.0,HKG Dataset Utilization Theme,V45896D,1.0,GLB/D1 TOPDIV3000 Power Pool Feb`26 Theme,,,,,,,,,,,,,,,,,,,,,,,,,,,,,,,,,,,,
0mk3bPX1,REGULAR,PS40111,EQUITY,ASI,MINVOL1M,1,0,INDUSTRY,0.08,ON,VERIFY,OFF,OFF,FASTEXPR,False,2014-01-01,2023-12-31,"zscore(divide(operating_income, fnd23_ltem))",,2,2026-02-02T07:59:58-05:00,,2026-02-02T07:59:59-05:00,,False,False,,,ace_tag,llm_test,confidence_0.69,DATA_USAGE:SINGLE_DATA_SET,Single Data Set Alpha,,IS,UNSUBMITTED,2944274,20000000,558,2094,0.0214,0.0285,0.33,0.002663,0.22,0.11,2014-01-01,2675504.0,20000000.0,625.0,2032.0,0.0228,0.0259,0.3876,0.002269,0.09,0.2,115986.0,20000000.0,558.0,2094.0,0.0214,0.0011,0.2222,0.000105,0.0,0.01,LOW_SHARPE,FAIL,1.58,0.22,LOW_FITNESS,FAIL,1.0,0.11,LOW_ASI_JPN_SHARPE,FAIL,1,-0.04,LOW_INVESTABILITY_CONSTRAINED_SHARPE,PASS,0.15,0.2,LOW_TURNOVER,PASS,0.01,0.0214,HIGH_TURNOVER,PASS,0.7,0.0214,CONCENTRATED_WEIGHT,FAIL,2023-03-15,0.1,0.112758,LOW_SUB_UNIVERSE_SHARPE,PASS,0.06,0.12,LOW_ROBUST_UNIVERSE_SHARPE.WITH_RATIO,FAIL,0.9,0.2,-0.18,LOW_ROBUST_UNIVERSE_RETURNS,FAIL,0.9,0.0257,-0.0243,SELF_CORRELATION,PENDING,DATA_DIVERSITY,PENDING,PROD_CORRELATION,PENDING,REGULAR_SUBMISSION,PENDING,LOW_2Y_SHARPE,FAIL,-0.08,1.58,MATCHES_COMPETITION,PENDING,AIACv2,AI Alphas Competition 2.0,PASS,MATCHES_PYRAMID,1.0,1.1,ASI/D1/FUNDAMENTAL,1.1,WARNING,MATCHES_THEMES,EDrKL34,2.0,JPN Dataset Utilization Theme,M4ZYx3D,2.0,AMR Dataset Utilization Theme,9B3qxZ4,2.0,KOR Dataset Utilization Theme,PBVkEJD,2.0,TWN Dataset Utilization Theme,by88rqy,2.0,HKG Dataset Utilization Theme,V45896D,1.0,GLB/D1 TOPDIV3000 Power Pool Feb`26 Theme,,,,,,,,,,,,,,,,,,,,,,,,,,,,,,,,,,,,
vRnMKAed,REGULAR,PS40111,EQUITY,ASI,MINVOL1M,1,0,INDUSTRY,0.08,ON,VERIFY,OFF,OFF,FASTEXPR,False,2014-01-01,2023-12-31,"divide(ts_mean(fnd23_fbds, 12), ts_std_dev(fnd23_fbds, 60))",,3,2026-02-02T07:59:53-05:00,,2026-02-02T07:59:54-05:00,,False,False,,,ace_tag,llm_test,confidence_0.7,DATA_USAGE:SINGLE_DATA_SET,Single Data Set Alpha,,IS,UNSUBMITTED,-147193,20000000,170,669,0.2193,-0.0014,0.4127,-1.3e-05,-0.01,-0.0,2014-01-01,1934591.0,20000000.0,247.0,662.0,0.1056,0.0187,0.4177,0.000354,0.05,0.14,-1627277.0,20000000.0,170.0,669.0,0.2193,-0.0157,0.5346,-0.000143,-0.04,-0.14,LOW_SHARPE,FAIL,1.58,-0.01,LOW_FITNESS,FAIL,1.0,-0.0,LOW_ASI_JPN_SHARPE,FAIL,1,-0.46,LOW_INVESTABILITY_CONSTRAINED_SHARPE,PASS,-0.01,0.14,LOW_TURNOVER,PASS,0.01,0.2193,HIGH_TURNOVER,PASS,0.7,0.2193,CONCENTRATED_WEIGHT,FAIL,2014-04-21,0.1,0.27656,LOW_SUB_UNIVERSE_SHARPE,FAIL,-0.0,-0.07,LOW_ROBUST_UNIVERSE_SHARPE.WITH_RATIO,PASS,0.9,-0.01,0.09,LOW_ROBUST_UNIVERSE_RETURNS,PASS,0.9,-0.0013,0.012,SELF_CORRELATION,PENDING,DATA_DIVERSITY,PENDING,PROD_CORRELATION,PENDING,REGULAR_SUBMISSION,PENDING,LOW_2Y_SHARPE,FAIL,0.2,1.58,MATCHES_COMPETITION,PENDING,AIACv2,AI Alphas Competition 2.0,PASS,MATCHES_PYRAMID,1.0,1.1,ASI/D1/FUNDAMENTAL,1.1,WARNING,MATCHES_THEMES,EDrKL34,2.0,JPN Dataset Utilization Theme,M4ZYx3D,2.0,AMR Dataset Utilization Theme,9B3qxZ4,2.0,KOR Dataset Utilization Theme,PBVkEJD,2.0,TWN Dataset Utilization Theme,by88rqy,2.0,HKG Dataset Utilization Theme,V45896D,1.0,GLB/D1 TOPDIV3000 Power Pool Feb`26 Theme,,,,,,,,,,,,,,,,,,,,,,,,,,,,,,,,,,,,
O0wP1Jbd,REGULAR,PS40111,EQUITY,ASI,MINVOL1M,1,0,INDUSTRY,0.08,ON,VERIFY,OFF,OFF,FASTEXPR,False,2014-01-01,2023-12-31,"zscore(ts_delta(fnd23_bcns, 4))",,2,2026-02-02T07:59:21-05:00,,2026-02-02T07:59:22-05:00,,False,False,,,ace_tag,llm_test,confidence_0.62,DATA_USAGE:SINGLE_DATA_SET,Single Data Set Alpha,,IS,UNSUBMITTED,-8435788,20000000,430,793,0.7254,-0.0817,1.2935,-0.000225,-0.38,-0.13,2014-01-01,2722462.0,20000000.0,1655.0,1602.0,0.3144,0.0264,0.459,0.000168,0.04,0.14,-2769201.0,20000000.0,430.0,793.0,0.7254,-0.0268,0.8233,-7.4e-05,-0.03,-0.14,LOW_SHARPE,FAIL,1.58,-0.38,LOW_FITNESS,FAIL,1.0,-0.13,LOW_ASI_JPN_SHARPE,FAIL,1,-0.49,LOW_INVESTABILITY_CONSTRAINED_SHARPE,PASS,-0.27,0.14,LOW_TURNOVER,PASS,0.01,0.7254,HIGH_TURNOVER,FAIL,0.7,0.7254,CONCENTRATED_WEIGHT,FAIL,2020-12-31,0.1,0.500005,LOW_SUB_UNIVERSE_SHARPE,FAIL,-0.11,-0.3,LOW_ROBUST_UNIVERSE_SHARPE.WITH_RATIO,FAIL,0.9,-0.34,-0.5,LOW_ROBUST_UNIVERSE_RETURNS,FAIL,0.9,-0.0735,-0.09,SELF_CORRELATION,PENDING,DATA_DIVERSITY,PENDING,PROD_CORRELATION,PENDING,REGULAR_SUBMISSION,PENDING,LOW_2Y_SHARPE,FAIL,0.14,1.58,MATCHES_COMPETITION,PENDING,AIACv2,AI Alphas Competition 2.0,PASS,MATCHES_PYRAMID,1.0,1.1,ASI/D1/FUNDAMENTAL,1.1,WARNING,MATCHES_THEMES,EDrKL34,2.0,JPN Dataset Utilization Theme,M4ZYx3D,2.0,AMR Dataset Utilization Theme,9B3qxZ4,2.0,KOR Dataset Utilization Theme,PBVkEJD,2.0,TWN Dataset Utilization Theme,by88rqy,2.0,HKG Dataset Utilization Theme,V45896D,1.0,GLB/D1 TOPDIV3000 Power Pool Feb`26 Theme,,,,,,,,,,,,,,,,,,,,,,,,,,,,,,,,,,,,
zqw6vrg8,REGULAR,PS40111,EQUITY,ASI,MINVOL1M,1,0,INDUSTRY,0.08,ON,VERIFY,OFF,OFF,FASTEXPR,False,2014-01-01,2023-12-31,"zscore(reverse(divide(liabilities_curr, assets)))",,3,2026-02-02T07:59:27-05:00,,2026-02-02T07:59:27-05:00,,False,False,,,ace_tag,llm_test,confidence_0.6,DATA_USAGE:SINGLE_DATA_SET,Single Data Set Alpha,,IS,UNSUBMITTED,4344838,20000000,1808,1362,0.0147,0.042,0.6109,0.005731,0.21,0.12,2014-01-01,3184168.0,20000000.0,1837.0,1335.0,0.0156,0.0308,0.5635,0.00395,0.08,0.16,1995458.0,20000000.0,1808.0,1362.0,0.0147,0.0193,0.2918,0.002632,0.06,0.14,LOW_SHARPE,FAIL,1.58,0.21,LOW_FITNESS,FAIL,1.0,0.12,LOW_ASI_JPN_SHARPE,FAIL,1,-0.01,LOW_INVESTABILITY_CONSTRAINED_SHARPE,PASS,0.15,0.16,LOW_TURNOVER,PASS,0.01,0.0147,HIGH_TURNOVER,PASS,0.7,0.0147,CONCENTRATED_WEIGHT,FAIL,2015-06-29,0.1,0.498979,LOW_SUB_UNIVERSE_SHARPE,PASS,0.06,0.4,LOW_ROBUST_UNIVERSE_SHARPE.WITH_RATIO,FAIL,0.9,0.19,-0.04,LOW_ROBUST_UNIVERSE_RETURNS,FAIL,0.9,0.0378,-0.0031,SELF_CORRELATION,PENDING,DATA_DIVERSITY,PENDING,PROD_CORRELATION,PENDING,REGULAR_SUBMISSION,PENDING,LOW_2Y_SHARPE,FAIL,-0.22,1.58,MATCHES_COMPETITION,PENDING,AIACv2,AI Alphas Competition 2.0,PASS,MATCHES_PYRAMID,1.0,1.1,ASI/D1/FUNDAMENTAL,1.1,WARNING,MATCHES_THEMES,EDrKL34,2.0,JPN Dataset Utilization Theme,M4ZYx3D,2.0,AMR Dataset Utilization Theme,9B3qxZ4,2.0,KOR Dataset Utilization Theme,PBVkEJD,2.0,TWN Dataset Utilization Theme,by88rqy,2.0,HKG Dataset Utilization Theme,V45896D,1.0,GLB/D1 TOPDIV3000 Power Pool Feb`26 Theme,,,,,,,,,,,,,,,,,,,,,,,,,,,,,,,,,,,,
A1JZRQZg,REGULAR,PS40111,EQUITY,ASI,MINVOL1M,1,0,INDUSTRY,0.08,ON,VERIFY,OFF,OFF,FASTEXPR,False,2014-01-01,2023-12-31,"zscore(ts_delta(divide(income, revenue), 12))",,3,2026-02-02T07:59:16-05:00,,2026-02-02T07:59:17-05:00,,False,False,,,ace_tag,llm_test,confidence_0.72,DATA_USAGE:SINGLE_DATA_SET,Single Data Set Alpha,,IS,UNSUBMITTED,-12083839,20000000,1483,1459,0.3299,-0.1168,1.5724,-0.000708,-0.41,-0.24,2014-01-01,-15541669.0,20000000.0,1664.0,1535.0,0.1924,-0.1502,1.6909,-0.001561,-0.57,-0.64,-10761983.0,20000000.0,1483.0,1459.0,0.3299,-0.104,1.4492,-0.000631,-0.23,-0.41,LOW_SHARPE,FAIL,1.58,-0.41,LOW_FITNESS,FAIL,1.0,-0.24,LOW_ASI_JPN_SHARPE,FAIL,1,-0.38,LOW_INVESTABILITY_CONSTRAINED_SHARPE,FAIL,-0.29,-0.64,LOW_TURNOVER,PASS,0.01,0.3299,HIGH_TURNOVER,PASS,0.7,0.3299,CONCENTRATED_WEIGHT,FAIL,2020-01-22,0.1,0.499692,LOW_SUB_UNIVERSE_SHARPE,FAIL,-0.12,-0.26,LOW_ROBUST_UNIVERSE_SHARPE.WITH_RATIO,PASS,0.9,-0.37,-0.34,LOW_ROBUST_UNIVERSE_RETURNS,PASS,0.9,-0.1051,-0.0914,SELF_CORRELATION,PENDING,DATA_DIVERSITY,PENDING,PROD_CORRELATION,PENDING,REGULAR_SUBMISSION,PENDING,LOW_2Y_SHARPE,FAIL,-1.06,1.58,MATCHES_COMPETITION,PENDING,AIACv2,AI Alphas Competition 2.0,PASS,MATCHES_PYRAMID,1.0,1.1,ASI/D1/FUNDAMENTAL,1.1,WARNING,MATCHES_THEMES,EDrKL34,2.0,JPN Dataset Utilization Theme,M4ZYx3D,2.0,AMR Dataset Utilization Theme,9B3qxZ4,2.0,KOR Dataset Utilization Theme,PBVkEJD,2.0,TWN Dataset Utilization Theme,by88rqy,2.0,HKG Dataset Utilization Theme,V45896D,1.0,GLB/D1 TOPDIV3000 Power Pool Feb`26 Theme,,,,,,,,,,,,,,,,,,,,,,,,,,,,,,,,,,,,
zqw6vrMK,REGULAR,PS40111,EQUITY,ASI,MINVOL1M,1,0,INDUSTRY,0.08,ON,VERIFY,OFF,OFF,FASTEXPR,False,2014-01-01,2023-12-31,"zscore(add(ts_delta(assets, 12), ts_delta(income, 12)))",,4,2026-02-02T07:59:16-05:00,,2026-02-02T07:59:16-05:00,,False,False,,,ace_tag,llm_test,confidence_0.6,DATA_USAGE:SINGLE_DATA_SET,Single Data Set Alpha,,IS,UNSUBMITTED,1025450,20000000,978,2062,0.311,0.0099,0.4824,6.4e-05,0.09,0.02,2014-01-01,5351.0,20000000.0,1438.0,1890.0,0.2017,0.0001,0.2483,1e-06,0.0,0.0,2298955.0,20000000.0,978.0,2062.0,0.311,0.0222,0.3298,0.000143,0.06,0.24,LOW_SHARPE,FAIL,1.58,0.09,LOW_FITNESS,FAIL,1.0,0.02,LOW_ASI_JPN_SHARPE,FAIL,1,-0.46,LOW_INVESTABILITY_CONSTRAINED_SHARPE,FAIL,0.06,0.0,LOW_TURNOVER,PASS,0.01,0.311,HIGH_TURNOVER,PASS,0.7,0.311,CONCENTRATED_WEIGHT,FAIL,2023-01-27,0.1,0.415778,LOW_SUB_UNIVERSE_SHARPE,PASS,0.03,0.43,LOW_ROBUST_UNIVERSE_SHARPE.WITH_RATIO,PASS,0.9,0.08,0.21,LOW_ROBUST_UNIVERSE_RETURNS,PASS,0.9,0.0089,0.0249,SELF_CORRELATION,PENDING,DATA_DIVERSITY,PENDING,PROD_CORRELATION,PENDING,REGULAR_SUBMISSION,PENDING,LOW_2Y_SHARPE,FAIL,-0.73,1.58,MATCHES_COMPETITION,PENDING,AIACv2,AI Alphas Competition 2.0,PASS,MATCHES_PYRAMID,1.0,1.1,ASI/D1/FUNDAMENTAL,1.1,WARNING,MATCHES_THEMES,EDrKL34,2.0,JPN Dataset Utilization Theme,M4ZYx3D,2.0,AMR Dataset Utilization Theme,9B3qxZ4,2.0,KOR Dataset Utilization Theme,PBVkEJD,2.0,TWN Dataset Utilization Theme,by88rqy,2.0,HKG Dataset Utilization Theme,V45896D,1.0,GLB/D1 TOPDIV3000 Power Pool Feb`26 Theme,,,,,,,,,,,,,,,,,,,,,,,,,,,,,,,,,,,,
QPrk1Y5w,REGULAR,PS40111,EQUITY,ASI,MINVOL1M,1,0,INDUSTRY,0.08,ON,VERIFY,OFF,OFF,FASTEXPR,False,2014-01-01,2023-12-31,"if_else(and(greater(ts_delta(pretax_income,4), 0), less_equal(ts_delta(fnd23_rtes,4), 0)), 1, 0)",,6,2026-02-02T07:59:21-05:00,,2026-02-02T07:59:21-05:00,,False,False,,,ace_tag,llm_test,confidence_0.68,DATA_USAGE:SINGLE_DATA_SET,Single Data Set Alpha,,IS,UNSUBMITTED,2816217,20000000,91,1705,0.6273,0.0272,0.2865,8.7e-05,0.29,0.06,2014-01-01,-750193.0,20000000.0,1100.0,2089.0,0.3091,-0.0072,0.425,-4.7e-05,-0.01,-0.08,923442.0,20000000.0,91.0,1705.0,0.6273,0.0089,0.3298,2.8e-05,0.02,0.13,LOW_SHARPE,FAIL,1.58,0.29,LOW_FITNESS,FAIL,1.0,0.06,LOW_ASI_JPN_SHARPE,FAIL,1,-0.28,LOW_INVESTABILITY_CONSTRAINED_SHARPE,FAIL,0.2,-0.08,LOW_TURNOVER,PASS,0.01,0.6273,HIGH_TURNOVER,PASS,0.7,0.6273,CONCENTRATED_WEIGHT,FAIL,2017-01-06,0.1,0.500003,LOW_SUB_UNIVERSE_SHARPE,FAIL,0.09,0.05,LOW_ROBUST_UNIVERSE_SHARPE.WITH_RATIO,PASS,0.9,0.26,0.48,LOW_ROBUST_UNIVERSE_RETURNS,PASS,0.9,0.0245,0.0441,SELF_CORRELATION,PENDING,DATA_DIVERSITY,PENDING,PROD_CORRELATION,PENDING,REGULAR_SUBMISSION,PENDING,LOW_2Y_SHARPE,FAIL,0.09,1.58,MATCHES_COMPETITION,PENDING,AIACv2,AI Alphas Competition 2.0,PASS,MATCHES_PYRAMID,1.0,1.1,ASI/D1/FUNDAMENTAL,1.1,WARNING,MATCHES_THEMES,EDrKL34,2.0,JPN Dataset Utilization Theme,M4ZYx3D,2.0,AMR Dataset Utilization Theme,9B3qxZ4,2.0,KOR Dataset Utilization Theme,PBVkEJD,2.0,TWN Dataset Utilization Theme,by88rqy,2.0,HKG Dataset Utilization Theme,V45896D,1.0,GLB/D1 TOPDIV3000 Power Pool Feb`26 Theme,,,,,,,,,,,,,,,,,,,,,,,,,,,,,,,,,,,,
rK6g1dXa,REGULAR,PS40111,EQUITY,ASI,MINVOL1M,1,0,INDUSTRY,0.08,ON,VERIFY,OFF,OFF,FASTEXPR,False,2014-01-01,2023-12-31,"zscore(divide(cashflow_op, fnd23_1oscq))",,2,2026-02-02T07:59:17-05:00,,2026-02-02T07:59:18-05:00,,False,False,,,ace_tag,llm_test,confidence_0.77,DATA_USAGE:SINGLE_DATA_SET,Single Data Set Alpha,,IS,UNSUBMITTED,-851381,20000000,798,2450,0.0238,-0.0082,0.2359,-0.00069,-0.11,-0.03,2014-01-01,-1231042.0,20000000.0,841.0,2410.0,0.0227,-0.0119,0.2818,-0.00105,-0.05,-0.15,-2391887.0,20000000.0,798.0,2450.0,0.0238,-0.0231,0.2794,-0.00194,-0.22,-0.52,LOW_SHARPE,FAIL,1.58,-0.11,LOW_FITNESS,FAIL,1.0,-0.03,LOW_ASI_JPN_SHARPE,FAIL,1,-0.16,LOW_INVESTABILITY_CONSTRAINED_SHARPE,FAIL,-0.08,-0.15,LOW_TURNOVER,PASS,0.01,0.0238,HIGH_TURNOVER,PASS,0.7,0.0238,CONCENTRATED_WEIGHT,FAIL,2015-05-26,0.1,0.483718,LOW_SUB_UNIVERSE_SHARPE,FAIL,-0.03,-0.22,LOW_ROBUST_UNIVERSE_SHARPE.WITH_RATIO,FAIL,0.9,-0.1,-0.46,LOW_ROBUST_UNIVERSE_RETURNS,FAIL,0.9,-0.0074,-0.0364,SELF_CORRELATION,PENDING,DATA_DIVERSITY,PENDING,PROD_CORRELATION,PENDING,REGULAR_SUBMISSION,PENDING,LOW_2Y_SHARPE,FAIL,-0.48,1.58,MATCHES_COMPETITION,PENDING,AIACv2,AI Alphas Competition 2.0,PASS,MATCHES_PYRAMID,1.0,1.1,ASI/D1/FUNDAMENTAL,1.1,WARNING,MATCHES_THEMES,EDrKL34,2.0,JPN Dataset Utilization Theme,M4ZYx3D,2.0,AMR Dataset Utilization Theme,9B3qxZ4,2.0,KOR Dataset Utilization Theme,PBVkEJD,2.0,TWN Dataset Utilization Theme,by88rqy,2.0,HKG Dataset Utilization Theme,V45896D,1.0,GLB/D1 TOPDIV3000 Power Pool Feb`26 Theme,,,,,,,,,,,,,,,,,,,,,,,,,,,,,,,,,,,,
