id,type,author,settings-instrumentType,settings-region,settings-universe,settings-delay,settings-decay,settings-neutralization,settings-truncation,settings-pasteurization,settings-unitHandling,settings-nanHandling,settings-maxTrade,settings-language,settings-visualization,settings-startDate,settings-endDate,regular-code,regular-description,regular-operatorCount,dateCreated,dateSubmitted,dateModified,name,favorite,hidden,color,category,tags-0,tags-1,tags-2,classifications-0-id,classifications-0-name,grade,stage,status,is-pnl,is-bookSize,is-longCount,is-shortCount,is-turnover,is-returns,is-drawdown,is-margin,is-sharpe,is-fitness,is-startDate,is-investabilityConstrained-pnl,is-investabilityConstrained-bookSize,is-investabilityConstrained-longCount,is-investabilityConstrained-shortCount,is-investabilityConstrained-turnover,is-investabilityConstrained-returns,is-investabilityConstrained-drawdown,is-investabilityConstrained-margin,is-investabilityConstrained-fitness,is-investabilityConstrained-sharpe,is-riskNeutralized-pnl,is-riskNeutralized-bookSize,is-riskNeutralized-longCount,is-riskNeutralized-shortCount,is-riskNeutralized-turnover,is-riskNeutralized-returns,is-riskNeutralized-drawdown,is-riskNeutralized-margin,is-riskNeutralized-fitness,is-riskNeutralized-sharpe,is-checks-0-name,is-checks-0-result,is-checks-0-limit,is-checks-0-value,is-checks-1-name,is-checks-1-result,is-checks-1-limit,is-checks-1-value,is-checks-2-name,is-checks-2-result,is-checks-2-limit,is-checks-2-value,is-checks-3-name,is-checks-3-result,is-checks-3-limit,is-checks-3-value,is-checks-4-name,is-checks-4-result,is-checks-5-name,is-checks-5-result,is-checks-5-limit,is-checks-5-value,is-checks-6-name,is-checks-6-result,is-checks-7-name,is-checks-7-result,is-checks-8-name,is-checks-8-result,is-checks-9-name,is-checks-9-result,is-checks-10-name,is-checks-10-result,is-checks-10-value,is-checks-10-limit,is-checks-11-name,is-checks-11-result,is-checks-11-competitions-0-id,is-checks-11-competitions-0-name,is-checks-12-result,is-checks-12-name,is-checks-12-effective,is-checks-12-multiplier,is-checks-12-pyramids-0-name,is-checks-12-pyramids-0-multiplier,is-checks-13-result,is-checks-13-name,is-checks-13-themes-0-id,is-checks-13-themes-0-multiplier,is-checks-13-themes-0-name,is-checks-13-themes-1-id,is-checks-13-themes-1-multiplier,is-checks-13-themes-1-name,is-checks-13-themes-2-id,is-checks-13-themes-2-multiplier,is-checks-13-themes-2-name,is-checks-13-themes-3-id,is-checks-13-themes-3-multiplier,is-checks-13-themes-3-name,is-checks-13-themes-4-id,is-checks-13-themes-4-multiplier,is-checks-13-themes-4-name,is-checks-13-themes-5-id,is-checks-13-themes-5-multiplier,is-checks-13-themes-5-name,os,train,test,prod,competitions,themes,pyramids,pyramidThemes,team,osmosisPoints,is-checks-4-date,is-checks-4-limit,is-checks-4-value
9qPaPPqd,REGULAR,PS40111,EQUITY,EUR,TOP2500,1,0,INDUSTRY,0.08,ON,VERIFY,OFF,OFF,FASTEXPR,False,2014-01-01,2023-12-31,"ts_zscore(ts_backfill(vec_avg(rsk60_offer),5),20)",,3,2026-02-06T23:29:44-05:00,,2026-02-06T23:29:44-05:00,,False,False,,,ace_tag,llm_test,confidence_0.75,DATA_USAGE:SINGLE_DATA_SET,Single Data Set Alpha,,IS,UNSUBMITTED,2543036,20000000,505,678,0.6387,0.0247,0.0416,7.7e-05,0.77,0.15,2014-01-01,-1015817.0,20000000.0,612.0,732.0,0.1397,-0.0099,0.1747,-0.000141,-0.08,-0.29,1503682.0,20000000.0,505.0,678.0,0.6387,0.0146,0.0417,4.6e-05,0.08,0.56,LOW_SHARPE,FAIL,1.58,0.77,LOW_FITNESS,FAIL,1.0,0.15,LOW_TURNOVER,PASS,0.01,0.6387,HIGH_TURNOVER,PASS,0.7,0.6387,CONCENTRATED_WEIGHT,PASS,LOW_SUB_UNIVERSE_SHARPE,PASS,0.4,0.97,SELF_CORRELATION,PENDING,DATA_DIVERSITY,PENDING,PROD_CORRELATION,PENDING,REGULAR_SUBMISSION,PENDING,LOW_2Y_SHARPE,FAIL,0.93,1.58,MATCHES_COMPETITION,PENDING,AIACv2,AI Alphas Competition 2.0,PASS,MATCHES_PYRAMID,1,1.1,EUR/D1/RISK,1.1,WARNING,MATCHES_THEMES,EDrKL34,2.0,JPN Dataset Utilization Theme,M4ZYx3D,2.0,AMR Dataset Utilization Theme,9B3qxZ4,2.0,KOR Dataset Utilization Theme,PBVkEJD,2.0,TWN Dataset Utilization Theme,by88rqy,2.0,HKG Dataset Utilization Theme,V45896D,1.0,GLB/D1 TOPDIV3000 Power Pool Feb`26,,,,,,,,,,,,,
587a77nn,REGULAR,PS40111,EQUITY,EUR,TOP2500,1,0,INDUSTRY,0.08,ON,VERIFY,OFF,OFF,FASTEXPR,False,2014-01-01,2023-12-31,"reverse(ts_zscore(ts_backfill(vec_avg(rsk60_offer),10),30))",,4,2026-02-06T23:29:44-05:00,,2026-02-06T23:29:44-05:00,,False,False,,,ace_tag,llm_test,confidence_0.7,DATA_USAGE:SINGLE_DATA_SET,Single Data Set Alpha,,IS,UNSUBMITTED,-2034382,20000000,780,549,0.564,-0.0197,0.2155,-7e-05,-0.63,-0.12,2014-01-01,1252891.0,20000000.0,810.0,640.0,0.1319,0.0121,0.0734,0.000184,0.11,0.37,-1191808.0,20000000.0,780.0,549.0,0.564,-0.0116,0.1211,-4.1e-05,-0.07,-0.46,LOW_SHARPE,FAIL,1.58,-0.63,LOW_FITNESS,FAIL,1.0,-0.12,LOW_TURNOVER,PASS,0.01,0.564,HIGH_TURNOVER,PASS,0.7,0.564,CONCENTRATED_WEIGHT,PASS,LOW_SUB_UNIVERSE_SHARPE,FAIL,-0.33,-0.85,SELF_CORRELATION,PENDING,DATA_DIVERSITY,PENDING,PROD_CORRELATION,PENDING,REGULAR_SUBMISSION,PENDING,LOW_2Y_SHARPE,FAIL,-0.83,1.58,MATCHES_COMPETITION,PENDING,AIACv2,AI Alphas Competition 2.0,PASS,MATCHES_PYRAMID,1,1.1,EUR/D1/RISK,1.1,WARNING,MATCHES_THEMES,EDrKL34,2.0,JPN Dataset Utilization Theme,M4ZYx3D,2.0,AMR Dataset Utilization Theme,9B3qxZ4,2.0,KOR Dataset Utilization Theme,PBVkEJD,2.0,TWN Dataset Utilization Theme,by88rqy,2.0,HKG Dataset Utilization Theme,V45896D,1.0,GLB/D1 TOPDIV3000 Power Pool Feb`26,,,,,,,,,,,,,
E50g00OR,REGULAR,PS40111,EQUITY,EUR,TOP2500,1,0,INDUSTRY,0.08,ON,VERIFY,OFF,OFF,FASTEXPR,False,2014-01-01,2023-12-31,"ts_zscore(ts_backfill(vec_avg(rsk60_last),5),15)",,3,2026-02-06T23:29:44-05:00,,2026-02-06T23:29:45-05:00,,False,False,,,ace_tag,llm_test,confidence_0.72,DATA_USAGE:SINGLE_DATA_SET,Single Data Set Alpha,,IS,UNSUBMITTED,1912113,20000000,699,988,0.9272,0.0185,0.0414,4e-05,0.73,0.1,2014-01-01,24506.0,20000000.0,781.0,1018.0,0.2019,0.0002,0.1641,2e-06,0.0,0.01,1432001.0,20000000.0,699.0,988.0,0.9272,0.0139,0.0273,3e-05,0.08,0.66,LOW_SHARPE,FAIL,1.58,0.73,LOW_FITNESS,FAIL,1.0,0.1,LOW_TURNOVER,PASS,0.01,0.9272,HIGH_TURNOVER,FAIL,0.7,0.9272,CONCENTRATED_WEIGHT,PASS,LOW_SUB_UNIVERSE_SHARPE,PASS,0.38,0.64,SELF_CORRELATION,PENDING,DATA_DIVERSITY,PENDING,PROD_CORRELATION,PENDING,REGULAR_SUBMISSION,PENDING,LOW_2Y_SHARPE,FAIL,0.16,1.58,MATCHES_COMPETITION,PENDING,AIACv2,AI Alphas Competition 2.0,PASS,MATCHES_PYRAMID,1,1.1,EUR/D1/RISK,1.1,WARNING,MATCHES_THEMES,EDrKL34,2.0,JPN Dataset Utilization Theme,M4ZYx3D,2.0,AMR Dataset Utilization Theme,9B3qxZ4,2.0,KOR Dataset Utilization Theme,PBVkEJD,2.0,TWN Dataset Utilization Theme,by88rqy,2.0,HKG Dataset Utilization Theme,V45896D,1.0,GLB/D1 TOPDIV3000 Power Pool Feb`26,,,,,,,,,,,,,
YPw2ww3J,REGULAR,PS40111,EQUITY,EUR,TOP2500,1,0,INDUSTRY,0.08,ON,VERIFY,OFF,OFF,FASTEXPR,False,2014-01-01,2023-12-31,"ts_zscore(ts_backfill(ts_delta(vec_avg(rsk60_last),5),5),20)",,4,2026-02-06T23:30:09-05:00,,2026-02-06T23:30:09-05:00,,False,False,,,ace_tag,llm_test,confidence_0.68,DATA_USAGE:SINGLE_DATA_SET,Single Data Set Alpha,,IS,UNSUBMITTED,477562,20000000,911,945,1.0423,0.0046,0.0578,9e-06,0.18,0.01,2014-01-01,29274.0,20000000.0,947.0,970.0,0.235,0.0003,0.1601,2e-06,0.0,0.01,489363.0,20000000.0,911.0,945.0,1.0423,0.0048,0.0684,9e-06,0.02,0.23,LOW_SHARPE,FAIL,1.58,0.18,LOW_FITNESS,FAIL,1.0,0.01,LOW_TURNOVER,PASS,0.01,1.0423,HIGH_TURNOVER,FAIL,0.7,1.0423,CONCENTRATED_WEIGHT,PASS,LOW_SUB_UNIVERSE_SHARPE,PASS,0.09,0.31,SELF_CORRELATION,PENDING,DATA_DIVERSITY,PENDING,PROD_CORRELATION,PENDING,REGULAR_SUBMISSION,PENDING,LOW_2Y_SHARPE,FAIL,0.01,1.58,MATCHES_COMPETITION,PENDING,AIACv2,AI Alphas Competition 2.0,PASS,MATCHES_PYRAMID,1,1.1,EUR/D1/RISK,1.1,WARNING,MATCHES_THEMES,EDrKL34,2.0,JPN Dataset Utilization Theme,M4ZYx3D,2.0,AMR Dataset Utilization Theme,9B3qxZ4,2.0,KOR Dataset Utilization Theme,PBVkEJD,2.0,TWN Dataset Utilization Theme,by88rqy,2.0,HKG Dataset Utilization Theme,V45896D,1.0,GLB/D1 TOPDIV3000 Power Pool Feb`26,,,,,,,,,,,,,
RRZ2ZZmd,REGULAR,PS40111,EQUITY,EUR,TOP2500,1,0,INDUSTRY,0.08,ON,VERIFY,OFF,OFF,FASTEXPR,False,2014-01-01,2023-12-31,"ts_zscore(ts_backfill(vec_avg(rsk60_crowding),3),10)",,3,2026-02-06T23:29:57-05:00,,2026-02-06T23:29:57-05:00,,False,False,,,ace_tag,llm_test,confidence_0.66,DATA_USAGE:SINGLE_DATA_SET,Single Data Set Alpha,,IS,UNSUBMITTED,-731940,20000000,741,838,1.3738,-0.0088,0.1602,-1.3e-05,-0.25,-0.02,2014-01-01,319383.0,20000000.0,824.0,871.0,0.2394,0.0038,0.1567,3.2e-05,0.01,0.1,-479519.0,20000000.0,741.0,838.0,1.3738,-0.0058,0.1108,-8e-06,-0.01,-0.19,LOW_SHARPE,FAIL,1.58,-0.25,LOW_FITNESS,FAIL,1.0,-0.02,LOW_TURNOVER,PASS,0.01,1.3738,HIGH_TURNOVER,FAIL,0.7,1.3738,CONCENTRATED_WEIGHT,FAIL,LOW_SUB_UNIVERSE_SHARPE,FAIL,-0.13,-0.39,SELF_CORRELATION,PENDING,DATA_DIVERSITY,PENDING,PROD_CORRELATION,PENDING,REGULAR_SUBMISSION,PENDING,LOW_2Y_SHARPE,FAIL,0.05,1.58,MATCHES_COMPETITION,PENDING,AIACv2,AI Alphas Competition 2.0,PASS,MATCHES_PYRAMID,1,1.1,EUR/D1/RISK,1.1,WARNING,MATCHES_THEMES,EDrKL34,2.0,JPN Dataset Utilization Theme,M4ZYx3D,2.0,AMR Dataset Utilization Theme,9B3qxZ4,2.0,KOR Dataset Utilization Theme,PBVkEJD,2.0,TWN Dataset Utilization Theme,by88rqy,2.0,HKG Dataset Utilization Theme,V45896D,1.0,GLB/D1 TOPDIV3000 Power Pool Feb`26,,,,,,,,,,,2016-09-07,0.1,0.3
E50g003K,REGULAR,PS40111,EQUITY,EUR,TOP2500,1,0,INDUSTRY,0.08,ON,VERIFY,OFF,OFF,FASTEXPR,False,2014-01-01,2023-12-31,"ts_zscore(ts_backfill(ts_delta(vec_avg(rsk60_crowding),7),7),15)",,4,2026-02-06T23:29:48-05:00,,2026-02-06T23:29:48-05:00,,False,False,,,ace_tag,llm_test,confidence_0.64,DATA_USAGE:SINGLE_DATA_SET,Single Data Set Alpha,,IS,UNSUBMITTED,-484916,20000000,833,857,1.3684,-0.0058,0.1462,-9e-06,-0.18,-0.01,2014-01-01,1652116.0,20000000.0,886.0,884.0,0.2433,0.0199,0.0836,0.000164,0.15,0.53,-478843.0,20000000.0,833.0,857.0,1.3684,-0.0058,0.1181,-8e-06,-0.01,-0.2,LOW_SHARPE,FAIL,1.58,-0.18,LOW_FITNESS,FAIL,1.0,-0.01,LOW_TURNOVER,PASS,0.01,1.3684,HIGH_TURNOVER,FAIL,0.7,1.3684,CONCENTRATED_WEIGHT,PASS,LOW_SUB_UNIVERSE_SHARPE,FAIL,-0.09,-0.19,SELF_CORRELATION,PENDING,DATA_DIVERSITY,PENDING,PROD_CORRELATION,PENDING,REGULAR_SUBMISSION,PENDING,LOW_2Y_SHARPE,FAIL,0.38,1.58,MATCHES_COMPETITION,PENDING,AIACv2,AI Alphas Competition 2.0,PASS,MATCHES_PYRAMID,1,1.1,EUR/D1/RISK,1.1,WARNING,MATCHES_THEMES,EDrKL34,2.0,JPN Dataset Utilization Theme,M4ZYx3D,2.0,AMR Dataset Utilization Theme,9B3qxZ4,2.0,KOR Dataset Utilization Theme,PBVkEJD,2.0,TWN Dataset Utilization Theme,by88rqy,2.0,HKG Dataset Utilization Theme,V45896D,1.0,GLB/D1 TOPDIV3000 Power Pool Feb`26,,,,,,,,,,,,,
E50g00JK,REGULAR,PS40111,EQUITY,EUR,TOP2500,1,0,INDUSTRY,0.08,ON,VERIFY,OFF,OFF,FASTEXPR,False,2014-01-01,2023-12-31,"ts_zscore(subtract(ts_backfill(vec_avg(rsk60_offer),5),ts_backfill(vec_avg(rsk60_last),5)),20)",,6,2026-02-06T23:29:47-05:00,,2026-02-06T23:29:47-05:00,,False,False,,,ace_tag,llm_test,confidence_0.78,DATA_USAGE:SINGLE_DATA_SET,Single Data Set Alpha,,IS,UNSUBMITTED,-779634,20000000,1024,760,1.0611,-0.0076,0.1399,-1.4e-05,-0.28,-0.02,2014-01-01,-151971.0,20000000.0,1041.0,830.0,0.2147,-0.0015,0.1272,-1.4e-05,-0.0,-0.05,-645779.0,20000000.0,1024.0,760.0,1.0611,-0.0063,0.1032,-1.2e-05,-0.02,-0.28,LOW_SHARPE,FAIL,1.58,-0.28,LOW_FITNESS,FAIL,1.0,-0.02,LOW_TURNOVER,PASS,0.01,1.0611,HIGH_TURNOVER,FAIL,0.7,1.0611,CONCENTRATED_WEIGHT,PASS,LOW_SUB_UNIVERSE_SHARPE,FAIL,-0.15,-0.19,SELF_CORRELATION,PENDING,DATA_DIVERSITY,PENDING,PROD_CORRELATION,PENDING,REGULAR_SUBMISSION,PENDING,LOW_2Y_SHARPE,FAIL,0.45,1.58,MATCHES_COMPETITION,PENDING,AIACv2,AI Alphas Competition 2.0,PASS,MATCHES_PYRAMID,1,1.1,EUR/D1/RISK,1.1,WARNING,MATCHES_THEMES,EDrKL34,2.0,JPN Dataset Utilization Theme,M4ZYx3D,2.0,AMR Dataset Utilization Theme,9B3qxZ4,2.0,KOR Dataset Utilization Theme,PBVkEJD,2.0,TWN Dataset Utilization Theme,by88rqy,2.0,HKG Dataset Utilization Theme,V45896D,1.0,GLB/D1 TOPDIV3000 Power Pool Feb`26,,,,,,,,,,,,,
3qYaYxlg,REGULAR,PS40111,EQUITY,EUR,TOP2500,1,0,INDUSTRY,0.08,ON,VERIFY,OFF,OFF,FASTEXPR,False,2014-01-01,2023-12-31,"ts_zscore(divide(ts_backfill(vec_avg(rsk60_offer),5),ts_backfill(vec_avg(rsk60_last),5)),20)",,6,2026-02-06T23:30:51-05:00,,2026-02-06T23:30:52-05:00,,False,False,,,ace_tag,llm_test,confidence_0.76,DATA_USAGE:SINGLE_DATA_SET,Single Data Set Alpha,,IS,UNSUBMITTED,-533085,20000000,919,790,1.063,-0.0052,0.1163,-1e-05,-0.19,-0.01,2014-01-01,-246221.0,20000000.0,953.0,854.0,0.2164,-0.0024,0.1332,-2.2e-05,-0.01,-0.08,-93854.0,20000000.0,919.0,790.0,1.063,-0.0009,0.0761,-2e-06,-0.0,-0.04,LOW_SHARPE,FAIL,1.58,-0.19,LOW_FITNESS,FAIL,1.0,-0.01,LOW_TURNOVER,PASS,0.01,1.063,HIGH_TURNOVER,FAIL,0.7,1.063,CONCENTRATED_WEIGHT,PASS,LOW_SUB_UNIVERSE_SHARPE,PASS,-0.1,-0.08,SELF_CORRELATION,PENDING,DATA_DIVERSITY,PENDING,PROD_CORRELATION,PENDING,REGULAR_SUBMISSION,PENDING,LOW_2Y_SHARPE,FAIL,0.5,1.58,MATCHES_COMPETITION,PENDING,AIACv2,AI Alphas Competition 2.0,PASS,MATCHES_PYRAMID,1,1.1,EUR/D1/RISK,1.1,WARNING,MATCHES_THEMES,EDrKL34,2.0,JPN Dataset Utilization Theme,M4ZYx3D,2.0,AMR Dataset Utilization Theme,9B3qxZ4,2.0,KOR Dataset Utilization Theme,PBVkEJD,2.0,TWN Dataset Utilization Theme,by88rqy,2.0,HKG Dataset Utilization Theme,V45896D,1.0,GLB/D1 TOPDIV3000 Power Pool Feb`26,,,,,,,,,,,,,
QPr2r25p,REGULAR,PS40111,EQUITY,EUR,TOP2500,1,0,INDUSTRY,0.08,ON,VERIFY,OFF,OFF,FASTEXPR,False,2014-01-01,2023-12-31,"ts_zscore(ts_backfill(ts_av_diff(vec_avg(rsk60_offer),5),5),15)",,4,2026-02-06T23:32:04-05:00,,2026-02-06T23:32:04-05:00,,False,False,,,ace_tag,llm_test,confidence_0.69,DATA_USAGE:SINGLE_DATA_SET,Single Data Set Alpha,,IS,UNSUBMITTED,1430544,20000000,762,725,0.9097,0.0139,0.0857,3e-05,0.46,0.06,2014-01-01,-429490.0,20000000.0,834.0,788.0,0.1999,-0.0042,0.1128,-4.2e-05,-0.02,-0.13,1028976.0,20000000.0,762.0,725.0,0.9097,0.01,0.0944,2.2e-05,0.04,0.4,LOW_SHARPE,FAIL,1.58,0.46,LOW_FITNESS,FAIL,1.0,0.06,LOW_TURNOVER,PASS,0.01,0.9097,HIGH_TURNOVER,FAIL,0.7,0.9097,CONCENTRATED_WEIGHT,PASS,LOW_SUB_UNIVERSE_SHARPE,PASS,0.24,0.33,SELF_CORRELATION,PENDING,DATA_DIVERSITY,PENDING,PROD_CORRELATION,PENDING,REGULAR_SUBMISSION,PENDING,LOW_2Y_SHARPE,FAIL,0.61,1.58,MATCHES_COMPETITION,PENDING,AIACv2,AI Alphas Competition 2.0,PASS,MATCHES_PYRAMID,1,1.1,EUR/D1/RISK,1.1,WARNING,MATCHES_THEMES,EDrKL34,2.0,JPN Dataset Utilization Theme,M4ZYx3D,2.0,AMR Dataset Utilization Theme,9B3qxZ4,2.0,KOR Dataset Utilization Theme,PBVkEJD,2.0,TWN Dataset Utilization Theme,by88rqy,2.0,HKG Dataset Utilization Theme,V45896D,1.0,GLB/D1 TOPDIV3000 Power Pool Feb`26,,,,,,,,,,,,,
j2l9l16k,REGULAR,PS40111,EQUITY,EUR,TOP2500,1,0,INDUSTRY,0.08,ON,VERIFY,OFF,OFF,FASTEXPR,False,2014-01-01,2023-12-31,"ts_zscore(ts_backfill(ts_std_dev(vec_avg(rsk60_last),10),5),20)",,4,2026-02-06T23:32:57-05:00,,2026-02-06T23:32:58-05:00,,False,False,,,ace_tag,llm_test,confidence_0.65,DATA_USAGE:SINGLE_DATA_SET,Single Data Set Alpha,,IS,UNSUBMITTED,168147,20000000,873,1054,0.3618,0.0016,0.0652,9e-06,0.08,0.01,2014-01-01,379615.0,20000000.0,920.0,1059.0,0.1428,0.0037,0.0582,5.2e-05,0.03,0.17,-41599.0,20000000.0,873.0,1054.0,0.3618,-0.0004,0.0612,-2e-06,-0.0,-0.02,LOW_SHARPE,FAIL,1.58,0.08,LOW_FITNESS,FAIL,1.0,0.01,LOW_TURNOVER,PASS,0.01,0.3618,HIGH_TURNOVER,PASS,0.7,0.3618,CONCENTRATED_WEIGHT,PASS,LOW_SUB_UNIVERSE_SHARPE,PASS,0.04,0.34,SELF_CORRELATION,PENDING,DATA_DIVERSITY,PENDING,PROD_CORRELATION,PENDING,REGULAR_SUBMISSION,PENDING,LOW_2Y_SHARPE,FAIL,0.15,1.58,MATCHES_COMPETITION,PENDING,AIACv2,AI Alphas Competition 2.0,PASS,MATCHES_PYRAMID,1,1.1,EUR/D1/RISK,1.1,WARNING,MATCHES_THEMES,EDrKL34,2.0,JPN Dataset Utilization Theme,M4ZYx3D,2.0,AMR Dataset Utilization Theme,9B3qxZ4,2.0,KOR Dataset Utilization Theme,PBVkEJD,2.0,TWN Dataset Utilization Theme,by88rqy,2.0,HKG Dataset Utilization Theme,V45896D,1.0,GLB/D1 TOPDIV3000 Power Pool Feb`26,,,,,,,,,,,,,
E50g0gQR,REGULAR,PS40111,EQUITY,EUR,TOP2500,1,0,INDUSTRY,0.08,ON,VERIFY,OFF,OFF,FASTEXPR,False,2014-01-01,2023-12-31,"ts_zscore(ts_backfill(ts_sum(vec_avg(rsk60_offer),20),5),20)",,4,2026-02-06T23:32:12-05:00,,2026-02-06T23:32:12-05:00,,False,False,,,ace_tag,llm_test,confidence_0.67,DATA_USAGE:SINGLE_DATA_SET,Single Data Set Alpha,,IS,UNSUBMITTED,1524646,20000000,911,938,0.2305,0.0148,0.0804,0.000128,0.63,0.16,2014-01-01,-735146.0,20000000.0,946.0,988.0,0.1081,-0.0071,0.1526,-0.000132,-0.07,-0.3,1131025.0,20000000.0,911.0,938.0,0.2305,0.011,0.065,9.5e-05,0.13,0.61,LOW_SHARPE,FAIL,1.58,0.63,LOW_FITNESS,FAIL,1.0,0.16,LOW_TURNOVER,PASS,0.01,0.2305,HIGH_TURNOVER,PASS,0.7,0.2305,CONCENTRATED_WEIGHT,PASS,LOW_SUB_UNIVERSE_SHARPE,PASS,0.33,0.66,SELF_CORRELATION,PENDING,DATA_DIVERSITY,PENDING,PROD_CORRELATION,PENDING,REGULAR_SUBMISSION,PENDING,LOW_2Y_SHARPE,FAIL,0.3,1.58,MATCHES_COMPETITION,PENDING,AIACv2,AI Alphas Competition 2.0,PASS,MATCHES_PYRAMID,1,1.1,EUR/D1/RISK,1.1,WARNING,MATCHES_THEMES,EDrKL34,2.0,JPN Dataset Utilization Theme,M4ZYx3D,2.0,AMR Dataset Utilization Theme,9B3qxZ4,2.0,KOR Dataset Utilization Theme,PBVkEJD,2.0,TWN Dataset Utilization Theme,by88rqy,2.0,HKG Dataset Utilization Theme,V45896D,1.0,GLB/D1 TOPDIV3000 Power Pool Feb`26,,,,,,,,,,,,,
Jj0g0gmA,REGULAR,PS40111,EQUITY,EUR,TOP2500,1,0,INDUSTRY,0.08,ON,VERIFY,OFF,OFF,FASTEXPR,False,2014-01-01,2023-12-31,"ts_zscore(ts_backfill(ts_sum(vec_avg(rsk60_crowding),15),5),20)",,4,2026-02-06T23:32:02-05:00,,2026-02-06T23:32:03-05:00,,False,False,,,ace_tag,llm_test,confidence_0.62,DATA_USAGE:SINGLE_DATA_SET,Single Data Set Alpha,,IS,UNSUBMITTED,-936875,20000000,874,922,0.4364,-0.0113,0.1019,-5.2e-05,-0.44,-0.07,2014-01-01,-364093.0,20000000.0,915.0,943.0,0.1403,-0.0044,0.123,-6.2e-05,-0.03,-0.16,-34175.0,20000000.0,874.0,922.0,0.4364,-0.0004,0.0521,-2e-06,-0.0,-0.02,LOW_SHARPE,FAIL,1.58,-0.44,LOW_FITNESS,FAIL,1.0,-0.07,LOW_TURNOVER,PASS,0.01,0.4364,HIGH_TURNOVER,PASS,0.7,0.4364,CONCENTRATED_WEIGHT,PASS,LOW_SUB_UNIVERSE_SHARPE,FAIL,-0.23,-0.68,SELF_CORRELATION,PENDING,DATA_DIVERSITY,PENDING,PROD_CORRELATION,PENDING,REGULAR_SUBMISSION,PENDING,LOW_2Y_SHARPE,FAIL,-1.0,1.58,MATCHES_COMPETITION,PENDING,AIACv2,AI Alphas Competition 2.0,PASS,MATCHES_PYRAMID,1,1.1,EUR/D1/RISK,1.1,WARNING,MATCHES_THEMES,EDrKL34,2.0,JPN Dataset Utilization Theme,M4ZYx3D,2.0,AMR Dataset Utilization Theme,9B3qxZ4,2.0,KOR Dataset Utilization Theme,PBVkEJD,2.0,TWN Dataset Utilization Theme,by88rqy,2.0,HKG Dataset Utilization Theme,V45896D,1.0,GLB/D1 TOPDIV3000 Power Pool Feb`26,,,,,,,,,,,,,
KPYXYXOj,REGULAR,PS40111,EQUITY,EUR,TOP2500,1,0,INDUSTRY,0.08,ON,VERIFY,OFF,OFF,FASTEXPR,False,2014-01-01,2023-12-31,"ts_zscore(ts_delta(subtract(ts_backfill(vec_avg(rsk60_offer),5),ts_backfill(vec_avg(rsk60_last),5)),5),20)",,7,2026-02-06T23:32:09-05:00,,2026-02-06T23:32:10-05:00,,False,False,,,ace_tag,llm_test,confidence_0.73,DATA_USAGE:SINGLE_DATA_SET,Single Data Set Alpha,,IS,UNSUBMITTED,-145401,20000000,923,896,1.2366,-0.0014,0.1054,-2e-06,-0.05,-0.0,2014-01-01,-120794.0,20000000.0,938.0,947.0,0.2567,-0.0012,0.1318,-9e-06,-0.0,-0.04,32322.0,20000000.0,923.0,896.0,1.2366,0.0003,0.0917,1e-06,0.0,0.01,LOW_SHARPE,FAIL,1.58,-0.05,LOW_FITNESS,FAIL,1.0,-0.0,LOW_TURNOVER,PASS,0.01,1.2366,HIGH_TURNOVER,FAIL,0.7,1.2366,CONCENTRATED_WEIGHT,PASS,LOW_SUB_UNIVERSE_SHARPE,FAIL,-0.03,-0.11,SELF_CORRELATION,PENDING,DATA_DIVERSITY,PENDING,PROD_CORRELATION,PENDING,REGULAR_SUBMISSION,PENDING,LOW_2Y_SHARPE,FAIL,0.7,1.58,MATCHES_COMPETITION,PENDING,AIACv2,AI Alphas Competition 2.0,PASS,MATCHES_PYRAMID,1,1.1,EUR/D1/RISK,1.1,WARNING,MATCHES_THEMES,EDrKL34,2.0,JPN Dataset Utilization Theme,M4ZYx3D,2.0,AMR Dataset Utilization Theme,9B3qxZ4,2.0,KOR Dataset Utilization Theme,PBVkEJD,2.0,TWN Dataset Utilization Theme,by88rqy,2.0,HKG Dataset Utilization Theme,V45896D,1.0,GLB/D1 TOPDIV3000 Power Pool Feb`26,,,,,,,,,,,,,
ak2A2onR,REGULAR,PS40111,EQUITY,EUR,TOP2500,1,0,INDUSTRY,0.08,ON,VERIFY,OFF,OFF,FASTEXPR,False,2014-01-01,2023-12-31,"ts_zscore(ts_corr(ts_backfill(vec_avg(rsk60_crowding),5),ts_backfill(vec_avg(rsk60_offer),5),20),20)",,6,2026-02-06T23:32:56-05:00,,2026-02-06T23:32:57-05:00,,False,False,,,ace_tag,llm_test,confidence_0.74,DATA_USAGE:SINGLE_DATA_SET,Single Data Set Alpha,,IS,UNSUBMITTED,-48870,20000000,487,515,0.5043,-0.0006,0.0919,-2e-06,-0.02,-0.0,2014-01-01,57843.0,20000000.0,569.0,602.0,0.1202,0.0007,0.0894,1.2e-05,0.0,0.02,-348707.0,20000000.0,487.0,515.0,0.5043,-0.0042,0.1183,-1.7e-05,-0.01,-0.14,LOW_SHARPE,FAIL,1.58,-0.02,LOW_FITNESS,FAIL,1.0,-0.0,LOW_TURNOVER,PASS,0.01,0.5043,HIGH_TURNOVER,PASS,0.7,0.5043,CONCENTRATED_WEIGHT,PASS,LOW_SUB_UNIVERSE_SHARPE,FAIL,-0.01,-0.86,SELF_CORRELATION,PENDING,DATA_DIVERSITY,PENDING,PROD_CORRELATION,PENDING,REGULAR_SUBMISSION,PENDING,LOW_2Y_SHARPE,FAIL,-0.02,1.58,MATCHES_COMPETITION,PENDING,AIACv2,AI Alphas Competition 2.0,PASS,MATCHES_PYRAMID,1,1.1,EUR/D1/RISK,1.1,WARNING,MATCHES_THEMES,EDrKL34,2.0,JPN Dataset Utilization Theme,M4ZYx3D,2.0,AMR Dataset Utilization Theme,9B3qxZ4,2.0,KOR Dataset Utilization Theme,PBVkEJD,2.0,TWN Dataset Utilization Theme,by88rqy,2.0,HKG Dataset Utilization Theme,V45896D,1.0,GLB/D1 TOPDIV3000 Power Pool Feb`26,,,,,,,,,,,,,
mL2r2Zw6,REGULAR,PS40111,EQUITY,EUR,TOP2500,1,0,INDUSTRY,0.08,ON,VERIFY,OFF,OFF,FASTEXPR,False,2014-01-01,2023-12-31,"ts_zscore(ts_backfill(ts_arg_max(vec_avg(rsk60_last),10),5),10)",,4,2026-02-06T23:32:46-05:00,,2026-02-06T23:32:47-05:00,,False,False,,,ace_tag,llm_test,confidence_0.6,DATA_USAGE:SINGLE_DATA_SET,Single Data Set Alpha,,IS,UNSUBMITTED,354468,20000000,1016,786,0.6825,0.0034,0.0463,1e-05,0.15,0.01,2014-01-01,401498.0,20000000.0,1026.0,891.0,0.2031,0.0039,0.1046,3.8e-05,0.02,0.15,198854.0,20000000.0,1016.0,786.0,0.6825,0.0019,0.0493,6e-06,0.01,0.1,LOW_SHARPE,FAIL,1.58,0.15,LOW_FITNESS,FAIL,1.0,0.01,LOW_TURNOVER,PASS,0.01,0.6825,HIGH_TURNOVER,PASS,0.7,0.6825,CONCENTRATED_WEIGHT,PASS,LOW_SUB_UNIVERSE_SHARPE,FAIL,0.08,0.05,SELF_CORRELATION,PENDING,DATA_DIVERSITY,PENDING,PROD_CORRELATION,PENDING,REGULAR_SUBMISSION,PENDING,LOW_2Y_SHARPE,FAIL,-0.42,1.58,MATCHES_COMPETITION,PENDING,AIACv2,AI Alphas Competition 2.0,PASS,MATCHES_PYRAMID,1,1.1,EUR/D1/RISK,1.1,WARNING,MATCHES_THEMES,EDrKL34,2.0,JPN Dataset Utilization Theme,M4ZYx3D,2.0,AMR Dataset Utilization Theme,9B3qxZ4,2.0,KOR Dataset Utilization Theme,PBVkEJD,2.0,TWN Dataset Utilization Theme,by88rqy,2.0,HKG Dataset Utilization Theme,V45896D,1.0,GLB/D1 TOPDIV3000 Power Pool Feb`26,,,,,,,,,,,,,
pwJVJl8X,REGULAR,PS40111,EQUITY,EUR,TOP2500,1,0,INDUSTRY,0.08,ON,VERIFY,OFF,OFF,FASTEXPR,False,2014-01-01,2023-12-31,"ts_zscore(days_from_last_change(ts_backfill(vec_avg(rsk60_crowding),5)),20)",,4,2026-02-06T23:34:14-05:00,,2026-02-06T23:34:14-05:00,,False,False,,,ace_tag,llm_test,confidence_0.61,DATA_USAGE:SINGLE_DATA_SET,Single Data Set Alpha,,IS,UNSUBMITTED,606806,20000000,1593,1149,0.3366,0.0073,0.0589,4.3e-05,0.27,0.04,2014-01-01,797705.0,20000000.0,1551.0,1216.0,0.1133,0.0096,0.0512,0.000169,0.09,0.34,173658.0,20000000.0,1593.0,1149.0,0.3366,0.0021,0.0351,1.2e-05,0.01,0.13,LOW_SHARPE,FAIL,1.58,0.27,LOW_FITNESS,FAIL,1.0,0.04,LOW_TURNOVER,PASS,0.01,0.3366,HIGH_TURNOVER,PASS,0.7,0.3366,CONCENTRATED_WEIGHT,PASS,LOW_SUB_UNIVERSE_SHARPE,PASS,0.14,0.23,SELF_CORRELATION,PENDING,DATA_DIVERSITY,PENDING,PROD_CORRELATION,PENDING,REGULAR_SUBMISSION,PENDING,LOW_2Y_SHARPE,FAIL,1.26,1.58,MATCHES_COMPETITION,PENDING,AIACv2,AI Alphas Competition 2.0,PASS,MATCHES_PYRAMID,1,1.1,EUR/D1/RISK,1.1,WARNING,MATCHES_THEMES,EDrKL34,2.0,JPN Dataset Utilization Theme,M4ZYx3D,2.0,AMR Dataset Utilization Theme,9B3qxZ4,2.0,KOR Dataset Utilization Theme,PBVkEJD,2.0,TWN Dataset Utilization Theme,by88rqy,2.0,HKG Dataset Utilization Theme,V45896D,1.0,GLB/D1 TOPDIV3000 Power Pool Feb`26,,,,,,,,,,,,,
MPlKlQp9,REGULAR,PS40111,EQUITY,EUR,TOP2500,1,0,INDUSTRY,0.08,ON,VERIFY,OFF,OFF,FASTEXPR,False,2014-01-01,2023-12-31,"ts_zscore(ts_backfill(ts_ir(vec_avg(rsk60_last),20),5),20)",,4,2026-02-06T23:34:15-05:00,,2026-02-06T23:34:15-05:00,,False,False,,,ace_tag,llm_test,confidence_0.63,DATA_USAGE:SINGLE_DATA_SET,Single Data Set Alpha,,IS,UNSUBMITTED,99529,20000000,831,1055,0.3533,0.001,0.054,5e-06,0.05,0.0,2014-01-01,-436659.0,20000000.0,887.0,1080.0,0.1335,-0.0042,0.1064,-6.3e-05,-0.03,-0.19,260479.0,20000000.0,831.0,1055.0,0.3533,0.0025,0.0397,1.4e-05,0.01,0.15,LOW_SHARPE,FAIL,1.58,0.05,LOW_FITNESS,FAIL,1.0,0.0,LOW_TURNOVER,PASS,0.01,0.3533,HIGH_TURNOVER,PASS,0.7,0.3533,CONCENTRATED_WEIGHT,PASS,LOW_SUB_UNIVERSE_SHARPE,FAIL,0.03,-0.12,SELF_CORRELATION,PENDING,DATA_DIVERSITY,PENDING,PROD_CORRELATION,PENDING,REGULAR_SUBMISSION,PENDING,LOW_2Y_SHARPE,FAIL,0.4,1.58,MATCHES_COMPETITION,PENDING,AIACv2,AI Alphas Competition 2.0,PASS,MATCHES_PYRAMID,1,1.1,EUR/D1/RISK,1.1,WARNING,MATCHES_THEMES,EDrKL34,2.0,JPN Dataset Utilization Theme,M4ZYx3D,2.0,AMR Dataset Utilization Theme,9B3qxZ4,2.0,KOR Dataset Utilization Theme,PBVkEJD,2.0,TWN Dataset Utilization Theme,by88rqy,2.0,HKG Dataset Utilization Theme,V45896D,1.0,GLB/D1 TOPDIV3000 Power Pool Feb`26,,,,,,,,,,,,,
A1JgJ71Q,REGULAR,PS40111,EQUITY,EUR,TOP2500,1,0,INDUSTRY,0.08,ON,VERIFY,OFF,OFF,FASTEXPR,False,2014-01-01,2023-12-31,"ts_zscore(ts_backfill(ts_kurtosis(vec_avg(rsk60_offer),20),5),20)",,4,2026-02-06T23:34:29-05:00,,2026-02-06T23:34:30-05:00,,False,False,,,ace_tag,llm_test,confidence_0.58,DATA_USAGE:SINGLE_DATA_SET,Single Data Set Alpha,,IS,UNSUBMITTED,1096111,20000000,460,652,0.4342,0.0106,0.051,4.9e-05,0.38,0.06,2014-01-01,-607667.0,20000000.0,542.0,752.0,0.126,-0.0059,0.1584,-9.4e-05,-0.04,-0.2,793744.0,20000000.0,460.0,652.0,0.4342,0.0077,0.0625,3.5e-05,0.04,0.32,LOW_SHARPE,FAIL,1.58,0.38,LOW_FITNESS,FAIL,1.0,0.06,LOW_TURNOVER,PASS,0.01,0.4342,HIGH_TURNOVER,PASS,0.7,0.4342,CONCENTRATED_WEIGHT,PASS,LOW_SUB_UNIVERSE_SHARPE,PASS,0.2,0.31,SELF_CORRELATION,PENDING,DATA_DIVERSITY,PENDING,PROD_CORRELATION,PENDING,REGULAR_SUBMISSION,PENDING,LOW_2Y_SHARPE,FAIL,1.22,1.58,MATCHES_COMPETITION,PENDING,AIACv2,AI Alphas Competition 2.0,PASS,MATCHES_PYRAMID,1,1.1,EUR/D1/RISK,1.1,WARNING,MATCHES_THEMES,EDrKL34,2.0,JPN Dataset Utilization Theme,M4ZYx3D,2.0,AMR Dataset Utilization Theme,9B3qxZ4,2.0,KOR Dataset Utilization Theme,PBVkEJD,2.0,TWN Dataset Utilization Theme,by88rqy,2.0,HKG Dataset Utilization Theme,V45896D,1.0,GLB/D1 TOPDIV3000 Power Pool Feb`26,,,,,,,,,,,,,
E50g0EqK,REGULAR,PS40111,EQUITY,EUR,TOP2500,1,0,INDUSTRY,0.08,ON,VERIFY,OFF,OFF,FASTEXPR,False,2014-01-01,2023-12-31,"ts_zscore(sign(ts_backfill(ts_delta(vec_avg(rsk60_crowding),3),3)),10)",,5,2026-02-06T23:34:13-05:00,,2026-02-06T23:34:14-05:00,,False,False,,,ace_tag,llm_test,confidence_0.6,DATA_USAGE:SINGLE_DATA_SET,Single Data Set Alpha,,IS,UNSUBMITTED,-641970,20000000,656,661,1.3062,-0.0077,0.1096,-1.2e-05,-0.23,-0.02,2014-01-01,-745313.0,20000000.0,732.0,721.0,0.2265,-0.009,0.1846,-7.9e-05,-0.05,-0.25,-477815.0,20000000.0,656.0,661.0,1.3062,-0.0057,0.106,-9e-06,-0.01,-0.2,LOW_SHARPE,FAIL,1.58,-0.23,LOW_FITNESS,FAIL,1.0,-0.02,LOW_TURNOVER,PASS,0.01,1.3062,HIGH_TURNOVER,FAIL,0.7,1.3062,CONCENTRATED_WEIGHT,FAIL,LOW_SUB_UNIVERSE_SHARPE,PASS,-0.12,-0.02,SELF_CORRELATION,PENDING,DATA_DIVERSITY,PENDING,PROD_CORRELATION,PENDING,REGULAR_SUBMISSION,PENDING,LOW_2Y_SHARPE,FAIL,-0.02,1.58,MATCHES_COMPETITION,PENDING,AIACv2,AI Alphas Competition 2.0,PASS,MATCHES_PYRAMID,1,1.1,EUR/D1/RISK,1.1,WARNING,MATCHES_THEMES,EDrKL34,2.0,JPN Dataset Utilization Theme,M4ZYx3D,2.0,AMR Dataset Utilization Theme,9B3qxZ4,2.0,KOR Dataset Utilization Theme,PBVkEJD,2.0,TWN Dataset Utilization Theme,by88rqy,2.0,HKG Dataset Utilization Theme,V45896D,1.0,GLB/D1 TOPDIV3000 Power Pool Feb`26,,,,,,,,,,,2016-09-09,0.1,0.320568
YPw2wg6v,REGULAR,PS40111,EQUITY,EUR,TOP2500,1,0,INDUSTRY,0.08,ON,VERIFY,OFF,OFF,FASTEXPR,False,2014-01-01,2023-12-31,"ts_zscore(ts_backfill(ts_rank(vec_avg(rsk60_offer),5),3),10)",,4,2026-02-06T23:34:31-05:00,,2026-02-06T23:34:31-05:00,,False,False,,,ace_tag,llm_test,confidence_0.67,DATA_USAGE:SINGLE_DATA_SET,Single Data Set Alpha,,IS,UNSUBMITTED,1460412,20000000,537,527,0.9793,0.0142,0.087,2.9e-05,0.49,0.06,2014-01-01,484801.0,20000000.0,646.0,608.0,0.1862,0.0047,0.0901,5e-05,0.02,0.13,1043415.0,20000000.0,537.0,527.0,0.9793,0.0101,0.1014,2.1e-05,0.04,0.38,LOW_SHARPE,FAIL,1.58,0.49,LOW_FITNESS,FAIL,1.0,0.06,LOW_TURNOVER,PASS,0.01,0.9793,HIGH_TURNOVER,FAIL,0.7,0.9793,CONCENTRATED_WEIGHT,FAIL,LOW_SUB_UNIVERSE_SHARPE,PASS,0.25,0.41,SELF_CORRELATION,PENDING,DATA_DIVERSITY,PENDING,PROD_CORRELATION,PENDING,REGULAR_SUBMISSION,PENDING,LOW_2Y_SHARPE,FAIL,0.7,1.58,MATCHES_COMPETITION,PENDING,AIACv2,AI Alphas Competition 2.0,PASS,MATCHES_PYRAMID,1,1.1,EUR/D1/RISK,1.1,WARNING,MATCHES_THEMES,EDrKL34,2.0,JPN Dataset Utilization Theme,M4ZYx3D,2.0,AMR Dataset Utilization Theme,9B3qxZ4,2.0,KOR Dataset Utilization Theme,PBVkEJD,2.0,TWN Dataset Utilization Theme,by88rqy,2.0,HKG Dataset Utilization Theme,V45896D,1.0,GLB/D1 TOPDIV3000 Power Pool Feb`26,,,,,,,,,,,,,
Gr0M0e1o,REGULAR,PS40111,EQUITY,EUR,TOP2500,1,0,INDUSTRY,0.08,ON,VERIFY,OFF,OFF,FASTEXPR,False,2014-01-01,2023-12-31,"ts_zscore(ts_backfill(ts_max_diff(vec_avg(rsk60_last),20),5),20)",,4,2026-02-06T23:34:30-05:00,,2026-02-06T23:34:30-05:00,,False,False,,,ace_tag,llm_test,confidence_0.64,DATA_USAGE:SINGLE_DATA_SET,Single Data Set Alpha,,IS,UNSUBMITTED,1220200,20000000,935,952,0.626,0.0118,0.0426,3.8e-05,0.55,0.08,2014-01-01,578812.0,20000000.0,943.0,1000.0,0.1749,0.0056,0.0857,6.4e-05,0.04,0.24,907429.0,20000000.0,935.0,952.0,0.626,0.0088,0.0387,2.8e-05,0.06,0.49,LOW_SHARPE,FAIL,1.58,0.55,LOW_FITNESS,FAIL,1.0,0.08,LOW_TURNOVER,PASS,0.01,0.626,HIGH_TURNOVER,PASS,0.7,0.626,CONCENTRATED_WEIGHT,PASS,LOW_SUB_UNIVERSE_SHARPE,FAIL,0.29,0.24,SELF_CORRELATION,PENDING,DATA_DIVERSITY,PENDING,PROD_CORRELATION,PENDING,REGULAR_SUBMISSION,PENDING,LOW_2Y_SHARPE,FAIL,0.37,1.58,MATCHES_COMPETITION,PENDING,AIACv2,AI Alphas Competition 2.0,PASS,MATCHES_PYRAMID,1,1.1,EUR/D1/RISK,1.1,WARNING,MATCHES_THEMES,EDrKL34,2.0,JPN Dataset Utilization Theme,M4ZYx3D,2.0,AMR Dataset Utilization Theme,9B3qxZ4,2.0,KOR Dataset Utilization Theme,PBVkEJD,2.0,TWN Dataset Utilization Theme,by88rqy,2.0,HKG Dataset Utilization Theme,V45896D,1.0,GLB/D1 TOPDIV3000 Power Pool Feb`26,,,,,,,,,,,,,
kqk1kZqL,REGULAR,PS40111,EQUITY,EUR,TOP2500,1,0,INDUSTRY,0.08,ON,VERIFY,OFF,OFF,FASTEXPR,False,2014-01-01,2023-12-31,"ts_zscore(ts_backfill(ts_av_diff(vec_avg(rsk60_offer),60),5),20)",,4,2026-02-06T23:34:29-05:00,,2026-02-06T23:34:30-05:00,,False,False,,,ace_tag,llm_test,confidence_0.71,DATA_USAGE:SINGLE_DATA_SET,Single Data Set Alpha,,IS,UNSUBMITTED,2272042,20000000,836,951,0.4607,0.022,0.027,9.6e-05,0.94,0.21,2014-01-01,707157.0,20000000.0,895.0,974.0,0.137,0.0069,0.0776,0.0001,0.06,0.27,1065192.0,20000000.0,836.0,951.0,0.4607,0.0103,0.0373,4.5e-05,0.08,0.55,LOW_SHARPE,FAIL,1.58,0.94,LOW_FITNESS,FAIL,1.0,0.21,LOW_TURNOVER,PASS,0.01,0.4607,HIGH_TURNOVER,PASS,0.7,0.4607,CONCENTRATED_WEIGHT,PASS,LOW_SUB_UNIVERSE_SHARPE,PASS,0.49,0.93,SELF_CORRELATION,PENDING,DATA_DIVERSITY,PENDING,PROD_CORRELATION,PENDING,REGULAR_SUBMISSION,PENDING,LOW_2Y_SHARPE,FAIL,0.84,1.58,MATCHES_COMPETITION,PENDING,AIACv2,AI Alphas Competition 2.0,PASS,MATCHES_PYRAMID,1,1.1,EUR/D1/RISK,1.1,WARNING,MATCHES_THEMES,EDrKL34,2.0,JPN Dataset Utilization Theme,M4ZYx3D,2.0,AMR Dataset Utilization Theme,9B3qxZ4,2.0,KOR Dataset Utilization Theme,PBVkEJD,2.0,TWN Dataset Utilization Theme,by88rqy,2.0,HKG Dataset Utilization Theme,V45896D,1.0,GLB/D1 TOPDIV3000 Power Pool Feb`26,,,,,,,,,,,,,
N1WgWQOq,REGULAR,PS40111,EQUITY,EUR,TOP2500,1,0,INDUSTRY,0.08,ON,VERIFY,OFF,OFF,FASTEXPR,False,2014-01-01,2023-12-31,"ts_zscore(ts_corr(ts_backfill(vec_avg(rsk60_crowding),5),ts_backfill(vec_avg(rsk60_last),5),30),20)",,6,2026-02-06T23:35:54-05:00,,2026-02-06T23:35:54-05:00,,False,False,,,ace_tag,llm_test,confidence_0.72,DATA_USAGE:SINGLE_DATA_SET,Single Data Set Alpha,,IS,UNSUBMITTED,-936574,20000000,704,739,0.4281,-0.0113,0.1439,-5.3e-05,-0.41,-0.07,2014-01-01,-182041.0,20000000.0,752.0,794.0,0.1248,-0.0022,0.1716,-3.5e-05,-0.01,-0.08,-884162.0,20000000.0,704.0,739.0,0.4281,-0.0106,0.1271,-5e-05,-0.07,-0.44,LOW_SHARPE,FAIL,1.58,-0.41,LOW_FITNESS,FAIL,1.0,-0.07,LOW_TURNOVER,PASS,0.01,0.4281,HIGH_TURNOVER,PASS,0.7,0.4281,CONCENTRATED_WEIGHT,PASS,LOW_SUB_UNIVERSE_SHARPE,FAIL,-0.21,-0.82,SELF_CORRELATION,PENDING,DATA_DIVERSITY,PENDING,PROD_CORRELATION,PENDING,REGULAR_SUBMISSION,PENDING,LOW_2Y_SHARPE,FAIL,0.11,1.58,MATCHES_COMPETITION,PENDING,AIACv2,AI Alphas Competition 2.0,PASS,MATCHES_PYRAMID,1,1.1,EUR/D1/RISK,1.1,WARNING,MATCHES_THEMES,EDrKL34,2.0,JPN Dataset Utilization Theme,M4ZYx3D,2.0,AMR Dataset Utilization Theme,9B3qxZ4,2.0,KOR Dataset Utilization Theme,PBVkEJD,2.0,TWN Dataset Utilization Theme,by88rqy,2.0,HKG Dataset Utilization Theme,V45896D,1.0,GLB/D1 TOPDIV3000 Power Pool Feb`26,,,,,,,,,,,,,
RRZ2ZbPn,REGULAR,PS40111,EQUITY,EUR,TOP2500,1,0,INDUSTRY,0.08,ON,VERIFY,OFF,OFF,FASTEXPR,False,2014-01-01,2023-12-31,"ts_zscore(multiply(ts_backfill(vec_avg(rsk60_offer),5),ts_backfill(vec_avg(rsk60_last),5)),20)",,6,2026-02-06T23:36:28-05:00,,2026-02-06T23:36:29-05:00,,False,False,,,ace_tag,llm_test,confidence_0.69,DATA_USAGE:SINGLE_DATA_SET,Single Data Set Alpha,,IS,UNSUBMITTED,2098367,20000000,700,1062,0.8289,0.0203,0.0437,4.9e-05,0.76,0.12,2014-01-01,-342929.0,20000000.0,776.0,1077.0,0.1882,-0.0033,0.1699,-3.5e-05,-0.01,-0.11,1504029.0,20000000.0,700.0,1062.0,0.8289,0.0146,0.0335,3.5e-05,0.09,0.68,LOW_SHARPE,FAIL,1.58,0.76,LOW_FITNESS,FAIL,1.0,0.12,LOW_TURNOVER,PASS,0.01,0.8289,HIGH_TURNOVER,FAIL,0.7,0.8289,CONCENTRATED_WEIGHT,PASS,LOW_SUB_UNIVERSE_SHARPE,PASS,0.39,0.84,SELF_CORRELATION,PENDING,DATA_DIVERSITY,PENDING,PROD_CORRELATION,PENDING,REGULAR_SUBMISSION,PENDING,LOW_2Y_SHARPE,FAIL,0.03,1.58,MATCHES_COMPETITION,PENDING,AIACv2,AI Alphas Competition 2.0,PASS,MATCHES_PYRAMID,1,1.1,EUR/D1/RISK,1.1,WARNING,MATCHES_THEMES,EDrKL34,2.0,JPN Dataset Utilization Theme,M4ZYx3D,2.0,AMR Dataset Utilization Theme,9B3qxZ4,2.0,KOR Dataset Utilization Theme,PBVkEJD,2.0,TWN Dataset Utilization Theme,by88rqy,2.0,HKG Dataset Utilization Theme,V45896D,1.0,GLB/D1 TOPDIV3000 Power Pool Feb`26,,,,,,,,,,,,,
gJqRqZLQ,REGULAR,PS40111,EQUITY,EUR,TOP2500,1,0,INDUSTRY,0.08,ON,VERIFY,OFF,OFF,FASTEXPR,False,2014-01-01,2023-12-31,"hump(ts_zscore(ts_backfill(vec_avg(rsk60_offer),5),20),hump=0.02)",,4,2026-02-06T23:36:55-05:00,,2026-02-06T23:36:56-05:00,,False,False,,,ace_tag,llm_test,confidence_0.66,DATA_USAGE:SINGLE_DATA_SET,Single Data Set Alpha,,IS,UNSUBMITTED,965700,20000000,745,429,0.0683,0.0094,0.0516,0.000274,0.35,0.1,2014-01-01,133070.0,20000000.0,872.0,515.0,0.0408,0.0013,0.0915,6.3e-05,0.01,0.05,436239.0,20000000.0,745.0,429.0,0.0683,0.0042,0.0728,0.000124,0.04,0.2,LOW_SHARPE,FAIL,1.58,0.35,LOW_FITNESS,FAIL,1.0,0.1,LOW_TURNOVER,PASS,0.01,0.0683,HIGH_TURNOVER,PASS,0.7,0.0683,CONCENTRATED_WEIGHT,PASS,LOW_SUB_UNIVERSE_SHARPE,PASS,0.18,0.32,SELF_CORRELATION,PENDING,DATA_DIVERSITY,PENDING,PROD_CORRELATION,PENDING,REGULAR_SUBMISSION,PENDING,LOW_2Y_SHARPE,FAIL,0.06,1.58,MATCHES_COMPETITION,PENDING,AIACv2,AI Alphas Competition 2.0,PASS,MATCHES_PYRAMID,1,1.1,EUR/D1/RISK,1.1,WARNING,MATCHES_THEMES,EDrKL34,2.0,JPN Dataset Utilization Theme,M4ZYx3D,2.0,AMR Dataset Utilization Theme,9B3qxZ4,2.0,KOR Dataset Utilization Theme,PBVkEJD,2.0,TWN Dataset Utilization Theme,by88rqy,2.0,HKG Dataset Utilization Theme,V45896D,1.0,GLB/D1 TOPDIV3000 Power Pool Feb`26,,,,,,,,,,,,,
KPYXYN2k,REGULAR,PS40111,EQUITY,EUR,TOP2500,1,0,INDUSTRY,0.08,ON,VERIFY,OFF,OFF,FASTEXPR,False,2014-01-01,2023-12-31,"ts_zscore(ts_corr(ts_backfill(vec_avg(rsk60_last),5),ts_backfill(vec_avg(rsk60_offer),5),15),20)",,6,2026-02-06T23:36:29-05:00,,2026-02-06T23:36:30-05:00,,False,False,,,ace_tag,llm_test,confidence_0.68,DATA_USAGE:SINGLE_DATA_SET,Single Data Set Alpha,,IS,UNSUBMITTED,-61002,20000000,544,455,0.457,-0.0006,0.0833,-3e-06,-0.02,-0.0,2014-01-01,-450864.0,20000000.0,629.0,563.0,0.1204,-0.0044,0.1369,-7.3e-05,-0.02,-0.13,-561145.0,20000000.0,544.0,455.0,0.457,-0.0054,0.0933,-2.4e-05,-0.02,-0.21,LOW_SHARPE,FAIL,1.58,-0.02,LOW_FITNESS,FAIL,1.0,-0.0,LOW_TURNOVER,PASS,0.01,0.457,HIGH_TURNOVER,PASS,0.7,0.457,CONCENTRATED_WEIGHT,PASS,LOW_SUB_UNIVERSE_SHARPE,FAIL,-0.01,-0.25,SELF_CORRELATION,PENDING,DATA_DIVERSITY,PENDING,PROD_CORRELATION,PENDING,REGULAR_SUBMISSION,PENDING,LOW_2Y_SHARPE,FAIL,-0.48,1.58,MATCHES_COMPETITION,PENDING,AIACv2,AI Alphas Competition 2.0,PASS,MATCHES_PYRAMID,1,1.1,EUR/D1/RISK,1.1,WARNING,MATCHES_THEMES,EDrKL34,2.0,JPN Dataset Utilization Theme,M4ZYx3D,2.0,AMR Dataset Utilization Theme,9B3qxZ4,2.0,KOR Dataset Utilization Theme,PBVkEJD,2.0,TWN Dataset Utilization Theme,by88rqy,2.0,HKG Dataset Utilization Theme,V45896D,1.0,GLB/D1 TOPDIV3000 Power Pool Feb`26,,,,,,,,,,,,,
1YVaVwrJ,REGULAR,PS40111,EQUITY,EUR,TOP2500,1,0,INDUSTRY,0.08,ON,VERIFY,OFF,OFF,FASTEXPR,False,2014-01-01,2023-12-31,"reverse(ts_zscore(ts_backfill(vec_avg(rsk60_crowding),5),20))",,4,2026-02-06T23:35:43-05:00,,2026-02-06T23:35:43-05:00,,False,False,,,ace_tag,llm_test,confidence_0.63,DATA_USAGE:SINGLE_DATA_SET,Single Data Set Alpha,,IS,UNSUBMITTED,708949,20000000,938,763,1.3871,0.0085,0.1342,1.2e-05,0.23,0.02,2014-01-01,214106.0,20000000.0,954.0,829.0,0.2352,0.0026,0.1876,2.2e-05,0.01,0.06,285209.0,20000000.0,938.0,763.0,1.3871,0.0034,0.1054,5e-06,0.01,0.11,LOW_SHARPE,FAIL,1.58,0.23,LOW_FITNESS,FAIL,1.0,0.02,LOW_TURNOVER,PASS,0.01,1.3871,HIGH_TURNOVER,FAIL,0.7,1.3871,CONCENTRATED_WEIGHT,PASS,LOW_SUB_UNIVERSE_SHARPE,PASS,0.12,0.53,SELF_CORRELATION,PENDING,DATA_DIVERSITY,PENDING,PROD_CORRELATION,PENDING,REGULAR_SUBMISSION,PENDING,LOW_2Y_SHARPE,FAIL,-0.16,1.58,MATCHES_COMPETITION,PENDING,AIACv2,AI Alphas Competition 2.0,PASS,MATCHES_PYRAMID,1,1.1,EUR/D1/RISK,1.1,WARNING,MATCHES_THEMES,EDrKL34,2.0,JPN Dataset Utilization Theme,M4ZYx3D,2.0,AMR Dataset Utilization Theme,9B3qxZ4,2.0,KOR Dataset Utilization Theme,PBVkEJD,2.0,TWN Dataset Utilization Theme,by88rqy,2.0,HKG Dataset Utilization Theme,V45896D,1.0,GLB/D1 TOPDIV3000 Power Pool Feb`26,,,,,,,,,,,,,
wpwnwbN5,REGULAR,PS40111,EQUITY,EUR,TOP2500,1,0,INDUSTRY,0.08,ON,VERIFY,OFF,OFF,FASTEXPR,False,2014-01-01,2023-12-31,"ts_zscore(ts_backfill(vec_avg(rsk60_datatime),7),20)",,3,2026-02-06T23:36:52-05:00,,2026-02-06T23:36:52-05:00,,False,False,,,ace_tag,llm_test,confidence_0.5,DATA_USAGE:SINGLE_DATA_SET,Single Data Set Alpha,,IS,UNSUBMITTED,3537633,20000000,957,1042,1.0162,0.0454,0.2218,8.9e-05,0.49,0.1,2014-01-01,2098264.0,20000000.0,1076.0,1102.0,0.2169,0.0269,0.2301,0.000248,0.08,0.24,5865349.0,20000000.0,957.0,1042.0,1.0162,0.0753,0.2087,0.000148,0.18,0.65,LOW_SHARPE,FAIL,1.58,0.49,LOW_FITNESS,FAIL,1.0,0.1,LOW_TURNOVER,PASS,0.01,1.0162,HIGH_TURNOVER,FAIL,0.7,1.0162,CONCENTRATED_WEIGHT,FAIL,LOW_SUB_UNIVERSE_SHARPE,FAIL,0.25,0.18,SELF_CORRELATION,PENDING,DATA_DIVERSITY,PENDING,PROD_CORRELATION,PENDING,REGULAR_SUBMISSION,PENDING,LOW_2Y_SHARPE,FAIL,0.69,1.58,MATCHES_COMPETITION,PENDING,AIACv2,AI Alphas Competition 2.0,PASS,MATCHES_PYRAMID,1,1.1,EUR/D1/RISK,1.1,WARNING,MATCHES_THEMES,EDrKL34,2.0,JPN Dataset Utilization Theme,M4ZYx3D,2.0,AMR Dataset Utilization Theme,9B3qxZ4,2.0,KOR Dataset Utilization Theme,PBVkEJD,2.0,TWN Dataset Utilization Theme,by88rqy,2.0,HKG Dataset Utilization Theme,V45896D,1.0,GLB/D1 TOPDIV3000 Power Pool Feb`26,,,,,,,,,,,2020-01-24,0.1,0.5
QPr2r06r,REGULAR,PS40111,EQUITY,EUR,TOP2500,1,0,INDUSTRY,0.08,ON,VERIFY,OFF,OFF,FASTEXPR,False,2014-01-01,2023-12-31,"ts_zscore(ts_backfill(ts_decay_linear(vec_avg(rsk60_last),10),5),20)",,4,2026-02-06T23:38:11-05:00,,2026-02-06T23:38:11-05:00,,False,False,,,ace_tag,llm_test,confidence_0.66,DATA_USAGE:SINGLE_DATA_SET,Single Data Set Alpha,,IS,UNSUBMITTED,2133212,20000000,791,975,0.374,0.0207,0.0353,0.000111,0.88,0.21,2014-01-01,-100618.0,20000000.0,854.0,998.0,0.14,-0.001,0.1329,-1.4e-05,-0.0,-0.04,1177670.0,20000000.0,791.0,975.0,0.374,0.0114,0.0397,6.1e-05,0.1,0.6,LOW_SHARPE,FAIL,1.58,0.88,LOW_FITNESS,FAIL,1.0,0.21,LOW_TURNOVER,PASS,0.01,0.374,HIGH_TURNOVER,PASS,0.7,0.374,CONCENTRATED_WEIGHT,PASS,LOW_SUB_UNIVERSE_SHARPE,PASS,0.46,0.95,SELF_CORRELATION,PENDING,DATA_DIVERSITY,PENDING,PROD_CORRELATION,PENDING,REGULAR_SUBMISSION,PENDING,LOW_2Y_SHARPE,FAIL,0.45,1.58,MATCHES_COMPETITION,PENDING,AIACv2,AI Alphas Competition 2.0,PASS,MATCHES_PYRAMID,1,1.1,EUR/D1/RISK,1.1,WARNING,MATCHES_THEMES,EDrKL34,2.0,JPN Dataset Utilization Theme,M4ZYx3D,2.0,AMR Dataset Utilization Theme,9B3qxZ4,2.0,KOR Dataset Utilization Theme,PBVkEJD,2.0,TWN Dataset Utilization Theme,by88rqy,2.0,HKG Dataset Utilization Theme,V45896D,1.0,GLB/D1 TOPDIV3000 Power Pool Feb`26,,,,,,,,,,,,,
wpwnwod1,REGULAR,PS40111,EQUITY,EUR,TOP2500,1,0,INDUSTRY,0.08,ON,VERIFY,OFF,OFF,FASTEXPR,False,2014-01-01,2023-12-31,"ts_zscore(subtract(ts_backfill(vec_avg(rsk60_offer),5),ts_backfill(vec_avg(rsk60_crowding),5)),20)",,6,2026-02-06T23:38:14-05:00,,2026-02-06T23:38:14-05:00,,False,False,,,ace_tag,llm_test,confidence_0.74,DATA_USAGE:SINGLE_DATA_SET,Single Data Set Alpha,,IS,UNSUBMITTED,1232173,20000000,839,755,1.0897,0.0148,0.0871,2.7e-05,0.48,0.06,2014-01-01,-538279.0,20000000.0,892.0,822.0,0.2087,-0.0065,0.1343,-6.2e-05,-0.03,-0.18,600745.0,20000000.0,839.0,755.0,1.0897,0.0072,0.0784,1.3e-05,0.02,0.27,LOW_SHARPE,FAIL,1.58,0.48,LOW_FITNESS,FAIL,1.0,0.06,LOW_TURNOVER,PASS,0.01,1.0897,HIGH_TURNOVER,FAIL,0.7,1.0897,CONCENTRATED_WEIGHT,PASS,LOW_SUB_UNIVERSE_SHARPE,PASS,0.25,0.78,SELF_CORRELATION,PENDING,DATA_DIVERSITY,PENDING,PROD_CORRELATION,PENDING,REGULAR_SUBMISSION,PENDING,LOW_2Y_SHARPE,FAIL,0.31,1.58,MATCHES_COMPETITION,PENDING,AIACv2,AI Alphas Competition 2.0,PASS,MATCHES_PYRAMID,1,1.1,EUR/D1/RISK,1.1,WARNING,MATCHES_THEMES,EDrKL34,2.0,JPN Dataset Utilization Theme,M4ZYx3D,2.0,AMR Dataset Utilization Theme,9B3qxZ4,2.0,KOR Dataset Utilization Theme,PBVkEJD,2.0,TWN Dataset Utilization Theme,by88rqy,2.0,HKG Dataset Utilization Theme,V45896D,1.0,GLB/D1 TOPDIV3000 Power Pool Feb`26,,,,,,,,,,,,,
gJqRqr6g,REGULAR,PS40111,EQUITY,EUR,TOP2500,1,0,INDUSTRY,0.08,ON,VERIFY,OFF,OFF,FASTEXPR,False,2014-01-01,2023-12-31,"subtract(ts_zscore(ts_backfill(vec_avg(rsk60_offer),5),10),ts_zscore(ts_backfill(vec_avg(rsk60_offer),5),60))",,7,2026-02-06T23:38:17-05:00,,2026-02-06T23:38:18-05:00,,False,False,,,ace_tag,llm_test,confidence_0.7,DATA_USAGE:SINGLE_DATA_SET,Single Data Set Alpha,,IS,UNSUBMITTED,-854011,20000000,486,448,0.5901,-0.0083,0.1652,-2.8e-05,-0.25,-0.03,2014-01-01,1413242.0,20000000.0,589.0,592.0,0.1262,0.0138,0.0807,0.000218,0.13,0.4,-484315.0,20000000.0,486.0,448.0,0.5901,-0.0047,0.137,-1.6e-05,-0.02,-0.17,LOW_SHARPE,FAIL,1.58,-0.25,LOW_FITNESS,FAIL,1.0,-0.03,LOW_TURNOVER,PASS,0.01,0.5901,HIGH_TURNOVER,PASS,0.7,0.5901,CONCENTRATED_WEIGHT,PASS,LOW_SUB_UNIVERSE_SHARPE,FAIL,-0.13,-0.35,SELF_CORRELATION,PENDING,DATA_DIVERSITY,PENDING,PROD_CORRELATION,PENDING,REGULAR_SUBMISSION,PENDING,LOW_2Y_SHARPE,FAIL,-0.61,1.58,MATCHES_COMPETITION,PENDING,AIACv2,AI Alphas Competition 2.0,PASS,MATCHES_PYRAMID,1,1.1,EUR/D1/RISK,1.1,WARNING,MATCHES_THEMES,EDrKL34,2.0,JPN Dataset Utilization Theme,M4ZYx3D,2.0,AMR Dataset Utilization Theme,9B3qxZ4,2.0,KOR Dataset Utilization Theme,PBVkEJD,2.0,TWN Dataset Utilization Theme,by88rqy,2.0,HKG Dataset Utilization Theme,V45896D,1.0,GLB/D1 TOPDIV3000 Power Pool Feb`26,,,,,,,,,,,,,
O0wbwWgv,REGULAR,PS40111,EQUITY,EUR,TOP2500,1,0,INDUSTRY,0.08,ON,VERIFY,OFF,OFF,FASTEXPR,False,2014-01-01,2023-12-31,"ts_zscore(ts_backfill(ts_count_nans(vec_avg(rsk60_last),20),5),20)",,4,2026-02-06T23:38:11-05:00,,2026-02-06T23:38:11-05:00,,False,False,,,ace_tag,llm_test,confidence_0.55,DATA_USAGE:SINGLE_DATA_SET,Single Data Set Alpha,,IS,UNSUBMITTED,-2373320,20000000,724,594,0.2827,-0.023,0.2377,-0.000163,-0.41,-0.12,2014-01-01,858651.0,20000000.0,832.0,721.0,0.1224,0.0083,0.1245,0.000136,0.04,0.16,-2172694.0,20000000.0,724.0,594.0,0.2827,-0.0211,0.2201,-0.000149,-0.12,-0.44,LOW_SHARPE,FAIL,1.58,-0.41,LOW_FITNESS,FAIL,1.0,-0.12,LOW_TURNOVER,PASS,0.01,0.2827,HIGH_TURNOVER,PASS,0.7,0.2827,CONCENTRATED_WEIGHT,FAIL,LOW_SUB_UNIVERSE_SHARPE,PASS,-0.21,-0.15,SELF_CORRELATION,PENDING,DATA_DIVERSITY,PENDING,PROD_CORRELATION,PENDING,REGULAR_SUBMISSION,PENDING,LOW_2Y_SHARPE,FAIL,-0.34,1.58,MATCHES_COMPETITION,PENDING,AIACv2,AI Alphas Competition 2.0,PASS,MATCHES_PYRAMID,1,1.1,EUR/D1/RISK,1.1,WARNING,MATCHES_THEMES,EDrKL34,2.0,JPN Dataset Utilization Theme,M4ZYx3D,2.0,AMR Dataset Utilization Theme,9B3qxZ4,2.0,KOR Dataset Utilization Theme,PBVkEJD,2.0,TWN Dataset Utilization Theme,by88rqy,2.0,HKG Dataset Utilization Theme,V45896D,1.0,GLB/D1 TOPDIV3000 Power Pool Feb`26,,,,,,,,,,,2023-12-19,0.1,0.217774
RRZ2Z5j0,REGULAR,PS40111,EQUITY,EUR,TOP2500,1,0,INDUSTRY,0.08,ON,VERIFY,OFF,OFF,FASTEXPR,False,2014-01-01,2023-12-31,"ts_zscore(multiply(ts_backfill(vec_avg(rsk60_offer),5),ts_backfill(vec_avg(rsk60_crowding),5)),20)",,6,2026-02-06T23:38:16-05:00,,2026-02-06T23:38:17-05:00,,False,False,,,ace_tag,llm_test,confidence_0.73,DATA_USAGE:SINGLE_DATA_SET,Single Data Set Alpha,,IS,UNSUBMITTED,-899263,20000000,742,966,1.3773,-0.0108,0.1931,-1.6e-05,-0.28,-0.02,2014-01-01,-263882.0,20000000.0,810.0,979.0,0.233,-0.0032,0.2116,-2.7e-05,-0.01,-0.07,-247498.0,20000000.0,742.0,966.0,1.3773,-0.003,0.1095,-4e-06,-0.0,-0.09,LOW_SHARPE,FAIL,1.58,-0.28,LOW_FITNESS,FAIL,1.0,-0.02,LOW_TURNOVER,PASS,0.01,1.3773,HIGH_TURNOVER,FAIL,0.7,1.3773,CONCENTRATED_WEIGHT,PASS,LOW_SUB_UNIVERSE_SHARPE,FAIL,-0.15,-0.57,SELF_CORRELATION,PENDING,DATA_DIVERSITY,PENDING,PROD_CORRELATION,PENDING,REGULAR_SUBMISSION,PENDING,LOW_2Y_SHARPE,FAIL,0.0,1.58,MATCHES_COMPETITION,PENDING,AIACv2,AI Alphas Competition 2.0,PASS,MATCHES_PYRAMID,1,1.1,EUR/D1/RISK,1.1,WARNING,MATCHES_THEMES,EDrKL34,2.0,JPN Dataset Utilization Theme,M4ZYx3D,2.0,AMR Dataset Utilization Theme,9B3qxZ4,2.0,KOR Dataset Utilization Theme,PBVkEJD,2.0,TWN Dataset Utilization Theme,by88rqy,2.0,HKG Dataset Utilization Theme,V45896D,1.0,GLB/D1 TOPDIV3000 Power Pool Feb`26,,,,,,,,,,,,,
ak2A2aeW,REGULAR,PS40111,EQUITY,EUR,TOP2500,1,0,INDUSTRY,0.08,ON,VERIFY,OFF,OFF,FASTEXPR,False,2014-01-01,2023-12-31,"ts_zscore(ts_backfill(ts_arg_max(vec_avg(rsk60_crowding),10),5),10)",,4,2026-02-06T23:38:08-05:00,,2026-02-06T23:38:08-05:00,,False,False,,,ace_tag,llm_test,confidence_0.61,DATA_USAGE:SINGLE_DATA_SET,Single Data Set Alpha,,IS,UNSUBMITTED,183986,20000000,892,664,0.7048,0.0022,0.1214,6e-06,0.08,0.0,2014-01-01,588188.0,20000000.0,924.0,771.0,0.1849,0.0071,0.1274,7.6e-05,0.04,0.22,805144.0,20000000.0,892.0,664.0,0.7048,0.0097,0.065,2.7e-05,0.04,0.38,LOW_SHARPE,FAIL,1.58,0.08,LOW_FITNESS,FAIL,1.0,0.0,LOW_TURNOVER,PASS,0.01,0.7048,HIGH_TURNOVER,FAIL,0.7,0.7048,CONCENTRATED_WEIGHT,PASS,LOW_SUB_UNIVERSE_SHARPE,PASS,0.04,0.26,SELF_CORRELATION,PENDING,DATA_DIVERSITY,PENDING,PROD_CORRELATION,PENDING,REGULAR_SUBMISSION,PENDING,LOW_2Y_SHARPE,FAIL,0.6,1.58,MATCHES_COMPETITION,PENDING,AIACv2,AI Alphas Competition 2.0,PASS,MATCHES_PYRAMID,1,1.1,EUR/D1/RISK,1.1,WARNING,MATCHES_THEMES,EDrKL34,2.0,JPN Dataset Utilization Theme,M4ZYx3D,2.0,AMR Dataset Utilization Theme,9B3qxZ4,2.0,KOR Dataset Utilization Theme,PBVkEJD,2.0,TWN Dataset Utilization Theme,by88rqy,2.0,HKG Dataset Utilization Theme,V45896D,1.0,GLB/D1 TOPDIV3000 Power Pool Feb`26,,,,,,,,,,,,,
6XPaPGmJ,REGULAR,PS40111,EQUITY,EUR,TOP2500,1,0,INDUSTRY,0.08,ON,VERIFY,OFF,OFF,FASTEXPR,False,2014-01-01,2023-12-31,"ts_zscore(ts_backfill(ts_scale(vec_avg(rsk60_offer),30),5),20)",,4,2026-02-06T23:38:17-05:00,,2026-02-06T23:38:17-05:00,,False,False,,,ace_tag,llm_test,confidence_0.68,DATA_USAGE:SINGLE_DATA_SET,Single Data Set Alpha,,IS,UNSUBMITTED,1672172,20000000,513,666,0.6257,0.0162,0.0714,5.2e-05,0.52,0.08,2014-01-01,335775.0,20000000.0,590.0,739.0,0.1386,0.0033,0.1021,4.7e-05,0.02,0.1,857661.0,20000000.0,513.0,666.0,0.6257,0.0083,0.0974,2.7e-05,0.04,0.31,LOW_SHARPE,FAIL,1.58,0.52,LOW_FITNESS,FAIL,1.0,0.08,LOW_TURNOVER,PASS,0.01,0.6257,HIGH_TURNOVER,PASS,0.7,0.6257,CONCENTRATED_WEIGHT,FAIL,LOW_SUB_UNIVERSE_SHARPE,PASS,0.27,0.79,SELF_CORRELATION,PENDING,DATA_DIVERSITY,PENDING,PROD_CORRELATION,PENDING,REGULAR_SUBMISSION,PENDING,LOW_2Y_SHARPE,FAIL,0.84,1.58,MATCHES_COMPETITION,PENDING,AIACv2,AI Alphas Competition 2.0,PASS,MATCHES_PYRAMID,1,1.1,EUR/D1/RISK,1.1,WARNING,MATCHES_THEMES,EDrKL34,2.0,JPN Dataset Utilization Theme,M4ZYx3D,2.0,AMR Dataset Utilization Theme,9B3qxZ4,2.0,KOR Dataset Utilization Theme,PBVkEJD,2.0,TWN Dataset Utilization Theme,by88rqy,2.0,HKG Dataset Utilization Theme,V45896D,1.0,GLB/D1 TOPDIV3000 Power Pool Feb`26,,,,,,,,,,,2014-01-06,0.1,0.5
YPw2wz2A,REGULAR,PS40111,EQUITY,EUR,TOP2500,1,0,INDUSTRY,0.08,ON,VERIFY,OFF,OFF,FASTEXPR,False,2014-01-01,2023-12-31,"ts_zscore(reverse(ts_backfill(ts_rank(vec_avg(rsk60_offer),3),3)),10)",,5,2026-02-06T23:39:43-05:00,,2026-02-06T23:39:44-05:00,,False,False,,,ace_tag,llm_test,confidence_0.66,DATA_USAGE:SINGLE_DATA_SET,Single Data Set Alpha,,IS,UNSUBMITTED,-667186,20000000,498,508,1.2385,-0.0065,0.1617,-1e-05,-0.21,-0.02,2014-01-01,597687.0,20000000.0,582.0,626.0,0.2032,0.0058,0.1097,5.7e-05,0.03,0.15,-326167.0,20000000.0,498.0,508.0,1.2385,-0.0032,0.1637,-5e-06,-0.01,-0.11,LOW_SHARPE,FAIL,1.58,-0.21,LOW_FITNESS,FAIL,1.0,-0.02,LOW_TURNOVER,PASS,0.01,1.2385,HIGH_TURNOVER,FAIL,0.7,1.2385,CONCENTRATED_WEIGHT,FAIL,LOW_SUB_UNIVERSE_SHARPE,FAIL,-0.11,-0.28,SELF_CORRELATION,PENDING,DATA_DIVERSITY,PENDING,PROD_CORRELATION,PENDING,REGULAR_SUBMISSION,PENDING,LOW_2Y_SHARPE,FAIL,-0.05,1.58,MATCHES_COMPETITION,PENDING,AIACv2,AI Alphas Competition 2.0,PASS,MATCHES_PYRAMID,1,1.1,EUR/D1/RISK,1.1,WARNING,MATCHES_THEMES,EDrKL34,2.0,JPN Dataset Utilization Theme,M4ZYx3D,2.0,AMR Dataset Utilization Theme,9B3qxZ4,2.0,KOR Dataset Utilization Theme,PBVkEJD,2.0,TWN Dataset Utilization Theme,by88rqy,2.0,HKG Dataset Utilization Theme,V45896D,1.0,GLB/D1 TOPDIV3000 Power Pool Feb`26,,,,,,,,,,,,,
gJqRqd3l,REGULAR,PS40111,EQUITY,EUR,TOP2500,1,0,INDUSTRY,0.08,ON,VERIFY,OFF,OFF,FASTEXPR,False,2014-01-01,2023-12-31,"ts_zscore(ts_backfill(ts_av_diff(vec_avg(rsk60_offer),20),5),20)",,4,2026-02-06T23:40:09-05:00,,2026-02-06T23:40:10-05:00,,False,False,,,ace_tag,llm_test,confidence_0.69,DATA_USAGE:SINGLE_DATA_SET,Single Data Set Alpha,,IS,UNSUBMITTED,2162821,20000000,801,892,0.5456,0.021,0.0349,7.7e-05,0.83,0.16,2014-01-01,713639.0,20000000.0,866.0,913.0,0.1538,0.0069,0.0735,9e-05,0.06,0.26,1169370.0,20000000.0,801.0,892.0,0.5456,0.0113,0.0579,4.2e-05,0.08,0.55,LOW_SHARPE,FAIL,1.58,0.83,LOW_FITNESS,FAIL,1.0,0.16,LOW_TURNOVER,PASS,0.01,0.5456,HIGH_TURNOVER,PASS,0.7,0.5456,CONCENTRATED_WEIGHT,PASS,LOW_SUB_UNIVERSE_SHARPE,PASS,0.43,1.09,SELF_CORRELATION,PENDING,DATA_DIVERSITY,PENDING,PROD_CORRELATION,PENDING,REGULAR_SUBMISSION,PENDING,LOW_2Y_SHARPE,FAIL,1.41,1.58,MATCHES_COMPETITION,PENDING,AIACv2,AI Alphas Competition 2.0,PASS,MATCHES_PYRAMID,1,1.1,EUR/D1/RISK,1.1,WARNING,MATCHES_THEMES,EDrKL34,2.0,JPN Dataset Utilization Theme,M4ZYx3D,2.0,AMR Dataset Utilization Theme,9B3qxZ4,2.0,KOR Dataset Utilization Theme,PBVkEJD,2.0,TWN Dataset Utilization Theme,by88rqy,2.0,HKG Dataset Utilization Theme,V45896D,1.0,GLB/D1 TOPDIV3000 Power Pool Feb`26,,,,,,,,,,,,,
1YVaVPPW,REGULAR,PS40111,EQUITY,EUR,TOP2500,1,0,INDUSTRY,0.08,ON,VERIFY,OFF,OFF,FASTEXPR,False,2014-01-01,2023-12-31,"ts_zscore(ts_backfill(ts_ir(vec_avg(rsk60_offer),30),5),20)",,4,2026-02-06T23:40:18-05:00,,2026-02-06T23:40:19-05:00,,False,False,,,ace_tag,llm_test,confidence_0.65,DATA_USAGE:SINGLE_DATA_SET,Single Data Set Alpha,,IS,UNSUBMITTED,-861998,20000000,669,819,0.3116,-0.0084,0.1261,-5.4e-05,-0.35,-0.06,2014-01-01,-619205.0,20000000.0,743.0,883.0,0.1165,-0.006,0.12,-0.000103,-0.05,-0.23,-433018.0,20000000.0,669.0,819.0,0.3116,-0.0042,0.0981,-2.7e-05,-0.02,-0.21,LOW_SHARPE,FAIL,1.58,-0.35,LOW_FITNESS,FAIL,1.0,-0.06,LOW_TURNOVER,PASS,0.01,0.3116,HIGH_TURNOVER,PASS,0.7,0.3116,CONCENTRATED_WEIGHT,PASS,LOW_SUB_UNIVERSE_SHARPE,PASS,-0.18,0.01,SELF_CORRELATION,PENDING,DATA_DIVERSITY,PENDING,PROD_CORRELATION,PENDING,REGULAR_SUBMISSION,PENDING,LOW_2Y_SHARPE,FAIL,0.02,1.58,MATCHES_COMPETITION,PENDING,AIACv2,AI Alphas Competition 2.0,PASS,MATCHES_PYRAMID,1,1.1,EUR/D1/RISK,1.1,WARNING,MATCHES_THEMES,EDrKL34,2.0,JPN Dataset Utilization Theme,M4ZYx3D,2.0,AMR Dataset Utilization Theme,9B3qxZ4,2.0,KOR Dataset Utilization Theme,PBVkEJD,2.0,TWN Dataset Utilization Theme,by88rqy,2.0,HKG Dataset Utilization Theme,V45896D,1.0,GLB/D1 TOPDIV3000 Power Pool Feb`26,,,,,,,,,,,,,
78qaqmav,REGULAR,PS40111,EQUITY,EUR,TOP2500,1,0,INDUSTRY,0.08,ON,VERIFY,OFF,OFF,FASTEXPR,False,2014-01-01,2023-12-31,"ts_zscore(subtract(ts_backfill(vec_avg(rsk60_crowding),3),ts_backfill(ts_mean(vec_avg(rsk60_crowding),7),3)),15)",,7,2026-02-06T23:39:43-05:00,,2026-02-06T23:39:44-05:00,,False,False,,,ace_tag,llm_test,confidence_0.62,DATA_USAGE:SINGLE_DATA_SET,Single Data Set Alpha,,IS,UNSUBMITTED,-512235,20000000,809,864,1.2936,-0.0062,0.1464,-1e-05,-0.19,-0.01,2014-01-01,9850.0,20000000.0,857.0,897.0,0.2395,0.0001,0.1082,1e-06,0.0,0.0,-488023.0,20000000.0,809.0,864.0,1.2936,-0.0059,0.1133,-9e-06,-0.01,-0.21,LOW_SHARPE,FAIL,1.58,-0.19,LOW_FITNESS,FAIL,1.0,-0.01,LOW_TURNOVER,PASS,0.01,1.2936,HIGH_TURNOVER,FAIL,0.7,1.2936,CONCENTRATED_WEIGHT,FAIL,LOW_SUB_UNIVERSE_SHARPE,FAIL,-0.1,-0.38,SELF_CORRELATION,PENDING,DATA_DIVERSITY,PENDING,PROD_CORRELATION,PENDING,REGULAR_SUBMISSION,PENDING,LOW_2Y_SHARPE,FAIL,0.32,1.58,MATCHES_COMPETITION,PENDING,AIACv2,AI Alphas Competition 2.0,PASS,MATCHES_PYRAMID,1,1.1,EUR/D1/RISK,1.1,WARNING,MATCHES_THEMES,EDrKL34,2.0,JPN Dataset Utilization Theme,M4ZYx3D,2.0,AMR Dataset Utilization Theme,9B3qxZ4,2.0,KOR Dataset Utilization Theme,PBVkEJD,2.0,TWN Dataset Utilization Theme,by88rqy,2.0,HKG Dataset Utilization Theme,V45896D,1.0,GLB/D1 TOPDIV3000 Power Pool Feb`26,,,,,,,,,,,2016-09-07,0.1,0.212713
88kakJqo,REGULAR,PS40111,EQUITY,EUR,TOP2500,1,0,INDUSTRY,0.08,ON,VERIFY,OFF,OFF,FASTEXPR,False,2014-01-01,2023-12-31,"ts_zscore(ts_backfill(vec_avg(rsk60_offer),3),15)",,3,2026-02-06T23:39:38-05:00,,2026-02-06T23:39:39-05:00,,False,False,,,ace_tag,llm_test,confidence_0.67,DATA_USAGE:SINGLE_DATA_SET,Single Data Set Alpha,,IS,UNSUBMITTED,2605438,20000000,471,607,0.7017,0.0253,0.0471,7.2e-05,0.78,0.15,2014-01-01,-731134.0,20000000.0,592.0,681.0,0.1456,-0.0071,0.1594,-9.7e-05,-0.04,-0.2,1553140.0,20000000.0,471.0,607.0,0.7017,0.0151,0.042,4.3e-05,0.08,0.55,LOW_SHARPE,FAIL,1.58,0.78,LOW_FITNESS,FAIL,1.0,0.15,LOW_TURNOVER,PASS,0.01,0.7017,HIGH_TURNOVER,FAIL,0.7,0.7017,CONCENTRATED_WEIGHT,FAIL,LOW_SUB_UNIVERSE_SHARPE,PASS,0.41,0.98,SELF_CORRELATION,PENDING,DATA_DIVERSITY,PENDING,PROD_CORRELATION,PENDING,REGULAR_SUBMISSION,PENDING,LOW_2Y_SHARPE,FAIL,0.67,1.58,MATCHES_COMPETITION,PENDING,AIACv2,AI Alphas Competition 2.0,PASS,MATCHES_PYRAMID,1,1.1,EUR/D1/RISK,1.1,WARNING,MATCHES_THEMES,EDrKL34,2.0,JPN Dataset Utilization Theme,M4ZYx3D,2.0,AMR Dataset Utilization Theme,9B3qxZ4,2.0,KOR Dataset Utilization Theme,PBVkEJD,2.0,TWN Dataset Utilization Theme,by88rqy,2.0,HKG Dataset Utilization Theme,V45896D,1.0,GLB/D1 TOPDIV3000 Power Pool Feb`26,,,,,,,,,,,,,
omw3wXW2,REGULAR,PS40111,EQUITY,EUR,TOP2500,1,0,INDUSTRY,0.08,ON,VERIFY,OFF,OFF,FASTEXPR,False,2014-01-01,2023-12-31,"trade_when(ts_backfill(ts_delta(vec_avg(rsk60_last),5),5),ts_zscore(ts_backfill(ts_delta(vec_avg(rsk60_last),5),5),10),NaN)",,8,2026-02-06T23:41:33-05:00,,2026-02-06T23:41:34-05:00,,False,False,,,ace_tag,llm_test,confidence_0.6,DATA_USAGE:SINGLE_DATA_SET,Single Data Set Alpha,,IS,UNSUBMITTED,1632920,20000000,999,1185,0.3767,0.0159,0.0517,8.4e-05,0.68,0.14,2014-01-01,1523814.0,20000000.0,989.0,1200.0,0.1246,0.0148,0.0653,0.000238,0.19,0.56,645493.0,20000000.0,999.0,1185.0,0.3767,0.0063,0.0394,3.3e-05,0.05,0.39,LOW_SHARPE,FAIL,1.58,0.68,LOW_FITNESS,FAIL,1.0,0.14,LOW_TURNOVER,PASS,0.01,0.3767,HIGH_TURNOVER,PASS,0.7,0.3767,CONCENTRATED_WEIGHT,PASS,LOW_SUB_UNIVERSE_SHARPE,FAIL,0.35,0.34,SELF_CORRELATION,PENDING,DATA_DIVERSITY,PENDING,PROD_CORRELATION,PENDING,REGULAR_SUBMISSION,PENDING,LOW_2Y_SHARPE,PASS,1.62,1.58,MATCHES_COMPETITION,PENDING,AIACv2,AI Alphas Competition 2.0,PASS,MATCHES_PYRAMID,1,1.1,EUR/D1/RISK,1.1,WARNING,MATCHES_THEMES,EDrKL34,2.0,JPN Dataset Utilization Theme,M4ZYx3D,2.0,AMR Dataset Utilization Theme,9B3qxZ4,2.0,KOR Dataset Utilization Theme,PBVkEJD,2.0,TWN Dataset Utilization Theme,by88rqy,2.0,HKG Dataset Utilization Theme,V45896D,1.0,GLB/D1 TOPDIV3000 Power Pool Feb`26,,,,,,,,,,,,,
9qPaP5LK,REGULAR,PS40111,EQUITY,EUR,TOP2500,1,0,INDUSTRY,0.08,ON,VERIFY,OFF,OFF,FASTEXPR,False,2014-01-01,2023-12-31,"zscore(ts_backfill(vec_avg(rsk60_crowding),3))",,3,2026-02-06T23:42:10-05:00,,2026-02-06T23:42:11-05:00,,False,False,,,ace_tag,llm_test,confidence_0.63,DATA_USAGE:SINGLE_DATA_SET,Single Data Set Alpha,,IS,UNSUBMITTED,2461817,20000000,707,1417,1.5174,0.0296,0.1616,3.9e-05,0.33,0.05,2014-01-01,-2228974.0,20000000.0,732.0,1488.0,0.2683,-0.0268,0.5268,-0.000199,-0.1,-0.32,1101700.0,20000000.0,707.0,1417.0,1.5174,0.0132,0.1198,1.7e-05,0.02,0.21,LOW_SHARPE,FAIL,1.58,0.33,LOW_FITNESS,FAIL,1.0,0.05,LOW_TURNOVER,PASS,0.01,1.5174,HIGH_TURNOVER,FAIL,0.7,1.5174,CONCENTRATED_WEIGHT,FAIL,LOW_SUB_UNIVERSE_SHARPE,FAIL,0.17,0.14,SELF_CORRELATION,PENDING,DATA_DIVERSITY,PENDING,PROD_CORRELATION,PENDING,REGULAR_SUBMISSION,PENDING,LOW_2Y_SHARPE,FAIL,0.06,1.58,MATCHES_COMPETITION,PENDING,AIACv2,AI Alphas Competition 2.0,PASS,MATCHES_PYRAMID,1,1.1,EUR/D1/RISK,1.1,WARNING,MATCHES_THEMES,EDrKL34,2.0,JPN Dataset Utilization Theme,M4ZYx3D,2.0,AMR Dataset Utilization Theme,9B3qxZ4,2.0,KOR Dataset Utilization Theme,PBVkEJD,2.0,TWN Dataset Utilization Theme,by88rqy,2.0,HKG Dataset Utilization Theme,V45896D,1.0,GLB/D1 TOPDIV3000 Power Pool Feb`26,,,,,,,,,,,2016-09-07,0.1,0.38776
wpwnwkxQ,REGULAR,PS40111,EQUITY,EUR,TOP2500,1,0,INDUSTRY,0.08,ON,VERIFY,OFF,OFF,FASTEXPR,False,2014-01-01,2023-12-31,"ts_zscore(ts_covariance(ts_backfill(vec_avg(rsk60_offer),5),ts_backfill(vec_avg(rsk60_last),5),20),20)",,6,2026-02-06T23:41:46-05:00,,2026-02-06T23:41:47-05:00,,False,False,,,ace_tag,llm_test,confidence_0.71,DATA_USAGE:SINGLE_DATA_SET,Single Data Set Alpha,,IS,UNSUBMITTED,1491680,20000000,766,883,0.313,0.0145,0.0371,9.2e-05,0.59,0.13,2014-01-01,-608722.0,20000000.0,828.0,888.0,0.1199,-0.0059,0.0972,-9.8e-05,-0.05,-0.24,365394.0,20000000.0,766.0,883.0,0.313,0.0035,0.0599,2.3e-05,0.02,0.17,LOW_SHARPE,FAIL,1.58,0.59,LOW_FITNESS,FAIL,1.0,0.13,LOW_TURNOVER,PASS,0.01,0.313,HIGH_TURNOVER,PASS,0.7,0.313,CONCENTRATED_WEIGHT,PASS,LOW_SUB_UNIVERSE_SHARPE,PASS,0.31,0.45,SELF_CORRELATION,PENDING,DATA_DIVERSITY,PENDING,PROD_CORRELATION,PENDING,REGULAR_SUBMISSION,PENDING,LOW_2Y_SHARPE,FAIL,0.3,1.58,MATCHES_COMPETITION,PENDING,AIACv2,AI Alphas Competition 2.0,PASS,MATCHES_PYRAMID,1,1.1,EUR/D1/RISK,1.1,WARNING,MATCHES_THEMES,EDrKL34,2.0,JPN Dataset Utilization Theme,M4ZYx3D,2.0,AMR Dataset Utilization Theme,9B3qxZ4,2.0,KOR Dataset Utilization Theme,PBVkEJD,2.0,TWN Dataset Utilization Theme,by88rqy,2.0,HKG Dataset Utilization Theme,V45896D,1.0,GLB/D1 TOPDIV3000 Power Pool Feb`26,,,,,,,,,,,,,
6XPaPQWP,REGULAR,PS40111,EQUITY,EUR,TOP2500,1,0,INDUSTRY,0.08,ON,VERIFY,OFF,OFF,FASTEXPR,False,2014-01-01,2023-12-31,"ts_zscore(ts_backfill(ts_arg_max(vec_avg(rsk60_crowding),5),3),10)",,4,2026-02-06T23:41:42-05:00,,2026-02-06T23:41:43-05:00,,False,False,,,ace_tag,llm_test,confidence_0.62,DATA_USAGE:SINGLE_DATA_SET,Single Data Set Alpha,,IS,UNSUBMITTED,206079,20000000,900,593,1.0107,0.0025,0.1371,5e-06,0.08,0.0,2014-01-01,-353365.0,20000000.0,963.0,696.0,0.2166,-0.0042,0.2357,-3.9e-05,-0.02,-0.12,119167.0,20000000.0,900.0,593.0,1.0107,0.0014,0.079,3e-06,0.0,0.05,LOW_SHARPE,FAIL,1.58,0.08,LOW_FITNESS,FAIL,1.0,0.0,LOW_TURNOVER,PASS,0.01,1.0107,HIGH_TURNOVER,FAIL,0.7,1.0107,CONCENTRATED_WEIGHT,PASS,LOW_SUB_UNIVERSE_SHARPE,PASS,0.04,0.36,SELF_CORRELATION,PENDING,DATA_DIVERSITY,PENDING,PROD_CORRELATION,PENDING,REGULAR_SUBMISSION,PENDING,LOW_2Y_SHARPE,FAIL,0.8,1.58,MATCHES_COMPETITION,PENDING,AIACv2,AI Alphas Competition 2.0,PASS,MATCHES_PYRAMID,1,1.1,EUR/D1/RISK,1.1,WARNING,MATCHES_THEMES,EDrKL34,2.0,JPN Dataset Utilization Theme,M4ZYx3D,2.0,AMR Dataset Utilization Theme,9B3qxZ4,2.0,KOR Dataset Utilization Theme,PBVkEJD,2.0,TWN Dataset Utilization Theme,by88rqy,2.0,HKG Dataset Utilization Theme,V45896D,1.0,GLB/D1 TOPDIV3000 Power Pool Feb`26,,,,,,,,,,,,,
npkZk5J3,REGULAR,PS40111,EQUITY,EUR,TOP2500,1,0,INDUSTRY,0.08,ON,VERIFY,OFF,OFF,FASTEXPR,False,2014-01-01,2023-12-31,"ts_zscore(subtract(ts_backfill(vec_avg(rsk60_offer),5),ts_backfill(vec_avg(rsk60_datatime),5)),20)",,6,2026-02-06T23:41:46-05:00,,2026-02-06T23:41:46-05:00,,False,False,,,ace_tag,llm_test,confidence_0.55,DATA_USAGE:SINGLE_DATA_SET,Single Data Set Alpha,,IS,UNSUBMITTED,-3954076,20000000,1050,983,1.0206,-0.0508,0.5082,-9.9e-05,-0.54,-0.12,2014-01-01,-1955986.0,20000000.0,1081.0,1061.0,0.2128,-0.0251,0.4508,-0.000236,-0.08,-0.22,-7105233.0,20000000.0,1050.0,983.0,1.0206,-0.0912,0.7759,-0.000179,-0.2,-0.67,LOW_SHARPE,FAIL,1.58,-0.54,LOW_FITNESS,FAIL,1.0,-0.12,LOW_TURNOVER,PASS,0.01,1.0206,HIGH_TURNOVER,FAIL,0.7,1.0206,CONCENTRATED_WEIGHT,FAIL,LOW_SUB_UNIVERSE_SHARPE,PASS,-0.28,-0.2,SELF_CORRELATION,PENDING,DATA_DIVERSITY,PENDING,PROD_CORRELATION,PENDING,REGULAR_SUBMISSION,PENDING,LOW_2Y_SHARPE,FAIL,-0.58,1.58,MATCHES_COMPETITION,PENDING,AIACv2,AI Alphas Competition 2.0,PASS,MATCHES_PYRAMID,1,1.1,EUR/D1/RISK,1.1,WARNING,MATCHES_THEMES,EDrKL34,2.0,JPN Dataset Utilization Theme,M4ZYx3D,2.0,AMR Dataset Utilization Theme,9B3qxZ4,2.0,KOR Dataset Utilization Theme,PBVkEJD,2.0,TWN Dataset Utilization Theme,by88rqy,2.0,HKG Dataset Utilization Theme,V45896D,1.0,GLB/D1 TOPDIV3000 Power Pool Feb`26,,,,,,,,,,,2020-01-24,0.1,0.5
1YVaV39m,REGULAR,PS40111,EQUITY,EUR,TOP2500,1,0,INDUSTRY,0.08,ON,VERIFY,OFF,OFF,FASTEXPR,False,2014-01-01,2023-12-31,"ts_zscore(ts_backfill(ts_max_diff(vec_avg(rsk60_last),10),5),20)",,4,2026-02-06T23:42:09-05:00,,2026-02-06T23:42:10-05:00,,False,False,,,ace_tag,llm_test,confidence_0.63,DATA_USAGE:SINGLE_DATA_SET,Single Data Set Alpha,,IS,UNSUBMITTED,789564,20000000,1086,772,0.6535,0.0077,0.0501,2.3e-05,0.36,0.04,2014-01-01,8796.0,20000000.0,1078.0,847.0,0.1805,0.0001,0.0925,1e-06,0.0,0.0,519372.0,20000000.0,1086.0,772.0,0.6535,0.005,0.0571,1.5e-05,0.02,0.28,LOW_SHARPE,FAIL,1.58,0.36,LOW_FITNESS,FAIL,1.0,0.04,LOW_TURNOVER,PASS,0.01,0.6535,HIGH_TURNOVER,PASS,0.7,0.6535,CONCENTRATED_WEIGHT,PASS,LOW_SUB_UNIVERSE_SHARPE,FAIL,0.19,-0.03,SELF_CORRELATION,PENDING,DATA_DIVERSITY,PENDING,PROD_CORRELATION,PENDING,REGULAR_SUBMISSION,PENDING,LOW_2Y_SHARPE,FAIL,0.34,1.58,MATCHES_COMPETITION,PENDING,AIACv2,AI Alphas Competition 2.0,PASS,MATCHES_PYRAMID,1,1.1,EUR/D1/RISK,1.1,WARNING,MATCHES_THEMES,EDrKL34,2.0,JPN Dataset Utilization Theme,M4ZYx3D,2.0,AMR Dataset Utilization Theme,9B3qxZ4,2.0,KOR Dataset Utilization Theme,PBVkEJD,2.0,TWN Dataset Utilization Theme,by88rqy,2.0,HKG Dataset Utilization Theme,V45896D,1.0,GLB/D1 TOPDIV3000 Power Pool Feb`26,,,,,,,,,,,,,
ZYw2wv3Z,REGULAR,PS40111,EQUITY,EUR,TOP2500,1,0,INDUSTRY,0.08,ON,VERIFY,OFF,OFF,FASTEXPR,False,2014-01-01,2023-12-31,"ts_zscore(signed_power(ts_backfill(vec_avg(rsk60_offer),5),2),20)",,4,2026-02-06T23:41:46-05:00,,2026-02-06T23:41:46-05:00,,False,False,,,ace_tag,llm_test,confidence_0.58,DATA_USAGE:SINGLE_DATA_SET,Single Data Set Alpha,,IS,UNSUBMITTED,2504823,20000000,491,695,0.6454,0.0243,0.0408,7.5e-05,0.74,0.14,2014-01-01,-1085056.0,20000000.0,598.0,749.0,0.14,-0.0105,0.1833,-0.00015,-0.08,-0.31,1428918.0,20000000.0,491.0,695.0,0.6454,0.0139,0.0448,4.3e-05,0.08,0.52,LOW_SHARPE,FAIL,1.58,0.74,LOW_FITNESS,FAIL,1.0,0.14,LOW_TURNOVER,PASS,0.01,0.6454,HIGH_TURNOVER,PASS,0.7,0.6454,CONCENTRATED_WEIGHT,PASS,LOW_SUB_UNIVERSE_SHARPE,PASS,0.38,0.94,SELF_CORRELATION,PENDING,DATA_DIVERSITY,PENDING,PROD_CORRELATION,PENDING,REGULAR_SUBMISSION,PENDING,LOW_2Y_SHARPE,FAIL,0.84,1.58,MATCHES_COMPETITION,PENDING,AIACv2,AI Alphas Competition 2.0,PASS,MATCHES_PYRAMID,1,1.1,EUR/D1/RISK,1.1,WARNING,MATCHES_THEMES,EDrKL34,2.0,JPN Dataset Utilization Theme,M4ZYx3D,2.0,AMR Dataset Utilization Theme,9B3qxZ4,2.0,KOR Dataset Utilization Theme,PBVkEJD,2.0,TWN Dataset Utilization Theme,by88rqy,2.0,HKG Dataset Utilization Theme,V45896D,1.0,GLB/D1 TOPDIV3000 Power Pool Feb`26,,,,,,,,,,,,,
vRnenWVa,REGULAR,PS40111,EQUITY,EUR,TOP2500,1,0,INDUSTRY,0.08,ON,VERIFY,OFF,OFF,FASTEXPR,False,2014-01-01,2023-12-31,"ts_zscore(reverse(ts_backfill(ts_rank(vec_avg(rsk60_crowding),20),5)),20)",,5,2026-02-06T23:43:25-05:00,,2026-02-06T23:43:25-05:00,,False,False,,,ace_tag,llm_test,confidence_0.61,DATA_USAGE:SINGLE_DATA_SET,Single Data Set Alpha,,IS,UNSUBMITTED,304315,20000000,800,755,1.178,0.0037,0.1331,6e-06,0.12,0.01,2014-01-01,-277711.0,20000000.0,840.0,801.0,0.2187,-0.0033,0.1998,-3.1e-05,-0.01,-0.09,200282.0,20000000.0,800.0,755.0,1.178,0.0024,0.0895,4e-06,0.0,0.09,LOW_SHARPE,FAIL,1.58,0.12,LOW_FITNESS,FAIL,1.0,0.01,LOW_TURNOVER,PASS,0.01,1.178,HIGH_TURNOVER,FAIL,0.7,1.178,CONCENTRATED_WEIGHT,PASS,LOW_SUB_UNIVERSE_SHARPE,PASS,0.06,0.26,SELF_CORRELATION,PENDING,DATA_DIVERSITY,PENDING,PROD_CORRELATION,PENDING,REGULAR_SUBMISSION,PENDING,LOW_2Y_SHARPE,FAIL,-0.35,1.58,MATCHES_COMPETITION,PENDING,AIACv2,AI Alphas Competition 2.0,PASS,MATCHES_PYRAMID,1,1.1,EUR/D1/RISK,1.1,WARNING,MATCHES_THEMES,EDrKL34,2.0,JPN Dataset Utilization Theme,M4ZYx3D,2.0,AMR Dataset Utilization Theme,9B3qxZ4,2.0,KOR Dataset Utilization Theme,PBVkEJD,2.0,TWN Dataset Utilization Theme,by88rqy,2.0,HKG Dataset Utilization Theme,V45896D,1.0,GLB/D1 TOPDIV3000 Power Pool Feb`26,,,,,,,,,,,,,
9qPaPNgx,REGULAR,PS40111,EQUITY,EUR,TOP2500,1,0,INDUSTRY,0.08,ON,VERIFY,OFF,OFF,FASTEXPR,False,2014-01-01,2023-12-31,"zscore(ts_backfill(vec_avg(rsk60_offer),5))",,3,2026-02-06T23:43:26-05:00,,2026-02-06T23:43:26-05:00,,False,False,,,ace_tag,llm_test,confidence_0.7,DATA_USAGE:SINGLE_DATA_SET,Single Data Set Alpha,,IS,UNSUBMITTED,-11906636,20000000,451,1680,0.0952,-0.1154,1.2435,-0.002424,-1.54,-1.48,2014-01-01,-10774281.0,20000000.0,538.0,1624.0,0.0404,-0.1044,1.1146,-0.005173,-1.4,-1.53,-5340218.0,20000000.0,451.0,1680.0,0.0952,-0.0518,0.5592,-0.001087,-0.71,-1.1,LOW_SHARPE,FAIL,1.58,-1.54,LOW_FITNESS,FAIL,1.0,-1.48,LOW_TURNOVER,PASS,0.01,0.0952,HIGH_TURNOVER,PASS,0.7,0.0952,CONCENTRATED_WEIGHT,PASS,LOW_SUB_UNIVERSE_SHARPE,FAIL,-0.8,-1.13,SELF_CORRELATION,PENDING,DATA_DIVERSITY,PENDING,PROD_CORRELATION,PENDING,REGULAR_SUBMISSION,PENDING,LOW_2Y_SHARPE,FAIL,-2.38,1.58,MATCHES_COMPETITION,PENDING,AIACv2,AI Alphas Competition 2.0,PASS,MATCHES_PYRAMID,1,1.1,EUR/D1/RISK,1.1,WARNING,MATCHES_THEMES,EDrKL34,2.0,JPN Dataset Utilization Theme,M4ZYx3D,2.0,AMR Dataset Utilization Theme,9B3qxZ4,2.0,KOR Dataset Utilization Theme,PBVkEJD,2.0,TWN Dataset Utilization Theme,by88rqy,2.0,HKG Dataset Utilization Theme,V45896D,1.0,GLB/D1 TOPDIV3000 Power Pool Feb`26,,,,,,,,,,,,,
1YVaVrQJ,REGULAR,PS40111,EQUITY,EUR,TOP2500,1,0,INDUSTRY,0.08,ON,VERIFY,OFF,OFF,FASTEXPR,False,2014-01-01,2023-12-31,"ts_zscore(subtract(ts_backfill(vec_avg(rsk60_last),5),ts_backfill(vec_avg(rsk60_offer),5)),20)",,6,2026-02-06T23:43:24-05:00,,2026-02-06T23:43:25-05:00,,False,False,,,ace_tag,llm_test,confidence_0.72,DATA_USAGE:SINGLE_DATA_SET,Single Data Set Alpha,,IS,UNSUBMITTED,779634,20000000,760,1024,1.0611,0.0076,0.058,1.4e-05,0.28,0.02,2014-01-01,151971.0,20000000.0,830.0,1041.0,0.2147,0.0015,0.1567,1.4e-05,0.0,0.05,645779.0,20000000.0,760.0,1024.0,1.0611,0.0063,0.0533,1.2e-05,0.02,0.28,LOW_SHARPE,FAIL,1.58,0.28,LOW_FITNESS,FAIL,1.0,0.02,LOW_TURNOVER,PASS,0.01,1.0611,HIGH_TURNOVER,FAIL,0.7,1.0611,CONCENTRATED_WEIGHT,PASS,LOW_SUB_UNIVERSE_SHARPE,PASS,0.15,0.19,SELF_CORRELATION,PENDING,DATA_DIVERSITY,PENDING,PROD_CORRELATION,PENDING,REGULAR_SUBMISSION,PENDING,LOW_2Y_SHARPE,FAIL,-0.45,1.58,MATCHES_COMPETITION,PENDING,AIACv2,AI Alphas Competition 2.0,PASS,MATCHES_PYRAMID,1,1.1,EUR/D1/RISK,1.1,WARNING,MATCHES_THEMES,EDrKL34,2.0,JPN Dataset Utilization Theme,M4ZYx3D,2.0,AMR Dataset Utilization Theme,9B3qxZ4,2.0,KOR Dataset Utilization Theme,PBVkEJD,2.0,TWN Dataset Utilization Theme,by88rqy,2.0,HKG Dataset Utilization Theme,V45896D,1.0,GLB/D1 TOPDIV3000 Power Pool Feb`26,,,,,,,,,,,,,
RRZ2ZGb1,REGULAR,PS40111,EQUITY,EUR,TOP2500,1,0,INDUSTRY,0.08,ON,VERIFY,OFF,OFF,FASTEXPR,False,2014-01-01,2023-12-31,"ts_zscore(divide(ts_backfill(vec_avg(rsk60_crowding),5),ts_backfill(vec_avg(rsk60_offer),5)),20)",,6,2026-02-06T23:43:34-05:00,,2026-02-06T23:43:35-05:00,,False,False,,,ace_tag,llm_test,confidence_0.71,DATA_USAGE:SINGLE_DATA_SET,Single Data Set Alpha,,IS,UNSUBMITTED,-483126,20000000,786,899,1.3957,-0.0058,0.1799,-8e-06,-0.16,-0.01,2014-01-01,-196486.0,20000000.0,852.0,917.0,0.2336,-0.0024,0.1858,-2e-05,-0.01,-0.06,-175345.0,20000000.0,786.0,899.0,1.3957,-0.0021,0.1122,-3e-06,-0.0,-0.07,LOW_SHARPE,FAIL,1.58,-0.16,LOW_FITNESS,FAIL,1.0,-0.01,LOW_TURNOVER,PASS,0.01,1.3957,HIGH_TURNOVER,FAIL,0.7,1.3957,CONCENTRATED_WEIGHT,PASS,LOW_SUB_UNIVERSE_SHARPE,FAIL,-0.08,-0.45,SELF_CORRELATION,PENDING,DATA_DIVERSITY,PENDING,PROD_CORRELATION,PENDING,REGULAR_SUBMISSION,PENDING,LOW_2Y_SHARPE,FAIL,0.33,1.58,MATCHES_COMPETITION,PENDING,AIACv2,AI Alphas Competition 2.0,PASS,MATCHES_PYRAMID,1,1.1,EUR/D1/RISK,1.1,WARNING,MATCHES_THEMES,EDrKL34,2.0,JPN Dataset Utilization Theme,M4ZYx3D,2.0,AMR Dataset Utilization Theme,9B3qxZ4,2.0,KOR Dataset Utilization Theme,PBVkEJD,2.0,TWN Dataset Utilization Theme,by88rqy,2.0,HKG Dataset Utilization Theme,V45896D,1.0,GLB/D1 TOPDIV3000 Power Pool Feb`26,,,,,,,,,,,,,
0mke9m52,REGULAR,PS40111,EQUITY,EUR,TOP2500,1,0,INDUSTRY,0.08,ON,VERIFY,OFF,OFF,FASTEXPR,False,2014-01-01,2023-12-31,"ts_zscore(ts_backfill(ts_std_dev(vec_avg(rsk60_offer),10),5),20)",,4,2026-02-06T23:44:32-05:00,,2026-02-06T23:44:33-05:00,,False,False,,,ace_tag,llm_test,confidence_0.62,DATA_USAGE:SINGLE_DATA_SET,Single Data Set Alpha,,IS,UNSUBMITTED,985976,20000000,691,870,0.3527,0.0096,0.056,5.4e-05,0.37,0.06,2014-01-01,130149.0,20000000.0,779.0,870.0,0.1293,0.0013,0.0617,2e-05,0.01,0.05,782713.0,20000000.0,691.0,870.0,0.3527,0.0076,0.0385,4.3e-05,0.05,0.37,LOW_SHARPE,FAIL,1.58,0.37,LOW_FITNESS,FAIL,1.0,0.06,LOW_TURNOVER,PASS,0.01,0.3527,HIGH_TURNOVER,PASS,0.7,0.3527,CONCENTRATED_WEIGHT,PASS,LOW_SUB_UNIVERSE_SHARPE,FAIL,0.19,0.06,SELF_CORRELATION,PENDING,DATA_DIVERSITY,PENDING,PROD_CORRELATION,PENDING,REGULAR_SUBMISSION,PENDING,LOW_2Y_SHARPE,FAIL,0.31,1.58,MATCHES_COMPETITION,PENDING,AIACv2,AI Alphas Competition 2.0,PASS,MATCHES_PYRAMID,1,1.1,EUR/D1/RISK,1.1,WARNING,MATCHES_THEMES,EDrKL34,2.0,JPN Dataset Utilization Theme,M4ZYx3D,2.0,AMR Dataset Utilization Theme,9B3qxZ4,2.0,KOR Dataset Utilization Theme,PBVkEJD,2.0,TWN Dataset Utilization Theme,by88rqy,2.0,HKG Dataset Utilization Theme,V45896D,1.0,GLB/D1 TOPDIV3000 Power Pool Feb`26,,,,,,,,,,,,,
3qYa3MQZ,REGULAR,PS40111,EQUITY,EUR,TOP2500,1,0,INDUSTRY,0.08,ON,VERIFY,OFF,OFF,FASTEXPR,False,2014-01-01,2023-12-31,"ts_zscore(ts_backfill(ts_arg_min(vec_avg(rsk60_last),7),5),10)",,4,2026-02-06T23:43:46-05:00,,2026-02-06T23:43:47-05:00,,False,False,,,ace_tag,llm_test,confidence_0.6,DATA_USAGE:SINGLE_DATA_SET,Single Data Set Alpha,,IS,UNSUBMITTED,-716037,20000000,1048,709,0.8681,-0.0069,0.0767,-1.6e-05,-0.3,-0.03,2014-01-01,-4814.0,20000000.0,1088.0,808.0,0.2209,-0.0,0.0703,-0.0,-0.0,-0.0,381237.0,20000000.0,1048.0,709.0,0.8681,0.0037,0.0386,9e-06,0.01,0.18,LOW_SHARPE,FAIL,1.58,-0.3,LOW_FITNESS,FAIL,1.0,-0.03,LOW_TURNOVER,PASS,0.01,0.8681,HIGH_TURNOVER,FAIL,0.7,0.8681,CONCENTRATED_WEIGHT,PASS,LOW_SUB_UNIVERSE_SHARPE,PASS,-0.16,0.18,SELF_CORRELATION,PENDING,DATA_DIVERSITY,PENDING,PROD_CORRELATION,PENDING,REGULAR_SUBMISSION,PENDING,LOW_2Y_SHARPE,FAIL,-0.58,1.58,MATCHES_COMPETITION,PENDING,AIACv2,AI Alphas Competition 2.0,PASS,MATCHES_PYRAMID,1,1.1,EUR/D1/RISK,1.1,WARNING,MATCHES_THEMES,EDrKL34,2.0,JPN Dataset Utilization Theme,M4ZYx3D,2.0,AMR Dataset Utilization Theme,9B3qxZ4,2.0,KOR Dataset Utilization Theme,PBVkEJD,2.0,TWN Dataset Utilization Theme,by88rqy,2.0,HKG Dataset Utilization Theme,V45896D,1.0,GLB/D1 TOPDIV3000 Power Pool Feb`26,,,,,,,,,,,,,
kqk1kzl6,REGULAR,PS40111,EQUITY,EUR,TOP2500,1,0,INDUSTRY,0.08,ON,VERIFY,OFF,OFF,FASTEXPR,False,2014-01-01,2023-12-31,"ts_zscore(multiply(sign(ts_backfill(ts_delta(vec_avg(rsk60_crowding),3),3)),ts_backfill(ts_delta(vec_avg(rsk60_crowding),3),3)),10)",,9,2026-02-06T23:43:25-05:00,,2026-02-06T23:43:25-05:00,,False,False,,,ace_tag,llm_test,confidence_0.59,DATA_USAGE:SINGLE_DATA_SET,Single Data Set Alpha,,IS,UNSUBMITTED,-345151,20000000,633,975,1.174,-0.0042,0.0787,-7e-06,-0.13,-0.01,2014-01-01,1227779.0,20000000.0,707.0,1019.0,0.2171,0.0148,0.1016,0.000136,0.12,0.45,-627343.0,20000000.0,633.0,975.0,1.174,-0.0075,0.0952,-1.3e-05,-0.02,-0.28,LOW_SHARPE,FAIL,1.58,-0.13,LOW_FITNESS,FAIL,1.0,-0.01,LOW_TURNOVER,PASS,0.01,1.174,HIGH_TURNOVER,FAIL,0.7,1.174,CONCENTRATED_WEIGHT,FAIL,LOW_SUB_UNIVERSE_SHARPE,FAIL,-0.07,-0.32,SELF_CORRELATION,PENDING,DATA_DIVERSITY,PENDING,PROD_CORRELATION,PENDING,REGULAR_SUBMISSION,PENDING,LOW_2Y_SHARPE,FAIL,-0.69,1.58,MATCHES_COMPETITION,PENDING,AIACv2,AI Alphas Competition 2.0,PASS,MATCHES_PYRAMID,1,1.1,EUR/D1/RISK,1.1,WARNING,MATCHES_THEMES,EDrKL34,2.0,JPN Dataset Utilization Theme,M4ZYx3D,2.0,AMR Dataset Utilization Theme,9B3qxZ4,2.0,KOR Dataset Utilization Theme,PBVkEJD,2.0,TWN Dataset Utilization Theme,by88rqy,2.0,HKG Dataset Utilization Theme,V45896D,1.0,GLB/D1 TOPDIV3000 Power Pool Feb`26,,,,,,,,,,,2016-09-12,0.1,0.166667
RRZ2qQqz,REGULAR,PS40111,EQUITY,EUR,TOP2500,1,0,INDUSTRY,0.08,ON,VERIFY,OFF,OFF,FASTEXPR,False,2014-01-01,2023-12-31,"quantile(ts_backfill(vec_avg(rsk60_offer),5))",,3,2026-02-06T23:46:01-05:00,,2026-02-06T23:46:02-05:00,,False,False,,,ace_tag,llm_test,confidence_0.69,DATA_USAGE:SINGLE_DATA_SET,Single Data Set Alpha,,IS,UNSUBMITTED,-4468138,20000000,1013,1117,0.11,-0.0433,0.4945,-0.000788,-0.89,-0.52,2014-01-01,-4684712.0,20000000.0,1053.0,1111.0,0.0492,-0.0454,0.5213,-0.001847,-0.55,-0.91,-1062749.0,20000000.0,1013.0,1117.0,0.11,-0.0103,0.1516,-0.000187,-0.18,-0.61,LOW_SHARPE,FAIL,1.58,-0.89,LOW_FITNESS,FAIL,1.0,-0.52,LOW_TURNOVER,PASS,0.01,0.11,HIGH_TURNOVER,PASS,0.7,0.11,CONCENTRATED_WEIGHT,PASS,LOW_SUB_UNIVERSE_SHARPE,PASS,-0.46,-0.43,SELF_CORRELATION,PENDING,DATA_DIVERSITY,PENDING,PROD_CORRELATION,PENDING,REGULAR_SUBMISSION,PENDING,LOW_2Y_SHARPE,FAIL,-1.53,1.58,MATCHES_COMPETITION,PENDING,AIACv2,AI Alphas Competition 2.0,PASS,MATCHES_PYRAMID,1,1.1,EUR/D1/RISK,1.1,WARNING,MATCHES_THEMES,EDrKL34,2.0,JPN Dataset Utilization Theme,M4ZYx3D,2.0,AMR Dataset Utilization Theme,9B3qxZ4,2.0,KOR Dataset Utilization Theme,PBVkEJD,2.0,TWN Dataset Utilization Theme,by88rqy,2.0,HKG Dataset Utilization Theme,V45896D,1.0,GLB/D1 TOPDIV3000 Power Pool Feb`26,,,,,,,,,,,,,
A1JgYWVW,REGULAR,PS40111,EQUITY,EUR,TOP2500,1,0,INDUSTRY,0.08,ON,VERIFY,OFF,OFF,FASTEXPR,False,2014-01-01,2023-12-31,"ts_zscore(divide(ts_backfill(ts_delta(vec_avg(rsk60_last),5),5),ts_backfill(ts_std_dev(vec_avg(rsk60_last),30),5)),20)",,8,2026-02-06T23:45:45-05:00,,2026-02-06T23:45:45-05:00,,False,False,,,ace_tag,llm_test,confidence_0.66,DATA_USAGE:SINGLE_DATA_SET,Single Data Set Alpha,,IS,UNSUBMITTED,12523,20000000,897,886,1.0497,0.0001,0.0677,0.0,0.0,0.0,2014-01-01,-482139.0,20000000.0,938.0,916.0,0.2304,-0.0047,0.1707,-4.1e-05,-0.02,-0.17,289754.0,20000000.0,897.0,886.0,1.0497,0.0028,0.0615,5e-06,0.01,0.13,LOW_SHARPE,FAIL,1.58,0.0,LOW_FITNESS,FAIL,1.0,0.0,LOW_TURNOVER,PASS,0.01,1.0497,HIGH_TURNOVER,FAIL,0.7,1.0497,CONCENTRATED_WEIGHT,PASS,LOW_SUB_UNIVERSE_SHARPE,PASS,0.0,0.17,SELF_CORRELATION,PENDING,DATA_DIVERSITY,PENDING,PROD_CORRELATION,PENDING,REGULAR_SUBMISSION,PENDING,LOW_2Y_SHARPE,FAIL,-0.21,1.58,MATCHES_COMPETITION,PENDING,AIACv2,AI Alphas Competition 2.0,PASS,MATCHES_PYRAMID,1,1.1,EUR/D1/RISK,1.1,WARNING,MATCHES_THEMES,EDrKL34,2.0,JPN Dataset Utilization Theme,M4ZYx3D,2.0,AMR Dataset Utilization Theme,9B3qxZ4,2.0,KOR Dataset Utilization Theme,PBVkEJD,2.0,TWN Dataset Utilization Theme,by88rqy,2.0,HKG Dataset Utilization Theme,V45896D,1.0,GLB/D1 TOPDIV3000 Power Pool Feb`26,,,,,,,,,,,,,
587a30bn,REGULAR,PS40111,EQUITY,EUR,TOP2500,1,0,INDUSTRY,0.08,ON,VERIFY,OFF,OFF,FASTEXPR,False,2014-01-01,2023-12-31,"ts_zscore(ts_backfill(ts_product(vec_avg(rsk60_offer),5),5),20)",,4,2026-02-06T23:45:57-05:00,,2026-02-06T23:45:57-05:00,,False,False,,,ace_tag,llm_test,confidence_0.56,DATA_USAGE:SINGLE_DATA_SET,Single Data Set Alpha,,IS,UNSUBMITTED,787454,20000000,661,1069,0.3561,0.0076,0.0725,4.3e-05,0.25,0.04,2014-01-01,-1644620.0,20000000.0,771.0,1081.0,0.1358,-0.0159,0.2111,-0.000235,-0.18,-0.54,390616.0,20000000.0,661.0,1069.0,0.3561,0.0038,0.0629,2.1e-05,0.02,0.18,LOW_SHARPE,FAIL,1.58,0.25,LOW_FITNESS,FAIL,1.0,0.04,LOW_TURNOVER,PASS,0.01,0.3561,HIGH_TURNOVER,PASS,0.7,0.3561,CONCENTRATED_WEIGHT,PASS,LOW_SUB_UNIVERSE_SHARPE,PASS,0.13,0.39,SELF_CORRELATION,PENDING,DATA_DIVERSITY,PENDING,PROD_CORRELATION,PENDING,REGULAR_SUBMISSION,PENDING,LOW_2Y_SHARPE,FAIL,0.58,1.58,MATCHES_COMPETITION,PENDING,AIACv2,AI Alphas Competition 2.0,PASS,MATCHES_PYRAMID,1,1.1,EUR/D1/RISK,1.1,WARNING,MATCHES_THEMES,EDrKL34,2.0,JPN Dataset Utilization Theme,M4ZYx3D,2.0,AMR Dataset Utilization Theme,9B3qxZ4,2.0,KOR Dataset Utilization Theme,PBVkEJD,2.0,TWN Dataset Utilization Theme,by88rqy,2.0,HKG Dataset Utilization Theme,V45896D,1.0,GLB/D1 TOPDIV3000 Power Pool Feb`26,,,,,,,,,,,,,
WjwanQQj,REGULAR,PS40111,EQUITY,EUR,TOP2500,1,0,INDUSTRY,0.08,ON,VERIFY,OFF,OFF,FASTEXPR,False,2014-01-01,2023-12-31,"zscore(ts_backfill(vec_avg(rsk60_crowding),5))",,3,2026-02-06T23:45:57-05:00,,2026-02-06T23:45:58-05:00,,False,False,,,ace_tag,llm_test,confidence_0.54,DATA_USAGE:SINGLE_DATA_SET,Single Data Set Alpha,,IS,UNSUBMITTED,2425365,20000000,712,1424,1.5097,0.0291,0.1592,3.9e-05,0.33,0.05,2014-01-01,-2175567.0,20000000.0,736.0,1491.0,0.2676,-0.0261,0.5206,-0.000195,-0.1,-0.31,1114230.0,20000000.0,712.0,1424.0,1.5097,0.0134,0.1188,1.8e-05,0.02,0.21,LOW_SHARPE,FAIL,1.58,0.33,LOW_FITNESS,FAIL,1.0,0.05,LOW_TURNOVER,PASS,0.01,1.5097,HIGH_TURNOVER,FAIL,0.7,1.5097,CONCENTRATED_WEIGHT,FAIL,LOW_SUB_UNIVERSE_SHARPE,PASS,0.17,0.17,SELF_CORRELATION,PENDING,DATA_DIVERSITY,PENDING,PROD_CORRELATION,PENDING,REGULAR_SUBMISSION,PENDING,LOW_2Y_SHARPE,FAIL,0.05,1.58,MATCHES_COMPETITION,PENDING,AIACv2,AI Alphas Competition 2.0,PASS,MATCHES_PYRAMID,1,1.1,EUR/D1/RISK,1.1,WARNING,MATCHES_THEMES,EDrKL34,2.0,JPN Dataset Utilization Theme,M4ZYx3D,2.0,AMR Dataset Utilization Theme,9B3qxZ4,2.0,KOR Dataset Utilization Theme,PBVkEJD,2.0,TWN Dataset Utilization Theme,by88rqy,2.0,HKG Dataset Utilization Theme,V45896D,1.0,GLB/D1 TOPDIV3000 Power Pool Feb`26,,,,,,,,,,,2016-04-13,0.1,0.113262
0mke9lrr,REGULAR,PS40111,EQUITY,EUR,TOP2500,1,0,INDUSTRY,0.08,ON,VERIFY,OFF,OFF,FASTEXPR,False,2014-01-01,2023-12-31,"ts_zscore(ts_backfill(ts_sum(vec_avg(rsk60_offer),7),5),20)",,4,2026-02-06T23:45:43-05:00,,2026-02-06T23:45:44-05:00,,False,False,,,ace_tag,llm_test,confidence_0.65,DATA_USAGE:SINGLE_DATA_SET,Single Data Set Alpha,,IS,UNSUBMITTED,2393222,20000000,884,856,0.3122,0.0232,0.05,0.000149,0.91,0.25,2014-01-01,-231974.0,20000000.0,894.0,955.0,0.1298,-0.0023,0.1138,-3.5e-05,-0.01,-0.09,822969.0,20000000.0,884.0,856.0,0.3122,0.008,0.0816,5.1e-05,0.06,0.37,LOW_SHARPE,FAIL,1.58,0.91,LOW_FITNESS,FAIL,1.0,0.25,LOW_TURNOVER,PASS,0.01,0.3122,HIGH_TURNOVER,PASS,0.7,0.3122,CONCENTRATED_WEIGHT,PASS,LOW_SUB_UNIVERSE_SHARPE,PASS,0.47,0.95,SELF_CORRELATION,PENDING,DATA_DIVERSITY,PENDING,PROD_CORRELATION,PENDING,REGULAR_SUBMISSION,PENDING,LOW_2Y_SHARPE,FAIL,1.32,1.58,MATCHES_COMPETITION,PENDING,AIACv2,AI Alphas Competition 2.0,PASS,MATCHES_PYRAMID,1,1.1,EUR/D1/RISK,1.1,WARNING,MATCHES_THEMES,EDrKL34,2.0,JPN Dataset Utilization Theme,M4ZYx3D,2.0,AMR Dataset Utilization Theme,9B3qxZ4,2.0,KOR Dataset Utilization Theme,PBVkEJD,2.0,TWN Dataset Utilization Theme,by88rqy,2.0,HKG Dataset Utilization Theme,V45896D,1.0,GLB/D1 TOPDIV3000 Power Pool Feb`26,,,,,,,,,,,,,
QPr2qJbM,REGULAR,PS40111,EQUITY,EUR,TOP2500,1,0,INDUSTRY,0.08,ON,VERIFY,OFF,OFF,FASTEXPR,False,2014-01-01,2023-12-31,"ts_decay_linear(ts_zscore(ts_backfill(vec_avg(rsk60_last),5),10),5)",,4,2026-02-06T23:45:42-05:00,,2026-02-06T23:45:43-05:00,,False,False,,,ace_tag,llm_test,confidence_0.64,DATA_USAGE:SINGLE_DATA_SET,Single Data Set Alpha,,IS,UNSUBMITTED,1601492,20000000,748,859,0.5497,0.0155,0.0375,5.7e-05,0.61,0.1,2014-01-01,219656.0,20000000.0,844.0,908.0,0.1758,0.0021,0.1415,2.4e-05,0.01,0.07,1147052.0,20000000.0,748.0,859.0,0.5497,0.0111,0.028,4e-05,0.07,0.51,LOW_SHARPE,FAIL,1.58,0.61,LOW_FITNESS,FAIL,1.0,0.1,LOW_TURNOVER,PASS,0.01,0.5497,HIGH_TURNOVER,PASS,0.7,0.5497,CONCENTRATED_WEIGHT,PASS,LOW_SUB_UNIVERSE_SHARPE,PASS,0.32,0.84,SELF_CORRELATION,PENDING,DATA_DIVERSITY,PENDING,PROD_CORRELATION,PENDING,REGULAR_SUBMISSION,PENDING,LOW_2Y_SHARPE,FAIL,-0.07,1.58,MATCHES_COMPETITION,PENDING,AIACv2,AI Alphas Competition 2.0,PASS,MATCHES_PYRAMID,1,1.1,EUR/D1/RISK,1.1,WARNING,MATCHES_THEMES,EDrKL34,2.0,JPN Dataset Utilization Theme,M4ZYx3D,2.0,AMR Dataset Utilization Theme,9B3qxZ4,2.0,KOR Dataset Utilization Theme,PBVkEJD,2.0,TWN Dataset Utilization Theme,by88rqy,2.0,HKG Dataset Utilization Theme,V45896D,1.0,GLB/D1 TOPDIV3000 Power Pool Feb`26,,,,,,,,,,,,,
9qPaPNgx,REGULAR,PS40111,EQUITY,EUR,TOP2500,1,0,INDUSTRY,0.08,ON,VERIFY,OFF,OFF,FASTEXPR,False,2014-01-01,2023-12-31,"zscore(ts_backfill(vec_avg(rsk60_offer),5))",vec_avg(rsk60_offer) then cross-sectional zscore() as ranking measure. ts_backfill applied. SUGGESTION1 not used. Confidence: 0.70,3,2026-02-06T23:43:26-05:00,,2026-02-06T23:43:30-05:00,,False,False,,,ace_tag,llm_test,confidence_0.67,DATA_USAGE:SINGLE_DATA_SET,Single Data Set Alpha,,IS,UNSUBMITTED,-11906636,20000000,451,1680,0.0952,-0.1154,1.2435,-0.002424,-1.54,-1.48,2014-01-01,-10774281.0,20000000.0,538.0,1624.0,0.0404,-0.1044,1.1146,-0.005173,-1.4,-1.53,-5340218.0,20000000.0,451.0,1680.0,0.0952,-0.0518,0.5592,-0.001087,-0.71,-1.1,LOW_SHARPE,FAIL,1.58,-1.54,LOW_FITNESS,FAIL,1.0,-1.48,LOW_TURNOVER,PASS,0.01,0.0952,HIGH_TURNOVER,PASS,0.7,0.0952,CONCENTRATED_WEIGHT,PASS,LOW_SUB_UNIVERSE_SHARPE,FAIL,-0.8,-1.13,SELF_CORRELATION,PENDING,DATA_DIVERSITY,PENDING,PROD_CORRELATION,PENDING,REGULAR_SUBMISSION,PENDING,LOW_2Y_SHARPE,FAIL,-2.38,1.58,MATCHES_COMPETITION,PENDING,AIACv2,AI Alphas Competition 2.0,PASS,MATCHES_PYRAMID,1,1.1,EUR/D1/RISK,1.1,WARNING,MATCHES_THEMES,EDrKL34,2.0,JPN Dataset Utilization Theme,M4ZYx3D,2.0,AMR Dataset Utilization Theme,9B3qxZ4,2.0,KOR Dataset Utilization Theme,PBVkEJD,2.0,TWN Dataset Utilization Theme,by88rqy,2.0,HKG Dataset Utilization Theme,V45896D,1.0,GLB/D1 TOPDIV3000 Power Pool Feb`26,,,,,,,,,,,,,
d58EgV0j,REGULAR,PS40111,EQUITY,EUR,TOP2500,1,0,INDUSTRY,0.08,ON,VERIFY,OFF,OFF,FASTEXPR,False,2014-01-01,2023-12-31,"ts_zscore(ts_backfill(ts_ir(vec_avg(rsk60_crowding),30),5),20)",,4,2026-02-06T23:46:07-05:00,,2026-02-06T23:46:08-05:00,,False,False,,,ace_tag,llm_test,confidence_0.6,DATA_USAGE:SINGLE_DATA_SET,Single Data Set Alpha,,IS,UNSUBMITTED,-2520619,20000000,761,738,0.4603,-0.0303,0.2588,-0.000132,-1.09,-0.28,2014-01-01,-1488112.0,20000000.0,810.0,783.0,0.1278,-0.0179,0.1777,-0.00028,-0.24,-0.63,-1339001.0,20000000.0,761.0,738.0,0.4603,-0.0161,0.145,-7e-05,-0.12,-0.66,LOW_SHARPE,FAIL,1.58,-1.09,LOW_FITNESS,FAIL,1.0,-0.28,LOW_TURNOVER,PASS,0.01,0.4603,HIGH_TURNOVER,PASS,0.7,0.4603,CONCENTRATED_WEIGHT,PASS,LOW_SUB_UNIVERSE_SHARPE,FAIL,-0.57,-1.18,SELF_CORRELATION,PENDING,DATA_DIVERSITY,PENDING,PROD_CORRELATION,PENDING,REGULAR_SUBMISSION,PENDING,LOW_2Y_SHARPE,FAIL,-2.0,1.58,MATCHES_COMPETITION,PENDING,AIACv2,AI Alphas Competition 2.0,PASS,MATCHES_PYRAMID,1,1.1,EUR/D1/RISK,1.1,WARNING,MATCHES_THEMES,EDrKL34,2.0,JPN Dataset Utilization Theme,M4ZYx3D,2.0,AMR Dataset Utilization Theme,9B3qxZ4,2.0,KOR Dataset Utilization Theme,PBVkEJD,2.0,TWN Dataset Utilization Theme,by88rqy,2.0,HKG Dataset Utilization Theme,V45896D,1.0,GLB/D1 TOPDIV3000 Power Pool Feb`26,,,,,,,,,,,,,
LLbgqxdM,REGULAR,PS40111,EQUITY,EUR,TOP2500,1,0,INDUSTRY,0.08,ON,VERIFY,OFF,OFF,FASTEXPR,False,2014-01-01,2023-12-31,"ts_zscore(subtract(ts_backfill(vec_avg(rsk60_offer),5),divide(ts_backfill(vec_avg(rsk60_crowding),5),1)),20)",,7,2026-02-06T23:47:23-05:00,,2026-02-06T23:47:24-05:00,,False,False,,,ace_tag,llm_test,confidence_0.72,DATA_USAGE:SINGLE_DATA_SET,Single Data Set Alpha,,IS,UNSUBMITTED,1232173,20000000,839,755,1.0897,0.0148,0.0871,2.7e-05,0.48,0.06,2014-01-01,-538279.0,20000000.0,892.0,822.0,0.2087,-0.0065,0.1343,-6.2e-05,-0.03,-0.18,600745.0,20000000.0,839.0,755.0,1.0897,0.0072,0.0784,1.3e-05,0.02,0.27,LOW_SHARPE,FAIL,1.58,0.48,LOW_FITNESS,FAIL,1.0,0.06,LOW_TURNOVER,PASS,0.01,1.0897,HIGH_TURNOVER,FAIL,0.7,1.0897,CONCENTRATED_WEIGHT,PASS,LOW_SUB_UNIVERSE_SHARPE,PASS,0.25,0.78,SELF_CORRELATION,PENDING,DATA_DIVERSITY,PENDING,PROD_CORRELATION,PENDING,REGULAR_SUBMISSION,PENDING,LOW_2Y_SHARPE,FAIL,0.31,1.58,MATCHES_COMPETITION,PENDING,AIACv2,AI Alphas Competition 2.0,PASS,MATCHES_PYRAMID,1,1.1,EUR/D1/RISK,1.1,WARNING,MATCHES_THEMES,EDrKL34,2.0,JPN Dataset Utilization Theme,M4ZYx3D,2.0,AMR Dataset Utilization Theme,9B3qxZ4,2.0,KOR Dataset Utilization Theme,PBVkEJD,2.0,TWN Dataset Utilization Theme,by88rqy,2.0,HKG Dataset Utilization Theme,V45896D,1.0,GLB/D1 TOPDIV3000 Power Pool Feb`26,,,,,,,,,,,,,
e78dgJMg,REGULAR,PS40111,EQUITY,EUR,TOP2500,1,0,INDUSTRY,0.08,ON,VERIFY,OFF,OFF,FASTEXPR,False,2014-01-01,2023-12-31,"ts_zscore(ts_backfill(ts_quantile(vec_avg(rsk60_last),30),5),20)",,4,2026-02-06T23:47:34-05:00,,2026-02-06T23:47:34-05:00,,False,False,,,ace_tag,llm_test,confidence_0.66,DATA_USAGE:SINGLE_DATA_SET,Single Data Set Alpha,,IS,UNSUBMITTED,1673286,20000000,921,1010,0.8328,0.0162,0.0571,3.9e-05,0.74,0.1,2014-01-01,818427.0,20000000.0,946.0,1035.0,0.2054,0.0079,0.0694,7.7e-05,0.06,0.33,1248630.0,20000000.0,921.0,1010.0,0.8328,0.0121,0.0324,2.9e-05,0.08,0.68,LOW_SHARPE,FAIL,1.58,0.74,LOW_FITNESS,FAIL,1.0,0.1,LOW_TURNOVER,PASS,0.01,0.8328,HIGH_TURNOVER,FAIL,0.7,0.8328,CONCENTRATED_WEIGHT,PASS,LOW_SUB_UNIVERSE_SHARPE,PASS,0.38,0.63,SELF_CORRELATION,PENDING,DATA_DIVERSITY,PENDING,PROD_CORRELATION,PENDING,REGULAR_SUBMISSION,PENDING,LOW_2Y_SHARPE,FAIL,-0.11,1.58,MATCHES_COMPETITION,PENDING,AIACv2,AI Alphas Competition 2.0,PASS,MATCHES_PYRAMID,1,1.1,EUR/D1/RISK,1.1,WARNING,MATCHES_THEMES,EDrKL34,2.0,JPN Dataset Utilization Theme,M4ZYx3D,2.0,AMR Dataset Utilization Theme,9B3qxZ4,2.0,KOR Dataset Utilization Theme,PBVkEJD,2.0,TWN Dataset Utilization Theme,by88rqy,2.0,HKG Dataset Utilization Theme,V45896D,1.0,GLB/D1 TOPDIV3000 Power Pool Feb`26,,,,,,,,,,,,,
WjwanmAj,REGULAR,PS40111,EQUITY,EUR,TOP2500,1,0,INDUSTRY,0.08,ON,VERIFY,OFF,OFF,FASTEXPR,False,2014-01-01,2023-12-31,"ts_zscore(multiply(ts_backfill(ts_rank(vec_avg(rsk60_offer),5),3),sign(ts_backfill(ts_delta(vec_avg(rsk60_crowding),3),3))),20)",,9,2026-02-06T23:47:23-05:00,,2026-02-06T23:47:24-05:00,,False,False,,,ace_tag,llm_test,confidence_0.71,DATA_USAGE:SINGLE_DATA_SET,Single Data Set Alpha,,IS,UNSUBMITTED,-866424,20000000,675,795,1.3362,-0.0104,0.0979,-1.6e-05,-0.3,-0.03,2014-01-01,-75944.0,20000000.0,731.0,841.0,0.2363,-0.0009,0.1542,-8e-06,-0.0,-0.02,-742571.0,20000000.0,675.0,795.0,1.3362,-0.0089,0.1206,-1.3e-05,-0.02,-0.29,LOW_SHARPE,FAIL,1.58,-0.3,LOW_FITNESS,FAIL,1.0,-0.03,LOW_TURNOVER,PASS,0.01,1.3362,HIGH_TURNOVER,FAIL,0.7,1.3362,CONCENTRATED_WEIGHT,FAIL,LOW_SUB_UNIVERSE_SHARPE,PASS,-0.16,0.07,SELF_CORRELATION,PENDING,DATA_DIVERSITY,PENDING,PROD_CORRELATION,PENDING,REGULAR_SUBMISSION,PENDING,LOW_2Y_SHARPE,FAIL,-0.61,1.58,MATCHES_COMPETITION,PENDING,AIACv2,AI Alphas Competition 2.0,PASS,MATCHES_PYRAMID,1,1.1,EUR/D1/RISK,1.1,WARNING,MATCHES_THEMES,EDrKL34,2.0,JPN Dataset Utilization Theme,M4ZYx3D,2.0,AMR Dataset Utilization Theme,9B3qxZ4,2.0,KOR Dataset Utilization Theme,PBVkEJD,2.0,TWN Dataset Utilization Theme,by88rqy,2.0,HKG Dataset Utilization Theme,V45896D,1.0,GLB/D1 TOPDIV3000 Power Pool Feb`26,,,,,,,,,,,2016-09-09,0.1,0.36993
6XPa3b5E,REGULAR,PS40111,EQUITY,EUR,TOP2500,1,0,INDUSTRY,0.08,ON,VERIFY,OFF,OFF,FASTEXPR,False,2014-01-01,2023-12-31,"reverse(ts_zscore(ts_backfill(vec_avg(rsk60_offer),5),120))",,4,2026-02-06T23:47:37-05:00,,2026-02-06T23:47:37-05:00,,False,False,,,ace_tag,llm_test,confidence_0.68,DATA_USAGE:SINGLE_DATA_SET,Single Data Set Alpha,,IS,UNSUBMITTED,10511,20000000,1091,656,0.3972,0.0001,0.0666,1e-06,0.0,0.0,2014-01-01,2755401.0,20000000.0,1074.0,719.0,0.1101,0.0267,0.0457,0.000485,0.38,0.83,-630998.0,20000000.0,1091.0,656.0,0.3972,-0.0061,0.0852,-3.1e-05,-0.03,-0.26,LOW_SHARPE,FAIL,1.58,0.0,LOW_FITNESS,FAIL,1.0,0.0,LOW_TURNOVER,PASS,0.01,0.3972,HIGH_TURNOVER,PASS,0.7,0.3972,CONCENTRATED_WEIGHT,PASS,LOW_SUB_UNIVERSE_SHARPE,FAIL,0.0,-0.29,SELF_CORRELATION,PENDING,DATA_DIVERSITY,PENDING,PROD_CORRELATION,PENDING,REGULAR_SUBMISSION,PENDING,LOW_2Y_SHARPE,FAIL,-0.1,1.58,MATCHES_COMPETITION,PENDING,AIACv2,AI Alphas Competition 2.0,PASS,MATCHES_PYRAMID,1,1.1,EUR/D1/RISK,1.1,WARNING,MATCHES_THEMES,EDrKL34,2.0,JPN Dataset Utilization Theme,M4ZYx3D,2.0,AMR Dataset Utilization Theme,9B3qxZ4,2.0,KOR Dataset Utilization Theme,PBVkEJD,2.0,TWN Dataset Utilization Theme,by88rqy,2.0,HKG Dataset Utilization Theme,V45896D,1.0,GLB/D1 TOPDIV3000 Power Pool Feb`26,,,,,,,,,,,,,
Xgw2PEoX,REGULAR,PS40111,EQUITY,EUR,TOP2500,1,0,INDUSTRY,0.08,ON,VERIFY,OFF,OFF,FASTEXPR,False,2014-01-01,2023-12-31,"ts_zscore(ts_backfill(ts_arg_max(ts_backfill(ts_delta(vec_avg(rsk60_offer),3),3),5),3),10)",,6,2026-02-06T23:47:23-05:00,,2026-02-06T23:47:24-05:00,,False,False,,,ace_tag,llm_test,confidence_0.63,DATA_USAGE:SINGLE_DATA_SET,Single Data Set Alpha,,IS,UNSUBMITTED,-742745,20000000,711,421,0.8793,-0.0072,0.1479,-1.6e-05,-0.25,-0.02,2014-01-01,-280508.0,20000000.0,780.0,565.0,0.1839,-0.0027,0.1006,-3e-05,-0.01,-0.08,-85056.0,20000000.0,711.0,421.0,0.8793,-0.0008,0.0848,-2e-06,-0.0,-0.03,LOW_SHARPE,FAIL,1.58,-0.25,LOW_FITNESS,FAIL,1.0,-0.02,LOW_TURNOVER,PASS,0.01,0.8793,HIGH_TURNOVER,FAIL,0.7,0.8793,CONCENTRATED_WEIGHT,PASS,LOW_SUB_UNIVERSE_SHARPE,PASS,-0.13,-0.03,SELF_CORRELATION,PENDING,DATA_DIVERSITY,PENDING,PROD_CORRELATION,PENDING,REGULAR_SUBMISSION,PENDING,LOW_2Y_SHARPE,FAIL,-0.95,1.58,MATCHES_COMPETITION,PENDING,AIACv2,AI Alphas Competition 2.0,PASS,MATCHES_PYRAMID,1,1.1,EUR/D1/RISK,1.1,WARNING,MATCHES_THEMES,EDrKL34,2.0,JPN Dataset Utilization Theme,M4ZYx3D,2.0,AMR Dataset Utilization Theme,9B3qxZ4,2.0,KOR Dataset Utilization Theme,PBVkEJD,2.0,TWN Dataset Utilization Theme,by88rqy,2.0,HKG Dataset Utilization Theme,V45896D,1.0,GLB/D1 TOPDIV3000 Power Pool Feb`26,,,,,,,,,,,,,
d58EgwaY,REGULAR,PS40111,EQUITY,EUR,TOP2500,1,0,INDUSTRY,0.08,ON,VERIFY,OFF,OFF,FASTEXPR,False,2014-01-01,2023-12-31,"ts_zscore(multiply(ts_backfill(vec_avg(rsk60_crowding),5),ts_backfill(vec_avg(rsk60_last),5)),20)",,6,2026-02-06T23:47:28-05:00,,2026-02-06T23:47:28-05:00,,False,False,,,ace_tag,llm_test,confidence_0.7,DATA_USAGE:SINGLE_DATA_SET,Single Data Set Alpha,,IS,UNSUBMITTED,-656481,20000000,736,959,1.3768,-0.0079,0.1852,-1.1e-05,-0.2,-0.02,2014-01-01,-492220.0,20000000.0,801.0,974.0,0.2295,-0.0059,0.2178,-5.2e-05,-0.02,-0.13,-247797.0,20000000.0,736.0,959.0,1.3768,-0.003,0.1108,-4e-06,-0.0,-0.09,LOW_SHARPE,FAIL,1.58,-0.2,LOW_FITNESS,FAIL,1.0,-0.02,LOW_TURNOVER,PASS,0.01,1.3768,HIGH_TURNOVER,FAIL,0.7,1.3768,CONCENTRATED_WEIGHT,PASS,LOW_SUB_UNIVERSE_SHARPE,FAIL,-0.1,-0.59,SELF_CORRELATION,PENDING,DATA_DIVERSITY,PENDING,PROD_CORRELATION,PENDING,REGULAR_SUBMISSION,PENDING,LOW_2Y_SHARPE,FAIL,0.23,1.58,MATCHES_COMPETITION,PENDING,AIACv2,AI Alphas Competition 2.0,PASS,MATCHES_PYRAMID,1,1.1,EUR/D1/RISK,1.1,WARNING,MATCHES_THEMES,EDrKL34,2.0,JPN Dataset Utilization Theme,M4ZYx3D,2.0,AMR Dataset Utilization Theme,9B3qxZ4,2.0,KOR Dataset Utilization Theme,PBVkEJD,2.0,TWN Dataset Utilization Theme,by88rqy,2.0,HKG Dataset Utilization Theme,V45896D,1.0,GLB/D1 TOPDIV3000 Power Pool Feb`26,,,,,,,,,,,,,
587a3VPk,REGULAR,PS40111,EQUITY,EUR,TOP2500,1,0,INDUSTRY,0.08,ON,VERIFY,OFF,OFF,FASTEXPR,False,2014-01-01,2023-12-31,"ts_zscore(divide(ts_backfill(vec_avg(rsk60_offer),5),ts_backfill(ts_std_dev(vec_avg(rsk60_offer),10),5)),20)",,7,2026-02-06T23:47:37-05:00,,2026-02-06T23:47:37-05:00,,False,False,,,ace_tag,llm_test,confidence_0.65,DATA_USAGE:SINGLE_DATA_SET,Single Data Set Alpha,,IS,UNSUBMITTED,-1466771,20000000,817,456,0.459,-0.0142,0.2122,-6.2e-05,-0.35,-0.06,2014-01-01,262721.0,20000000.0,914.0,515.0,0.1262,0.0025,0.1435,4e-05,0.01,0.06,-1045899.0,20000000.0,817.0,456.0,0.459,-0.0101,0.1598,-4.4e-05,-0.04,-0.3,LOW_SHARPE,FAIL,1.58,-0.35,LOW_FITNESS,FAIL,1.0,-0.06,LOW_TURNOVER,PASS,0.01,0.459,HIGH_TURNOVER,PASS,0.7,0.459,CONCENTRATED_WEIGHT,PASS,LOW_SUB_UNIVERSE_SHARPE,FAIL,-0.18,-0.19,SELF_CORRELATION,PENDING,DATA_DIVERSITY,PENDING,PROD_CORRELATION,PENDING,REGULAR_SUBMISSION,PENDING,LOW_2Y_SHARPE,FAIL,-0.52,1.58,MATCHES_COMPETITION,PENDING,AIACv2,AI Alphas Competition 2.0,PASS,MATCHES_PYRAMID,1,1.1,EUR/D1/RISK,1.1,WARNING,MATCHES_THEMES,EDrKL34,2.0,JPN Dataset Utilization Theme,M4ZYx3D,2.0,AMR Dataset Utilization Theme,9B3qxZ4,2.0,KOR Dataset Utilization Theme,PBVkEJD,2.0,TWN Dataset Utilization Theme,by88rqy,2.0,HKG Dataset Utilization Theme,V45896D,1.0,GLB/D1 TOPDIV3000 Power Pool Feb`26,,,,,,,,,,,,,
e78dggvN,REGULAR,PS40111,EQUITY,EUR,TOP2500,1,0,INDUSTRY,0.08,ON,VERIFY,OFF,OFF,FASTEXPR,False,2014-01-01,2023-12-31,"ts_zscore(ts_backfill(ts_product(vec_avg(rsk60_last),3),5),20)",,4,2026-02-06T23:49:14-05:00,,2026-02-06T23:49:15-05:00,,False,False,,,ace_tag,llm_test,confidence_0.57,DATA_USAGE:SINGLE_DATA_SET,Single Data Set Alpha,,IS,UNSUBMITTED,1193490,20000000,734,1193,0.5177,0.0116,0.051,4.5e-05,0.42,0.06,2014-01-01,-1497314.0,20000000.0,833.0,1183.0,0.1648,-0.0145,0.2211,-0.000176,-0.15,-0.5,989942.0,20000000.0,734.0,1193.0,0.5177,0.0096,0.0392,3.7e-05,0.07,0.49,LOW_SHARPE,FAIL,1.58,0.42,LOW_FITNESS,FAIL,1.0,0.06,LOW_TURNOVER,PASS,0.01,0.5177,HIGH_TURNOVER,PASS,0.7,0.5177,CONCENTRATED_WEIGHT,PASS,LOW_SUB_UNIVERSE_SHARPE,PASS,0.22,0.66,SELF_CORRELATION,PENDING,DATA_DIVERSITY,PENDING,PROD_CORRELATION,PENDING,REGULAR_SUBMISSION,PENDING,LOW_2Y_SHARPE,FAIL,0.16,1.58,MATCHES_COMPETITION,PENDING,AIACv2,AI Alphas Competition 2.0,PASS,MATCHES_PYRAMID,1,1.1,EUR/D1/RISK,1.1,WARNING,MATCHES_THEMES,EDrKL34,2.0,JPN Dataset Utilization Theme,M4ZYx3D,2.0,AMR Dataset Utilization Theme,9B3qxZ4,2.0,KOR Dataset Utilization Theme,PBVkEJD,2.0,TWN Dataset Utilization Theme,by88rqy,2.0,HKG Dataset Utilization Theme,V45896D,1.0,GLB/D1 TOPDIV3000 Power Pool Feb`26,,,,,,,,,,,,,
Jj0gYYWO,REGULAR,PS40111,EQUITY,EUR,TOP2500,1,0,INDUSTRY,0.08,ON,VERIFY,OFF,OFF,FASTEXPR,False,2014-01-01,2023-12-31,"ts_zscore(sign(ts_backfill(days_from_last_change(vec_avg(rsk60_crowding)),3)),10)",,5,2026-02-06T23:49:13-05:00,,2026-02-06T23:49:13-05:00,,False,False,,,ace_tag,llm_test,confidence_0.58,DATA_USAGE:SINGLE_DATA_SET,Single Data Set Alpha,,IS,UNSUBMITTED,-1412806,20000000,629,651,0.9909,-0.017,0.2124,-3.4e-05,-0.52,-0.07,2014-01-01,-891592.0,20000000.0,769.0,781.0,0.197,-0.0107,0.2108,-0.000109,-0.06,-0.27,-1565190.0,20000000.0,629.0,651.0,0.9909,-0.0188,0.1793,-3.8e-05,-0.08,-0.59,LOW_SHARPE,FAIL,1.58,-0.52,LOW_FITNESS,FAIL,1.0,-0.07,LOW_TURNOVER,PASS,0.01,0.9909,HIGH_TURNOVER,FAIL,0.7,0.9909,CONCENTRATED_WEIGHT,FAIL,LOW_SUB_UNIVERSE_SHARPE,PASS,-0.27,-0.12,SELF_CORRELATION,PENDING,DATA_DIVERSITY,PENDING,PROD_CORRELATION,PENDING,REGULAR_SUBMISSION,PENDING,LOW_2Y_SHARPE,FAIL,0.7,1.58,MATCHES_COMPETITION,PENDING,AIACv2,AI Alphas Competition 2.0,PASS,MATCHES_PYRAMID,1,1.1,EUR/D1/RISK,1.1,WARNING,MATCHES_THEMES,EDrKL34,2.0,JPN Dataset Utilization Theme,M4ZYx3D,2.0,AMR Dataset Utilization Theme,9B3qxZ4,2.0,KOR Dataset Utilization Theme,PBVkEJD,2.0,TWN Dataset Utilization Theme,by88rqy,2.0,HKG Dataset Utilization Theme,V45896D,1.0,GLB/D1 TOPDIV3000 Power Pool Feb`26,,,,,,,,,,,2015-12-01,0.1,0.200155
RRZ2qQqz,REGULAR,PS40111,EQUITY,EUR,TOP2500,1,0,INDUSTRY,0.08,ON,VERIFY,OFF,OFF,FASTEXPR,False,2014-01-01,2023-12-31,"quantile(ts_backfill(vec_avg(rsk60_offer),5))",vec_avg(rsk60_offer) then ts_backfill + quantile() to build cross-sectional ranks (SUGGESTION1 not used). Simple ranking used per KEEP_IN_MIND1. Confidence: 0.69,3,2026-02-06T23:46:01-05:00,,2026-02-06T23:46:08-05:00,,False,False,,,ace_tag,llm_test,confidence_0.68,DATA_USAGE:SINGLE_DATA_SET,Single Data Set Alpha,,IS,UNSUBMITTED,-4468138,20000000,1013,1117,0.11,-0.0433,0.4945,-0.000788,-0.89,-0.52,2014-01-01,-4684712.0,20000000.0,1053.0,1111.0,0.0492,-0.0454,0.5213,-0.001847,-0.55,-0.91,-1062749.0,20000000.0,1013.0,1117.0,0.11,-0.0103,0.1516,-0.000187,-0.18,-0.61,LOW_SHARPE,FAIL,1.58,-0.89,LOW_FITNESS,FAIL,1.0,-0.52,LOW_TURNOVER,PASS,0.01,0.11,HIGH_TURNOVER,PASS,0.7,0.11,CONCENTRATED_WEIGHT,PASS,LOW_SUB_UNIVERSE_SHARPE,PASS,-0.46,-0.43,SELF_CORRELATION,PENDING,DATA_DIVERSITY,PENDING,PROD_CORRELATION,PENDING,REGULAR_SUBMISSION,PENDING,LOW_2Y_SHARPE,FAIL,-1.53,1.58,MATCHES_COMPETITION,PENDING,AIACv2,AI Alphas Competition 2.0,PASS,MATCHES_PYRAMID,1,1.1,EUR/D1/RISK,1.1,WARNING,MATCHES_THEMES,EDrKL34,2.0,JPN Dataset Utilization Theme,M4ZYx3D,2.0,AMR Dataset Utilization Theme,9B3qxZ4,2.0,KOR Dataset Utilization Theme,PBVkEJD,2.0,TWN Dataset Utilization Theme,by88rqy,2.0,HKG Dataset Utilization Theme,V45896D,1.0,GLB/D1 TOPDIV3000 Power Pool Feb`26,,,,,,,,,,,,,
QPr2qqzX,REGULAR,PS40111,EQUITY,EUR,TOP2500,1,0,INDUSTRY,0.08,ON,VERIFY,OFF,OFF,FASTEXPR,False,2014-01-01,2023-12-31,"ts_zscore(subtract(ts_backfill(ts_mean(vec_avg(rsk60_last),5),3),ts_backfill(ts_mean(vec_avg(rsk60_last),30),3)),20)",,8,2026-02-06T23:49:13-05:00,,2026-02-06T23:49:14-05:00,,False,False,,,ace_tag,llm_test,confidence_0.65,DATA_USAGE:SINGLE_DATA_SET,Single Data Set Alpha,,IS,UNSUBMITTED,1959744,20000000,915,1007,0.3647,0.019,0.038,0.000104,0.87,0.2,2014-01-01,1092910.0,20000000.0,947.0,1024.0,0.1469,0.0106,0.0515,0.000145,0.13,0.48,1044028.0,20000000.0,915.0,1007.0,0.3647,0.0101,0.0339,5.6e-05,0.1,0.58,LOW_SHARPE,FAIL,1.58,0.87,LOW_FITNESS,FAIL,1.0,0.2,LOW_TURNOVER,PASS,0.01,0.3647,HIGH_TURNOVER,PASS,0.7,0.3647,CONCENTRATED_WEIGHT,PASS,LOW_SUB_UNIVERSE_SHARPE,PASS,0.45,1.04,SELF_CORRELATION,PENDING,DATA_DIVERSITY,PENDING,PROD_CORRELATION,PENDING,REGULAR_SUBMISSION,PENDING,LOW_2Y_SHARPE,FAIL,0.4,1.58,MATCHES_COMPETITION,PENDING,AIACv2,AI Alphas Competition 2.0,PASS,MATCHES_PYRAMID,1,1.1,EUR/D1/RISK,1.1,WARNING,MATCHES_THEMES,EDrKL34,2.0,JPN Dataset Utilization Theme,M4ZYx3D,2.0,AMR Dataset Utilization Theme,9B3qxZ4,2.0,KOR Dataset Utilization Theme,PBVkEJD,2.0,TWN Dataset Utilization Theme,by88rqy,2.0,HKG Dataset Utilization Theme,V45896D,1.0,GLB/D1 TOPDIV3000 Power Pool Feb`26,,,,,,,,,,,,,
WjwannlQ,REGULAR,PS40111,EQUITY,EUR,TOP2500,1,0,INDUSTRY,0.08,ON,VERIFY,OFF,OFF,FASTEXPR,False,2014-01-01,2023-12-31,"ts_zscore(multiply(ts_backfill(vec_avg(rsk60_offer),5),quantile(ts_backfill(vec_avg(rsk60_crowding),5))),20)",,7,2026-02-06T23:49:10-05:00,,2026-02-06T23:49:11-05:00,,False,False,,,ace_tag,llm_test,confidence_0.72,DATA_USAGE:SINGLE_DATA_SET,Single Data Set Alpha,,IS,UNSUBMITTED,-748354,20000000,1068,1122,1.3226,-0.009,0.1846,-1.4e-05,-0.29,-0.02,2014-01-01,-1119125.0,20000000.0,1087.0,1139.0,0.274,-0.0134,0.2042,-9.8e-05,-0.1,-0.43,47267.0,20000000.0,1068.0,1122.0,1.3226,0.0006,0.0942,1e-06,0.0,0.02,LOW_SHARPE,FAIL,1.58,-0.29,LOW_FITNESS,FAIL,1.0,-0.02,LOW_TURNOVER,PASS,0.01,1.3226,HIGH_TURNOVER,FAIL,0.7,1.3226,CONCENTRATED_WEIGHT,PASS,LOW_SUB_UNIVERSE_SHARPE,FAIL,-0.15,-0.48,SELF_CORRELATION,PENDING,DATA_DIVERSITY,PENDING,PROD_CORRELATION,PENDING,REGULAR_SUBMISSION,PENDING,LOW_2Y_SHARPE,FAIL,0.37,1.58,MATCHES_COMPETITION,PENDING,AIACv2,AI Alphas Competition 2.0,PASS,MATCHES_PYRAMID,1,1.1,EUR/D1/RISK,1.1,WARNING,MATCHES_THEMES,EDrKL34,2.0,JPN Dataset Utilization Theme,M4ZYx3D,2.0,AMR Dataset Utilization Theme,9B3qxZ4,2.0,KOR Dataset Utilization Theme,PBVkEJD,2.0,TWN Dataset Utilization Theme,by88rqy,2.0,HKG Dataset Utilization Theme,V45896D,1.0,GLB/D1 TOPDIV3000 Power Pool Feb`26,,,,,,,,,,,,,
9qPabbk9,REGULAR,PS40111,EQUITY,EUR,TOP2500,1,0,INDUSTRY,0.08,ON,VERIFY,OFF,OFF,FASTEXPR,False,2014-01-01,2023-12-31,"ts_zscore(ts_backfill(last_diff_value(vec_avg(rsk60_last),10),5),20)",,4,2026-02-06T23:49:15-05:00,,2026-02-06T23:49:15-05:00,,False,False,,,ace_tag,llm_test,confidence_0.61,DATA_USAGE:SINGLE_DATA_SET,Single Data Set Alpha,,IS,UNSUBMITTED,799397,20000000,773,977,0.804,0.0078,0.0618,1.9e-05,0.33,0.03,2014-01-01,-437429.0,20000000.0,840.0,1001.0,0.1878,-0.0042,0.1027,-4.5e-05,-0.03,-0.17,56319.0,20000000.0,773.0,977.0,0.804,0.0005,0.1118,1e-06,0.0,0.03,LOW_SHARPE,FAIL,1.58,0.33,LOW_FITNESS,FAIL,1.0,0.03,LOW_TURNOVER,PASS,0.01,0.804,HIGH_TURNOVER,FAIL,0.7,0.804,CONCENTRATED_WEIGHT,PASS,LOW_SUB_UNIVERSE_SHARPE,PASS,0.17,0.62,SELF_CORRELATION,PENDING,DATA_DIVERSITY,PENDING,PROD_CORRELATION,PENDING,REGULAR_SUBMISSION,PENDING,LOW_2Y_SHARPE,FAIL,0.92,1.58,MATCHES_COMPETITION,PENDING,AIACv2,AI Alphas Competition 2.0,PASS,MATCHES_PYRAMID,1,1.1,EUR/D1/RISK,1.1,WARNING,MATCHES_THEMES,EDrKL34,2.0,JPN Dataset Utilization Theme,M4ZYx3D,2.0,AMR Dataset Utilization Theme,9B3qxZ4,2.0,KOR Dataset Utilization Theme,PBVkEJD,2.0,TWN Dataset Utilization Theme,by88rqy,2.0,HKG Dataset Utilization Theme,V45896D,1.0,GLB/D1 TOPDIV3000 Power Pool Feb`26,,,,,,,,,,,,,
78qa00v2,REGULAR,PS40111,EQUITY,EUR,TOP2500,1,0,INDUSTRY,0.08,ON,VERIFY,OFF,OFF,FASTEXPR,False,2014-01-01,2023-12-31,"scale(ts_backfill(vec_avg(rsk60_offer),5))",,3,2026-02-06T23:49:13-05:00,,2026-02-06T23:49:14-05:00,,False,False,,,ace_tag,llm_test,confidence_0.67,DATA_USAGE:SINGLE_DATA_SET,Single Data Set Alpha,,IS,UNSUBMITTED,-11906635,20000000,451,1680,0.0952,-0.1154,1.2435,-0.002424,-1.54,-1.48,2014-01-01,-10774283.0,20000000.0,538.0,1624.0,0.0404,-0.1044,1.1146,-0.005173,-1.4,-1.53,-5340219.0,20000000.0,451.0,1680.0,0.0952,-0.0518,0.5592,-0.001087,-0.71,-1.1,LOW_SHARPE,FAIL,1.58,-1.54,LOW_FITNESS,FAIL,1.0,-1.48,LOW_TURNOVER,PASS,0.01,0.0952,HIGH_TURNOVER,PASS,0.7,0.0952,CONCENTRATED_WEIGHT,PASS,LOW_SUB_UNIVERSE_SHARPE,FAIL,-0.8,-1.13,SELF_CORRELATION,PENDING,DATA_DIVERSITY,PENDING,PROD_CORRELATION,PENDING,REGULAR_SUBMISSION,PENDING,LOW_2Y_SHARPE,FAIL,-2.38,1.58,MATCHES_COMPETITION,PENDING,AIACv2,AI Alphas Competition 2.0,PASS,MATCHES_PYRAMID,1,1.1,EUR/D1/RISK,1.1,WARNING,MATCHES_THEMES,EDrKL34,2.0,JPN Dataset Utilization Theme,M4ZYx3D,2.0,AMR Dataset Utilization Theme,9B3qxZ4,2.0,KOR Dataset Utilization Theme,PBVkEJD,2.0,TWN Dataset Utilization Theme,by88rqy,2.0,HKG Dataset Utilization Theme,V45896D,1.0,GLB/D1 TOPDIV3000 Power Pool Feb`26,,,,,,,,,,,,,
ak2AMAZ1,REGULAR,PS40111,EQUITY,EUR,TOP2500,1,0,INDUSTRY,0.08,ON,VERIFY,OFF,OFF,FASTEXPR,False,2014-01-01,2023-12-31,"ts_zscore(ts_backfill(ts_decay_linear(vec_avg(rsk60_offer),15),5),20)",,4,2026-02-06T23:50:44-05:00,,2026-02-06T23:50:44-05:00,,False,False,,,ace_tag,llm_test,confidence_0.66,DATA_USAGE:SINGLE_DATA_SET,Single Data Set Alpha,,IS,UNSUBMITTED,2345019,20000000,582,712,0.2804,0.0227,0.0396,0.000162,0.84,0.24,2014-01-01,-408300.0,20000000.0,680.0,749.0,0.1063,-0.004,0.1547,-7.5e-05,-0.03,-0.14,1457478.0,20000000.0,582.0,712.0,0.2804,0.0141,0.0604,0.000101,0.14,0.63,LOW_SHARPE,FAIL,1.58,0.84,LOW_FITNESS,FAIL,1.0,0.24,LOW_TURNOVER,PASS,0.01,0.2804,HIGH_TURNOVER,PASS,0.7,0.2804,CONCENTRATED_WEIGHT,PASS,LOW_SUB_UNIVERSE_SHARPE,PASS,0.44,1.1,SELF_CORRELATION,PENDING,DATA_DIVERSITY,PENDING,PROD_CORRELATION,PENDING,REGULAR_SUBMISSION,PENDING,LOW_2Y_SHARPE,FAIL,1.07,1.58,MATCHES_COMPETITION,PENDING,AIACv2,AI Alphas Competition 2.0,PASS,MATCHES_PYRAMID,1,1.1,EUR/D1/RISK,1.1,WARNING,MATCHES_THEMES,EDrKL34,2.0,JPN Dataset Utilization Theme,M4ZYx3D,2.0,AMR Dataset Utilization Theme,9B3qxZ4,2.0,KOR Dataset Utilization Theme,PBVkEJD,2.0,TWN Dataset Utilization Theme,by88rqy,2.0,HKG Dataset Utilization Theme,V45896D,1.0,GLB/D1 TOPDIV3000 Power Pool Feb`26,,,,,,,,,,,,,
ZYw2qWJ3,REGULAR,PS40111,EQUITY,EUR,TOP2500,1,0,INDUSTRY,0.08,ON,VERIFY,OFF,OFF,FASTEXPR,False,2014-01-01,2023-12-31,"reverse(quantile(ts_backfill(vec_avg(rsk60_last),5)))",,4,2026-02-06T23:50:39-05:00,,2026-02-06T23:50:40-05:00,,False,False,,,ace_tag,llm_test,confidence_0.65,DATA_USAGE:SINGLE_DATA_SET,Single Data Set Alpha,,IS,UNSUBMITTED,4673849,20000000,1079,1038,0.2619,0.0453,0.0982,0.000346,0.95,0.4,2014-01-01,4872299.0,20000000.0,1086.0,1063.0,0.0852,0.0472,0.1023,0.001108,0.58,0.95,1223178.0,20000000.0,1079.0,1038.0,0.2619,0.0119,0.0553,9.1e-05,0.15,0.69,LOW_SHARPE,FAIL,1.58,0.95,LOW_FITNESS,FAIL,1.0,0.4,LOW_TURNOVER,PASS,0.01,0.2619,HIGH_TURNOVER,PASS,0.7,0.2619,CONCENTRATED_WEIGHT,PASS,LOW_SUB_UNIVERSE_SHARPE,FAIL,0.49,0.48,SELF_CORRELATION,PENDING,DATA_DIVERSITY,PENDING,PROD_CORRELATION,PENDING,REGULAR_SUBMISSION,PENDING,LOW_2Y_SHARPE,PASS,1.96,1.58,MATCHES_COMPETITION,PENDING,AIACv2,AI Alphas Competition 2.0,PASS,MATCHES_PYRAMID,1,1.1,EUR/D1/RISK,1.1,WARNING,MATCHES_THEMES,EDrKL34,2.0,JPN Dataset Utilization Theme,M4ZYx3D,2.0,AMR Dataset Utilization Theme,9B3qxZ4,2.0,KOR Dataset Utilization Theme,PBVkEJD,2.0,TWN Dataset Utilization Theme,by88rqy,2.0,HKG Dataset Utilization Theme,V45896D,1.0,GLB/D1 TOPDIV3000 Power Pool Feb`26,,,,,,,,,,,,,
Wjwanajx,REGULAR,PS40111,EQUITY,EUR,TOP2500,1,0,INDUSTRY,0.08,ON,VERIFY,OFF,OFF,FASTEXPR,False,2014-01-01,2023-12-31,"ts_zscore(divide(ts_backfill(vec_avg(rsk60_offer),5),add(1,abs(ts_backfill(vec_avg(rsk60_crowding),5)))),20)",,8,2026-02-06T23:50:42-05:00,,2026-02-06T23:50:43-05:00,,False,False,,,ace_tag,llm_test,confidence_0.7,DATA_USAGE:SINGLE_DATA_SET,Single Data Set Alpha,,IS,UNSUBMITTED,116062,20000000,838,724,0.9464,0.0014,0.1034,3e-06,0.05,0.0,2014-01-01,-699660.0,20000000.0,892.0,800.0,0.1979,-0.0084,0.1682,-8.5e-05,-0.06,-0.27,311494.0,20000000.0,838.0,724.0,0.9464,0.0037,0.0726,8e-06,0.01,0.16,LOW_SHARPE,FAIL,1.58,0.05,LOW_FITNESS,FAIL,1.0,0.0,LOW_TURNOVER,PASS,0.01,0.9464,HIGH_TURNOVER,FAIL,0.7,0.9464,CONCENTRATED_WEIGHT,PASS,LOW_SUB_UNIVERSE_SHARPE,PASS,0.03,0.46,SELF_CORRELATION,PENDING,DATA_DIVERSITY,PENDING,PROD_CORRELATION,PENDING,REGULAR_SUBMISSION,PENDING,LOW_2Y_SHARPE,FAIL,1.27,1.58,MATCHES_COMPETITION,PENDING,AIACv2,AI Alphas Competition 2.0,PASS,MATCHES_PYRAMID,1,1.1,EUR/D1/RISK,1.1,WARNING,MATCHES_THEMES,EDrKL34,2.0,JPN Dataset Utilization Theme,M4ZYx3D,2.0,AMR Dataset Utilization Theme,9B3qxZ4,2.0,KOR Dataset Utilization Theme,PBVkEJD,2.0,TWN Dataset Utilization Theme,by88rqy,2.0,HKG Dataset Utilization Theme,V45896D,1.0,GLB/D1 TOPDIV3000 Power Pool Feb`26,,,,,,,,,,,,,
pwJVo193,REGULAR,PS40111,EQUITY,EUR,TOP2500,1,0,INDUSTRY,0.08,ON,VERIFY,OFF,OFF,FASTEXPR,False,2014-01-01,2023-12-31,"ts_zscore(ts_backfill(vec_avg(rsk60_offer),3),5)",,3,2026-02-06T23:50:40-05:00,,2026-02-06T23:50:41-05:00,,False,False,,,ace_tag,llm_test,confidence_0.64,DATA_USAGE:SINGLE_DATA_SET,Single Data Set Alpha,,IS,UNSUBMITTED,2434629,20000000,320,355,1.0595,0.0236,0.0558,4.5e-05,0.65,0.1,2014-01-01,-919667.0,20000000.0,497.0,500.0,0.1696,-0.0089,0.1481,-0.000105,-0.05,-0.2,1914317.0,20000000.0,320.0,355.0,1.0595,0.0186,0.0699,3.5e-05,0.07,0.56,LOW_SHARPE,FAIL,1.58,0.65,LOW_FITNESS,FAIL,1.0,0.1,LOW_TURNOVER,PASS,0.01,1.0595,HIGH_TURNOVER,FAIL,0.7,1.0595,CONCENTRATED_WEIGHT,FAIL,LOW_SUB_UNIVERSE_SHARPE,PASS,0.34,0.74,SELF_CORRELATION,PENDING,DATA_DIVERSITY,PENDING,PROD_CORRELATION,PENDING,REGULAR_SUBMISSION,PENDING,LOW_2Y_SHARPE,FAIL,0.9,1.58,MATCHES_COMPETITION,PENDING,AIACv2,AI Alphas Competition 2.0,PASS,MATCHES_PYRAMID,1,1.1,EUR/D1/RISK,1.1,WARNING,MATCHES_THEMES,EDrKL34,2.0,JPN Dataset Utilization Theme,M4ZYx3D,2.0,AMR Dataset Utilization Theme,9B3qxZ4,2.0,KOR Dataset Utilization Theme,PBVkEJD,2.0,TWN Dataset Utilization Theme,by88rqy,2.0,HKG Dataset Utilization Theme,V45896D,1.0,GLB/D1 TOPDIV3000 Power Pool Feb`26,,,,,,,,,,,,,
npkZYOGz,REGULAR,PS40111,EQUITY,EUR,TOP2500,1,0,INDUSTRY,0.08,ON,VERIFY,OFF,OFF,FASTEXPR,False,2014-01-01,2023-12-31,"ts_zscore(multiply(quantile(ts_backfill(vec_avg(rsk60_offer),5)),ts_zscore(ts_backfill(vec_avg(rsk60_crowding),5),10)),20)",,8,2026-02-06T23:50:38-05:00,,2026-02-06T23:50:39-05:00,,False,False,,,ace_tag,llm_test,confidence_0.71,DATA_USAGE:SINGLE_DATA_SET,Single Data Set Alpha,,IS,UNSUBMITTED,1365727,20000000,681,765,1.2755,0.0164,0.0928,2.6e-05,0.47,0.05,2014-01-01,1336682.0,20000000.0,743.0,830.0,0.2171,0.0161,0.1012,0.000148,0.11,0.4,681221.0,20000000.0,681.0,765.0,1.2755,0.0082,0.0941,1.3e-05,0.02,0.26,LOW_SHARPE,FAIL,1.58,0.47,LOW_FITNESS,FAIL,1.0,0.05,LOW_TURNOVER,PASS,0.01,1.2755,HIGH_TURNOVER,FAIL,0.7,1.2755,CONCENTRATED_WEIGHT,PASS,LOW_SUB_UNIVERSE_SHARPE,PASS,0.24,0.33,SELF_CORRELATION,PENDING,DATA_DIVERSITY,PENDING,PROD_CORRELATION,PENDING,REGULAR_SUBMISSION,PENDING,LOW_2Y_SHARPE,FAIL,-0.45,1.58,MATCHES_COMPETITION,PENDING,AIACv2,AI Alphas Competition 2.0,PASS,MATCHES_PYRAMID,1,1.1,EUR/D1/RISK,1.1,WARNING,MATCHES_THEMES,EDrKL34,2.0,JPN Dataset Utilization Theme,M4ZYx3D,2.0,AMR Dataset Utilization Theme,9B3qxZ4,2.0,KOR Dataset Utilization Theme,PBVkEJD,2.0,TWN Dataset Utilization Theme,by88rqy,2.0,HKG Dataset Utilization Theme,V45896D,1.0,GLB/D1 TOPDIV3000 Power Pool Feb`26,,,,,,,,,,,,,
QPr2qqzX,REGULAR,PS40111,EQUITY,EUR,TOP2500,1,0,INDUSTRY,0.08,ON,VERIFY,OFF,OFF,FASTEXPR,False,2014-01-01,2023-12-31,"ts_zscore(subtract(ts_backfill(ts_mean(vec_avg(rsk60_last),5),3),ts_backfill(ts_mean(vec_avg(rsk60_last),30),3)),20)",rsk60_last vec_avg + ts_backfill; subtract ts_mean(5) - ts_mean(30) then ts_zscore. SUGGESTION2 applied. Classic crossover adapted to borrow rates. Confidence: 0.65,8,2026-02-06T23:49:13-05:00,,2026-02-06T23:49:20-05:00,,False,False,,,ace_tag,llm_test,confidence_0.65,DATA_USAGE:SINGLE_DATA_SET,Single Data Set Alpha,,IS,UNSUBMITTED,1959744,20000000,915,1007,0.3647,0.019,0.038,0.000104,0.87,0.2,2014-01-01,1092910.0,20000000.0,947.0,1024.0,0.1469,0.0106,0.0515,0.000145,0.13,0.48,1044028.0,20000000.0,915.0,1007.0,0.3647,0.0101,0.0339,5.6e-05,0.1,0.58,LOW_SHARPE,FAIL,1.58,0.87,LOW_FITNESS,FAIL,1.0,0.2,LOW_TURNOVER,PASS,0.01,0.3647,HIGH_TURNOVER,PASS,0.7,0.3647,CONCENTRATED_WEIGHT,PASS,LOW_SUB_UNIVERSE_SHARPE,PASS,0.45,1.04,SELF_CORRELATION,PENDING,DATA_DIVERSITY,PENDING,PROD_CORRELATION,PENDING,REGULAR_SUBMISSION,PENDING,LOW_2Y_SHARPE,FAIL,0.4,1.58,MATCHES_COMPETITION,PENDING,AIACv2,AI Alphas Competition 2.0,PASS,MATCHES_PYRAMID,1,1.1,EUR/D1/RISK,1.1,WARNING,MATCHES_THEMES,EDrKL34,2.0,JPN Dataset Utilization Theme,M4ZYx3D,2.0,AMR Dataset Utilization Theme,9B3qxZ4,2.0,KOR Dataset Utilization Theme,PBVkEJD,2.0,TWN Dataset Utilization Theme,by88rqy,2.0,HKG Dataset Utilization Theme,V45896D,1.0,GLB/D1 TOPDIV3000 Power Pool Feb`26,,,,,,,,,,,,,
LLbgqgla,REGULAR,PS40111,EQUITY,EUR,TOP2500,1,0,INDUSTRY,0.08,ON,VERIFY,OFF,OFF,FASTEXPR,False,2014-01-01,2023-12-31,"ts_zscore(tail(ts_backfill(vec_avg(rsk60_offer),5),lower=-9999,upper=9999,newval=0),20)",,4,2026-02-06T23:50:49-05:00,,2026-02-06T23:50:50-05:00,,False,False,,,ace_tag,llm_test,confidence_0.6,DATA_USAGE:SINGLE_DATA_SET,Single Data Set Alpha,,IS,UNSUBMITTED,0,0,0,0,0.0,0.0,0.0,0.0,0.0,,2014-01-01,,,,,,,,,,,,,,,,,,,,,LOW_SHARPE,FAIL,1.58,0.0,LOW_FITNESS,ERROR,1.0,,LOW_TURNOVER,FAIL,0.01,0.0,HIGH_TURNOVER,PASS,0.7,0.0,CONCENTRATED_WEIGHT,FAIL,LOW_SUB_UNIVERSE_SHARPE,ERROR,,,SELF_CORRELATION,PENDING,DATA_DIVERSITY,PENDING,PROD_CORRELATION,PENDING,REGULAR_SUBMISSION,PENDING,IS_LADDER_SHARPE,PENDING,,,MATCHES_COMPETITION,PENDING,AIACv2,AI Alphas Competition 2.0,PASS,MATCHES_PYRAMID,1,1.1,EUR/D1/RISK,1.1,WARNING,MATCHES_THEMES,EDrKL34,2.0,JPN Dataset Utilization Theme,M4ZYx3D,2.0,AMR Dataset Utilization Theme,9B3qxZ4,2.0,KOR Dataset Utilization Theme,PBVkEJD,2.0,TWN Dataset Utilization Theme,by88rqy,2.0,HKG Dataset Utilization Theme,V45896D,1.0,GLB/D1 TOPDIV3000 Power Pool Feb`26,,,,,,,,,,,,,
ZYw2qoLx,REGULAR,PS40111,EQUITY,EUR,TOP2500,1,0,INDUSTRY,0.08,ON,VERIFY,OFF,OFF,FASTEXPR,False,2014-01-01,2023-12-31,"ts_zscore(ts_backfill(ts_av_diff(vec_avg(rsk60_crowding),3),3),10)",,4,2026-02-06T23:52:03-05:00,,2026-02-06T23:52:03-05:00,,False,False,,,ace_tag,llm_test,confidence_0.62,DATA_USAGE:SINGLE_DATA_SET,Single Data Set Alpha,,IS,UNSUBMITTED,84122,20000000,836,851,1.4306,0.001,0.1401,1e-06,0.03,0.0,2014-01-01,-817873.0,20000000.0,892.0,894.0,0.2675,-0.0098,0.1416,-7.3e-05,-0.05,-0.26,-299577.0,20000000.0,836.0,851.0,1.4306,-0.0036,0.1031,-5e-06,-0.01,-0.13,LOW_SHARPE,FAIL,1.58,0.03,LOW_FITNESS,FAIL,1.0,0.0,LOW_TURNOVER,PASS,0.01,1.4306,HIGH_TURNOVER,FAIL,0.7,1.4306,CONCENTRATED_WEIGHT,FAIL,LOW_SUB_UNIVERSE_SHARPE,FAIL,0.02,-0.3,SELF_CORRELATION,PENDING,DATA_DIVERSITY,PENDING,PROD_CORRELATION,PENDING,REGULAR_SUBMISSION,PENDING,LOW_2Y_SHARPE,FAIL,0.72,1.58,MATCHES_COMPETITION,PENDING,AIACv2,AI Alphas Competition 2.0,PASS,MATCHES_PYRAMID,1,1.1,EUR/D1/RISK,1.1,WARNING,MATCHES_THEMES,EDrKL34,2.0,JPN Dataset Utilization Theme,M4ZYx3D,2.0,AMR Dataset Utilization Theme,9B3qxZ4,2.0,KOR Dataset Utilization Theme,PBVkEJD,2.0,TWN Dataset Utilization Theme,by88rqy,2.0,HKG Dataset Utilization Theme,V45896D,1.0,GLB/D1 TOPDIV3000 Power Pool Feb`26,,,,,,,,,,,2016-09-07,0.1,0.166667
3qYa3AW6,REGULAR,PS40111,EQUITY,EUR,TOP2500,1,0,INDUSTRY,0.08,ON,VERIFY,OFF,OFF,FASTEXPR,False,2014-01-01,2023-12-31,"ts_zscore(ts_backfill(ts_arg_max(vec_avg(rsk60_offer),3),3),10)",,4,2026-02-06T23:52:03-05:00,,2026-02-06T23:52:03-05:00,,False,False,,,ace_tag,llm_test,confidence_0.61,DATA_USAGE:SINGLE_DATA_SET,Single Data Set Alpha,,IS,UNSUBMITTED,-1647992,20000000,839,376,1.1492,-0.016,0.1697,-2.8e-05,-0.49,-0.06,2014-01-01,574496.0,20000000.0,885.0,624.0,0.2117,0.0056,0.1083,5.3e-05,0.02,0.14,-455718.0,20000000.0,839.0,376.0,1.1492,-0.0044,0.0891,-8e-06,-0.01,-0.15,LOW_SHARPE,FAIL,1.58,-0.49,LOW_FITNESS,FAIL,1.0,-0.06,LOW_TURNOVER,PASS,0.01,1.1492,HIGH_TURNOVER,FAIL,0.7,1.1492,CONCENTRATED_WEIGHT,PASS,LOW_SUB_UNIVERSE_SHARPE,FAIL,-0.25,-0.5,SELF_CORRELATION,PENDING,DATA_DIVERSITY,PENDING,PROD_CORRELATION,PENDING,REGULAR_SUBMISSION,PENDING,LOW_2Y_SHARPE,FAIL,-0.59,1.58,MATCHES_COMPETITION,PENDING,AIACv2,AI Alphas Competition 2.0,PASS,MATCHES_PYRAMID,1,1.1,EUR/D1/RISK,1.1,WARNING,MATCHES_THEMES,EDrKL34,2.0,JPN Dataset Utilization Theme,M4ZYx3D,2.0,AMR Dataset Utilization Theme,9B3qxZ4,2.0,KOR Dataset Utilization Theme,PBVkEJD,2.0,TWN Dataset Utilization Theme,by88rqy,2.0,HKG Dataset Utilization Theme,V45896D,1.0,GLB/D1 TOPDIV3000 Power Pool Feb`26,,,,,,,,,,,,,
E50gYKA1,REGULAR,PS40111,EQUITY,EUR,TOP2500,1,0,INDUSTRY,0.08,ON,VERIFY,OFF,OFF,FASTEXPR,False,2014-01-01,2023-12-31,"zscore(ts_backfill(ts_ir(vec_avg(rsk60_offer),10),5))",,4,2026-02-06T23:52:02-05:00,,2026-02-06T23:52:03-05:00,,False,False,,,ace_tag,llm_test,confidence_0.67,DATA_USAGE:SINGLE_DATA_SET,Single Data Set Alpha,,IS,UNSUBMITTED,1144788,20000000,886,941,0.1155,0.0111,0.0739,0.000192,0.34,0.1,2014-01-01,868739.0,20000000.0,914.0,1074.0,0.06,0.0084,0.0913,0.000281,0.06,0.24,488889.0,20000000.0,886.0,941.0,0.1155,0.0047,0.0347,8.2e-05,0.05,0.24,LOW_SHARPE,FAIL,1.58,0.34,LOW_FITNESS,FAIL,1.0,0.1,LOW_TURNOVER,PASS,0.01,0.1155,HIGH_TURNOVER,PASS,0.7,0.1155,CONCENTRATED_WEIGHT,FAIL,LOW_SUB_UNIVERSE_SHARPE,FAIL,0.18,-0.09,SELF_CORRELATION,PENDING,DATA_DIVERSITY,PENDING,PROD_CORRELATION,PENDING,REGULAR_SUBMISSION,PENDING,LOW_2Y_SHARPE,FAIL,0.46,1.58,MATCHES_COMPETITION,PENDING,AIACv2,AI Alphas Competition 2.0,PASS,MATCHES_PYRAMID,1,1.1,EUR/D1/RISK,1.1,WARNING,MATCHES_THEMES,EDrKL34,2.0,JPN Dataset Utilization Theme,M4ZYx3D,2.0,AMR Dataset Utilization Theme,9B3qxZ4,2.0,KOR Dataset Utilization Theme,PBVkEJD,2.0,TWN Dataset Utilization Theme,by88rqy,2.0,HKG Dataset Utilization Theme,V45896D,1.0,GLB/D1 TOPDIV3000 Power Pool Feb`26,,,,,,,,,,,2014-01-06,0.1,0.499788
N1WgqOoe,REGULAR,PS40111,EQUITY,EUR,TOP2500,1,0,INDUSTRY,0.08,ON,VERIFY,OFF,OFF,FASTEXPR,False,2014-01-01,2023-12-31,"ts_zscore(ts_backfill(ts_av_diff(vec_avg(rsk60_crowding),14),5),20)",,4,2026-02-06T23:52:03-05:00,,2026-02-06T23:52:03-05:00,,False,False,,,ace_tag,llm_test,confidence_0.6,DATA_USAGE:SINGLE_DATA_SET,Single Data Set Alpha,,IS,UNSUBMITTED,-185354,20000000,793,924,1.1831,-0.0022,0.1277,-4e-06,-0.07,-0.0,2014-01-01,6946.0,20000000.0,841.0,950.0,0.2195,0.0001,0.1376,1e-06,0.0,0.0,-234996.0,20000000.0,793.0,924.0,1.1831,-0.0028,0.1009,-5e-06,-0.0,-0.1,LOW_SHARPE,FAIL,1.58,-0.07,LOW_FITNESS,FAIL,1.0,-0.0,LOW_TURNOVER,PASS,0.01,1.1831,HIGH_TURNOVER,FAIL,0.7,1.1831,CONCENTRATED_WEIGHT,PASS,LOW_SUB_UNIVERSE_SHARPE,FAIL,-0.04,-0.26,SELF_CORRELATION,PENDING,DATA_DIVERSITY,PENDING,PROD_CORRELATION,PENDING,REGULAR_SUBMISSION,PENDING,LOW_2Y_SHARPE,FAIL,0.41,1.58,MATCHES_COMPETITION,PENDING,AIACv2,AI Alphas Competition 2.0,PASS,MATCHES_PYRAMID,1,1.1,EUR/D1/RISK,1.1,WARNING,MATCHES_THEMES,EDrKL34,2.0,JPN Dataset Utilization Theme,M4ZYx3D,2.0,AMR Dataset Utilization Theme,9B3qxZ4,2.0,KOR Dataset Utilization Theme,PBVkEJD,2.0,TWN Dataset Utilization Theme,by88rqy,2.0,HKG Dataset Utilization Theme,V45896D,1.0,GLB/D1 TOPDIV3000 Power Pool Feb`26,,,,,,,,,,,,,
wpwnOeJY,REGULAR,PS40111,EQUITY,EUR,TOP2500,1,0,INDUSTRY,0.08,ON,VERIFY,OFF,OFF,FASTEXPR,False,2014-01-01,2023-12-31,"hump(ts_zscore(ts_backfill(vec_avg(rsk60_offer),5),20),hump=0.01)",,4,2026-02-06T23:52:07-05:00,,2026-02-06T23:52:08-05:00,,False,False,,,ace_tag,llm_test,confidence_0.68,DATA_USAGE:SINGLE_DATA_SET,Single Data Set Alpha,,IS,UNSUBMITTED,1589406,20000000,709,472,0.0896,0.0154,0.0603,0.000344,0.54,0.19,2014-01-01,270688.0,20000000.0,838.0,551.0,0.0485,0.0026,0.0965,0.000108,0.01,0.09,842448.0,20000000.0,709.0,472.0,0.0896,0.0082,0.0589,0.000182,0.09,0.37,LOW_SHARPE,FAIL,1.58,0.54,LOW_FITNESS,FAIL,1.0,0.19,LOW_TURNOVER,PASS,0.01,0.0896,HIGH_TURNOVER,PASS,0.7,0.0896,CONCENTRATED_WEIGHT,PASS,LOW_SUB_UNIVERSE_SHARPE,PASS,0.28,0.42,SELF_CORRELATION,PENDING,DATA_DIVERSITY,PENDING,PROD_CORRELATION,PENDING,REGULAR_SUBMISSION,PENDING,LOW_2Y_SHARPE,FAIL,0.36,1.58,MATCHES_COMPETITION,PENDING,AIACv2,AI Alphas Competition 2.0,PASS,MATCHES_PYRAMID,1,1.1,EUR/D1/RISK,1.1,WARNING,MATCHES_THEMES,EDrKL34,2.0,JPN Dataset Utilization Theme,M4ZYx3D,2.0,AMR Dataset Utilization Theme,9B3qxZ4,2.0,KOR Dataset Utilization Theme,PBVkEJD,2.0,TWN Dataset Utilization Theme,by88rqy,2.0,HKG Dataset Utilization Theme,V45896D,1.0,GLB/D1 TOPDIV3000 Power Pool Feb`26,,,,,,,,,,,,,
gJqRwQV0,REGULAR,PS40111,EQUITY,EUR,TOP2500,1,0,INDUSTRY,0.08,ON,VERIFY,OFF,OFF,FASTEXPR,False,2014-01-01,2023-12-31,"ts_zscore(ts_backfill(vec_avg(rsk60_last),3),3)",,3,2026-02-06T23:55:00-05:00,,2026-02-06T23:55:01-05:00,,False,False,,,ace_tag,llm_test,confidence_0.62,DATA_USAGE:SINGLE_DATA_SET,Single Data Set Alpha,,IS,UNSUBMITTED,1046036,20000000,583,648,1.3465,0.0101,0.0815,1.5e-05,0.41,0.04,2014-01-01,597616.0,20000000.0,766.0,762.0,0.2645,0.0058,0.131,4.4e-05,0.03,0.19,911341.0,20000000.0,583.0,648.0,1.3465,0.0088,0.0969,1.3e-05,0.03,0.38,LOW_SHARPE,FAIL,1.58,0.41,LOW_FITNESS,FAIL,1.0,0.04,LOW_TURNOVER,PASS,0.01,1.3465,HIGH_TURNOVER,FAIL,0.7,1.3465,CONCENTRATED_WEIGHT,FAIL,LOW_SUB_UNIVERSE_SHARPE,PASS,0.21,0.22,SELF_CORRELATION,PENDING,DATA_DIVERSITY,PENDING,PROD_CORRELATION,PENDING,REGULAR_SUBMISSION,PENDING,LOW_2Y_SHARPE,FAIL,0.26,1.58,MATCHES_COMPETITION,PENDING,AIACv2,AI Alphas Competition 2.0,PASS,MATCHES_PYRAMID,1,1.1,EUR/D1/RISK,1.1,WARNING,MATCHES_THEMES,EDrKL34,2.0,JPN Dataset Utilization Theme,M4ZYx3D,2.0,AMR Dataset Utilization Theme,9B3qxZ4,2.0,KOR Dataset Utilization Theme,PBVkEJD,2.0,TWN Dataset Utilization Theme,by88rqy,2.0,HKG Dataset Utilization Theme,V45896D,1.0,GLB/D1 TOPDIV3000 Power Pool Feb`26,,,,,,,,,,,,,
omw3A602,REGULAR,PS40111,EQUITY,EUR,TOP2500,1,0,INDUSTRY,0.08,ON,VERIFY,OFF,OFF,FASTEXPR,False,2014-01-01,2023-12-31,"ts_zscore(multiply(ts_zscore(ts_backfill(vec_avg(rsk60_offer),5),10),sign(ts_backfill(ts_delta(vec_avg(rsk60_crowding),3),3))),20)",,9,2026-02-06T23:55:00-05:00,,2026-02-06T23:55:00-05:00,,False,False,,,ace_tag,llm_test,confidence_0.71,DATA_USAGE:SINGLE_DATA_SET,Single Data Set Alpha,,IS,UNSUBMITTED,-528634,20000000,365,450,1.3362,-0.0064,0.1451,-1e-05,-0.16,-0.01,2014-01-01,271551.0,20000000.0,498.0,534.0,0.1727,0.0033,0.1386,3.8e-05,0.01,0.08,-486668.0,20000000.0,365.0,450.0,1.3362,-0.0059,0.1531,-9e-06,-0.01,-0.17,LOW_SHARPE,FAIL,1.58,-0.16,LOW_FITNESS,FAIL,1.0,-0.01,LOW_TURNOVER,PASS,0.01,1.3362,HIGH_TURNOVER,FAIL,0.7,1.3362,CONCENTRATED_WEIGHT,FAIL,LOW_SUB_UNIVERSE_SHARPE,FAIL,-0.08,-0.36,SELF_CORRELATION,PENDING,DATA_DIVERSITY,PENDING,PROD_CORRELATION,PENDING,REGULAR_SUBMISSION,PENDING,LOW_2Y_SHARPE,FAIL,-0.33,1.58,MATCHES_COMPETITION,PENDING,AIACv2,AI Alphas Competition 2.0,PASS,MATCHES_PYRAMID,1,1.1,EUR/D1/RISK,1.1,WARNING,MATCHES_THEMES,EDrKL34,2.0,JPN Dataset Utilization Theme,M4ZYx3D,2.0,AMR Dataset Utilization Theme,9B3qxZ4,2.0,KOR Dataset Utilization Theme,PBVkEJD,2.0,TWN Dataset Utilization Theme,by88rqy,2.0,HKG Dataset Utilization Theme,V45896D,1.0,GLB/D1 TOPDIV3000 Power Pool Feb`26,,,,,,,,,,,2016-09-12,0.1,0.166667
zqwPQRjo,REGULAR,PS40111,EQUITY,EUR,TOP2500,1,0,INDUSTRY,0.08,ON,VERIFY,OFF,OFF,FASTEXPR,False,2014-01-01,2023-12-31,"ts_zscore(ts_backfill(ts_mean(vec_avg(rsk60_crowding),5),3),10)",,4,2026-02-06T23:53:27-05:00,,2026-02-06T23:53:27-05:00,,False,False,,,ace_tag,llm_test,confidence_0.61,DATA_USAGE:SINGLE_DATA_SET,Single Data Set Alpha,,IS,UNSUBMITTED,-888931,20000000,801,849,0.6941,-0.0107,0.1371,-3.1e-05,-0.38,-0.05,2014-01-01,1183754.0,20000000.0,861.0,886.0,0.1809,0.0142,0.051,0.000157,0.13,0.48,-459008.0,20000000.0,801.0,849.0,0.6941,-0.0055,0.0746,-1.6e-05,-0.02,-0.23,LOW_SHARPE,FAIL,1.58,-0.38,LOW_FITNESS,FAIL,1.0,-0.05,LOW_TURNOVER,PASS,0.01,0.6941,HIGH_TURNOVER,PASS,0.7,0.6941,CONCENTRATED_WEIGHT,PASS,LOW_SUB_UNIVERSE_SHARPE,FAIL,-0.2,-0.45,SELF_CORRELATION,PENDING,DATA_DIVERSITY,PENDING,PROD_CORRELATION,PENDING,REGULAR_SUBMISSION,PENDING,LOW_2Y_SHARPE,FAIL,-0.54,1.58,MATCHES_COMPETITION,PENDING,AIACv2,AI Alphas Competition 2.0,PASS,MATCHES_PYRAMID,1,1.1,EUR/D1/RISK,1.1,WARNING,MATCHES_THEMES,EDrKL34,2.0,JPN Dataset Utilization Theme,M4ZYx3D,2.0,AMR Dataset Utilization Theme,9B3qxZ4,2.0,KOR Dataset Utilization Theme,PBVkEJD,2.0,TWN Dataset Utilization Theme,by88rqy,2.0,HKG Dataset Utilization Theme,V45896D,1.0,GLB/D1 TOPDIV3000 Power Pool Feb`26,,,,,,,,,,,,,
O0wbqNYR,REGULAR,PS40111,EQUITY,EUR,TOP2500,1,0,INDUSTRY,0.08,ON,VERIFY,OFF,OFF,FASTEXPR,False,2014-01-01,2023-12-31,"ts_zscore(multiply(ts_backfill(ts_rank(vec_avg(rsk60_last),10),3),ts_zscore(ts_backfill(vec_avg(rsk60_offer),5),10)),20)",,8,2026-02-06T23:55:05-05:00,,2026-02-06T23:55:06-05:00,,False,False,,,ace_tag,llm_test,confidence_0.7,DATA_USAGE:SINGLE_DATA_SET,Single Data Set Alpha,,IS,UNSUBMITTED,674694,20000000,369,545,0.934,0.0065,0.1248,1.4e-05,0.18,0.02,2014-01-01,-1738562.0,20000000.0,487.0,665.0,0.1562,-0.0169,0.2641,-0.000216,-0.14,-0.43,413003.0,20000000.0,369.0,545.0,0.934,0.004,0.1012,9e-06,0.01,0.13,LOW_SHARPE,FAIL,1.58,0.18,LOW_FITNESS,FAIL,1.0,0.02,LOW_TURNOVER,PASS,0.01,0.934,HIGH_TURNOVER,FAIL,0.7,0.934,CONCENTRATED_WEIGHT,FAIL,LOW_SUB_UNIVERSE_SHARPE,PASS,0.09,0.09,SELF_CORRELATION,PENDING,DATA_DIVERSITY,PENDING,PROD_CORRELATION,PENDING,REGULAR_SUBMISSION,PENDING,LOW_2Y_SHARPE,FAIL,-0.27,1.58,MATCHES_COMPETITION,PENDING,AIACv2,AI Alphas Competition 2.0,PASS,MATCHES_PYRAMID,1,1.1,EUR/D1/RISK,1.1,WARNING,MATCHES_THEMES,EDrKL34,2.0,JPN Dataset Utilization Theme,M4ZYx3D,2.0,AMR Dataset Utilization Theme,9B3qxZ4,2.0,KOR Dataset Utilization Theme,PBVkEJD,2.0,TWN Dataset Utilization Theme,by88rqy,2.0,HKG Dataset Utilization Theme,V45896D,1.0,GLB/D1 TOPDIV3000 Power Pool Feb`26,,,,,,,,,,,,,
RRZ2Z5j0,REGULAR,PS40111,EQUITY,EUR,TOP2500,1,0,INDUSTRY,0.08,ON,VERIFY,OFF,OFF,FASTEXPR,False,2014-01-01,2023-12-31,"ts_zscore(multiply(ts_backfill(vec_avg(rsk60_offer),5),ts_backfill(vec_avg(rsk60_crowding),5)),20)",rsk60_offer & rsk60_crowding combined. vec_avg + ts_backfill then multiply and ts_zscore. SUGGESTION1 used. Confidence: 0.73,6,2026-02-06T23:38:16-05:00,,2026-02-06T23:38:19-05:00,,False,False,,,ace_tag,llm_test,confidence_0.69,DATA_USAGE:SINGLE_DATA_SET,Single Data Set Alpha,,IS,UNSUBMITTED,-899263,20000000,742,966,1.3773,-0.0108,0.1931,-1.6e-05,-0.28,-0.02,2014-01-01,-263882.0,20000000.0,810.0,979.0,0.233,-0.0032,0.2116,-2.7e-05,-0.01,-0.07,-247498.0,20000000.0,742.0,966.0,1.3773,-0.003,0.1095,-4e-06,-0.0,-0.09,LOW_SHARPE,FAIL,1.58,-0.28,LOW_FITNESS,FAIL,1.0,-0.02,LOW_TURNOVER,PASS,0.01,1.3773,HIGH_TURNOVER,FAIL,0.7,1.3773,CONCENTRATED_WEIGHT,PASS,LOW_SUB_UNIVERSE_SHARPE,FAIL,-0.15,-0.57,SELF_CORRELATION,PENDING,DATA_DIVERSITY,PENDING,PROD_CORRELATION,PENDING,REGULAR_SUBMISSION,PENDING,LOW_2Y_SHARPE,FAIL,0.0,1.58,MATCHES_COMPETITION,PENDING,AIACv2,AI Alphas Competition 2.0,PASS,MATCHES_PYRAMID,1,1.1,EUR/D1/RISK,1.1,WARNING,MATCHES_THEMES,EDrKL34,2.0,JPN Dataset Utilization Theme,M4ZYx3D,2.0,AMR Dataset Utilization Theme,9B3qxZ4,2.0,KOR Dataset Utilization Theme,PBVkEJD,2.0,TWN Dataset Utilization Theme,by88rqy,2.0,HKG Dataset Utilization Theme,V45896D,1.0,GLB/D1 TOPDIV3000 Power Pool Feb`26,,,,,,,,,,,,,
P0rwq2lW,REGULAR,PS40111,EQUITY,EUR,TOP2500,1,0,INDUSTRY,0.08,ON,VERIFY,OFF,OFF,FASTEXPR,False,2014-01-01,2023-12-31,"ts_zscore(divide(ts_backfill(vec_avg(rsk60_last),5),add(ts_backfill(vec_avg(rsk60_last),5),ts_backfill(ts_max_diff(vec_avg(rsk60_last),30),5))),20)",,10,2026-02-06T23:55:10-05:00,,2026-02-06T23:55:11-05:00,,False,False,,,ace_tag,llm_test,confidence_0.63,DATA_USAGE:SINGLE_DATA_SET,Single Data Set Alpha,,IS,UNSUBMITTED,-1200599,20000000,870,937,0.7916,-0.0116,0.1656,-2.9e-05,-0.5,-0.06,2014-01-01,1215874.0,20000000.0,923.0,965.0,0.1863,0.0118,0.0515,0.000127,0.12,0.48,-632753.0,20000000.0,870.0,937.0,0.7916,-0.0061,0.1107,-1.6e-05,-0.03,-0.29,LOW_SHARPE,FAIL,1.58,-0.5,LOW_FITNESS,FAIL,1.0,-0.06,LOW_TURNOVER,PASS,0.01,0.7916,HIGH_TURNOVER,FAIL,0.7,0.7916,CONCENTRATED_WEIGHT,PASS,LOW_SUB_UNIVERSE_SHARPE,FAIL,-0.26,-0.42,SELF_CORRELATION,PENDING,DATA_DIVERSITY,PENDING,PROD_CORRELATION,PENDING,REGULAR_SUBMISSION,PENDING,LOW_2Y_SHARPE,FAIL,-0.3,1.58,MATCHES_COMPETITION,PENDING,AIACv2,AI Alphas Competition 2.0,PASS,MATCHES_PYRAMID,1,1.1,EUR/D1/RISK,1.1,WARNING,MATCHES_THEMES,EDrKL34,2.0,JPN Dataset Utilization Theme,M4ZYx3D,2.0,AMR Dataset Utilization Theme,9B3qxZ4,2.0,KOR Dataset Utilization Theme,PBVkEJD,2.0,TWN Dataset Utilization Theme,by88rqy,2.0,HKG Dataset Utilization Theme,V45896D,1.0,GLB/D1 TOPDIV3000 Power Pool Feb`26,,,,,,,,,,,,,
QPr2qvdp,REGULAR,PS40111,EQUITY,EUR,TOP2500,1,0,INDUSTRY,0.08,ON,VERIFY,OFF,OFF,FASTEXPR,False,2014-01-01,2023-12-31,"ts_zscore(divide(ts_backfill(vec_avg(rsk60_crowding),5),ts_backfill(ts_std_dev(vec_avg(rsk60_crowding),20),5)),20)",,7,2026-02-06T23:56:25-05:00,,2026-02-06T23:56:25-05:00,,False,False,,,ace_tag,llm_test,confidence_0.62,DATA_USAGE:SINGLE_DATA_SET,Single Data Set Alpha,,IS,UNSUBMITTED,-1682919,20000000,648,770,1.3628,-0.0202,0.2184,-3e-05,-0.53,-0.06,2014-01-01,-1083414.0,20000000.0,708.0,821.0,0.2171,-0.013,0.2284,-0.00012,-0.07,-0.3,-879736.0,20000000.0,648.0,770.0,1.3628,-0.0106,0.1301,-1.6e-05,-0.03,-0.32,LOW_SHARPE,FAIL,1.58,-0.53,LOW_FITNESS,FAIL,1.0,-0.06,LOW_TURNOVER,PASS,0.01,1.3628,HIGH_TURNOVER,FAIL,0.7,1.3628,CONCENTRATED_WEIGHT,PASS,LOW_SUB_UNIVERSE_SHARPE,FAIL,-0.28,-0.88,SELF_CORRELATION,PENDING,DATA_DIVERSITY,PENDING,PROD_CORRELATION,PENDING,REGULAR_SUBMISSION,PENDING,LOW_2Y_SHARPE,FAIL,-0.2,1.58,MATCHES_COMPETITION,PENDING,AIACv2,AI Alphas Competition 2.0,PASS,MATCHES_PYRAMID,1,1.1,EUR/D1/RISK,1.1,WARNING,MATCHES_THEMES,EDrKL34,2.0,JPN Dataset Utilization Theme,M4ZYx3D,2.0,AMR Dataset Utilization Theme,9B3qxZ4,2.0,KOR Dataset Utilization Theme,PBVkEJD,2.0,TWN Dataset Utilization Theme,by88rqy,2.0,HKG Dataset Utilization Theme,V45896D,1.0,GLB/D1 TOPDIV3000 Power Pool Feb`26,,,,,,,,,,,,,
1YVa1RoW,REGULAR,PS40111,EQUITY,EUR,TOP2500,1,0,INDUSTRY,0.08,ON,VERIFY,OFF,OFF,FASTEXPR,False,2014-01-01,2023-12-31,"ts_zscore(vec_avg(rsk60_offer), 20)",,2,2026-02-07T00:00:14-05:00,,2026-02-07T00:00:14-05:00,,False,False,,,ace_tag,llm_test,confidence_0.72,DATA_USAGE:SINGLE_DATA_SET,Single Data Set Alpha,,IS,UNSUBMITTED,2571111,20000000,490,657,0.6768,0.0249,0.0406,7.4e-05,0.79,0.15,2014-01-01,-1012144.0,20000000.0,610.0,729.0,0.1475,-0.0098,0.183,-0.000133,-0.07,-0.29,1434190.0,20000000.0,490.0,657.0,0.6768,0.0139,0.044,4.1e-05,0.08,0.53,LOW_SHARPE,FAIL,1.58,0.79,LOW_FITNESS,FAIL,1.0,0.15,LOW_TURNOVER,PASS,0.01,0.6768,HIGH_TURNOVER,PASS,0.7,0.6768,CONCENTRATED_WEIGHT,FAIL,LOW_SUB_UNIVERSE_SHARPE,PASS,0.41,0.96,SELF_CORRELATION,PENDING,DATA_DIVERSITY,PENDING,PROD_CORRELATION,PENDING,REGULAR_SUBMISSION,PENDING,LOW_2Y_SHARPE,FAIL,1.11,1.58,MATCHES_COMPETITION,PENDING,AIACv2,AI Alphas Competition 2.0,PASS,MATCHES_PYRAMID,1,1.1,EUR/D1/RISK,1.1,WARNING,MATCHES_THEMES,EDrKL34,2.0,JPN Dataset Utilization Theme,M4ZYx3D,2.0,AMR Dataset Utilization Theme,9B3qxZ4,2.0,KOR Dataset Utilization Theme,PBVkEJD,2.0,TWN Dataset Utilization Theme,by88rqy,2.0,HKG Dataset Utilization Theme,V45896D,1.0,GLB/D1 TOPDIV3000 Power Pool Feb`26,,,,,,,,,,,,,
rK6JEwA9,REGULAR,PS40111,EQUITY,EUR,TOP2500,1,0,INDUSTRY,0.08,ON,VERIFY,OFF,OFF,FASTEXPR,False,2014-01-01,2023-12-31,"ts_zscore(ts_delta(vec_avg(rsk60_offer), 5), 20)",,3,2026-02-07T00:00:14-05:00,,2026-02-07T00:00:15-05:00,,False,False,,,ace_tag,llm_test,confidence_0.68,DATA_USAGE:SINGLE_DATA_SET,Single Data Set Alpha,,IS,UNSUBMITTED,2148149,20000000,646,670,0.8893,0.0209,0.1028,4.7e-05,0.67,0.1,2014-01-01,-607652.0,20000000.0,747.0,739.0,0.2037,-0.0059,0.1534,-5.8e-05,-0.03,-0.17,804886.0,20000000.0,646.0,670.0,0.8893,0.0078,0.1293,1.8e-05,0.03,0.31,LOW_SHARPE,FAIL,1.58,0.67,LOW_FITNESS,FAIL,1.0,0.1,LOW_TURNOVER,PASS,0.01,0.8893,HIGH_TURNOVER,FAIL,0.7,0.8893,CONCENTRATED_WEIGHT,FAIL,LOW_SUB_UNIVERSE_SHARPE,PASS,0.35,0.76,SELF_CORRELATION,PENDING,DATA_DIVERSITY,PENDING,PROD_CORRELATION,PENDING,REGULAR_SUBMISSION,PENDING,LOW_2Y_SHARPE,FAIL,0.87,1.58,MATCHES_COMPETITION,PENDING,AIACv2,AI Alphas Competition 2.0,PASS,MATCHES_PYRAMID,1,1.1,EUR/D1/RISK,1.1,WARNING,MATCHES_THEMES,EDrKL34,2.0,JPN Dataset Utilization Theme,M4ZYx3D,2.0,AMR Dataset Utilization Theme,9B3qxZ4,2.0,KOR Dataset Utilization Theme,PBVkEJD,2.0,TWN Dataset Utilization Theme,by88rqy,2.0,HKG Dataset Utilization Theme,V45896D,1.0,GLB/D1 TOPDIV3000 Power Pool Feb`26,,,,,,,,,,,,,
ak2AM9XR,REGULAR,PS40111,EQUITY,EUR,TOP2500,1,0,INDUSTRY,0.08,ON,VERIFY,OFF,OFF,FASTEXPR,False,2014-01-01,2023-12-31,"ts_zscore(ts_delta(vec_avg(rsk60_last), 3), 15)",,3,2026-02-07T00:00:33-05:00,,2026-02-07T00:00:34-05:00,,False,False,,,ace_tag,llm_test,confidence_0.66,DATA_USAGE:SINGLE_DATA_SET,Single Data Set Alpha,,IS,UNSUBMITTED,849771,20000000,836,862,1.1936,0.0083,0.0628,1.4e-05,0.33,0.03,2014-01-01,747257.0,20000000.0,926.0,924.0,0.2732,0.0073,0.0968,5.3e-05,0.04,0.25,775585.0,20000000.0,836.0,862.0,1.1936,0.0075,0.0612,1.3e-05,0.03,0.36,LOW_SHARPE,FAIL,1.58,0.33,LOW_FITNESS,FAIL,1.0,0.03,LOW_TURNOVER,PASS,0.01,1.1936,HIGH_TURNOVER,FAIL,0.7,1.1936,CONCENTRATED_WEIGHT,FAIL,LOW_SUB_UNIVERSE_SHARPE,PASS,0.17,0.19,SELF_CORRELATION,PENDING,DATA_DIVERSITY,PENDING,PROD_CORRELATION,PENDING,REGULAR_SUBMISSION,PENDING,LOW_2Y_SHARPE,FAIL,0.32,1.58,MATCHES_COMPETITION,PENDING,AIACv2,AI Alphas Competition 2.0,PASS,MATCHES_PYRAMID,1,1.1,EUR/D1/RISK,1.1,WARNING,MATCHES_THEMES,EDrKL34,2.0,JPN Dataset Utilization Theme,M4ZYx3D,2.0,AMR Dataset Utilization Theme,9B3qxZ4,2.0,KOR Dataset Utilization Theme,PBVkEJD,2.0,TWN Dataset Utilization Theme,by88rqy,2.0,HKG Dataset Utilization Theme,V45896D,1.0,GLB/D1 TOPDIV3000 Power Pool Feb`26,,,,,,,,,,,,,
qMkPvJqZ,REGULAR,PS40111,EQUITY,EUR,TOP2500,1,0,INDUSTRY,0.08,ON,VERIFY,OFF,OFF,FASTEXPR,False,2014-01-01,2023-12-31,"ts_zscore(subtract(vec_avg(rsk60_offer), vec_avg(rsk60_last)), 20)",,4,2026-02-07T00:00:32-05:00,,2026-02-07T00:00:32-05:00,,False,False,,,ace_tag,llm_test,confidence_0.7,DATA_USAGE:SINGLE_DATA_SET,Single Data Set Alpha,,IS,UNSUBMITTED,-759244,20000000,990,736,1.093,-0.0074,0.1438,-1.3e-05,-0.27,-0.02,2014-01-01,-47680.0,20000000.0,1034.0,823.0,0.225,-0.0005,0.1145,-4e-06,-0.0,-0.02,-605595.0,20000000.0,990.0,736.0,1.093,-0.0059,0.1065,-1.1e-05,-0.02,-0.27,LOW_SHARPE,FAIL,1.58,-0.27,LOW_FITNESS,FAIL,1.0,-0.02,LOW_TURNOVER,PASS,0.01,1.093,HIGH_TURNOVER,FAIL,0.7,1.093,CONCENTRATED_WEIGHT,FAIL,LOW_SUB_UNIVERSE_SHARPE,FAIL,-0.14,-0.22,SELF_CORRELATION,PENDING,DATA_DIVERSITY,PENDING,PROD_CORRELATION,PENDING,REGULAR_SUBMISSION,PENDING,LOW_2Y_SHARPE,FAIL,0.57,1.58,MATCHES_COMPETITION,PENDING,AIACv2,AI Alphas Competition 2.0,PASS,MATCHES_PYRAMID,1,1.1,EUR/D1/RISK,1.1,WARNING,MATCHES_THEMES,EDrKL34,2.0,JPN Dataset Utilization Theme,M4ZYx3D,2.0,AMR Dataset Utilization Theme,9B3qxZ4,2.0,KOR Dataset Utilization Theme,PBVkEJD,2.0,TWN Dataset Utilization Theme,by88rqy,2.0,HKG Dataset Utilization Theme,V45896D,1.0,GLB/D1 TOPDIV3000 Power Pool Feb`26,,,,,,,,,,,,,
mL2rJWxx,REGULAR,PS40111,EQUITY,EUR,TOP2500,1,0,INDUSTRY,0.08,ON,VERIFY,OFF,OFF,FASTEXPR,False,2014-01-01,2023-12-31,"ts_zscore(ts_delta(subtract(vec_avg(rsk60_offer), vec_avg(rsk60_last)), 5), 20)",,5,2026-02-07T00:00:36-05:00,,2026-02-07T00:00:36-05:00,,False,False,,,ace_tag,llm_test,confidence_0.65,DATA_USAGE:SINGLE_DATA_SET,Single Data Set Alpha,,IS,UNSUBMITTED,147489,20000000,868,843,1.2351,0.0014,0.0782,2e-06,0.05,0.0,2014-01-01,176262.0,20000000.0,928.0,928.0,0.2817,0.0017,0.1236,1.2e-05,0.0,0.05,4092.0,20000000.0,868.0,843.0,1.2351,0.0,0.0721,0.0,0.0,0.0,LOW_SHARPE,FAIL,1.58,0.05,LOW_FITNESS,FAIL,1.0,0.0,LOW_TURNOVER,PASS,0.01,1.2351,HIGH_TURNOVER,FAIL,0.7,1.2351,CONCENTRATED_WEIGHT,FAIL,LOW_SUB_UNIVERSE_SHARPE,FAIL,0.03,-0.08,SELF_CORRELATION,PENDING,DATA_DIVERSITY,PENDING,PROD_CORRELATION,PENDING,REGULAR_SUBMISSION,PENDING,LOW_2Y_SHARPE,FAIL,0.8,1.58,MATCHES_COMPETITION,PENDING,AIACv2,AI Alphas Competition 2.0,PASS,MATCHES_PYRAMID,1,1.1,EUR/D1/RISK,1.1,WARNING,MATCHES_THEMES,EDrKL34,2.0,JPN Dataset Utilization Theme,M4ZYx3D,2.0,AMR Dataset Utilization Theme,9B3qxZ4,2.0,KOR Dataset Utilization Theme,PBVkEJD,2.0,TWN Dataset Utilization Theme,by88rqy,2.0,HKG Dataset Utilization Theme,V45896D,1.0,GLB/D1 TOPDIV3000 Power Pool Feb`26,,,,,,,,,,,,,
587a3d3z,REGULAR,PS40111,EQUITY,EUR,TOP2500,1,0,INDUSTRY,0.08,ON,VERIFY,OFF,OFF,FASTEXPR,False,2014-01-01,2023-12-31,"ts_zscore(vec_avg(rsk60_crowding), 10)",,2,2026-02-07T00:00:34-05:00,,2026-02-07T00:00:35-05:00,,False,False,,,ace_tag,llm_test,confidence_0.64,DATA_USAGE:SINGLE_DATA_SET,Single Data Set Alpha,,IS,UNSUBMITTED,-686226,20000000,713,808,1.4013,-0.0082,0.1574,-1.2e-05,-0.24,-0.02,2014-01-01,364163.0,20000000.0,818.0,863.0,0.2495,0.0044,0.1556,3.5e-05,0.01,0.11,-656464.0,20000000.0,713.0,808.0,1.4013,-0.0079,0.1299,-1.1e-05,-0.02,-0.26,LOW_SHARPE,FAIL,1.58,-0.24,LOW_FITNESS,FAIL,1.0,-0.02,LOW_TURNOVER,PASS,0.01,1.4013,HIGH_TURNOVER,FAIL,0.7,1.4013,CONCENTRATED_WEIGHT,FAIL,LOW_SUB_UNIVERSE_SHARPE,FAIL,-0.12,-0.37,SELF_CORRELATION,PENDING,DATA_DIVERSITY,PENDING,PROD_CORRELATION,PENDING,REGULAR_SUBMISSION,PENDING,LOW_2Y_SHARPE,FAIL,0.12,1.58,MATCHES_COMPETITION,PENDING,AIACv2,AI Alphas Competition 2.0,PASS,MATCHES_PYRAMID,1,1.1,EUR/D1/RISK,1.1,WARNING,MATCHES_THEMES,EDrKL34,2.0,JPN Dataset Utilization Theme,M4ZYx3D,2.0,AMR Dataset Utilization Theme,9B3qxZ4,2.0,KOR Dataset Utilization Theme,PBVkEJD,2.0,TWN Dataset Utilization Theme,by88rqy,2.0,HKG Dataset Utilization Theme,V45896D,1.0,GLB/D1 TOPDIV3000 Power Pool Feb`26,,,,,,,,,,,,,
2rqaQxa8,REGULAR,PS40111,EQUITY,EUR,TOP2500,1,0,INDUSTRY,0.08,ON,VERIFY,OFF,OFF,FASTEXPR,False,2014-01-01,2023-12-31,"ts_zscore(ts_delta(vec_avg(rsk60_crowding), 2), 10)",,3,2026-02-07T00:00:13-05:00,,2026-02-07T00:00:13-05:00,,False,False,,,ace_tag,llm_test,confidence_0.63,DATA_USAGE:SINGLE_DATA_SET,Single Data Set Alpha,,IS,UNSUBMITTED,409733,20000000,729,748,1.4508,0.0049,0.1502,7e-06,0.15,0.01,2014-01-01,-841326.0,20000000.0,840.0,803.0,0.3466,-0.0101,0.2296,-5.8e-05,-0.04,-0.22,-41107.0,20000000.0,729.0,748.0,1.4508,-0.0005,0.1096,-1e-06,-0.0,-0.02,LOW_SHARPE,FAIL,1.58,0.15,LOW_FITNESS,FAIL,1.0,0.01,LOW_TURNOVER,PASS,0.01,1.4508,HIGH_TURNOVER,FAIL,0.7,1.4508,CONCENTRATED_WEIGHT,FAIL,LOW_SUB_UNIVERSE_SHARPE,FAIL,0.08,-0.17,SELF_CORRELATION,PENDING,DATA_DIVERSITY,PENDING,PROD_CORRELATION,PENDING,REGULAR_SUBMISSION,PENDING,LOW_2Y_SHARPE,FAIL,0.68,1.58,MATCHES_COMPETITION,PENDING,AIACv2,AI Alphas Competition 2.0,PASS,MATCHES_PYRAMID,1,1.1,EUR/D1/RISK,1.1,WARNING,MATCHES_THEMES,EDrKL34,2.0,JPN Dataset Utilization Theme,M4ZYx3D,2.0,AMR Dataset Utilization Theme,9B3qxZ4,2.0,KOR Dataset Utilization Theme,PBVkEJD,2.0,TWN Dataset Utilization Theme,by88rqy,2.0,HKG Dataset Utilization Theme,V45896D,1.0,GLB/D1 TOPDIV3000 Power Pool Feb`26,,,,,,,,,,,,,
npkZYlZE,REGULAR,PS40111,EQUITY,EUR,TOP2500,1,0,INDUSTRY,0.08,ON,VERIFY,OFF,OFF,FASTEXPR,False,2014-01-01,2023-12-31,"ts_zscore(vec_stddev(rsk60_offer), 20)",,2,2026-02-07T00:00:13-05:00,,2026-02-07T00:00:14-05:00,,False,False,,,ace_tag,llm_test,confidence_0.67,DATA_USAGE:SINGLE_DATA_SET,Single Data Set Alpha,,IS,UNSUBMITTED,-5435250,20000000,100,122,0.8841,-0.0528,0.8454,-0.00012,-0.29,-0.07,2014-01-01,-7026883.0,20000000.0,140.0,170.0,0.1416,-0.0683,1.411,-0.000965,-0.17,-0.24,-5121479.0,20000000.0,100.0,122.0,0.8841,-0.0498,0.7314,-0.000113,-0.07,-0.31,LOW_SHARPE,FAIL,1.58,-0.29,LOW_FITNESS,FAIL,1.0,-0.07,LOW_TURNOVER,PASS,0.01,0.8841,HIGH_TURNOVER,FAIL,0.7,0.8841,CONCENTRATED_WEIGHT,FAIL,LOW_SUB_UNIVERSE_SHARPE,FAIL,-0.15,-0.42,SELF_CORRELATION,PENDING,DATA_DIVERSITY,PENDING,PROD_CORRELATION,PENDING,REGULAR_SUBMISSION,PENDING,LOW_2Y_SHARPE,FAIL,0.65,1.58,MATCHES_COMPETITION,PENDING,AIACv2,AI Alphas Competition 2.0,PASS,MATCHES_PYRAMID,1,1.1,EUR/D1/RISK,1.1,WARNING,MATCHES_THEMES,EDrKL34,2.0,JPN Dataset Utilization Theme,M4ZYx3D,2.0,AMR Dataset Utilization Theme,9B3qxZ4,2.0,KOR Dataset Utilization Theme,PBVkEJD,2.0,TWN Dataset Utilization Theme,by88rqy,2.0,HKG Dataset Utilization Theme,V45896D,1.0,GLB/D1 TOPDIV3000 Power Pool Feb`26,,,,,,,,,,,2016-02-12,0.1,0.5
78qa0ee2,REGULAR,PS40111,EQUITY,EUR,TOP2500,1,0,INDUSTRY,0.08,ON,VERIFY,OFF,OFF,FASTEXPR,False,2014-01-01,2023-12-31,"ts_zscore(vec_stddev(rsk60_last), 20)",,2,2026-02-07T00:02:40-05:00,,2026-02-07T00:02:41-05:00,,False,False,,,ace_tag,llm_test,confidence_0.66,DATA_USAGE:SINGLE_DATA_SET,Single Data Set Alpha,,IS,UNSUBMITTED,5723465,20000000,107,151,1.0169,0.0555,0.3726,0.000109,0.32,0.07,2014-01-01,-3886508.0,20000000.0,158.0,204.0,0.1556,-0.0377,1.076,-0.000485,-0.08,-0.17,4758925.0,20000000.0,107.0,151.0,1.0169,0.0461,0.3016,9.1e-05,0.07,0.31,LOW_SHARPE,FAIL,1.58,0.32,LOW_FITNESS,FAIL,1.0,0.07,LOW_TURNOVER,PASS,0.01,1.0169,HIGH_TURNOVER,FAIL,0.7,1.0169,CONCENTRATED_WEIGHT,FAIL,LOW_SUB_UNIVERSE_SHARPE,FAIL,0.17,0.16,SELF_CORRELATION,PENDING,DATA_DIVERSITY,PENDING,PROD_CORRELATION,PENDING,REGULAR_SUBMISSION,PENDING,LOW_2Y_SHARPE,FAIL,0.4,1.58,MATCHES_COMPETITION,PENDING,AIACv2,AI Alphas Competition 2.0,PASS,MATCHES_PYRAMID,1,1.1,EUR/D1/RISK,1.1,WARNING,MATCHES_THEMES,EDrKL34,2.0,JPN Dataset Utilization Theme,M4ZYx3D,2.0,AMR Dataset Utilization Theme,9B3qxZ4,2.0,KOR Dataset Utilization Theme,PBVkEJD,2.0,TWN Dataset Utilization Theme,by88rqy,2.0,HKG Dataset Utilization Theme,V45896D,1.0,GLB/D1 TOPDIV3000 Power Pool Feb`26,,,,,,,,,,,2015-09-28,0.1,0.5
LLbgqQl6,REGULAR,PS40111,EQUITY,EUR,TOP2500,1,0,INDUSTRY,0.08,ON,VERIFY,OFF,OFF,FASTEXPR,False,2014-01-01,2023-12-31,"ts_zscore(vec_range(rsk60_crowding), 15)",,2,2026-02-07T00:01:55-05:00,,2026-02-07T00:01:55-05:00,,False,False,,,ace_tag,llm_test,confidence_0.6,DATA_USAGE:SINGLE_DATA_SET,Single Data Set Alpha,,IS,UNSUBMITTED,6402347,20000000,73,98,1.189,0.077,0.5396,0.00013,0.41,0.1,2014-01-01,10864157.0,20000000.0,111.0,131.0,0.1602,0.1306,0.3913,0.001631,0.4,0.44,2583693.0,20000000.0,73.0,98.0,1.189,0.0311,0.5422,5.2e-05,0.03,0.2,LOW_SHARPE,FAIL,1.58,0.41,LOW_FITNESS,FAIL,1.0,0.1,LOW_TURNOVER,PASS,0.01,1.189,HIGH_TURNOVER,FAIL,0.7,1.189,CONCENTRATED_WEIGHT,FAIL,LOW_SUB_UNIVERSE_SHARPE,PASS,0.21,0.29,SELF_CORRELATION,PENDING,DATA_DIVERSITY,PENDING,PROD_CORRELATION,PENDING,REGULAR_SUBMISSION,PENDING,LOW_2Y_SHARPE,FAIL,-0.83,1.58,MATCHES_COMPETITION,PENDING,AIACv2,AI Alphas Competition 2.0,PASS,MATCHES_PYRAMID,1,1.1,EUR/D1/RISK,1.1,WARNING,MATCHES_THEMES,EDrKL34,2.0,JPN Dataset Utilization Theme,M4ZYx3D,2.0,AMR Dataset Utilization Theme,9B3qxZ4,2.0,KOR Dataset Utilization Theme,PBVkEJD,2.0,TWN Dataset Utilization Theme,by88rqy,2.0,HKG Dataset Utilization Theme,V45896D,1.0,GLB/D1 TOPDIV3000 Power Pool Feb`26,,,,,,,,,,,2016-07-11,0.1,0.5
Gr0MYRZ0,REGULAR,PS40111,EQUITY,EUR,TOP2500,1,0,INDUSTRY,0.08,ON,VERIFY,OFF,OFF,FASTEXPR,False,2014-01-01,2023-12-31,"ts_zscore(ts_corr(vec_avg(rsk60_offer), vec_avg(rsk60_crowding), 30), 30)",,4,2026-02-07T00:02:11-05:00,,2026-02-07T00:02:12-05:00,,False,False,,,ace_tag,llm_test,confidence_0.58,DATA_USAGE:SINGLE_DATA_SET,Single Data Set Alpha,,IS,UNSUBMITTED,-376724,20000000,565,594,0.4053,-0.0045,0.0873,-2.2e-05,-0.15,-0.02,2014-01-01,-1581056.0,20000000.0,632.0,666.0,0.1099,-0.019,0.1968,-0.000346,-0.24,-0.62,-739095.0,20000000.0,565.0,594.0,0.4053,-0.0089,0.1086,-4.4e-05,-0.05,-0.33,LOW_SHARPE,FAIL,1.58,-0.15,LOW_FITNESS,FAIL,1.0,-0.02,LOW_TURNOVER,PASS,0.01,0.4053,HIGH_TURNOVER,PASS,0.7,0.4053,CONCENTRATED_WEIGHT,PASS,LOW_SUB_UNIVERSE_SHARPE,FAIL,-0.08,-0.61,SELF_CORRELATION,PENDING,DATA_DIVERSITY,PENDING,PROD_CORRELATION,PENDING,REGULAR_SUBMISSION,PENDING,LOW_2Y_SHARPE,FAIL,-0.22,1.58,MATCHES_COMPETITION,PENDING,AIACv2,AI Alphas Competition 2.0,PASS,MATCHES_PYRAMID,1,1.1,EUR/D1/RISK,1.1,WARNING,MATCHES_THEMES,EDrKL34,2.0,JPN Dataset Utilization Theme,M4ZYx3D,2.0,AMR Dataset Utilization Theme,9B3qxZ4,2.0,KOR Dataset Utilization Theme,PBVkEJD,2.0,TWN Dataset Utilization Theme,by88rqy,2.0,HKG Dataset Utilization Theme,V45896D,1.0,GLB/D1 TOPDIV3000 Power Pool Feb`26,,,,,,,,,,,,,
vRnexQ0A,REGULAR,PS40111,EQUITY,EUR,TOP2500,1,0,INDUSTRY,0.08,ON,VERIFY,OFF,OFF,FASTEXPR,False,2014-01-01,2023-12-31,"ts_zscore(ts_av_diff(vec_avg(rsk60_offer), 20), 20)",,3,2026-02-07T00:01:51-05:00,,2026-02-07T00:01:52-05:00,,False,False,,,ace_tag,llm_test,confidence_0.69,DATA_USAGE:SINGLE_DATA_SET,Single Data Set Alpha,,IS,UNSUBMITTED,2336740,20000000,773,860,0.5859,0.0227,0.0329,7.7e-05,0.9,0.18,2014-01-01,653551.0,20000000.0,861.0,905.0,0.1649,0.0063,0.0721,7.7e-05,0.04,0.23,1215146.0,20000000.0,773.0,860.0,0.5859,0.0118,0.0598,4e-05,0.08,0.58,LOW_SHARPE,FAIL,1.58,0.9,LOW_FITNESS,FAIL,1.0,0.18,LOW_TURNOVER,PASS,0.01,0.5859,HIGH_TURNOVER,PASS,0.7,0.5859,CONCENTRATED_WEIGHT,FAIL,LOW_SUB_UNIVERSE_SHARPE,PASS,0.47,1.12,SELF_CORRELATION,PENDING,DATA_DIVERSITY,PENDING,PROD_CORRELATION,PENDING,REGULAR_SUBMISSION,PENDING,LOW_2Y_SHARPE,PASS,1.58,1.58,MATCHES_COMPETITION,PENDING,AIACv2,AI Alphas Competition 2.0,PASS,MATCHES_PYRAMID,1,1.1,EUR/D1/RISK,1.1,WARNING,MATCHES_THEMES,EDrKL34,2.0,JPN Dataset Utilization Theme,M4ZYx3D,2.0,AMR Dataset Utilization Theme,9B3qxZ4,2.0,KOR Dataset Utilization Theme,PBVkEJD,2.0,TWN Dataset Utilization Theme,by88rqy,2.0,HKG Dataset Utilization Theme,V45896D,1.0,GLB/D1 TOPDIV3000 Power Pool Feb`26,,,,,,,,,,,,,
O0wbq3ld,REGULAR,PS40111,EQUITY,EUR,TOP2500,1,0,INDUSTRY,0.08,ON,VERIFY,OFF,OFF,FASTEXPR,False,2014-01-01,2023-12-31,"ts_zscore(vec_avg(rsk60_last), 10)",,2,2026-02-07T00:02:12-05:00,,2026-02-07T00:02:12-05:00,,False,False,,,ace_tag,llm_test,confidence_0.62,DATA_USAGE:SINGLE_DATA_SET,Single Data Set Alpha,,IS,UNSUBMITTED,1770112,20000000,663,891,1.0357,0.0172,0.0441,3.3e-05,0.7,0.09,2014-01-01,71874.0,20000000.0,780.0,960.0,0.2252,0.0007,0.1446,6e-06,0.0,0.02,1403664.0,20000000.0,663.0,891.0,1.0357,0.0136,0.0366,2.6e-05,0.08,0.67,LOW_SHARPE,FAIL,1.58,0.7,LOW_FITNESS,FAIL,1.0,0.09,LOW_TURNOVER,PASS,0.01,1.0357,HIGH_TURNOVER,FAIL,0.7,1.0357,CONCENTRATED_WEIGHT,FAIL,LOW_SUB_UNIVERSE_SHARPE,PASS,0.36,0.72,SELF_CORRELATION,PENDING,DATA_DIVERSITY,PENDING,PROD_CORRELATION,PENDING,REGULAR_SUBMISSION,PENDING,LOW_2Y_SHARPE,FAIL,0.17,1.58,MATCHES_COMPETITION,PENDING,AIACv2,AI Alphas Competition 2.0,PASS,MATCHES_PYRAMID,1,1.1,EUR/D1/RISK,1.1,WARNING,MATCHES_THEMES,EDrKL34,2.0,JPN Dataset Utilization Theme,M4ZYx3D,2.0,AMR Dataset Utilization Theme,9B3qxZ4,2.0,KOR Dataset Utilization Theme,PBVkEJD,2.0,TWN Dataset Utilization Theme,by88rqy,2.0,HKG Dataset Utilization Theme,V45896D,1.0,GLB/D1 TOPDIV3000 Power Pool Feb`26,,,,,,,,,,,,,
npkZo918,REGULAR,PS40111,EQUITY,EUR,TOP2500,1,0,INDUSTRY,0.08,ON,VERIFY,OFF,OFF,FASTEXPR,False,2014-01-01,2023-12-31,"ts_rank(vec_avg(rsk60_crowding), 20)",,2,2026-02-07T00:03:55-05:00,,2026-02-07T00:03:55-05:00,,False,False,,,ace_tag,llm_test,confidence_0.55,DATA_USAGE:SINGLE_DATA_SET,Single Data Set Alpha,,IS,UNSUBMITTED,-886977,20000000,1034,1063,1.3652,-0.0107,0.1764,-1.6e-05,-0.31,-0.03,2014-01-01,-526010.0,20000000.0,1078.0,1114.0,0.2655,-0.0063,0.2079,-4.8e-05,-0.03,-0.18,-877813.0,20000000.0,1034.0,1063.0,1.3652,-0.0105,0.1344,-1.5e-05,-0.03,-0.37,LOW_SHARPE,FAIL,1.58,-0.31,LOW_FITNESS,FAIL,1.0,-0.03,LOW_TURNOVER,PASS,0.01,1.3652,HIGH_TURNOVER,FAIL,0.7,1.3652,CONCENTRATED_WEIGHT,FAIL,LOW_SUB_UNIVERSE_SHARPE,FAIL,-0.16,-0.29,SELF_CORRELATION,PENDING,DATA_DIVERSITY,PENDING,PROD_CORRELATION,PENDING,REGULAR_SUBMISSION,PENDING,LOW_2Y_SHARPE,FAIL,0.12,1.58,MATCHES_COMPETITION,PENDING,AIACv2,AI Alphas Competition 2.0,PASS,MATCHES_PYRAMID,1,1.1,EUR/D1/RISK,1.1,WARNING,MATCHES_THEMES,EDrKL34,2.0,JPN Dataset Utilization Theme,M4ZYx3D,2.0,AMR Dataset Utilization Theme,9B3qxZ4,2.0,KOR Dataset Utilization Theme,PBVkEJD,2.0,TWN Dataset Utilization Theme,by88rqy,2.0,HKG Dataset Utilization Theme,V45896D,1.0,GLB/D1 TOPDIV3000 Power Pool Feb`26,,,,,,,,,,,,,
Vkw2EVqM,REGULAR,PS40111,EQUITY,EUR,TOP2500,1,0,INDUSTRY,0.08,ON,VERIFY,OFF,OFF,FASTEXPR,False,2014-01-01,2023-12-31,"ts_zscore(ts_delta(vec_sum(rsk60_offer), 3), 20)",,3,2026-02-07T00:04:02-05:00,,2026-02-07T00:04:03-05:00,,False,False,,,ace_tag,llm_test,confidence_0.6,DATA_USAGE:SINGLE_DATA_SET,Single Data Set Alpha,,IS,UNSUBMITTED,1476057,20000000,734,783,1.1088,0.0143,0.1362,2.6e-05,0.42,0.05,2014-01-01,-603692.0,20000000.0,857.0,830.0,0.2274,-0.0059,0.1709,-5.2e-05,-0.02,-0.15,449856.0,20000000.0,734.0,783.0,1.1088,0.0044,0.1273,8e-06,0.01,0.17,LOW_SHARPE,FAIL,1.58,0.42,LOW_FITNESS,FAIL,1.0,0.05,LOW_TURNOVER,PASS,0.01,1.1088,HIGH_TURNOVER,FAIL,0.7,1.1088,CONCENTRATED_WEIGHT,FAIL,LOW_SUB_UNIVERSE_SHARPE,PASS,0.22,0.37,SELF_CORRELATION,PENDING,DATA_DIVERSITY,PENDING,PROD_CORRELATION,PENDING,REGULAR_SUBMISSION,PENDING,LOW_2Y_SHARPE,FAIL,1.3,1.58,MATCHES_COMPETITION,PENDING,AIACv2,AI Alphas Competition 2.0,PASS,MATCHES_PYRAMID,1,1.1,EUR/D1/RISK,1.1,WARNING,MATCHES_THEMES,EDrKL34,2.0,JPN Dataset Utilization Theme,M4ZYx3D,2.0,AMR Dataset Utilization Theme,9B3qxZ4,2.0,KOR Dataset Utilization Theme,PBVkEJD,2.0,TWN Dataset Utilization Theme,by88rqy,2.0,HKG Dataset Utilization Theme,V45896D,1.0,GLB/D1 TOPDIV3000 Power Pool Feb`26,,,,,,,,,,,,,
Xgw2Lmd1,REGULAR,PS40111,EQUITY,EUR,TOP2500,1,0,INDUSTRY,0.08,ON,VERIFY,OFF,OFF,FASTEXPR,False,2014-01-01,2023-12-31,"ts_zscore(vec_sum(rsk60_last), 20)",,2,2026-02-07T00:03:54-05:00,,2026-02-07T00:03:55-05:00,,False,False,,,ace_tag,llm_test,confidence_0.61,DATA_USAGE:SINGLE_DATA_SET,Single Data Set Alpha,,IS,UNSUBMITTED,2238070,20000000,717,1076,0.9754,0.0217,0.0363,4.5e-05,0.8,0.12,2014-01-01,153691.0,20000000.0,819.0,1102.0,0.2123,0.0015,0.155,1.4e-05,0.0,0.04,1176434.0,20000000.0,717.0,1076.0,0.9754,0.0114,0.0412,2.3e-05,0.06,0.56,LOW_SHARPE,FAIL,1.58,0.8,LOW_FITNESS,FAIL,1.0,0.12,LOW_TURNOVER,PASS,0.01,0.9754,HIGH_TURNOVER,FAIL,0.7,0.9754,CONCENTRATED_WEIGHT,FAIL,LOW_SUB_UNIVERSE_SHARPE,PASS,0.42,0.6,SELF_CORRELATION,PENDING,DATA_DIVERSITY,PENDING,PROD_CORRELATION,PENDING,REGULAR_SUBMISSION,PENDING,LOW_2Y_SHARPE,FAIL,1.16,1.58,MATCHES_COMPETITION,PENDING,AIACv2,AI Alphas Competition 2.0,PASS,MATCHES_PYRAMID,1,1.1,EUR/D1/RISK,1.1,WARNING,MATCHES_THEMES,EDrKL34,2.0,JPN Dataset Utilization Theme,M4ZYx3D,2.0,AMR Dataset Utilization Theme,9B3qxZ4,2.0,KOR Dataset Utilization Theme,PBVkEJD,2.0,TWN Dataset Utilization Theme,by88rqy,2.0,HKG Dataset Utilization Theme,V45896D,1.0,GLB/D1 TOPDIV3000 Power Pool Feb`26,,,,,,,,,,,,,
qMkPd892,REGULAR,PS40111,EQUITY,EUR,TOP2500,1,0,INDUSTRY,0.08,ON,VERIFY,OFF,OFF,FASTEXPR,False,2014-01-01,2023-12-31,"ts_zscore(divide(vec_avg(rsk60_offer), vec_avg(rsk60_last)), 20)",,4,2026-02-07T00:03:56-05:00,,2026-02-07T00:03:57-05:00,,False,False,,,ace_tag,llm_test,confidence_0.66,DATA_USAGE:SINGLE_DATA_SET,Single Data Set Alpha,,IS,UNSUBMITTED,-448154,20000000,889,766,1.0953,-0.0043,0.1128,-8e-06,-0.16,-0.01,2014-01-01,-151024.0,20000000.0,946.0,849.0,0.2268,-0.0015,0.1217,-1.3e-05,-0.0,-0.05,-203308.0,20000000.0,889.0,766.0,1.0953,-0.002,0.078,-4e-06,-0.0,-0.09,LOW_SHARPE,FAIL,1.58,-0.16,LOW_FITNESS,FAIL,1.0,-0.01,LOW_TURNOVER,PASS,0.01,1.0953,HIGH_TURNOVER,FAIL,0.7,1.0953,CONCENTRATED_WEIGHT,FAIL,LOW_SUB_UNIVERSE_SHARPE,FAIL,-0.08,-0.09,SELF_CORRELATION,PENDING,DATA_DIVERSITY,PENDING,PROD_CORRELATION,PENDING,REGULAR_SUBMISSION,PENDING,LOW_2Y_SHARPE,FAIL,0.61,1.58,MATCHES_COMPETITION,PENDING,AIACv2,AI Alphas Competition 2.0,PASS,MATCHES_PYRAMID,1,1.1,EUR/D1/RISK,1.1,WARNING,MATCHES_THEMES,EDrKL34,2.0,JPN Dataset Utilization Theme,M4ZYx3D,2.0,AMR Dataset Utilization Theme,9B3qxZ4,2.0,KOR Dataset Utilization Theme,PBVkEJD,2.0,TWN Dataset Utilization Theme,by88rqy,2.0,HKG Dataset Utilization Theme,V45896D,1.0,GLB/D1 TOPDIV3000 Power Pool Feb`26,,,,,,,,,,,,,
RRZ2YMjn,REGULAR,PS40111,EQUITY,EUR,TOP2500,1,0,INDUSTRY,0.08,ON,VERIFY,OFF,OFF,FASTEXPR,False,2014-01-01,2023-12-31,"ts_zscore(ts_returns(vec_avg(rsk60_last), 5), 20)",,3,2026-02-07T00:03:56-05:00,,2026-02-07T00:03:56-05:00,,False,False,,,ace_tag,llm_test,confidence_0.64,DATA_USAGE:SINGLE_DATA_SET,Single Data Set Alpha,,IS,UNSUBMITTED,797548,20000000,763,1012,1.0698,0.0077,0.0494,1.4e-05,0.31,0.03,2014-01-01,-173075.0,20000000.0,846.0,1068.0,0.2582,-0.0017,0.1678,-1.3e-05,-0.0,-0.05,447222.0,20000000.0,763.0,1012.0,1.0698,0.0043,0.0585,8e-06,0.01,0.21,LOW_SHARPE,FAIL,1.58,0.31,LOW_FITNESS,FAIL,1.0,0.03,LOW_TURNOVER,PASS,0.01,1.0698,HIGH_TURNOVER,FAIL,0.7,1.0698,CONCENTRATED_WEIGHT,FAIL,LOW_SUB_UNIVERSE_SHARPE,PASS,0.16,0.42,SELF_CORRELATION,PENDING,DATA_DIVERSITY,PENDING,PROD_CORRELATION,PENDING,REGULAR_SUBMISSION,PENDING,LOW_2Y_SHARPE,FAIL,0.11,1.58,MATCHES_COMPETITION,PENDING,AIACv2,AI Alphas Competition 2.0,PASS,MATCHES_PYRAMID,1,1.1,EUR/D1/RISK,1.1,WARNING,MATCHES_THEMES,EDrKL34,2.0,JPN Dataset Utilization Theme,M4ZYx3D,2.0,AMR Dataset Utilization Theme,9B3qxZ4,2.0,KOR Dataset Utilization Theme,PBVkEJD,2.0,TWN Dataset Utilization Theme,by88rqy,2.0,HKG Dataset Utilization Theme,V45896D,1.0,GLB/D1 TOPDIV3000 Power Pool Feb`26,,,,,,,,,,,,,
9qPaK0N1,REGULAR,PS40111,EQUITY,EUR,TOP2500,1,0,INDUSTRY,0.08,ON,VERIFY,OFF,OFF,FASTEXPR,False,2014-01-01,2023-12-31,"ts_zscore(vec_max(rsk60_offer), 15)",,2,2026-02-07T00:05:53-05:00,,2026-02-07T00:05:54-05:00,,False,False,,,ace_tag,llm_test,confidence_0.59,DATA_USAGE:SINGLE_DATA_SET,Single Data Set Alpha,,IS,UNSUBMITTED,2548290,20000000,426,554,0.7352,0.0247,0.0482,6.7e-05,0.72,0.13,2014-01-01,-831518.0,20000000.0,564.0,640.0,0.1433,-0.0081,0.1866,-0.000113,-0.05,-0.22,1350567.0,20000000.0,426.0,554.0,0.7352,0.0131,0.0523,3.6e-05,0.06,0.45,LOW_SHARPE,FAIL,1.58,0.72,LOW_FITNESS,FAIL,1.0,0.13,LOW_TURNOVER,PASS,0.01,0.7352,HIGH_TURNOVER,FAIL,0.7,0.7352,CONCENTRATED_WEIGHT,FAIL,LOW_SUB_UNIVERSE_SHARPE,PASS,0.37,0.87,SELF_CORRELATION,PENDING,DATA_DIVERSITY,PENDING,PROD_CORRELATION,PENDING,REGULAR_SUBMISSION,PENDING,LOW_2Y_SHARPE,FAIL,0.96,1.58,MATCHES_COMPETITION,PENDING,AIACv2,AI Alphas Competition 2.0,PASS,MATCHES_PYRAMID,1,1.1,EUR/D1/RISK,1.1,WARNING,MATCHES_THEMES,EDrKL34,2.0,JPN Dataset Utilization Theme,M4ZYx3D,2.0,AMR Dataset Utilization Theme,9B3qxZ4,2.0,KOR Dataset Utilization Theme,PBVkEJD,2.0,TWN Dataset Utilization Theme,by88rqy,2.0,HKG Dataset Utilization Theme,V45896D,1.0,GLB/D1 TOPDIV3000 Power Pool Feb`26,,,,,,,,,,,,,
A1JgbKle,REGULAR,PS40111,EQUITY,EUR,TOP2500,1,0,INDUSTRY,0.08,ON,VERIFY,OFF,OFF,FASTEXPR,False,2014-01-01,2023-12-31,"ts_zscore(vec_min(rsk60_last), 15)",,2,2026-02-07T00:05:44-05:00,,2026-02-07T00:05:45-05:00,,False,False,,,ace_tag,llm_test,confidence_0.57,DATA_USAGE:SINGLE_DATA_SET,Single Data Set Alpha,,IS,UNSUBMITTED,1438011,20000000,649,916,0.9565,0.0139,0.0683,2.9e-05,0.53,0.06,2014-01-01,-615313.0,20000000.0,750.0,976.0,0.2031,-0.006,0.1844,-5.9e-05,-0.03,-0.2,969542.0,20000000.0,649.0,916.0,0.9565,0.0094,0.0483,2e-05,0.04,0.44,LOW_SHARPE,FAIL,1.58,0.53,LOW_FITNESS,FAIL,1.0,0.06,LOW_TURNOVER,PASS,0.01,0.9565,HIGH_TURNOVER,FAIL,0.7,0.9565,CONCENTRATED_WEIGHT,FAIL,LOW_SUB_UNIVERSE_SHARPE,PASS,0.28,0.58,SELF_CORRELATION,PENDING,DATA_DIVERSITY,PENDING,PROD_CORRELATION,PENDING,REGULAR_SUBMISSION,PENDING,LOW_2Y_SHARPE,FAIL,-0.36,1.58,MATCHES_COMPETITION,PENDING,AIACv2,AI Alphas Competition 2.0,PASS,MATCHES_PYRAMID,1,1.1,EUR/D1/RISK,1.1,WARNING,MATCHES_THEMES,EDrKL34,2.0,JPN Dataset Utilization Theme,M4ZYx3D,2.0,AMR Dataset Utilization Theme,9B3qxZ4,2.0,KOR Dataset Utilization Theme,PBVkEJD,2.0,TWN Dataset Utilization Theme,by88rqy,2.0,HKG Dataset Utilization Theme,V45896D,1.0,GLB/D1 TOPDIV3000 Power Pool Feb`26,,,,,,,,,,,,,
1YVaLEwM,REGULAR,PS40111,EQUITY,EUR,TOP2500,1,0,INDUSTRY,0.08,ON,VERIFY,OFF,OFF,FASTEXPR,False,2014-01-01,2023-12-31,days_from_last_change(vec_avg(rsk60_crowding)),,2,2026-02-07T00:05:44-05:00,,2026-02-07T00:05:45-05:00,,False,False,,,ace_tag,llm_test,confidence_0.52,DATA_USAGE:SINGLE_DATA_SET,Single Data Set Alpha,,IS,UNSUBMITTED,-865276,20000000,657,2194,0.0219,-0.0104,0.232,-0.000948,-0.24,-0.07,2014-01-01,-843740.0,20000000.0,724.0,2132.0,0.0211,-0.0101,0.251,-0.00096,-0.07,-0.23,139621.0,20000000.0,657.0,2194.0,0.0219,0.0017,0.1053,0.000153,0.01,0.07,LOW_SHARPE,FAIL,1.58,-0.24,LOW_FITNESS,FAIL,1.0,-0.07,LOW_TURNOVER,PASS,0.01,0.0219,HIGH_TURNOVER,PASS,0.7,0.0219,CONCENTRATED_WEIGHT,PASS,LOW_SUB_UNIVERSE_SHARPE,PASS,-0.12,0.48,SELF_CORRELATION,PENDING,DATA_DIVERSITY,PENDING,PROD_CORRELATION,PENDING,REGULAR_SUBMISSION,PENDING,LOW_2Y_SHARPE,FAIL,-0.83,1.58,MATCHES_COMPETITION,PENDING,AIACv2,AI Alphas Competition 2.0,PASS,MATCHES_PYRAMID,1,1.1,EUR/D1/RISK,1.1,WARNING,MATCHES_THEMES,EDrKL34,2.0,JPN Dataset Utilization Theme,M4ZYx3D,2.0,AMR Dataset Utilization Theme,9B3qxZ4,2.0,KOR Dataset Utilization Theme,PBVkEJD,2.0,TWN Dataset Utilization Theme,by88rqy,2.0,HKG Dataset Utilization Theme,V45896D,1.0,GLB/D1 TOPDIV3000 Power Pool Feb`26,,,,,,,,,,,,,
A1JgbMbd,REGULAR,PS40111,EQUITY,EUR,TOP2500,1,0,INDUSTRY,0.08,ON,VERIFY,OFF,OFF,FASTEXPR,False,2014-01-01,2023-12-31,"ts_zscore(subtract(ts_rank(vec_avg(rsk60_offer),20), ts_rank(vec_avg(rsk60_crowding),20)), 20)",,6,2026-02-07T00:05:15-05:00,,2026-02-07T00:05:16-05:00,,False,False,,,ace_tag,llm_test,confidence_0.54,DATA_USAGE:SINGLE_DATA_SET,Single Data Set Alpha,,IS,UNSUBMITTED,3086014,20000000,840,876,0.9184,0.0371,0.0273,8.1e-05,1.33,0.27,2014-01-01,911735.0,20000000.0,914.0,938.0,0.2176,0.011,0.0665,0.000101,0.09,0.41,2048837.0,20000000.0,840.0,876.0,0.9184,0.0246,0.0248,5.4e-05,0.17,1.06,LOW_SHARPE,FAIL,1.58,1.33,LOW_FITNESS,FAIL,1.0,0.27,LOW_TURNOVER,PASS,0.01,0.9184,HIGH_TURNOVER,FAIL,0.7,0.9184,CONCENTRATED_WEIGHT,FAIL,LOW_SUB_UNIVERSE_SHARPE,PASS,0.69,1.39,SELF_CORRELATION,PENDING,DATA_DIVERSITY,PENDING,PROD_CORRELATION,PENDING,REGULAR_SUBMISSION,PENDING,LOW_2Y_SHARPE,PASS,1.58,1.58,MATCHES_COMPETITION,PENDING,AIACv2,AI Alphas Competition 2.0,PASS,MATCHES_PYRAMID,1,1.1,EUR/D1/RISK,1.1,WARNING,MATCHES_THEMES,EDrKL34,2.0,JPN Dataset Utilization Theme,M4ZYx3D,2.0,AMR Dataset Utilization Theme,9B3qxZ4,2.0,KOR Dataset Utilization Theme,PBVkEJD,2.0,TWN Dataset Utilization Theme,by88rqy,2.0,HKG Dataset Utilization Theme,V45896D,1.0,GLB/D1 TOPDIV3000 Power Pool Feb`26,,,,,,,,,,,,,
587a9o9J,REGULAR,PS40111,EQUITY,EUR,TOP2500,1,0,INDUSTRY,0.08,ON,VERIFY,OFF,OFF,FASTEXPR,False,2014-01-01,2023-12-31,"ts_zscore(ts_delta(ts_mean(vec_avg(rsk60_offer),7), 3), 20)",,4,2026-02-07T00:05:15-05:00,,2026-02-07T00:05:16-05:00,,False,False,,,ace_tag,llm_test,confidence_0.6,DATA_USAGE:SINGLE_DATA_SET,Single Data Set Alpha,,IS,UNSUBMITTED,2727889,20000000,703,712,0.4839,0.0265,0.0439,0.000109,0.91,0.21,2014-01-01,582923.0,20000000.0,771.0,749.0,0.1535,0.0057,0.0523,7.4e-05,0.03,0.18,1110763.0,20000000.0,703.0,712.0,0.4839,0.0108,0.0399,4.5e-05,0.07,0.44,LOW_SHARPE,FAIL,1.58,0.91,LOW_FITNESS,FAIL,1.0,0.21,LOW_TURNOVER,PASS,0.01,0.4839,HIGH_TURNOVER,PASS,0.7,0.4839,CONCENTRATED_WEIGHT,PASS,LOW_SUB_UNIVERSE_SHARPE,PASS,0.47,1.04,SELF_CORRELATION,PENDING,DATA_DIVERSITY,PENDING,PROD_CORRELATION,PENDING,REGULAR_SUBMISSION,PENDING,LOW_2Y_SHARPE,FAIL,1.34,1.58,MATCHES_COMPETITION,PENDING,AIACv2,AI Alphas Competition 2.0,PASS,MATCHES_PYRAMID,1,1.1,EUR/D1/RISK,1.1,WARNING,MATCHES_THEMES,EDrKL34,2.0,JPN Dataset Utilization Theme,M4ZYx3D,2.0,AMR Dataset Utilization Theme,9B3qxZ4,2.0,KOR Dataset Utilization Theme,PBVkEJD,2.0,TWN Dataset Utilization Theme,by88rqy,2.0,HKG Dataset Utilization Theme,V45896D,1.0,GLB/D1 TOPDIV3000 Power Pool Feb`26,,,,,,,,,,,,,
LLbg6AEm,REGULAR,PS40111,EQUITY,EUR,TOP2500,1,0,INDUSTRY,0.08,ON,VERIFY,OFF,OFF,FASTEXPR,False,2014-01-01,2023-12-31,"ts_zscore(vec_avg(rsk60_crowding), 20)",,2,2026-02-07T00:05:26-05:00,,2026-02-07T00:05:27-05:00,,False,False,,,ace_tag,llm_test,confidence_0.53,DATA_USAGE:SINGLE_DATA_SET,Single Data Set Alpha,,IS,UNSUBMITTED,-684599,20000000,732,905,1.422,-0.0082,0.1857,-1.2e-05,-0.22,-0.02,2014-01-01,-523189.0,20000000.0,819.0,948.0,0.2469,-0.0063,0.2242,-5.1e-05,-0.02,-0.14,-414395.0,20000000.0,732.0,905.0,1.422,-0.005,0.1246,-7e-06,-0.01,-0.15,LOW_SHARPE,FAIL,1.58,-0.22,LOW_FITNESS,FAIL,1.0,-0.02,LOW_TURNOVER,PASS,0.01,1.422,HIGH_TURNOVER,FAIL,0.7,1.422,CONCENTRATED_WEIGHT,FAIL,LOW_SUB_UNIVERSE_SHARPE,FAIL,-0.11,-0.53,SELF_CORRELATION,PENDING,DATA_DIVERSITY,PENDING,PROD_CORRELATION,PENDING,REGULAR_SUBMISSION,PENDING,LOW_2Y_SHARPE,FAIL,0.25,1.58,MATCHES_COMPETITION,PENDING,AIACv2,AI Alphas Competition 2.0,PASS,MATCHES_PYRAMID,1,1.1,EUR/D1/RISK,1.1,WARNING,MATCHES_THEMES,EDrKL34,2.0,JPN Dataset Utilization Theme,M4ZYx3D,2.0,AMR Dataset Utilization Theme,9B3qxZ4,2.0,KOR Dataset Utilization Theme,PBVkEJD,2.0,TWN Dataset Utilization Theme,by88rqy,2.0,HKG Dataset Utilization Theme,V45896D,1.0,GLB/D1 TOPDIV3000 Power Pool Feb`26,,,,,,,,,,,,,
N1Wg69rw,REGULAR,PS40111,EQUITY,EUR,TOP2500,1,0,INDUSTRY,0.08,ON,VERIFY,OFF,OFF,FASTEXPR,False,2014-01-01,2023-12-31,"sign(subtract(vec_avg(rsk60_offer), vec_avg(rsk60_last)))",,4,2026-02-07T00:05:43-05:00,,2026-02-07T00:05:43-05:00,,False,False,,,ace_tag,llm_test,confidence_0.58,DATA_USAGE:SINGLE_DATA_SET,Single Data Set Alpha,,IS,UNSUBMITTED,-537282,20000000,1047,909,0.7779,-0.0052,0.1298,-1.3e-05,-0.15,-0.01,2014-01-01,94333.0,20000000.0,1164.0,960.0,0.1623,0.0009,0.1528,1.1e-05,0.0,0.02,199873.0,20000000.0,1047.0,909.0,0.7779,0.0019,0.0852,5e-06,0.0,0.08,LOW_SHARPE,FAIL,1.58,-0.15,LOW_FITNESS,FAIL,1.0,-0.01,LOW_TURNOVER,PASS,0.01,0.7779,HIGH_TURNOVER,FAIL,0.7,0.7779,CONCENTRATED_WEIGHT,FAIL,LOW_SUB_UNIVERSE_SHARPE,FAIL,-0.08,-0.11,SELF_CORRELATION,PENDING,DATA_DIVERSITY,PENDING,PROD_CORRELATION,PENDING,REGULAR_SUBMISSION,PENDING,LOW_2Y_SHARPE,FAIL,-0.49,1.58,MATCHES_COMPETITION,PENDING,AIACv2,AI Alphas Competition 2.0,PASS,MATCHES_PYRAMID,1,1.1,EUR/D1/RISK,1.1,WARNING,MATCHES_THEMES,EDrKL34,2.0,JPN Dataset Utilization Theme,M4ZYx3D,2.0,AMR Dataset Utilization Theme,9B3qxZ4,2.0,KOR Dataset Utilization Theme,PBVkEJD,2.0,TWN Dataset Utilization Theme,by88rqy,2.0,HKG Dataset Utilization Theme,V45896D,1.0,GLB/D1 TOPDIV3000 Power Pool Feb`26,,,,,,,,,,,,,
3qYaxxxX,REGULAR,PS40111,EQUITY,EUR,TOP2500,1,0,INDUSTRY,0.08,ON,VERIFY,OFF,OFF,FASTEXPR,False,2014-01-01,2023-12-31,"ts_zscore(add(vec_sum(rsk60_offer), vec_sum(rsk60_last)), 20)",,4,2026-02-07T00:08:00-05:00,,2026-02-07T00:08:01-05:00,,False,False,,,ace_tag,llm_test,confidence_0.63,DATA_USAGE:SINGLE_DATA_SET,Single Data Set Alpha,,IS,UNSUBMITTED,2493695,20000000,723,1074,0.9287,0.0242,0.0309,5.2e-05,0.87,0.14,2014-01-01,70215.0,20000000.0,828.0,1098.0,0.2075,0.0007,0.1605,7e-06,0.0,0.02,1367304.0,20000000.0,723.0,1074.0,0.9287,0.0133,0.0433,2.9e-05,0.08,0.63,LOW_SHARPE,FAIL,1.58,0.87,LOW_FITNESS,FAIL,1.0,0.14,LOW_TURNOVER,PASS,0.01,0.9287,HIGH_TURNOVER,FAIL,0.7,0.9287,CONCENTRATED_WEIGHT,FAIL,LOW_SUB_UNIVERSE_SHARPE,PASS,0.45,0.74,SELF_CORRELATION,PENDING,DATA_DIVERSITY,PENDING,PROD_CORRELATION,PENDING,REGULAR_SUBMISSION,PENDING,LOW_2Y_SHARPE,FAIL,1.4,1.58,MATCHES_COMPETITION,PENDING,AIACv2,AI Alphas Competition 2.0,PASS,MATCHES_PYRAMID,1,1.1,EUR/D1/RISK,1.1,WARNING,MATCHES_THEMES,EDrKL34,2.0,JPN Dataset Utilization Theme,M4ZYx3D,2.0,AMR Dataset Utilization Theme,9B3qxZ4,2.0,KOR Dataset Utilization Theme,PBVkEJD,2.0,TWN Dataset Utilization Theme,by88rqy,2.0,HKG Dataset Utilization Theme,V45896D,1.0,GLB/D1 TOPDIV3000 Power Pool Feb`26,,,,,,,,,,,,,
6XPa11PE,REGULAR,PS40111,EQUITY,EUR,TOP2500,1,0,INDUSTRY,0.08,ON,VERIFY,OFF,OFF,FASTEXPR,False,2014-01-01,2023-12-31,"ts_zscore(divide(vec_avg(rsk60_offer), vec_avg(rsk60_crowding)), 20)",,4,2026-02-07T00:07:59-05:00,,2026-02-07T00:08:00-05:00,,False,False,,,ace_tag,llm_test,confidence_0.56,DATA_USAGE:SINGLE_DATA_SET,Single Data Set Alpha,,IS,UNSUBMITTED,-860880,20000000,625,576,1.0452,-0.0103,0.14,-2e-05,-0.19,-0.02,2014-01-01,2166183.0,20000000.0,691.0,684.0,0.1968,0.026,0.1055,0.000264,0.13,0.37,-446136.0,20000000.0,625.0,576.0,1.0452,-0.0054,0.1394,-1e-05,-0.01,-0.11,LOW_SHARPE,FAIL,1.58,-0.19,LOW_FITNESS,FAIL,1.0,-0.02,LOW_TURNOVER,PASS,0.01,1.0452,HIGH_TURNOVER,FAIL,0.7,1.0452,CONCENTRATED_WEIGHT,FAIL,LOW_SUB_UNIVERSE_SHARPE,FAIL,-0.1,-0.42,SELF_CORRELATION,PENDING,DATA_DIVERSITY,PENDING,PROD_CORRELATION,PENDING,REGULAR_SUBMISSION,PENDING,LOW_2Y_SHARPE,FAIL,-0.55,1.58,MATCHES_COMPETITION,PENDING,AIACv2,AI Alphas Competition 2.0,PASS,MATCHES_PYRAMID,1,1.1,EUR/D1/RISK,1.1,WARNING,MATCHES_THEMES,EDrKL34,2.0,JPN Dataset Utilization Theme,M4ZYx3D,2.0,AMR Dataset Utilization Theme,9B3qxZ4,2.0,KOR Dataset Utilization Theme,PBVkEJD,2.0,TWN Dataset Utilization Theme,by88rqy,2.0,HKG Dataset Utilization Theme,V45896D,1.0,GLB/D1 TOPDIV3000 Power Pool Feb`26,,,,,,,,,,,,,
3qYaxx1P,REGULAR,PS40111,EQUITY,EUR,TOP2500,1,0,INDUSTRY,0.08,ON,VERIFY,OFF,OFF,FASTEXPR,False,2014-01-01,2023-12-31,"quantile(ts_zscore(vec_avg(rsk60_offer), 20))",,3,2026-02-07T00:08:09-05:00,,2026-02-07T00:08:10-05:00,,False,False,,,ace_tag,llm_test,confidence_0.6,DATA_USAGE:SINGLE_DATA_SET,Single Data Set Alpha,,IS,UNSUBMITTED,2448780,20000000,575,572,0.6077,0.0237,0.0368,7.8e-05,0.82,0.16,2014-01-01,-863857.0,20000000.0,688.0,646.0,0.141,-0.0084,0.1705,-0.000119,-0.06,-0.26,1413493.0,20000000.0,575.0,572.0,0.6077,0.0137,0.0386,4.5e-05,0.08,0.56,LOW_SHARPE,FAIL,1.58,0.82,LOW_FITNESS,FAIL,1.0,0.16,LOW_TURNOVER,PASS,0.01,0.6077,HIGH_TURNOVER,PASS,0.7,0.6077,CONCENTRATED_WEIGHT,FAIL,LOW_SUB_UNIVERSE_SHARPE,PASS,0.43,1.05,SELF_CORRELATION,PENDING,DATA_DIVERSITY,PENDING,PROD_CORRELATION,PENDING,REGULAR_SUBMISSION,PENDING,LOW_2Y_SHARPE,FAIL,1.11,1.58,MATCHES_COMPETITION,PENDING,AIACv2,AI Alphas Competition 2.0,PASS,MATCHES_PYRAMID,1,1.1,EUR/D1/RISK,1.1,WARNING,MATCHES_THEMES,EDrKL34,2.0,JPN Dataset Utilization Theme,M4ZYx3D,2.0,AMR Dataset Utilization Theme,9B3qxZ4,2.0,KOR Dataset Utilization Theme,PBVkEJD,2.0,TWN Dataset Utilization Theme,by88rqy,2.0,HKG Dataset Utilization Theme,V45896D,1.0,GLB/D1 TOPDIV3000 Power Pool Feb`26,,,,,,,,,,,,,
mL2rAAW2,REGULAR,PS40111,EQUITY,EUR,TOP2500,1,0,INDUSTRY,0.08,ON,VERIFY,OFF,OFF,FASTEXPR,False,2014-01-01,2023-12-31,"ts_zscore(ts_max_diff(vec_avg(rsk60_offer), 20), 20)",,3,2026-02-07T00:08:12-05:00,,2026-02-07T00:08:13-05:00,,False,False,,,ace_tag,llm_test,confidence_0.62,DATA_USAGE:SINGLE_DATA_SET,Single Data Set Alpha,,IS,UNSUBMITTED,1166822,20000000,717,684,0.5631,0.0113,0.0593,4e-05,0.45,0.06,2014-01-01,1216495.0,20000000.0,768.0,782.0,0.154,0.0118,0.0588,0.000153,0.12,0.42,603471.0,20000000.0,717.0,684.0,0.5631,0.0059,0.0812,2.1e-05,0.03,0.27,LOW_SHARPE,FAIL,1.58,0.45,LOW_FITNESS,FAIL,1.0,0.06,LOW_TURNOVER,PASS,0.01,0.5631,HIGH_TURNOVER,PASS,0.7,0.5631,CONCENTRATED_WEIGHT,FAIL,LOW_SUB_UNIVERSE_SHARPE,PASS,0.23,0.68,SELF_CORRELATION,PENDING,DATA_DIVERSITY,PENDING,PROD_CORRELATION,PENDING,REGULAR_SUBMISSION,PENDING,LOW_2Y_SHARPE,FAIL,1.22,1.58,MATCHES_COMPETITION,PENDING,AIACv2,AI Alphas Competition 2.0,PASS,MATCHES_PYRAMID,1,1.1,EUR/D1/RISK,1.1,WARNING,MATCHES_THEMES,EDrKL34,2.0,JPN Dataset Utilization Theme,M4ZYx3D,2.0,AMR Dataset Utilization Theme,9B3qxZ4,2.0,KOR Dataset Utilization Theme,PBVkEJD,2.0,TWN Dataset Utilization Theme,by88rqy,2.0,HKG Dataset Utilization Theme,V45896D,1.0,GLB/D1 TOPDIV3000 Power Pool Feb`26,,,,,,,,,,,,,
9qPaKPPV,REGULAR,PS40111,EQUITY,EUR,TOP2500,1,0,INDUSTRY,0.08,ON,VERIFY,OFF,OFF,FASTEXPR,False,2014-01-01,2023-12-31,"ts_zscore(ts_kurtosis(vec_avg(rsk60_last), 20), 20)",,3,2026-02-07T00:07:08-05:00,,2026-02-07T00:07:08-05:00,,False,False,,,ace_tag,llm_test,confidence_0.5,DATA_USAGE:SINGLE_DATA_SET,Single Data Set Alpha,,IS,UNSUBMITTED,-91895,20000000,732,924,0.4541,-0.0009,0.0723,-4e-06,-0.04,-0.0,2014-01-01,-617647.0,20000000.0,794.0,979.0,0.1476,-0.006,0.1174,-8.1e-05,-0.05,-0.24,-466728.0,20000000.0,732.0,924.0,0.4541,-0.0045,0.094,-2e-05,-0.02,-0.23,LOW_SHARPE,FAIL,1.58,-0.04,LOW_FITNESS,FAIL,1.0,-0.0,LOW_TURNOVER,PASS,0.01,0.4541,HIGH_TURNOVER,PASS,0.7,0.4541,CONCENTRATED_WEIGHT,PASS,LOW_SUB_UNIVERSE_SHARPE,FAIL,-0.02,-0.36,SELF_CORRELATION,PENDING,DATA_DIVERSITY,PENDING,PROD_CORRELATION,PENDING,REGULAR_SUBMISSION,PENDING,LOW_2Y_SHARPE,FAIL,-0.33,1.58,MATCHES_COMPETITION,PENDING,AIACv2,AI Alphas Competition 2.0,PASS,MATCHES_PYRAMID,1,1.1,EUR/D1/RISK,1.1,WARNING,MATCHES_THEMES,EDrKL34,2.0,JPN Dataset Utilization Theme,M4ZYx3D,2.0,AMR Dataset Utilization Theme,9B3qxZ4,2.0,KOR Dataset Utilization Theme,PBVkEJD,2.0,TWN Dataset Utilization Theme,by88rqy,2.0,HKG Dataset Utilization Theme,V45896D,1.0,GLB/D1 TOPDIV3000 Power Pool Feb`26,,,,,,,,,,,,,
3qYaxx6X,REGULAR,PS40111,EQUITY,EUR,TOP2500,1,0,INDUSTRY,0.08,ON,VERIFY,OFF,OFF,FASTEXPR,False,2014-01-01,2023-12-31,"ts_zscore(ts_count_nans(vec_avg(rsk60_crowding), 10), 20)",,3,2026-02-07T00:08:01-05:00,,2026-02-07T00:08:01-05:00,,False,False,,,ace_tag,llm_test,confidence_0.46,DATA_USAGE:SINGLE_DATA_SET,Single Data Set Alpha,,IS,UNSUBMITTED,549033,20000000,628,623,0.3158,0.0066,0.1192,4.2e-05,0.09,0.01,2014-01-01,705843.0,20000000.0,778.0,731.0,0.1406,0.0085,0.1505,0.000121,0.03,0.14,338631.0,20000000.0,628.0,623.0,0.3158,0.0041,0.1505,2.6e-05,0.01,0.06,LOW_SHARPE,FAIL,1.58,0.09,LOW_FITNESS,FAIL,1.0,0.01,LOW_TURNOVER,PASS,0.01,0.3158,HIGH_TURNOVER,PASS,0.7,0.3158,CONCENTRATED_WEIGHT,FAIL,LOW_SUB_UNIVERSE_SHARPE,FAIL,0.05,-0.02,SELF_CORRELATION,PENDING,DATA_DIVERSITY,PENDING,PROD_CORRELATION,PENDING,REGULAR_SUBMISSION,PENDING,LOW_2Y_SHARPE,FAIL,0.11,1.58,MATCHES_COMPETITION,PENDING,AIACv2,AI Alphas Competition 2.0,PASS,MATCHES_PYRAMID,1,1.1,EUR/D1/RISK,1.1,WARNING,MATCHES_THEMES,EDrKL34,2.0,JPN Dataset Utilization Theme,M4ZYx3D,2.0,AMR Dataset Utilization Theme,9B3qxZ4,2.0,KOR Dataset Utilization Theme,PBVkEJD,2.0,TWN Dataset Utilization Theme,by88rqy,2.0,HKG Dataset Utilization Theme,V45896D,1.0,GLB/D1 TOPDIV3000 Power Pool Feb`26,,,,,,,,,,,2023-11-17,0.1,0.5
Vkw2EEKV,REGULAR,PS40111,EQUITY,EUR,TOP2500,1,0,INDUSTRY,0.08,ON,VERIFY,OFF,OFF,FASTEXPR,False,2014-01-01,2023-12-31,"ts_zscore(vec_avg(rsk60_datatime), 10)",,2,2026-02-07T00:07:58-05:00,,2026-02-07T00:07:58-05:00,,False,False,,,ace_tag,llm_test,confidence_0.4,DATA_USAGE:SINGLE_DATA_SET,Single Data Set Alpha,,IS,UNSUBMITTED,4923284,20000000,735,785,1.1235,0.0632,0.6893,0.000113,0.27,0.06,2014-01-01,-15338791.0,20000000.0,957.0,1050.0,0.224,-0.197,1.9625,-0.001759,-0.73,-0.78,5059638.0,20000000.0,735.0,785.0,1.1235,0.065,0.4733,0.000116,0.08,0.35,LOW_SHARPE,FAIL,1.58,0.27,LOW_FITNESS,FAIL,1.0,0.06,LOW_TURNOVER,PASS,0.01,1.1235,HIGH_TURNOVER,FAIL,0.7,1.1235,CONCENTRATED_WEIGHT,FAIL,LOW_SUB_UNIVERSE_SHARPE,PASS,0.14,0.41,SELF_CORRELATION,PENDING,DATA_DIVERSITY,PENDING,PROD_CORRELATION,PENDING,REGULAR_SUBMISSION,PENDING,LOW_2Y_SHARPE,FAIL,0.64,1.58,MATCHES_COMPETITION,PENDING,AIACv2,AI Alphas Competition 2.0,PASS,MATCHES_PYRAMID,1,1.1,EUR/D1/RISK,1.1,WARNING,MATCHES_THEMES,EDrKL34,2.0,JPN Dataset Utilization Theme,M4ZYx3D,2.0,AMR Dataset Utilization Theme,9B3qxZ4,2.0,KOR Dataset Utilization Theme,PBVkEJD,2.0,TWN Dataset Utilization Theme,by88rqy,2.0,HKG Dataset Utilization Theme,V45896D,1.0,GLB/D1 TOPDIV3000 Power Pool Feb`26,,,,,,,,,,,2021-02-10,0.1,0.5
N1Wg6W9p,REGULAR,PS40111,EQUITY,EUR,TOP2500,1,0,INDUSTRY,0.08,ON,VERIFY,OFF,OFF,FASTEXPR,False,2014-01-01,2023-12-31,"ts_zscore(vec_stddev(rsk60_offer), 10)",,2,2026-02-07T00:07:06-05:00,,2026-02-07T00:07:06-05:00,,False,False,,,ace_tag,llm_test,confidence_0.61,DATA_USAGE:SINGLE_DATA_SET,Single Data Set Alpha,,IS,UNSUBMITTED,2789323,20000000,85,95,0.9906,0.0271,0.8504,5.5e-05,0.12,0.02,2014-01-01,-177358.0,20000000.0,129.0,141.0,0.1596,-0.0017,1.0965,-2.2e-05,-0.0,-0.01,1725775.0,20000000.0,85.0,95.0,0.9906,0.0168,0.6121,3.4e-05,0.01,0.09,LOW_SHARPE,FAIL,1.58,0.12,LOW_FITNESS,FAIL,1.0,0.02,LOW_TURNOVER,PASS,0.01,0.9906,HIGH_TURNOVER,FAIL,0.7,0.9906,CONCENTRATED_WEIGHT,FAIL,LOW_SUB_UNIVERSE_SHARPE,FAIL,0.06,-0.08,SELF_CORRELATION,PENDING,DATA_DIVERSITY,PENDING,PROD_CORRELATION,PENDING,REGULAR_SUBMISSION,PENDING,LOW_2Y_SHARPE,FAIL,0.49,1.58,MATCHES_COMPETITION,PENDING,AIACv2,AI Alphas Competition 2.0,PASS,MATCHES_PYRAMID,1,1.1,EUR/D1/RISK,1.1,WARNING,MATCHES_THEMES,EDrKL34,2.0,JPN Dataset Utilization Theme,M4ZYx3D,2.0,AMR Dataset Utilization Theme,9B3qxZ4,2.0,KOR Dataset Utilization Theme,PBVkEJD,2.0,TWN Dataset Utilization Theme,by88rqy,2.0,HKG Dataset Utilization Theme,V45896D,1.0,GLB/D1 TOPDIV3000 Power Pool Feb`26,,,,,,,,,,,2016-05-19,0.1,0.5
omw3vnQm,REGULAR,PS40111,EQUITY,EUR,TOP2500,1,0,INDUSTRY,0.08,ON,VERIFY,OFF,OFF,FASTEXPR,False,2014-01-01,2023-12-31,"ts_zscore(subtract(vec_avg(rsk60_last), ts_mean(vec_avg(rsk60_last), 5)), 20)",,5,2026-02-07T00:09:27-05:00,,2026-02-07T00:09:28-05:00,,False,False,,,ace_tag,llm_test,confidence_0.63,DATA_USAGE:SINGLE_DATA_SET,Single Data Set Alpha,,IS,UNSUBMITTED,1187408,20000000,850,941,1.15,0.0115,0.0587,2e-05,0.45,0.04,2014-01-01,553765.0,20000000.0,914.0,984.0,0.2547,0.0054,0.1117,4.2e-05,0.03,0.18,913656.0,20000000.0,850.0,941.0,1.15,0.0089,0.0521,1.5e-05,0.04,0.42,LOW_SHARPE,FAIL,1.58,0.45,LOW_FITNESS,FAIL,1.0,0.04,LOW_TURNOVER,PASS,0.01,1.15,HIGH_TURNOVER,FAIL,0.7,1.15,CONCENTRATED_WEIGHT,FAIL,LOW_SUB_UNIVERSE_SHARPE,FAIL,0.23,0.15,SELF_CORRELATION,PENDING,DATA_DIVERSITY,PENDING,PROD_CORRELATION,PENDING,REGULAR_SUBMISSION,PENDING,LOW_2Y_SHARPE,FAIL,0.07,1.58,MATCHES_COMPETITION,PENDING,AIACv2,AI Alphas Competition 2.0,PASS,MATCHES_PYRAMID,1,1.1,EUR/D1/RISK,1.1,WARNING,MATCHES_THEMES,EDrKL34,2.0,JPN Dataset Utilization Theme,M4ZYx3D,2.0,AMR Dataset Utilization Theme,9B3qxZ4,2.0,KOR Dataset Utilization Theme,PBVkEJD,2.0,TWN Dataset Utilization Theme,by88rqy,2.0,HKG Dataset Utilization Theme,V45896D,1.0,GLB/D1 TOPDIV3000 Power Pool Feb`26,,,,,,,,,,,,,
bl2oMNpR,REGULAR,PS40111,EQUITY,EUR,TOP2500,1,0,INDUSTRY,0.08,ON,VERIFY,OFF,OFF,FASTEXPR,False,2014-01-01,2023-12-31,"ts_zscore(ts_backfill(vec_avg(rsk60_crowding), 5), 20)",,3,2026-02-07T00:09:27-05:00,,2026-02-07T00:09:27-05:00,,False,False,,,ace_tag,llm_test,confidence_0.57,DATA_USAGE:SINGLE_DATA_SET,Single Data Set Alpha,,IS,UNSUBMITTED,-708949,20000000,763,938,1.3871,-0.0085,0.186,-1.2e-05,-0.23,-0.02,2014-01-01,-214106.0,20000000.0,829.0,954.0,0.2352,-0.0026,0.1968,-2.2e-05,-0.01,-0.06,-285209.0,20000000.0,763.0,938.0,1.3871,-0.0034,0.1116,-5e-06,-0.01,-0.11,LOW_SHARPE,FAIL,1.58,-0.23,LOW_FITNESS,FAIL,1.0,-0.02,LOW_TURNOVER,PASS,0.01,1.3871,HIGH_TURNOVER,FAIL,0.7,1.3871,CONCENTRATED_WEIGHT,PASS,LOW_SUB_UNIVERSE_SHARPE,FAIL,-0.12,-0.53,SELF_CORRELATION,PENDING,DATA_DIVERSITY,PENDING,PROD_CORRELATION,PENDING,REGULAR_SUBMISSION,PENDING,LOW_2Y_SHARPE,FAIL,0.16,1.58,MATCHES_COMPETITION,PENDING,AIACv2,AI Alphas Competition 2.0,PASS,MATCHES_PYRAMID,1,1.1,EUR/D1/RISK,1.1,WARNING,MATCHES_THEMES,EDrKL34,2.0,JPN Dataset Utilization Theme,M4ZYx3D,2.0,AMR Dataset Utilization Theme,9B3qxZ4,2.0,KOR Dataset Utilization Theme,PBVkEJD,2.0,TWN Dataset Utilization Theme,by88rqy,2.0,HKG Dataset Utilization Theme,V45896D,1.0,GLB/D1 TOPDIV3000 Power Pool Feb`26,,,,,,,,,,,,,
9qPaPPqd,REGULAR,PS40111,EQUITY,EUR,TOP2500,1,0,INDUSTRY,0.08,ON,VERIFY,OFF,OFF,FASTEXPR,False,2014-01-01,2023-12-31,"ts_zscore(ts_backfill(vec_avg(rsk60_offer),5),20)",Used rsk60_offer (high coverage and userCount). Applied SUGGESTION1 partially (single but high-quality field). SUGGESTION2 applied (vec_avg for VECTOR). SUGGESTION3 not required (coverage 0.9567) but ts_backfill used per KEEP_IN_MIND1 to reduce gaps. SUGGESTION4 satisfied by choosing high user/alpha count. Kept implementation simple and <=4 operators. Confidence: 0.75,3,2026-02-06T23:29:44-05:00,,2026-02-06T23:29:46-05:00,,False,False,,,ace_tag,llm_test,confidence_0.68,DATA_USAGE:SINGLE_DATA_SET,Single Data Set Alpha,,IS,UNSUBMITTED,2543036,20000000,505,678,0.6387,0.0247,0.0416,7.7e-05,0.77,0.15,2014-01-01,-1015817.0,20000000.0,612.0,732.0,0.1397,-0.0099,0.1747,-0.000141,-0.08,-0.29,1503682.0,20000000.0,505.0,678.0,0.6387,0.0146,0.0417,4.6e-05,0.08,0.56,LOW_SHARPE,FAIL,1.58,0.77,LOW_FITNESS,FAIL,1.0,0.15,LOW_TURNOVER,PASS,0.01,0.6387,HIGH_TURNOVER,PASS,0.7,0.6387,CONCENTRATED_WEIGHT,PASS,LOW_SUB_UNIVERSE_SHARPE,PASS,0.4,0.97,SELF_CORRELATION,PENDING,DATA_DIVERSITY,PENDING,PROD_CORRELATION,PENDING,REGULAR_SUBMISSION,PENDING,LOW_2Y_SHARPE,FAIL,0.93,1.58,MATCHES_COMPETITION,PENDING,AIACv2,AI Alphas Competition 2.0,PASS,MATCHES_PYRAMID,1,1.1,EUR/D1/RISK,1.1,WARNING,MATCHES_THEMES,EDrKL34,2.0,JPN Dataset Utilization Theme,M4ZYx3D,2.0,AMR Dataset Utilization Theme,9B3qxZ4,2.0,KOR Dataset Utilization Theme,PBVkEJD,2.0,TWN Dataset Utilization Theme,by88rqy,2.0,HKG Dataset Utilization Theme,V45896D,1.0,GLB/D1 TOPDIV3000 Power Pool Feb`26,,,,,,,,,,,,,
omw3vnZm,REGULAR,PS40111,EQUITY,EUR,TOP2500,1,0,INDUSTRY,0.08,ON,VERIFY,OFF,OFF,FASTEXPR,False,2014-01-01,2023-12-31,"ts_zscore(add(ts_zscore(vec_avg(rsk60_offer),20), ts_zscore(vec_avg(rsk60_last),20)), 20)",,6,2026-02-07T00:09:40-05:00,,2026-02-07T00:09:40-05:00,,False,False,,,ace_tag,llm_test,confidence_0.67,DATA_USAGE:SINGLE_DATA_SET,Single Data Set Alpha,,IS,UNSUBMITTED,1322393,20000000,504,605,0.7987,0.0128,0.0757,3.2e-05,0.43,0.05,2014-01-01,97771.0,20000000.0,595.0,704.0,0.1555,0.0009,0.1082,1.2e-05,0.0,0.03,880734.0,20000000.0,504.0,605.0,0.7987,0.0085,0.0952,2.1e-05,0.03,0.33,LOW_SHARPE,FAIL,1.58,0.43,LOW_FITNESS,FAIL,1.0,0.05,LOW_TURNOVER,PASS,0.01,0.7987,HIGH_TURNOVER,FAIL,0.7,0.7987,CONCENTRATED_WEIGHT,FAIL,LOW_SUB_UNIVERSE_SHARPE,PASS,0.22,0.33,SELF_CORRELATION,PENDING,DATA_DIVERSITY,PENDING,PROD_CORRELATION,PENDING,REGULAR_SUBMISSION,PENDING,LOW_2Y_SHARPE,FAIL,0.26,1.58,MATCHES_COMPETITION,PENDING,AIACv2,AI Alphas Competition 2.0,PASS,MATCHES_PYRAMID,1,1.1,EUR/D1/RISK,1.1,WARNING,MATCHES_THEMES,EDrKL34,2.0,JPN Dataset Utilization Theme,M4ZYx3D,2.0,AMR Dataset Utilization Theme,9B3qxZ4,2.0,KOR Dataset Utilization Theme,PBVkEJD,2.0,TWN Dataset Utilization Theme,by88rqy,2.0,HKG Dataset Utilization Theme,V45896D,1.0,GLB/D1 TOPDIV3000 Power Pool Feb`26,,,,,,,,,,,,,
omw3vn5l,REGULAR,PS40111,EQUITY,EUR,TOP2500,1,0,INDUSTRY,0.08,ON,VERIFY,OFF,OFF,FASTEXPR,False,2014-01-01,2023-12-31,"subtract(ts_zscore(vec_avg(rsk60_offer),20), ts_zscore(vec_avg(rsk60_crowding),20))",,5,2026-02-07T00:09:25-05:00,,2026-02-07T00:09:25-05:00,,False,False,,,ace_tag,llm_test,confidence_0.58,DATA_USAGE:SINGLE_DATA_SET,Single Data Set Alpha,,IS,UNSUBMITTED,2132253,20000000,490,561,0.8035,0.0256,0.0573,6.4e-05,0.77,0.14,2014-01-01,-1482427.0,20000000.0,595.0,652.0,0.1498,-0.0178,0.1957,-0.000238,-0.17,-0.48,1501469.0,20000000.0,490.0,561.0,0.8035,0.018,0.0537,4.5e-05,0.09,0.63,LOW_SHARPE,FAIL,1.58,0.77,LOW_FITNESS,FAIL,1.0,0.14,LOW_TURNOVER,PASS,0.01,0.8035,HIGH_TURNOVER,FAIL,0.7,0.8035,CONCENTRATED_WEIGHT,FAIL,LOW_SUB_UNIVERSE_SHARPE,PASS,0.4,1.02,SELF_CORRELATION,PENDING,DATA_DIVERSITY,PENDING,PROD_CORRELATION,PENDING,REGULAR_SUBMISSION,PENDING,LOW_2Y_SHARPE,FAIL,0.6,1.58,MATCHES_COMPETITION,PENDING,AIACv2,AI Alphas Competition 2.0,PASS,MATCHES_PYRAMID,1,1.1,EUR/D1/RISK,1.1,WARNING,MATCHES_THEMES,EDrKL34,2.0,JPN Dataset Utilization Theme,M4ZYx3D,2.0,AMR Dataset Utilization Theme,9B3qxZ4,2.0,KOR Dataset Utilization Theme,PBVkEJD,2.0,TWN Dataset Utilization Theme,by88rqy,2.0,HKG Dataset Utilization Theme,V45896D,1.0,GLB/D1 TOPDIV3000 Power Pool Feb`26,,,,,,,,,,,,,
Jj0gmn0x,REGULAR,PS40111,EQUITY,EUR,TOP2500,1,0,INDUSTRY,0.08,ON,VERIFY,OFF,OFF,FASTEXPR,False,2014-01-01,2023-12-31,"ts_zscore(ts_av_diff(vec_avg(rsk60_offer), 30), 30)",,3,2026-02-07T00:09:28-05:00,,2026-02-07T00:09:28-05:00,,False,False,,,ace_tag,llm_test,confidence_0.66,DATA_USAGE:SINGLE_DATA_SET,Single Data Set Alpha,,IS,UNSUBMITTED,2254083,20000000,781,913,0.5222,0.0219,0.038,8.4e-05,0.86,0.18,2014-01-01,993521.0,20000000.0,865.0,945.0,0.1497,0.0096,0.0613,0.000129,0.09,0.35,885022.0,20000000.0,781.0,913.0,0.5222,0.0086,0.0333,3.3e-05,0.05,0.42,LOW_SHARPE,FAIL,1.58,0.86,LOW_FITNESS,FAIL,1.0,0.18,LOW_TURNOVER,PASS,0.01,0.5222,HIGH_TURNOVER,PASS,0.7,0.5222,CONCENTRATED_WEIGHT,FAIL,LOW_SUB_UNIVERSE_SHARPE,PASS,0.45,0.85,SELF_CORRELATION,PENDING,DATA_DIVERSITY,PENDING,PROD_CORRELATION,PENDING,REGULAR_SUBMISSION,PENDING,LOW_2Y_SHARPE,FAIL,0.98,1.58,MATCHES_COMPETITION,PENDING,AIACv2,AI Alphas Competition 2.0,PASS,MATCHES_PYRAMID,1,1.1,EUR/D1/RISK,1.1,WARNING,MATCHES_THEMES,EDrKL34,2.0,JPN Dataset Utilization Theme,M4ZYx3D,2.0,AMR Dataset Utilization Theme,9B3qxZ4,2.0,KOR Dataset Utilization Theme,PBVkEJD,2.0,TWN Dataset Utilization Theme,by88rqy,2.0,HKG Dataset Utilization Theme,V45896D,1.0,GLB/D1 TOPDIV3000 Power Pool Feb`26,,,,,,,,,,,,,
Wjwad9EP,REGULAR,PS40111,EQUITY,EUR,TOP2500,1,0,INDUSTRY,0.08,ON,VERIFY,OFF,OFF,FASTEXPR,False,2014-01-01,2023-12-31,"ts_zscore(ts_av_diff(vec_avg(rsk60_last), 30), 30)",,3,2026-02-07T00:09:44-05:00,,2026-02-07T00:09:44-05:00,,False,False,,,ace_tag,llm_test,confidence_0.65,DATA_USAGE:SINGLE_DATA_SET,Single Data Set Alpha,,IS,UNSUBMITTED,2063183,20000000,844,1073,0.746,0.02,0.0521,5.4e-05,0.85,0.14,2014-01-01,1091789.0,20000000.0,908.0,1105.0,0.1865,0.0106,0.0733,0.000114,0.1,0.42,1236818.0,20000000.0,844.0,1073.0,0.746,0.012,0.0308,3.2e-05,0.08,0.66,LOW_SHARPE,FAIL,1.58,0.85,LOW_FITNESS,FAIL,1.0,0.14,LOW_TURNOVER,PASS,0.01,0.746,HIGH_TURNOVER,FAIL,0.7,0.746,CONCENTRATED_WEIGHT,FAIL,LOW_SUB_UNIVERSE_SHARPE,PASS,0.44,0.78,SELF_CORRELATION,PENDING,DATA_DIVERSITY,PENDING,PROD_CORRELATION,PENDING,REGULAR_SUBMISSION,PENDING,LOW_2Y_SHARPE,FAIL,0.22,1.58,MATCHES_COMPETITION,PENDING,AIACv2,AI Alphas Competition 2.0,PASS,MATCHES_PYRAMID,1,1.1,EUR/D1/RISK,1.1,WARNING,MATCHES_THEMES,EDrKL34,2.0,JPN Dataset Utilization Theme,M4ZYx3D,2.0,AMR Dataset Utilization Theme,9B3qxZ4,2.0,KOR Dataset Utilization Theme,PBVkEJD,2.0,TWN Dataset Utilization Theme,by88rqy,2.0,HKG Dataset Utilization Theme,V45896D,1.0,GLB/D1 TOPDIV3000 Power Pool Feb`26,,,,,,,,,,,,,
78qaQnJO,REGULAR,PS40111,EQUITY,EUR,TOP2500,1,0,INDUSTRY,0.08,ON,VERIFY,OFF,OFF,FASTEXPR,False,2014-01-01,2023-12-31,"ts_zscore(ts_sum(vec_avg(rsk60_crowding), 14), 20)",,3,2026-02-07T00:11:14-05:00,,2026-02-07T00:11:15-05:00,,False,False,,,ace_tag,llm_test,confidence_0.56,DATA_USAGE:SINGLE_DATA_SET,Single Data Set Alpha,,IS,UNSUBMITTED,-646048,20000000,864,922,0.4428,-0.0078,0.0887,-3.5e-05,-0.3,-0.04,2014-01-01,-115316.0,20000000.0,906.0,946.0,0.1416,-0.0014,0.1081,-2e-05,-0.0,-0.05,116664.0,20000000.0,864.0,922.0,0.4428,0.0014,0.0512,6e-06,0.0,0.06,LOW_SHARPE,FAIL,1.58,-0.3,LOW_FITNESS,FAIL,1.0,-0.04,LOW_TURNOVER,PASS,0.01,0.4428,HIGH_TURNOVER,PASS,0.7,0.4428,CONCENTRATED_WEIGHT,PASS,LOW_SUB_UNIVERSE_SHARPE,FAIL,-0.16,-0.63,SELF_CORRELATION,PENDING,DATA_DIVERSITY,PENDING,PROD_CORRELATION,PENDING,REGULAR_SUBMISSION,PENDING,LOW_2Y_SHARPE,FAIL,-0.56,1.58,MATCHES_COMPETITION,PENDING,AIACv2,AI Alphas Competition 2.0,PASS,MATCHES_PYRAMID,1,1.1,EUR/D1/RISK,1.1,WARNING,MATCHES_THEMES,EDrKL34,2.0,JPN Dataset Utilization Theme,M4ZYx3D,2.0,AMR Dataset Utilization Theme,9B3qxZ4,2.0,KOR Dataset Utilization Theme,PBVkEJD,2.0,TWN Dataset Utilization Theme,by88rqy,2.0,HKG Dataset Utilization Theme,V45896D,1.0,GLB/D1 TOPDIV3000 Power Pool Feb`26,,,,,,,,,,,,,
2rqaRp1b,REGULAR,PS40111,EQUITY,EUR,TOP2500,1,0,INDUSTRY,0.08,ON,VERIFY,OFF,OFF,FASTEXPR,False,2014-01-01,2023-12-31,"ts_zscore(vec_range(rsk60_offer), 15)",,2,2026-02-07T00:11:27-05:00,,2026-02-07T00:11:28-05:00,,False,False,,,ace_tag,llm_test,confidence_0.6,DATA_USAGE:SINGLE_DATA_SET,Single Data Set Alpha,,IS,UNSUBMITTED,-1773209,20000000,108,135,0.8684,-0.0172,0.7008,-4e-05,-0.1,-0.01,2014-01-01,-1467334.0,20000000.0,169.0,175.0,0.1341,-0.0142,0.7653,-0.000212,-0.02,-0.07,-1182441.0,20000000.0,108.0,135.0,0.8684,-0.0115,0.6594,-2.6e-05,-0.01,-0.07,LOW_SHARPE,FAIL,1.58,-0.1,LOW_FITNESS,FAIL,1.0,-0.01,LOW_TURNOVER,PASS,0.01,0.8684,HIGH_TURNOVER,FAIL,0.7,0.8684,CONCENTRATED_WEIGHT,FAIL,LOW_SUB_UNIVERSE_SHARPE,FAIL,-0.05,-0.17,SELF_CORRELATION,PENDING,DATA_DIVERSITY,PENDING,PROD_CORRELATION,PENDING,REGULAR_SUBMISSION,PENDING,LOW_2Y_SHARPE,FAIL,1.37,1.58,MATCHES_COMPETITION,PENDING,AIACv2,AI Alphas Competition 2.0,PASS,MATCHES_PYRAMID,1,1.1,EUR/D1/RISK,1.1,WARNING,MATCHES_THEMES,EDrKL34,2.0,JPN Dataset Utilization Theme,M4ZYx3D,2.0,AMR Dataset Utilization Theme,9B3qxZ4,2.0,KOR Dataset Utilization Theme,PBVkEJD,2.0,TWN Dataset Utilization Theme,by88rqy,2.0,HKG Dataset Utilization Theme,V45896D,1.0,GLB/D1 TOPDIV3000 Power Pool Feb`26,,,,,,,,,,,2015-10-19,0.1,0.5
587a9kdN,REGULAR,PS40111,EQUITY,EUR,TOP2500,1,0,INDUSTRY,0.08,ON,VERIFY,OFF,OFF,FASTEXPR,False,2014-01-01,2023-12-31,"ts_zscore(vec_range(rsk60_last), 15)",,2,2026-02-07T00:11:24-05:00,,2026-02-07T00:11:25-05:00,,False,False,,,ace_tag,llm_test,confidence_0.59,DATA_USAGE:SINGLE_DATA_SET,Single Data Set Alpha,,IS,UNSUBMITTED,7193328,20000000,127,177,0.9883,0.0698,0.2901,0.000141,0.43,0.11,2014-01-01,385867.0,20000000.0,202.0,217.0,0.158,0.0037,0.5865,4.7e-05,0.0,0.02,7184978.0,20000000.0,127.0,177.0,0.9883,0.0697,0.2363,0.000141,0.13,0.49,LOW_SHARPE,FAIL,1.58,0.43,LOW_FITNESS,FAIL,1.0,0.11,LOW_TURNOVER,PASS,0.01,0.9883,HIGH_TURNOVER,FAIL,0.7,0.9883,CONCENTRATED_WEIGHT,FAIL,LOW_SUB_UNIVERSE_SHARPE,PASS,0.22,0.37,SELF_CORRELATION,PENDING,DATA_DIVERSITY,PENDING,PROD_CORRELATION,PENDING,REGULAR_SUBMISSION,PENDING,LOW_2Y_SHARPE,FAIL,0.95,1.58,MATCHES_COMPETITION,PENDING,AIACv2,AI Alphas Competition 2.0,PASS,MATCHES_PYRAMID,1,1.1,EUR/D1/RISK,1.1,WARNING,MATCHES_THEMES,EDrKL34,2.0,JPN Dataset Utilization Theme,M4ZYx3D,2.0,AMR Dataset Utilization Theme,9B3qxZ4,2.0,KOR Dataset Utilization Theme,PBVkEJD,2.0,TWN Dataset Utilization Theme,by88rqy,2.0,HKG Dataset Utilization Theme,V45896D,1.0,GLB/D1 TOPDIV3000 Power Pool Feb`26,,,,,,,,,,,2015-02-03,0.1,0.5
9qPaK7rd,REGULAR,PS40111,EQUITY,EUR,TOP2500,1,0,INDUSTRY,0.08,ON,VERIFY,OFF,OFF,FASTEXPR,False,2014-01-01,2023-12-31,"ts_zscore(ts_delta(ts_mean(vec_avg(rsk60_crowding), 3), 1), 20)",,4,2026-02-07T00:11:16-05:00,,2026-02-07T00:11:16-05:00,,False,False,,,ace_tag,llm_test,confidence_0.54,DATA_USAGE:SINGLE_DATA_SET,Single Data Set Alpha,,IS,UNSUBMITTED,196124,20000000,840,868,1.5419,0.0024,0.0948,3e-06,0.07,0.0,2014-01-01,-783972.0,20000000.0,893.0,890.0,0.2632,-0.0094,0.2031,-7.2e-05,-0.04,-0.23,121842.0,20000000.0,840.0,868.0,1.5419,0.0015,0.0704,2e-06,0.0,0.05,LOW_SHARPE,FAIL,1.58,0.07,LOW_FITNESS,FAIL,1.0,0.0,LOW_TURNOVER,PASS,0.01,1.5419,HIGH_TURNOVER,FAIL,0.7,1.5419,CONCENTRATED_WEIGHT,FAIL,LOW_SUB_UNIVERSE_SHARPE,FAIL,0.04,0.01,SELF_CORRELATION,PENDING,DATA_DIVERSITY,PENDING,PROD_CORRELATION,PENDING,REGULAR_SUBMISSION,PENDING,LOW_2Y_SHARPE,FAIL,-0.01,1.58,MATCHES_COMPETITION,PENDING,AIACv2,AI Alphas Competition 2.0,PASS,MATCHES_PYRAMID,1,1.1,EUR/D1/RISK,1.1,WARNING,MATCHES_THEMES,EDrKL34,2.0,JPN Dataset Utilization Theme,M4ZYx3D,2.0,AMR Dataset Utilization Theme,9B3qxZ4,2.0,KOR Dataset Utilization Theme,PBVkEJD,2.0,TWN Dataset Utilization Theme,by88rqy,2.0,HKG Dataset Utilization Theme,V45896D,1.0,GLB/D1 TOPDIV3000 Power Pool Feb`26,,,,,,,,,,,2016-09-08,0.1,0.227814
0mkedpOq,REGULAR,PS40111,EQUITY,EUR,TOP2500,1,0,INDUSTRY,0.08,ON,VERIFY,OFF,OFF,FASTEXPR,False,2014-01-01,2023-12-31,"ts_zscore(subtract(vec_avg(rsk60_offer), ts_mean(vec_avg(rsk60_offer), 10)), 20)",,5,2026-02-07T00:11:29-05:00,,2026-02-07T00:11:29-05:00,,False,False,,,ace_tag,llm_test,confidence_0.62,DATA_USAGE:SINGLE_DATA_SET,Single Data Set Alpha,,IS,UNSUBMITTED,2249274,20000000,681,724,0.7588,0.0218,0.0818,5.7e-05,0.73,0.12,2014-01-01,99301.0,20000000.0,765.0,779.0,0.1755,0.001,0.1104,1.1e-05,0.0,0.03,976290.0,20000000.0,681.0,724.0,0.7588,0.0095,0.102,2.5e-05,0.04,0.39,LOW_SHARPE,FAIL,1.58,0.73,LOW_FITNESS,FAIL,1.0,0.12,LOW_TURNOVER,PASS,0.01,0.7588,HIGH_TURNOVER,FAIL,0.7,0.7588,CONCENTRATED_WEIGHT,FAIL,LOW_SUB_UNIVERSE_SHARPE,PASS,0.38,0.87,SELF_CORRELATION,PENDING,DATA_DIVERSITY,PENDING,PROD_CORRELATION,PENDING,REGULAR_SUBMISSION,PENDING,LOW_2Y_SHARPE,FAIL,1.22,1.58,MATCHES_COMPETITION,PENDING,AIACv2,AI Alphas Competition 2.0,PASS,MATCHES_PYRAMID,1,1.1,EUR/D1/RISK,1.1,WARNING,MATCHES_THEMES,EDrKL34,2.0,JPN Dataset Utilization Theme,M4ZYx3D,2.0,AMR Dataset Utilization Theme,9B3qxZ4,2.0,KOR Dataset Utilization Theme,PBVkEJD,2.0,TWN Dataset Utilization Theme,by88rqy,2.0,HKG Dataset Utilization Theme,V45896D,1.0,GLB/D1 TOPDIV3000 Power Pool Feb`26,,,,,,,,,,,,,
2rqaRNMP,REGULAR,PS40111,EQUITY,EUR,TOP2500,1,0,INDUSTRY,0.08,ON,VERIFY,OFF,OFF,FASTEXPR,False,2014-01-01,2023-12-31,"ts_zscore(ts_arg_min(vec_avg(rsk60_last), 5), 10)",,3,2026-02-07T00:11:07-05:00,,2026-02-07T00:11:08-05:00,,False,False,,,ace_tag,llm_test,confidence_0.51,DATA_USAGE:SINGLE_DATA_SET,Single Data Set Alpha,,IS,UNSUBMITTED,359271,20000000,1054,690,1.0054,0.0035,0.0621,7e-06,0.15,0.01,2014-01-01,734099.0,20000000.0,1105.0,788.0,0.2383,0.0071,0.0744,6e-05,0.04,0.25,669330.0,20000000.0,1054.0,690.0,1.0054,0.0065,0.0599,1.3e-05,0.03,0.32,LOW_SHARPE,FAIL,1.58,0.15,LOW_FITNESS,FAIL,1.0,0.01,LOW_TURNOVER,PASS,0.01,1.0054,HIGH_TURNOVER,FAIL,0.7,1.0054,CONCENTRATED_WEIGHT,PASS,LOW_SUB_UNIVERSE_SHARPE,FAIL,0.08,-0.11,SELF_CORRELATION,PENDING,DATA_DIVERSITY,PENDING,PROD_CORRELATION,PENDING,REGULAR_SUBMISSION,PENDING,LOW_2Y_SHARPE,FAIL,-0.47,1.58,MATCHES_COMPETITION,PENDING,AIACv2,AI Alphas Competition 2.0,PASS,MATCHES_PYRAMID,1,1.1,EUR/D1/RISK,1.1,WARNING,MATCHES_THEMES,EDrKL34,2.0,JPN Dataset Utilization Theme,M4ZYx3D,2.0,AMR Dataset Utilization Theme,9B3qxZ4,2.0,KOR Dataset Utilization Theme,PBVkEJD,2.0,TWN Dataset Utilization Theme,by88rqy,2.0,HKG Dataset Utilization Theme,V45896D,1.0,GLB/D1 TOPDIV3000 Power Pool Feb`26,,,,,,,,,,,,,
3qYaxe5P,REGULAR,PS40111,EQUITY,EUR,TOP2500,1,0,INDUSTRY,0.08,ON,VERIFY,OFF,OFF,FASTEXPR,False,2014-01-01,2023-12-31,"ts_zscore(last_diff_value(vec_avg(rsk60_crowding), 5), 10)",,3,2026-02-07T00:11:22-05:00,,2026-02-07T00:11:23-05:00,,False,False,,,ace_tag,llm_test,confidence_0.53,DATA_USAGE:SINGLE_DATA_SET,Single Data Set Alpha,,IS,UNSUBMITTED,-1804334,20000000,618,682,1.0408,-0.0217,0.1938,-4.2e-05,-0.67,-0.1,2014-01-01,-1830277.0,20000000.0,710.0,755.0,0.1948,-0.022,0.2262,-0.000226,-0.19,-0.58,-963331.0,20000000.0,618.0,682.0,1.0408,-0.0116,0.133,-2.2e-05,-0.04,-0.42,LOW_SHARPE,FAIL,1.58,-0.67,LOW_FITNESS,FAIL,1.0,-0.1,LOW_TURNOVER,PASS,0.01,1.0408,HIGH_TURNOVER,FAIL,0.7,1.0408,CONCENTRATED_WEIGHT,PASS,LOW_SUB_UNIVERSE_SHARPE,FAIL,-0.35,-0.51,SELF_CORRELATION,PENDING,DATA_DIVERSITY,PENDING,PROD_CORRELATION,PENDING,REGULAR_SUBMISSION,PENDING,LOW_2Y_SHARPE,FAIL,-1.5,1.58,MATCHES_COMPETITION,PENDING,AIACv2,AI Alphas Competition 2.0,PASS,MATCHES_PYRAMID,1,1.1,EUR/D1/RISK,1.1,WARNING,MATCHES_THEMES,EDrKL34,2.0,JPN Dataset Utilization Theme,M4ZYx3D,2.0,AMR Dataset Utilization Theme,9B3qxZ4,2.0,KOR Dataset Utilization Theme,PBVkEJD,2.0,TWN Dataset Utilization Theme,by88rqy,2.0,HKG Dataset Utilization Theme,V45896D,1.0,GLB/D1 TOPDIV3000 Power Pool Feb`26,,,,,,,,,,,,,
omw3vE62,REGULAR,PS40111,EQUITY,EUR,TOP2500,1,0,INDUSTRY,0.08,ON,VERIFY,OFF,OFF,FASTEXPR,False,2014-01-01,2023-12-31,"ts_zscore(divide(vec_avg(rsk60_offer), ts_std_dev(vec_avg(rsk60_offer), 10)), 20)",,5,2026-02-07T00:13:40-05:00,,2026-02-07T00:13:40-05:00,,False,False,,,ace_tag,llm_test,confidence_0.64,DATA_USAGE:SINGLE_DATA_SET,Single Data Set Alpha,,IS,UNSUBMITTED,-1629920,20000000,787,443,0.5004,-0.0158,0.189,-6.3e-05,-0.39,-0.07,2014-01-01,-321005.0,20000000.0,907.0,512.0,0.1342,-0.0031,0.1721,-4.6e-05,-0.01,-0.07,-1394489.0,20000000.0,787.0,443.0,0.5004,-0.0135,0.1636,-5.4e-05,-0.07,-0.4,LOW_SHARPE,FAIL,1.58,-0.39,LOW_FITNESS,FAIL,1.0,-0.07,LOW_TURNOVER,PASS,0.01,0.5004,HIGH_TURNOVER,PASS,0.7,0.5004,CONCENTRATED_WEIGHT,FAIL,LOW_SUB_UNIVERSE_SHARPE,FAIL,-0.2,-0.23,SELF_CORRELATION,PENDING,DATA_DIVERSITY,PENDING,PROD_CORRELATION,PENDING,REGULAR_SUBMISSION,PENDING,LOW_2Y_SHARPE,FAIL,-0.64,1.58,MATCHES_COMPETITION,PENDING,AIACv2,AI Alphas Competition 2.0,PASS,MATCHES_PYRAMID,1,1.1,EUR/D1/RISK,1.1,WARNING,MATCHES_THEMES,EDrKL34,2.0,JPN Dataset Utilization Theme,M4ZYx3D,2.0,AMR Dataset Utilization Theme,9B3qxZ4,2.0,KOR Dataset Utilization Theme,PBVkEJD,2.0,TWN Dataset Utilization Theme,by88rqy,2.0,HKG Dataset Utilization Theme,V45896D,1.0,GLB/D1 TOPDIV3000 Power Pool Feb`26,,,,,,,,,,,,,
587a9g5o,REGULAR,PS40111,EQUITY,EUR,TOP2500,1,0,INDUSTRY,0.08,ON,VERIFY,OFF,OFF,FASTEXPR,False,2014-01-01,2023-12-31,"ts_zscore(divide(vec_avg(rsk60_last), ts_std_dev(vec_avg(rsk60_last), 10)), 20)",,5,2026-02-07T00:13:08-05:00,,2026-02-07T00:13:08-05:00,,False,False,,,ace_tag,llm_test,confidence_0.63,DATA_USAGE:SINGLE_DATA_SET,Single Data Set Alpha,,IS,UNSUBMITTED,-4729493,20000000,923,798,0.5234,-0.0459,0.5084,-0.000175,-0.93,-0.28,2014-01-01,-5439034.0,20000000.0,1057.0,796.0,0.1625,-0.0528,0.5757,-0.000649,-0.51,-0.9,-3191326.0,20000000.0,923.0,798.0,0.5234,-0.031,0.3653,-0.000118,-0.2,-0.81,LOW_SHARPE,FAIL,1.58,-0.93,LOW_FITNESS,FAIL,1.0,-0.28,LOW_TURNOVER,PASS,0.01,0.5234,HIGH_TURNOVER,PASS,0.7,0.5234,CONCENTRATED_WEIGHT,FAIL,LOW_SUB_UNIVERSE_SHARPE,FAIL,-0.48,-0.63,SELF_CORRELATION,PENDING,DATA_DIVERSITY,PENDING,PROD_CORRELATION,PENDING,REGULAR_SUBMISSION,PENDING,LOW_2Y_SHARPE,FAIL,-1.51,1.58,MATCHES_COMPETITION,PENDING,AIACv2,AI Alphas Competition 2.0,PASS,MATCHES_PYRAMID,1,1.1,EUR/D1/RISK,1.1,WARNING,MATCHES_THEMES,EDrKL34,2.0,JPN Dataset Utilization Theme,M4ZYx3D,2.0,AMR Dataset Utilization Theme,9B3qxZ4,2.0,KOR Dataset Utilization Theme,PBVkEJD,2.0,TWN Dataset Utilization Theme,by88rqy,2.0,HKG Dataset Utilization Theme,V45896D,1.0,GLB/D1 TOPDIV3000 Power Pool Feb`26,,,,,,,,,,,,,
ak2AlbRw,REGULAR,PS40111,EQUITY,EUR,TOP2500,1,0,INDUSTRY,0.08,ON,VERIFY,OFF,OFF,FASTEXPR,False,2014-01-01,2023-12-31,"ts_zscore(reverse(ts_delta(vec_avg(rsk60_crowding), 1)), 10)",,4,2026-02-07T00:12:46-05:00,,2026-02-07T00:12:46-05:00,,False,False,,,ace_tag,llm_test,confidence_0.55,DATA_USAGE:SINGLE_DATA_SET,Single Data Set Alpha,,IS,UNSUBMITTED,-11194,20000000,745,725,1.667,-0.0001,0.1096,-0.0,-0.0,-0.0,2014-01-01,1323303.0,20000000.0,817.0,809.0,0.3224,0.0159,0.1302,9.9e-05,0.07,0.32,435409.0,20000000.0,745.0,725.0,1.667,0.0052,0.071,6e-06,0.01,0.17,LOW_SHARPE,FAIL,1.58,-0.0,LOW_FITNESS,FAIL,1.0,-0.0,LOW_TURNOVER,PASS,0.01,1.667,HIGH_TURNOVER,FAIL,0.7,1.667,CONCENTRATED_WEIGHT,FAIL,LOW_SUB_UNIVERSE_SHARPE,PASS,-0.0,0.31,SELF_CORRELATION,PENDING,DATA_DIVERSITY,PENDING,PROD_CORRELATION,PENDING,REGULAR_SUBMISSION,PENDING,LOW_2Y_SHARPE,FAIL,-0.45,1.58,MATCHES_COMPETITION,PENDING,AIACv2,AI Alphas Competition 2.0,PASS,MATCHES_PYRAMID,1,1.1,EUR/D1/RISK,1.1,WARNING,MATCHES_THEMES,EDrKL34,2.0,JPN Dataset Utilization Theme,M4ZYx3D,2.0,AMR Dataset Utilization Theme,9B3qxZ4,2.0,KOR Dataset Utilization Theme,PBVkEJD,2.0,TWN Dataset Utilization Theme,by88rqy,2.0,HKG Dataset Utilization Theme,V45896D,1.0,GLB/D1 TOPDIV3000 Power Pool Feb`26,,,,,,,,,,,,,
RRZ2YbAz,REGULAR,PS40111,EQUITY,EUR,TOP2500,1,0,INDUSTRY,0.08,ON,VERIFY,OFF,OFF,FASTEXPR,False,2014-01-01,2023-12-31,"ts_zscore(ts_arg_min(ts_corr(vec_avg(rsk60_offer), vec_avg(rsk60_last), 30), 30), 30)",,5,2026-02-07T00:12:44-05:00,,2026-02-07T00:12:45-05:00,,False,False,,,ace_tag,llm_test,confidence_0.5,DATA_USAGE:SINGLE_DATA_SET,Single Data Set Alpha,,IS,UNSUBMITTED,-109486,20000000,887,744,0.2468,-0.0011,0.1154,-9e-06,-0.05,-0.0,2014-01-01,-71013.0,20000000.0,898.0,811.0,0.1059,-0.0007,0.1279,-1.3e-05,-0.0,-0.03,-33111.0,20000000.0,887.0,744.0,0.2468,-0.0003,0.0657,-3e-06,-0.0,-0.02,LOW_SHARPE,FAIL,1.58,-0.05,LOW_FITNESS,FAIL,1.0,-0.0,LOW_TURNOVER,PASS,0.01,0.2468,HIGH_TURNOVER,PASS,0.7,0.2468,CONCENTRATED_WEIGHT,FAIL,LOW_SUB_UNIVERSE_SHARPE,PASS,-0.03,0.01,SELF_CORRELATION,PENDING,DATA_DIVERSITY,PENDING,PROD_CORRELATION,PENDING,REGULAR_SUBMISSION,PENDING,LOW_2Y_SHARPE,FAIL,0.99,1.58,MATCHES_COMPETITION,PENDING,AIACv2,AI Alphas Competition 2.0,PASS,MATCHES_PYRAMID,1,1.1,EUR/D1/RISK,1.1,WARNING,MATCHES_THEMES,EDrKL34,2.0,JPN Dataset Utilization Theme,M4ZYx3D,2.0,AMR Dataset Utilization Theme,9B3qxZ4,2.0,KOR Dataset Utilization Theme,PBVkEJD,2.0,TWN Dataset Utilization Theme,by88rqy,2.0,HKG Dataset Utilization Theme,V45896D,1.0,GLB/D1 TOPDIV3000 Power Pool Feb`26,,,,,,,,,,,2014-01-06,0.1,0.10917
wpwn19E6,REGULAR,PS40111,EQUITY,EUR,TOP2500,1,0,INDUSTRY,0.08,ON,VERIFY,OFF,OFF,FASTEXPR,False,2014-01-01,2023-12-31,"ts_zscore(subtract(vec_avg(rsk60_offer), vec_avg(rsk60_crowding)), 20)",,4,2026-02-07T00:13:21-05:00,,2026-02-07T00:13:21-05:00,,False,False,,,ace_tag,llm_test,confidence_0.61,DATA_USAGE:SINGLE_DATA_SET,Single Data Set Alpha,,IS,UNSUBMITTED,1857363,20000000,804,720,1.128,0.0223,0.079,4e-05,0.7,0.1,2014-01-01,-272797.0,20000000.0,882.0,811.0,0.2198,-0.0033,0.1299,-3e-05,-0.01,-0.09,1327777.0,20000000.0,804.0,720.0,1.128,0.016,0.063,2.8e-05,0.07,0.59,LOW_SHARPE,FAIL,1.58,0.7,LOW_FITNESS,FAIL,1.0,0.1,LOW_TURNOVER,PASS,0.01,1.128,HIGH_TURNOVER,FAIL,0.7,1.128,CONCENTRATED_WEIGHT,FAIL,LOW_SUB_UNIVERSE_SHARPE,PASS,0.36,0.87,SELF_CORRELATION,PENDING,DATA_DIVERSITY,PENDING,PROD_CORRELATION,PENDING,REGULAR_SUBMISSION,PENDING,LOW_2Y_SHARPE,FAIL,0.5,1.58,MATCHES_COMPETITION,PENDING,AIACv2,AI Alphas Competition 2.0,PASS,MATCHES_PYRAMID,1,1.1,EUR/D1/RISK,1.1,WARNING,MATCHES_THEMES,EDrKL34,2.0,JPN Dataset Utilization Theme,M4ZYx3D,2.0,AMR Dataset Utilization Theme,9B3qxZ4,2.0,KOR Dataset Utilization Theme,PBVkEJD,2.0,TWN Dataset Utilization Theme,by88rqy,2.0,HKG Dataset Utilization Theme,V45896D,1.0,GLB/D1 TOPDIV3000 Power Pool Feb`26,,,,,,,,,,,,,
O0wbk82Y,REGULAR,PS40111,EQUITY,EUR,TOP2500,1,0,INDUSTRY,0.08,ON,VERIFY,OFF,OFF,FASTEXPR,False,2014-01-01,2023-12-31,"ts_zscore(ts_delta(vec_avg(rsk60_offer), 3), 20)",,3,2026-02-07T00:13:09-05:00,,2026-02-07T00:13:09-05:00,,False,False,,,ace_tag,llm_test,confidence_0.59,DATA_USAGE:SINGLE_DATA_SET,Single Data Set Alpha,,IS,UNSUBMITTED,1373847,20000000,625,651,1.0323,0.0133,0.1196,2.6e-05,0.4,0.05,2014-01-01,-954923.0,20000000.0,732.0,721.0,0.2105,-0.0093,0.1892,-8.8e-05,-0.05,-0.25,780762.0,20000000.0,625.0,651.0,1.0323,0.0076,0.1147,1.5e-05,0.02,0.28,LOW_SHARPE,FAIL,1.58,0.4,LOW_FITNESS,FAIL,1.0,0.05,LOW_TURNOVER,PASS,0.01,1.0323,HIGH_TURNOVER,FAIL,0.7,1.0323,CONCENTRATED_WEIGHT,FAIL,LOW_SUB_UNIVERSE_SHARPE,PASS,0.21,0.39,SELF_CORRELATION,PENDING,DATA_DIVERSITY,PENDING,PROD_CORRELATION,PENDING,REGULAR_SUBMISSION,PENDING,LOW_2Y_SHARPE,FAIL,0.89,1.58,MATCHES_COMPETITION,PENDING,AIACv2,AI Alphas Competition 2.0,PASS,MATCHES_PYRAMID,1,1.1,EUR/D1/RISK,1.1,WARNING,MATCHES_THEMES,EDrKL34,2.0,JPN Dataset Utilization Theme,M4ZYx3D,2.0,AMR Dataset Utilization Theme,9B3qxZ4,2.0,KOR Dataset Utilization Theme,PBVkEJD,2.0,TWN Dataset Utilization Theme,by88rqy,2.0,HKG Dataset Utilization Theme,V45896D,1.0,GLB/D1 TOPDIV3000 Power Pool Feb`26,,,,,,,,,,,,,
2rqaRwAN,REGULAR,PS40111,EQUITY,EUR,TOP2500,1,0,INDUSTRY,0.08,ON,VERIFY,OFF,OFF,FASTEXPR,False,2014-01-01,2023-12-31,"ts_zscore(ts_delta(vec_avg(rsk60_last), 3), 20)",,3,2026-02-07T00:12:45-05:00,,2026-02-07T00:12:45-05:00,,False,False,,,ace_tag,llm_test,confidence_0.58,DATA_USAGE:SINGLE_DATA_SET,Single Data Set Alpha,,IS,UNSUBMITTED,851122,20000000,847,885,1.2028,0.0083,0.0648,1.4e-05,0.32,0.03,2014-01-01,689360.0,20000000.0,930.0,945.0,0.2721,0.0067,0.1061,4.9e-05,0.03,0.22,692390.0,20000000.0,847.0,885.0,1.2028,0.0067,0.0671,1.1e-05,0.02,0.31,LOW_SHARPE,FAIL,1.58,0.32,LOW_FITNESS,FAIL,1.0,0.03,LOW_TURNOVER,PASS,0.01,1.2028,HIGH_TURNOVER,FAIL,0.7,1.2028,CONCENTRATED_WEIGHT,FAIL,LOW_SUB_UNIVERSE_SHARPE,PASS,0.17,0.18,SELF_CORRELATION,PENDING,DATA_DIVERSITY,PENDING,PROD_CORRELATION,PENDING,REGULAR_SUBMISSION,PENDING,LOW_2Y_SHARPE,FAIL,0.45,1.58,MATCHES_COMPETITION,PENDING,AIACv2,AI Alphas Competition 2.0,PASS,MATCHES_PYRAMID,1,1.1,EUR/D1/RISK,1.1,WARNING,MATCHES_THEMES,EDrKL34,2.0,JPN Dataset Utilization Theme,M4ZYx3D,2.0,AMR Dataset Utilization Theme,9B3qxZ4,2.0,KOR Dataset Utilization Theme,PBVkEJD,2.0,TWN Dataset Utilization Theme,by88rqy,2.0,HKG Dataset Utilization Theme,V45896D,1.0,GLB/D1 TOPDIV3000 Power Pool Feb`26,,,,,,,,,,,,,
0mkedXG8,REGULAR,PS40111,EQUITY,EUR,TOP2500,1,0,INDUSTRY,0.08,ON,VERIFY,OFF,OFF,FASTEXPR,False,2014-01-01,2023-12-31,"reverse(ts_zscore(vec_avg(rsk60_crowding), 20))",,3,2026-02-07T00:12:46-05:00,,2026-02-07T00:12:46-05:00,,False,False,,,ace_tag,llm_test,confidence_0.54,DATA_USAGE:SINGLE_DATA_SET,Single Data Set Alpha,,IS,UNSUBMITTED,684599,20000000,905,732,1.422,0.0082,0.1306,1.2e-05,0.22,0.02,2014-01-01,523189.0,20000000.0,948.0,819.0,0.2469,0.0063,0.1901,5.1e-05,0.02,0.14,414395.0,20000000.0,905.0,732.0,1.422,0.005,0.1041,7e-06,0.01,0.15,LOW_SHARPE,FAIL,1.58,0.22,LOW_FITNESS,FAIL,1.0,0.02,LOW_TURNOVER,PASS,0.01,1.422,HIGH_TURNOVER,FAIL,0.7,1.422,CONCENTRATED_WEIGHT,FAIL,LOW_SUB_UNIVERSE_SHARPE,PASS,0.11,0.53,SELF_CORRELATION,PENDING,DATA_DIVERSITY,PENDING,PROD_CORRELATION,PENDING,REGULAR_SUBMISSION,PENDING,LOW_2Y_SHARPE,FAIL,-0.25,1.58,MATCHES_COMPETITION,PENDING,AIACv2,AI Alphas Competition 2.0,PASS,MATCHES_PYRAMID,1,1.1,EUR/D1/RISK,1.1,WARNING,MATCHES_THEMES,EDrKL34,2.0,JPN Dataset Utilization Theme,M4ZYx3D,2.0,AMR Dataset Utilization Theme,9B3qxZ4,2.0,KOR Dataset Utilization Theme,PBVkEJD,2.0,TWN Dataset Utilization Theme,by88rqy,2.0,HKG Dataset Utilization Theme,V45896D,1.0,GLB/D1 TOPDIV3000 Power Pool Feb`26,,,,,,,,,,,,,
WjwadJ8d,REGULAR,PS40111,EQUITY,EUR,TOP2500,1,0,INDUSTRY,0.08,ON,VERIFY,OFF,OFF,FASTEXPR,False,2014-01-01,2023-12-31,"ts_zscore(ts_av_diff(subtract(vec_avg(rsk60_offer), vec_avg(rsk60_last)), 30), 30)",,5,2026-02-07T00:15:38-05:00,,2026-02-07T00:15:39-05:00,,False,False,,,ace_tag,llm_test,confidence_0.6,DATA_USAGE:SINGLE_DATA_SET,Single Data Set Alpha,,IS,UNSUBMITTED,-772841,20000000,1046,829,0.9257,-0.0075,0.1657,-1.6e-05,-0.29,-0.03,2014-01-01,228649.0,20000000.0,1082.0,887.0,0.2051,0.0022,0.0745,2.2e-05,0.01,0.08,-559176.0,20000000.0,1046.0,829.0,0.9257,-0.0054,0.1383,-1.2e-05,-0.02,-0.27,LOW_SHARPE,FAIL,1.58,-0.29,LOW_FITNESS,FAIL,1.0,-0.03,LOW_TURNOVER,PASS,0.01,0.9257,HIGH_TURNOVER,FAIL,0.7,0.9257,CONCENTRATED_WEIGHT,FAIL,LOW_SUB_UNIVERSE_SHARPE,FAIL,-0.15,-0.19,SELF_CORRELATION,PENDING,DATA_DIVERSITY,PENDING,PROD_CORRELATION,PENDING,REGULAR_SUBMISSION,PENDING,LOW_2Y_SHARPE,FAIL,0.77,1.58,MATCHES_COMPETITION,PENDING,AIACv2,AI Alphas Competition 2.0,PASS,MATCHES_PYRAMID,1,1.1,EUR/D1/RISK,1.1,WARNING,MATCHES_THEMES,EDrKL34,2.0,JPN Dataset Utilization Theme,M4ZYx3D,2.0,AMR Dataset Utilization Theme,9B3qxZ4,2.0,KOR Dataset Utilization Theme,PBVkEJD,2.0,TWN Dataset Utilization Theme,by88rqy,2.0,HKG Dataset Utilization Theme,V45896D,1.0,GLB/D1 TOPDIV3000 Power Pool Feb`26,,,,,,,,,,,,,
LLbg6mzn,REGULAR,PS40111,EQUITY,EUR,TOP2500,1,0,INDUSTRY,0.08,ON,VERIFY,OFF,OFF,FASTEXPR,False,2014-01-01,2023-12-31,"ts_zscore(vec_count(rsk60_offer), 10)",,2,2026-02-07T00:14:56-05:00,,2026-02-07T00:14:57-05:00,,False,False,,,ace_tag,llm_test,confidence_0.48,DATA_USAGE:SINGLE_DATA_SET,Single Data Set Alpha,,IS,UNSUBMITTED,-1081663,20000000,269,304,0.8213,-0.0106,0.6532,-2.6e-05,-0.04,-0.0,2014-01-01,-9609442.0,20000000.0,382.0,427.0,0.1675,-0.0938,1.3575,-0.00112,-0.24,-0.32,1526107.0,20000000.0,269.0,304.0,0.8213,0.0149,0.329,3.6e-05,0.01,0.11,LOW_SHARPE,FAIL,1.58,-0.04,LOW_FITNESS,FAIL,1.0,-0.0,LOW_TURNOVER,PASS,0.01,0.8213,HIGH_TURNOVER,FAIL,0.7,0.8213,CONCENTRATED_WEIGHT,FAIL,LOW_SUB_UNIVERSE_SHARPE,FAIL,-0.02,-0.16,SELF_CORRELATION,PENDING,DATA_DIVERSITY,PENDING,PROD_CORRELATION,PENDING,REGULAR_SUBMISSION,PENDING,LOW_2Y_SHARPE,FAIL,1.18,1.58,MATCHES_COMPETITION,PENDING,AIACv2,AI Alphas Competition 2.0,PASS,MATCHES_PYRAMID,1,1.1,EUR/D1/RISK,1.1,WARNING,MATCHES_THEMES,EDrKL34,2.0,JPN Dataset Utilization Theme,M4ZYx3D,2.0,AMR Dataset Utilization Theme,9B3qxZ4,2.0,KOR Dataset Utilization Theme,PBVkEJD,2.0,TWN Dataset Utilization Theme,by88rqy,2.0,HKG Dataset Utilization Theme,V45896D,1.0,GLB/D1 TOPDIV3000 Power Pool Feb`26,,,,,,,,,,,2020-07-07,0.1,0.5
O0wbkV81,REGULAR,PS40111,EQUITY,EUR,TOP2500,1,0,INDUSTRY,0.08,ON,VERIFY,OFF,OFF,FASTEXPR,False,2014-01-01,2023-12-31,"ts_zscore(vec_count(rsk60_last), 10)",,2,2026-02-07T00:15:27-05:00,,2026-02-07T00:15:28-05:00,,False,False,,,ace_tag,llm_test,confidence_0.47,DATA_USAGE:SINGLE_DATA_SET,Single Data Set Alpha,,IS,UNSUBMITTED,-1226931,20000000,262,297,0.8271,-0.012,0.6536,-2.9e-05,-0.05,-0.01,2014-01-01,-9546478.0,20000000.0,371.0,423.0,0.1665,-0.0932,1.3542,-0.001119,-0.24,-0.32,1567870.0,20000000.0,262.0,297.0,0.8271,0.0153,0.3292,3.7e-05,0.01,0.11,LOW_SHARPE,FAIL,1.58,-0.05,LOW_FITNESS,FAIL,1.0,-0.01,LOW_TURNOVER,PASS,0.01,0.8271,HIGH_TURNOVER,FAIL,0.7,0.8271,CONCENTRATED_WEIGHT,FAIL,LOW_SUB_UNIVERSE_SHARPE,FAIL,-0.03,-0.17,SELF_CORRELATION,PENDING,DATA_DIVERSITY,PENDING,PROD_CORRELATION,PENDING,REGULAR_SUBMISSION,PENDING,LOW_2Y_SHARPE,FAIL,1.11,1.58,MATCHES_COMPETITION,PENDING,AIACv2,AI Alphas Competition 2.0,PASS,MATCHES_PYRAMID,1,1.1,EUR/D1/RISK,1.1,WARNING,MATCHES_THEMES,EDrKL34,2.0,JPN Dataset Utilization Theme,M4ZYx3D,2.0,AMR Dataset Utilization Theme,9B3qxZ4,2.0,KOR Dataset Utilization Theme,PBVkEJD,2.0,TWN Dataset Utilization Theme,by88rqy,2.0,HKG Dataset Utilization Theme,V45896D,1.0,GLB/D1 TOPDIV3000 Power Pool Feb`26,,,,,,,,,,,2020-07-07,0.1,0.5
9qPaK2X9,REGULAR,PS40111,EQUITY,EUR,TOP2500,1,0,INDUSTRY,0.08,ON,VERIFY,OFF,OFF,FASTEXPR,False,2014-01-01,2023-12-31,"ts_zscore(ts_kurtosis(vec_avg(rsk60_crowding), 20), 20)",,3,2026-02-07T00:16:02-05:00,,2026-02-07T00:16:02-05:00,,False,False,,,ace_tag,llm_test,confidence_0.49,DATA_USAGE:SINGLE_DATA_SET,Single Data Set Alpha,,IS,UNSUBMITTED,50142,20000000,574,620,0.4844,0.0006,0.1149,2e-06,0.01,0.0,2014-01-01,-1606537.0,20000000.0,686.0,677.0,0.1434,-0.0193,0.2715,-0.000269,-0.16,-0.44,-542051.0,20000000.0,574.0,620.0,0.4844,-0.0065,0.1304,-2.7e-05,-0.02,-0.16,LOW_SHARPE,FAIL,1.58,0.01,LOW_FITNESS,FAIL,1.0,0.0,LOW_TURNOVER,PASS,0.01,0.4844,HIGH_TURNOVER,PASS,0.7,0.4844,CONCENTRATED_WEIGHT,FAIL,LOW_SUB_UNIVERSE_SHARPE,PASS,0.01,0.04,SELF_CORRELATION,PENDING,DATA_DIVERSITY,PENDING,PROD_CORRELATION,PENDING,REGULAR_SUBMISSION,PENDING,LOW_2Y_SHARPE,FAIL,-0.45,1.58,MATCHES_COMPETITION,PENDING,AIACv2,AI Alphas Competition 2.0,PASS,MATCHES_PYRAMID,1,1.1,EUR/D1/RISK,1.1,WARNING,MATCHES_THEMES,EDrKL34,2.0,JPN Dataset Utilization Theme,M4ZYx3D,2.0,AMR Dataset Utilization Theme,9B3qxZ4,2.0,KOR Dataset Utilization Theme,PBVkEJD,2.0,TWN Dataset Utilization Theme,by88rqy,2.0,HKG Dataset Utilization Theme,V45896D,1.0,GLB/D1 TOPDIV3000 Power Pool Feb`26,,,,,,,,,,,2022-07-26,0.1,0.499998
qMkPd3eV,REGULAR,PS40111,EQUITY,EUR,TOP2500,1,0,INDUSTRY,0.08,ON,VERIFY,OFF,OFF,FASTEXPR,False,2014-01-01,2023-12-31,"ts_zscore(multiply(vec_avg(rsk60_offer), vec_sum(rsk60_offer)), 20)",,4,2026-02-07T00:15:20-05:00,,2026-02-07T00:15:21-05:00,,False,False,,,ace_tag,llm_test,confidence_0.57,DATA_USAGE:SINGLE_DATA_SET,Single Data Set Alpha,,IS,UNSUBMITTED,2326651,20000000,586,858,0.7674,0.0226,0.0423,5.9e-05,0.71,0.12,2014-01-01,-207370.0,20000000.0,714.0,906.0,0.1626,-0.002,0.1711,-2.5e-05,-0.01,-0.05,868072.0,20000000.0,586.0,858.0,0.7674,0.0084,0.0616,2.2e-05,0.04,0.34,LOW_SHARPE,FAIL,1.58,0.71,LOW_FITNESS,FAIL,1.0,0.12,LOW_TURNOVER,PASS,0.01,0.7674,HIGH_TURNOVER,FAIL,0.7,0.7674,CONCENTRATED_WEIGHT,FAIL,LOW_SUB_UNIVERSE_SHARPE,PASS,0.37,0.71,SELF_CORRELATION,PENDING,DATA_DIVERSITY,PENDING,PROD_CORRELATION,PENDING,REGULAR_SUBMISSION,PENDING,LOW_2Y_SHARPE,FAIL,1.48,1.58,MATCHES_COMPETITION,PENDING,AIACv2,AI Alphas Competition 2.0,PASS,MATCHES_PYRAMID,1,1.1,EUR/D1/RISK,1.1,WARNING,MATCHES_THEMES,EDrKL34,2.0,JPN Dataset Utilization Theme,M4ZYx3D,2.0,AMR Dataset Utilization Theme,9B3qxZ4,2.0,KOR Dataset Utilization Theme,PBVkEJD,2.0,TWN Dataset Utilization Theme,by88rqy,2.0,HKG Dataset Utilization Theme,V45896D,1.0,GLB/D1 TOPDIV3000 Power Pool Feb`26,,,,,,,,,,,,,
9qPaKdkd,REGULAR,PS40111,EQUITY,EUR,TOP2500,1,0,INDUSTRY,0.08,ON,VERIFY,OFF,OFF,FASTEXPR,False,2014-01-01,2023-12-31,"ts_zscore(multiply(vec_avg(rsk60_last), vec_sum(rsk60_last)), 20)",,4,2026-02-07T00:14:57-05:00,,2026-02-07T00:14:58-05:00,,False,False,,,ace_tag,llm_test,confidence_0.56,DATA_USAGE:SINGLE_DATA_SET,Single Data Set Alpha,,IS,UNSUBMITTED,2152868,20000000,682,1112,0.9728,0.0209,0.0439,4.3e-05,0.76,0.11,2014-01-01,229598.0,20000000.0,789.0,1133.0,0.2102,0.0022,0.1597,2.1e-05,0.01,0.06,1136830.0,20000000.0,682.0,1112.0,0.9728,0.011,0.0482,2.3e-05,0.06,0.53,LOW_SHARPE,FAIL,1.58,0.76,LOW_FITNESS,FAIL,1.0,0.11,LOW_TURNOVER,PASS,0.01,0.9728,HIGH_TURNOVER,FAIL,0.7,0.9728,CONCENTRATED_WEIGHT,FAIL,LOW_SUB_UNIVERSE_SHARPE,PASS,0.39,0.59,SELF_CORRELATION,PENDING,DATA_DIVERSITY,PENDING,PROD_CORRELATION,PENDING,REGULAR_SUBMISSION,PENDING,LOW_2Y_SHARPE,FAIL,0.98,1.58,MATCHES_COMPETITION,PENDING,AIACv2,AI Alphas Competition 2.0,PASS,MATCHES_PYRAMID,1,1.1,EUR/D1/RISK,1.1,WARNING,MATCHES_THEMES,EDrKL34,2.0,JPN Dataset Utilization Theme,M4ZYx3D,2.0,AMR Dataset Utilization Theme,9B3qxZ4,2.0,KOR Dataset Utilization Theme,PBVkEJD,2.0,TWN Dataset Utilization Theme,by88rqy,2.0,HKG Dataset Utilization Theme,V45896D,1.0,GLB/D1 TOPDIV3000 Power Pool Feb`26,,,,,,,,,,,,,
E50gb82P,REGULAR,PS40111,EQUITY,EUR,TOP2500,1,0,INDUSTRY,0.08,ON,VERIFY,OFF,OFF,FASTEXPR,False,2014-01-01,2023-12-31,"reverse(ts_rank(vec_avg(rsk60_offer), 3))",,3,2026-02-07T00:14:57-05:00,,2026-02-07T00:14:58-05:00,,False,False,,,ace_tag,llm_test,confidence_0.6,DATA_USAGE:SINGLE_DATA_SET,Single Data Set Alpha,,IS,UNSUBMITTED,-1847713,20000000,936,962,1.3056,-0.0179,0.221,-2.7e-05,-0.56,-0.07,2014-01-01,2047006.0,20000000.0,983.0,1143.0,0.2628,0.0199,0.0972,0.000151,0.13,0.49,-982888.0,20000000.0,936.0,962.0,1.3056,-0.0095,0.1336,-1.5e-05,-0.03,-0.35,LOW_SHARPE,FAIL,1.58,-0.56,LOW_FITNESS,FAIL,1.0,-0.07,LOW_TURNOVER,PASS,0.01,1.3056,HIGH_TURNOVER,FAIL,0.7,1.3056,CONCENTRATED_WEIGHT,FAIL,LOW_SUB_UNIVERSE_SHARPE,FAIL,-0.29,-0.79,SELF_CORRELATION,PENDING,DATA_DIVERSITY,PENDING,PROD_CORRELATION,PENDING,REGULAR_SUBMISSION,PENDING,LOW_2Y_SHARPE,FAIL,-0.17,1.58,MATCHES_COMPETITION,PENDING,AIACv2,AI Alphas Competition 2.0,PASS,MATCHES_PYRAMID,1,1.1,EUR/D1/RISK,1.1,WARNING,MATCHES_THEMES,EDrKL34,2.0,JPN Dataset Utilization Theme,M4ZYx3D,2.0,AMR Dataset Utilization Theme,9B3qxZ4,2.0,KOR Dataset Utilization Theme,PBVkEJD,2.0,TWN Dataset Utilization Theme,by88rqy,2.0,HKG Dataset Utilization Theme,V45896D,1.0,GLB/D1 TOPDIV3000 Power Pool Feb`26,,,,,,,,,,,,,
bl2oMKkR,REGULAR,PS40111,EQUITY,EUR,TOP2500,1,0,INDUSTRY,0.08,ON,VERIFY,OFF,OFF,FASTEXPR,False,2014-01-01,2023-12-31,"ts_rank(vec_avg(rsk60_last), 3)",,2,2026-02-07T00:15:55-05:00,,2026-02-07T00:15:55-05:00,,False,False,,,ace_tag,llm_test,confidence_0.54,DATA_USAGE:SINGLE_DATA_SET,Single Data Set Alpha,,IS,UNSUBMITTED,1198898,20000000,986,999,1.3601,0.0116,0.0717,1.7e-05,0.51,0.05,2014-01-01,-262260.0,20000000.0,1079.0,1034.0,0.3006,-0.0025,0.1284,-1.7e-05,-0.01,-0.1,755572.0,20000000.0,986.0,999.0,1.3601,0.0073,0.0738,1.1e-05,0.03,0.38,LOW_SHARPE,FAIL,1.58,0.51,LOW_FITNESS,FAIL,1.0,0.05,LOW_TURNOVER,PASS,0.01,1.3601,HIGH_TURNOVER,FAIL,0.7,1.3601,CONCENTRATED_WEIGHT,FAIL,LOW_SUB_UNIVERSE_SHARPE,PASS,0.27,0.38,SELF_CORRELATION,PENDING,DATA_DIVERSITY,PENDING,PROD_CORRELATION,PENDING,REGULAR_SUBMISSION,PENDING,LOW_2Y_SHARPE,FAIL,0.43,1.58,MATCHES_COMPETITION,PENDING,AIACv2,AI Alphas Competition 2.0,PASS,MATCHES_PYRAMID,1,1.1,EUR/D1/RISK,1.1,WARNING,MATCHES_THEMES,EDrKL34,2.0,JPN Dataset Utilization Theme,M4ZYx3D,2.0,AMR Dataset Utilization Theme,9B3qxZ4,2.0,KOR Dataset Utilization Theme,PBVkEJD,2.0,TWN Dataset Utilization Theme,by88rqy,2.0,HKG Dataset Utilization Theme,V45896D,1.0,GLB/D1 TOPDIV3000 Power Pool Feb`26,,,,,,,,,,,,,
1YVamYXM,REGULAR,PS40111,EQUITY,EUR,TOP2500,1,0,INDUSTRY,0.08,ON,VERIFY,OFF,OFF,FASTEXPR,False,2014-01-01,2023-12-31,"reverse(ts_arg_max(vec_avg(rsk60_crowding), 7))",,3,2026-02-07T00:18:27-05:00,,2026-02-07T00:18:28-05:00,,False,False,,,ace_tag,llm_test,confidence_0.52,DATA_USAGE:SINGLE_DATA_SET,Single Data Set Alpha,,IS,UNSUBMITTED,-1885701,20000000,697,1481,0.5847,-0.0227,0.2007,-7.7e-05,-0.71,-0.14,2014-01-01,-2396197.0,20000000.0,825.0,1414.0,0.1598,-0.0288,0.2754,-0.00036,-0.37,-0.88,-663465.0,20000000.0,697.0,1481.0,0.5847,-0.008,0.0673,-2.7e-05,-0.05,-0.41,LOW_SHARPE,FAIL,1.58,-0.71,LOW_FITNESS,FAIL,1.0,-0.14,LOW_TURNOVER,PASS,0.01,0.5847,HIGH_TURNOVER,PASS,0.7,0.5847,CONCENTRATED_WEIGHT,PASS,LOW_SUB_UNIVERSE_SHARPE,FAIL,-0.37,-0.66,SELF_CORRELATION,PENDING,DATA_DIVERSITY,PENDING,PROD_CORRELATION,PENDING,REGULAR_SUBMISSION,PENDING,LOW_2Y_SHARPE,FAIL,-1.92,1.58,MATCHES_COMPETITION,PENDING,AIACv2,AI Alphas Competition 2.0,PASS,MATCHES_PYRAMID,1,1.1,EUR/D1/RISK,1.1,WARNING,MATCHES_THEMES,EDrKL34,2.0,JPN Dataset Utilization Theme,M4ZYx3D,2.0,AMR Dataset Utilization Theme,9B3qxZ4,2.0,KOR Dataset Utilization Theme,PBVkEJD,2.0,TWN Dataset Utilization Theme,by88rqy,2.0,HKG Dataset Utilization Theme,V45896D,1.0,GLB/D1 TOPDIV3000 Power Pool Feb`26,,,,,,,,,,,,,
E50gbj61,REGULAR,PS40111,EQUITY,EUR,TOP2500,1,0,INDUSTRY,0.08,ON,VERIFY,OFF,OFF,FASTEXPR,False,2014-01-01,2023-12-31,"ts_zscore(divide(ts_av_diff(vec_avg(rsk60_offer), 5), ts_std_dev(vec_avg(rsk60_offer), 5)), 20)",,6,2026-02-07T00:17:16-05:00,,2026-02-07T00:17:17-05:00,,False,False,,,ace_tag,llm_test,confidence_0.63,DATA_USAGE:SINGLE_DATA_SET,Single Data Set Alpha,,IS,UNSUBMITTED,-335548,20000000,444,505,0.8665,-0.0033,0.1473,-8e-06,-0.09,-0.01,2014-01-01,1167483.0,20000000.0,560.0,667.0,0.1684,0.0113,0.0938,0.000135,0.07,0.27,-411914.0,20000000.0,444.0,505.0,0.8665,-0.004,0.1109,-9e-06,-0.01,-0.12,LOW_SHARPE,FAIL,1.58,-0.09,LOW_FITNESS,FAIL,1.0,-0.01,LOW_TURNOVER,PASS,0.01,0.8665,HIGH_TURNOVER,FAIL,0.7,0.8665,CONCENTRATED_WEIGHT,FAIL,LOW_SUB_UNIVERSE_SHARPE,FAIL,-0.05,-0.23,SELF_CORRELATION,PENDING,DATA_DIVERSITY,PENDING,PROD_CORRELATION,PENDING,REGULAR_SUBMISSION,PENDING,LOW_2Y_SHARPE,FAIL,-0.84,1.58,MATCHES_COMPETITION,PENDING,AIACv2,AI Alphas Competition 2.0,PASS,MATCHES_PYRAMID,1,1.1,EUR/D1/RISK,1.1,WARNING,MATCHES_THEMES,EDrKL34,2.0,JPN Dataset Utilization Theme,M4ZYx3D,2.0,AMR Dataset Utilization Theme,9B3qxZ4,2.0,KOR Dataset Utilization Theme,PBVkEJD,2.0,TWN Dataset Utilization Theme,by88rqy,2.0,HKG Dataset Utilization Theme,V45896D,1.0,GLB/D1 TOPDIV3000 Power Pool Feb`26,,,,,,,,,,,,,
xAwPQL7w,REGULAR,PS40111,EQUITY,EUR,TOP2500,1,0,INDUSTRY,0.08,ON,VERIFY,OFF,OFF,FASTEXPR,False,2014-01-01,2023-12-31,"ts_zscore(divide(ts_av_diff(vec_avg(rsk60_last), 5), ts_std_dev(vec_avg(rsk60_last), 5)), 20)",,6,2026-02-07T00:17:21-05:00,,2026-02-07T00:17:22-05:00,,False,False,,,ace_tag,llm_test,confidence_0.62,DATA_USAGE:SINGLE_DATA_SET,Single Data Set Alpha,,IS,UNSUBMITTED,459047,20000000,761,894,1.0884,0.0045,0.0739,8e-06,0.17,0.01,2014-01-01,659842.0,20000000.0,832.0,971.0,0.2438,0.0064,0.0616,5.3e-05,0.03,0.18,225000.0,20000000.0,761.0,894.0,1.0884,0.0022,0.1078,4e-06,0.0,0.09,LOW_SHARPE,FAIL,1.58,0.17,LOW_FITNESS,FAIL,1.0,0.01,LOW_TURNOVER,PASS,0.01,1.0884,HIGH_TURNOVER,FAIL,0.7,1.0884,CONCENTRATED_WEIGHT,FAIL,LOW_SUB_UNIVERSE_SHARPE,FAIL,0.09,0.03,SELF_CORRELATION,PENDING,DATA_DIVERSITY,PENDING,PROD_CORRELATION,PENDING,REGULAR_SUBMISSION,PENDING,LOW_2Y_SHARPE,FAIL,-0.27,1.58,MATCHES_COMPETITION,PENDING,AIACv2,AI Alphas Competition 2.0,PASS,MATCHES_PYRAMID,1,1.1,EUR/D1/RISK,1.1,WARNING,MATCHES_THEMES,EDrKL34,2.0,JPN Dataset Utilization Theme,M4ZYx3D,2.0,AMR Dataset Utilization Theme,9B3qxZ4,2.0,KOR Dataset Utilization Theme,PBVkEJD,2.0,TWN Dataset Utilization Theme,by88rqy,2.0,HKG Dataset Utilization Theme,V45896D,1.0,GLB/D1 TOPDIV3000 Power Pool Feb`26,,,,,,,,,,,,,
gJqRPJZO,REGULAR,PS40111,EQUITY,EUR,TOP2500,1,0,INDUSTRY,0.08,ON,VERIFY,OFF,OFF,FASTEXPR,False,2014-01-01,2023-12-31,"ts_zscore(ts_ir(vec_avg(rsk60_crowding), 10), 20)",,3,2026-02-07T00:18:27-05:00,,2026-02-07T00:18:28-05:00,,False,False,,,ace_tag,llm_test,confidence_0.51,DATA_USAGE:SINGLE_DATA_SET,Single Data Set Alpha,,IS,UNSUBMITTED,-2130530,20000000,634,613,0.57,-0.0256,0.2246,-9e-05,-0.78,-0.17,2014-01-01,-728241.0,20000000.0,721.0,687.0,0.144,-0.0088,0.1917,-0.000122,-0.06,-0.25,-1261408.0,20000000.0,634.0,613.0,0.57,-0.0152,0.1521,-5.3e-05,-0.09,-0.54,LOW_SHARPE,FAIL,1.58,-0.78,LOW_FITNESS,FAIL,1.0,-0.17,LOW_TURNOVER,PASS,0.01,0.57,HIGH_TURNOVER,PASS,0.7,0.57,CONCENTRATED_WEIGHT,PASS,LOW_SUB_UNIVERSE_SHARPE,FAIL,-0.41,-0.78,SELF_CORRELATION,PENDING,DATA_DIVERSITY,PENDING,PROD_CORRELATION,PENDING,REGULAR_SUBMISSION,PENDING,LOW_2Y_SHARPE,FAIL,-1.46,1.58,MATCHES_COMPETITION,PENDING,AIACv2,AI Alphas Competition 2.0,PASS,MATCHES_PYRAMID,1,1.1,EUR/D1/RISK,1.1,WARNING,MATCHES_THEMES,EDrKL34,2.0,JPN Dataset Utilization Theme,M4ZYx3D,2.0,AMR Dataset Utilization Theme,9B3qxZ4,2.0,KOR Dataset Utilization Theme,PBVkEJD,2.0,TWN Dataset Utilization Theme,by88rqy,2.0,HKG Dataset Utilization Theme,V45896D,1.0,GLB/D1 TOPDIV3000 Power Pool Feb`26,,,,,,,,,,,,,
Xgw2L0wa,REGULAR,PS40111,EQUITY,EUR,TOP2500,1,0,INDUSTRY,0.08,ON,VERIFY,OFF,OFF,FASTEXPR,False,2014-01-01,2023-12-31,"reverse(ts_zscore(ts_rank(vec_avg(rsk60_offer), 7), 10))",,4,2026-02-07T00:17:28-05:00,,2026-02-07T00:17:29-05:00,,False,False,,,ace_tag,llm_test,confidence_0.58,DATA_USAGE:SINGLE_DATA_SET,Single Data Set Alpha,,IS,UNSUBMITTED,-1681853,20000000,535,544,0.8844,-0.0163,0.2426,-3.7e-05,-0.59,-0.08,2014-01-01,-458184.0,20000000.0,623.0,663.0,0.1835,-0.0044,0.1072,-4.8e-05,-0.02,-0.13,-967879.0,20000000.0,535.0,544.0,0.8844,-0.0094,0.1796,-2.1e-05,-0.04,-0.39,LOW_SHARPE,FAIL,1.58,-0.59,LOW_FITNESS,FAIL,1.0,-0.08,LOW_TURNOVER,PASS,0.01,0.8844,HIGH_TURNOVER,FAIL,0.7,0.8844,CONCENTRATED_WEIGHT,FAIL,LOW_SUB_UNIVERSE_SHARPE,FAIL,-0.31,-0.62,SELF_CORRELATION,PENDING,DATA_DIVERSITY,PENDING,PROD_CORRELATION,PENDING,REGULAR_SUBMISSION,PENDING,LOW_2Y_SHARPE,FAIL,-0.89,1.58,MATCHES_COMPETITION,PENDING,AIACv2,AI Alphas Competition 2.0,PASS,MATCHES_PYRAMID,1,1.1,EUR/D1/RISK,1.1,WARNING,MATCHES_THEMES,EDrKL34,2.0,JPN Dataset Utilization Theme,M4ZYx3D,2.0,AMR Dataset Utilization Theme,9B3qxZ4,2.0,KOR Dataset Utilization Theme,PBVkEJD,2.0,TWN Dataset Utilization Theme,by88rqy,2.0,HKG Dataset Utilization Theme,V45896D,1.0,GLB/D1 TOPDIV3000 Power Pool Feb`26,,,,,,,,,,,,,
0mkedVx6,REGULAR,PS40111,EQUITY,EUR,TOP2500,1,0,INDUSTRY,0.08,ON,VERIFY,OFF,OFF,FASTEXPR,False,2014-01-01,2023-12-31,"reverse(ts_zscore(ts_rank(vec_avg(rsk60_last), 7), 10))",,4,2026-02-07T00:17:18-05:00,,2026-02-07T00:17:19-05:00,,False,False,,,ace_tag,llm_test,confidence_0.57,DATA_USAGE:SINGLE_DATA_SET,Single Data Set Alpha,,IS,UNSUBMITTED,-406910,20000000,840,813,1.0754,-0.0039,0.1366,-7e-06,-0.18,-0.01,2014-01-01,-364311.0,20000000.0,909.0,886.0,0.2531,-0.0035,0.1489,-2.8e-05,-0.02,-0.14,-354552.0,20000000.0,840.0,813.0,1.0754,-0.0034,0.1206,-6e-06,-0.01,-0.19,LOW_SHARPE,FAIL,1.58,-0.18,LOW_FITNESS,FAIL,1.0,-0.01,LOW_TURNOVER,PASS,0.01,1.0754,HIGH_TURNOVER,FAIL,0.7,1.0754,CONCENTRATED_WEIGHT,FAIL,LOW_SUB_UNIVERSE_SHARPE,PASS,-0.09,-0.03,SELF_CORRELATION,PENDING,DATA_DIVERSITY,PENDING,PROD_CORRELATION,PENDING,REGULAR_SUBMISSION,PENDING,LOW_2Y_SHARPE,FAIL,0.22,1.58,MATCHES_COMPETITION,PENDING,AIACv2,AI Alphas Competition 2.0,PASS,MATCHES_PYRAMID,1,1.1,EUR/D1/RISK,1.1,WARNING,MATCHES_THEMES,EDrKL34,2.0,JPN Dataset Utilization Theme,M4ZYx3D,2.0,AMR Dataset Utilization Theme,9B3qxZ4,2.0,KOR Dataset Utilization Theme,PBVkEJD,2.0,TWN Dataset Utilization Theme,by88rqy,2.0,HKG Dataset Utilization Theme,V45896D,1.0,GLB/D1 TOPDIV3000 Power Pool Feb`26,,,,,,,,,,,,,
npkZz1oa,REGULAR,PS40111,EQUITY,EUR,TOP2500,1,0,INDUSTRY,0.08,ON,VERIFY,OFF,OFF,FASTEXPR,False,2014-01-01,2023-12-31,"ts_zscore(ts_arg_min(vec_avg(rsk60_offer), 10), 20)",,3,2026-02-07T00:18:05-05:00,,2026-02-07T00:18:06-05:00,,False,False,,,ace_tag,llm_test,confidence_0.55,DATA_USAGE:SINGLE_DATA_SET,Single Data Set Alpha,,IS,UNSUBMITTED,1652308,20000000,1112,542,0.6782,0.016,0.0642,4.7e-05,0.55,0.08,2014-01-01,-254962.0,20000000.0,1120.0,666.0,0.1709,-0.0025,0.0894,-2.9e-05,-0.01,-0.08,1539100.0,20000000.0,1112.0,542.0,0.6782,0.0149,0.0362,4.4e-05,0.09,0.59,LOW_SHARPE,FAIL,1.58,0.55,LOW_FITNESS,FAIL,1.0,0.08,LOW_TURNOVER,PASS,0.01,0.6782,HIGH_TURNOVER,PASS,0.7,0.6782,CONCENTRATED_WEIGHT,PASS,LOW_SUB_UNIVERSE_SHARPE,PASS,0.29,0.47,SELF_CORRELATION,PENDING,DATA_DIVERSITY,PENDING,PROD_CORRELATION,PENDING,REGULAR_SUBMISSION,PENDING,LOW_2Y_SHARPE,FAIL,0.8,1.58,MATCHES_COMPETITION,PENDING,AIACv2,AI Alphas Competition 2.0,PASS,MATCHES_PYRAMID,1,1.1,EUR/D1/RISK,1.1,WARNING,MATCHES_THEMES,EDrKL34,2.0,JPN Dataset Utilization Theme,M4ZYx3D,2.0,AMR Dataset Utilization Theme,9B3qxZ4,2.0,KOR Dataset Utilization Theme,PBVkEJD,2.0,TWN Dataset Utilization Theme,by88rqy,2.0,HKG Dataset Utilization Theme,V45896D,1.0,GLB/D1 TOPDIV3000 Power Pool Feb`26,,,,,,,,,,,,,
wpwn10E1,REGULAR,PS40111,EQUITY,EUR,TOP2500,1,0,INDUSTRY,0.08,ON,VERIFY,OFF,OFF,FASTEXPR,False,2014-01-01,2023-12-31,"ts_zscore(ts_arg_max(vec_avg(rsk60_last), 10), 20)",,3,2026-02-07T00:17:51-05:00,,2026-02-07T00:17:52-05:00,,False,False,,,ace_tag,llm_test,confidence_0.54,DATA_USAGE:SINGLE_DATA_SET,Single Data Set Alpha,,IS,UNSUBMITTED,26738,20000000,1128,813,0.6021,0.0003,0.0459,1e-06,0.01,0.0,2014-01-01,-560739.0,20000000.0,1128.0,887.0,0.1904,-0.0054,0.1459,-5.7e-05,-0.03,-0.2,-125168.0,20000000.0,1128.0,813.0,0.6021,-0.0012,0.0517,-4e-06,-0.0,-0.06,LOW_SHARPE,FAIL,1.58,0.01,LOW_FITNESS,FAIL,1.0,0.0,LOW_TURNOVER,PASS,0.01,0.6021,HIGH_TURNOVER,PASS,0.7,0.6021,CONCENTRATED_WEIGHT,PASS,LOW_SUB_UNIVERSE_SHARPE,FAIL,0.01,-0.33,SELF_CORRELATION,PENDING,DATA_DIVERSITY,PENDING,PROD_CORRELATION,PENDING,REGULAR_SUBMISSION,PENDING,LOW_2Y_SHARPE,FAIL,-0.35,1.58,MATCHES_COMPETITION,PENDING,AIACv2,AI Alphas Competition 2.0,PASS,MATCHES_PYRAMID,1,1.1,EUR/D1/RISK,1.1,WARNING,MATCHES_THEMES,EDrKL34,2.0,JPN Dataset Utilization Theme,M4ZYx3D,2.0,AMR Dataset Utilization Theme,9B3qxZ4,2.0,KOR Dataset Utilization Theme,PBVkEJD,2.0,TWN Dataset Utilization Theme,by88rqy,2.0,HKG Dataset Utilization Theme,V45896D,1.0,GLB/D1 TOPDIV3000 Power Pool Feb`26,,,,,,,,,,,,,
d58E7LOx,REGULAR,PS40111,EQUITY,EUR,TOP2500,1,0,INDUSTRY,0.08,ON,VERIFY,OFF,OFF,FASTEXPR,False,2014-01-01,2023-12-31,"ts_zscore(add(ts_zscore(vec_avg(rsk60_offer),10), reverse(ts_zscore(vec_avg(rsk60_crowding),10))), 20)",,7,2026-02-07T00:20:15-05:00,,2026-02-07T00:20:15-05:00,,False,False,,,ace_tag,llm_test,confidence_0.62,DATA_USAGE:SINGLE_DATA_SET,Single Data Set Alpha,,IS,UNSUBMITTED,1515611,20000000,393,410,0.9249,0.0182,0.0657,3.9e-05,0.49,0.07,2014-01-01,-1348544.0,20000000.0,504.0,549.0,0.1559,-0.0162,0.1489,-0.000208,-0.13,-0.4,1271809.0,20000000.0,393.0,410.0,0.9249,0.0153,0.0523,3.3e-05,0.06,0.47,LOW_SHARPE,FAIL,1.58,0.49,LOW_FITNESS,FAIL,1.0,0.07,LOW_TURNOVER,PASS,0.01,0.9249,HIGH_TURNOVER,FAIL,0.7,0.9249,CONCENTRATED_WEIGHT,FAIL,LOW_SUB_UNIVERSE_SHARPE,PASS,0.25,0.75,SELF_CORRELATION,PENDING,DATA_DIVERSITY,PENDING,PROD_CORRELATION,PENDING,REGULAR_SUBMISSION,PENDING,LOW_2Y_SHARPE,FAIL,0.06,1.58,MATCHES_COMPETITION,PENDING,AIACv2,AI Alphas Competition 2.0,PASS,MATCHES_PYRAMID,1,1.1,EUR/D1/RISK,1.1,WARNING,MATCHES_THEMES,EDrKL34,2.0,JPN Dataset Utilization Theme,M4ZYx3D,2.0,AMR Dataset Utilization Theme,9B3qxZ4,2.0,KOR Dataset Utilization Theme,PBVkEJD,2.0,TWN Dataset Utilization Theme,by88rqy,2.0,HKG Dataset Utilization Theme,V45896D,1.0,GLB/D1 TOPDIV3000 Power Pool Feb`26,,,,,,,,,,,,,
O0wbmPlY,REGULAR,PS40111,EQUITY,EUR,TOP2500,1,0,INDUSTRY,0.08,ON,VERIFY,OFF,OFF,FASTEXPR,False,2014-01-01,2023-12-31,"and(less(ts_zscore(vec_avg(rsk60_offer),10), 0), less(ts_zscore(vec_avg(rsk60_last),10), 0))",,7,2026-02-07T00:19:47-05:00,,2026-02-07T00:19:48-05:00,,False,False,,,ace_tag,llm_test,confidence_0.53,DATA_USAGE:SINGLE_DATA_SET,Single Data Set Alpha,,IS,UNSUBMITTED,-1843560,20000000,393,469,0.6861,-0.0179,0.1936,-5.2e-05,-0.65,-0.1,2014-01-01,1125451.0,20000000.0,571.0,590.0,0.139,0.0109,0.1017,0.000157,0.1,0.34,-1466896.0,20000000.0,393.0,469.0,0.6861,-0.0142,0.1535,-4.1e-05,-0.08,-0.59,LOW_SHARPE,FAIL,1.58,-0.65,LOW_FITNESS,FAIL,1.0,-0.1,LOW_TURNOVER,PASS,0.01,0.6861,HIGH_TURNOVER,PASS,0.7,0.6861,CONCENTRATED_WEIGHT,FAIL,LOW_SUB_UNIVERSE_SHARPE,FAIL,-0.34,-0.94,SELF_CORRELATION,PENDING,DATA_DIVERSITY,PENDING,PROD_CORRELATION,PENDING,REGULAR_SUBMISSION,PENDING,LOW_2Y_SHARPE,FAIL,-0.85,1.58,MATCHES_COMPETITION,PENDING,AIACv2,AI Alphas Competition 2.0,PASS,MATCHES_PYRAMID,1,1.1,EUR/D1/RISK,1.1,WARNING,MATCHES_THEMES,EDrKL34,2.0,JPN Dataset Utilization Theme,M4ZYx3D,2.0,AMR Dataset Utilization Theme,9B3qxZ4,2.0,KOR Dataset Utilization Theme,PBVkEJD,2.0,TWN Dataset Utilization Theme,by88rqy,2.0,HKG Dataset Utilization Theme,V45896D,1.0,GLB/D1 TOPDIV3000 Power Pool Feb`26,,,,,,,,,,,,,
MPlK8m76,REGULAR,PS40111,EQUITY,EUR,TOP2500,1,0,INDUSTRY,0.08,ON,VERIFY,OFF,OFF,FASTEXPR,False,2014-01-01,2023-12-31,"ts_zscore(ts_product(vec_avg(rsk60_offer), 3), 10)",,3,2026-02-07T00:20:15-05:00,,2026-02-07T00:20:15-05:00,,False,False,,,ace_tag,llm_test,confidence_0.5,DATA_USAGE:SINGLE_DATA_SET,Single Data Set Alpha,,IS,UNSUBMITTED,1810790,20000000,573,782,0.5495,0.0176,0.0465,6.4e-05,0.55,0.1,2014-01-01,-1527099.0,20000000.0,756.0,865.0,0.1633,-0.0148,0.1784,-0.000181,-0.14,-0.48,1523484.0,20000000.0,573.0,782.0,0.5495,0.0148,0.0387,5.4e-05,0.1,0.62,LOW_SHARPE,FAIL,1.58,0.55,LOW_FITNESS,FAIL,1.0,0.1,LOW_TURNOVER,PASS,0.01,0.5495,HIGH_TURNOVER,PASS,0.7,0.5495,CONCENTRATED_WEIGHT,FAIL,LOW_SUB_UNIVERSE_SHARPE,PASS,0.29,0.64,SELF_CORRELATION,PENDING,DATA_DIVERSITY,PENDING,PROD_CORRELATION,PENDING,REGULAR_SUBMISSION,PENDING,LOW_2Y_SHARPE,FAIL,0.54,1.58,MATCHES_COMPETITION,PENDING,AIACv2,AI Alphas Competition 2.0,PASS,MATCHES_PYRAMID,1,1.1,EUR/D1/RISK,1.1,WARNING,MATCHES_THEMES,EDrKL34,2.0,JPN Dataset Utilization Theme,M4ZYx3D,2.0,AMR Dataset Utilization Theme,9B3qxZ4,2.0,KOR Dataset Utilization Theme,PBVkEJD,2.0,TWN Dataset Utilization Theme,by88rqy,2.0,HKG Dataset Utilization Theme,V45896D,1.0,GLB/D1 TOPDIV3000 Power Pool Feb`26,,,,,,,,,,,,,
QPr2leOg,REGULAR,PS40111,EQUITY,EUR,TOP2500,1,0,INDUSTRY,0.08,ON,VERIFY,OFF,OFF,FASTEXPR,False,2014-01-01,2023-12-31,"ts_zscore(ts_product(vec_avg(rsk60_last), 3), 10)",,3,2026-02-07T00:20:48-05:00,,2026-02-07T00:20:49-05:00,,False,False,,,ace_tag,llm_test,confidence_0.49,DATA_USAGE:SINGLE_DATA_SET,Single Data Set Alpha,,IS,UNSUBMITTED,719612,20000000,752,1030,0.6195,0.007,0.0661,2.3e-05,0.26,0.03,2014-01-01,-712308.0,20000000.0,874.0,1058.0,0.1876,-0.0069,0.1764,-7.4e-05,-0.05,-0.25,596326.0,20000000.0,752.0,1030.0,0.6195,0.0058,0.0325,1.9e-05,0.03,0.3,LOW_SHARPE,FAIL,1.58,0.26,LOW_FITNESS,FAIL,1.0,0.03,LOW_TURNOVER,PASS,0.01,0.6195,HIGH_TURNOVER,PASS,0.7,0.6195,CONCENTRATED_WEIGHT,FAIL,LOW_SUB_UNIVERSE_SHARPE,PASS,0.14,0.52,SELF_CORRELATION,PENDING,DATA_DIVERSITY,PENDING,PROD_CORRELATION,PENDING,REGULAR_SUBMISSION,PENDING,LOW_2Y_SHARPE,FAIL,0.03,1.58,MATCHES_COMPETITION,PENDING,AIACv2,AI Alphas Competition 2.0,PASS,MATCHES_PYRAMID,1,1.1,EUR/D1/RISK,1.1,WARNING,MATCHES_THEMES,EDrKL34,2.0,JPN Dataset Utilization Theme,M4ZYx3D,2.0,AMR Dataset Utilization Theme,9B3qxZ4,2.0,KOR Dataset Utilization Theme,PBVkEJD,2.0,TWN Dataset Utilization Theme,by88rqy,2.0,HKG Dataset Utilization Theme,V45896D,1.0,GLB/D1 TOPDIV3000 Power Pool Feb`26,,,,,,,,,,,,,
N1WgjMO8,REGULAR,PS40111,EQUITY,EUR,TOP2500,1,0,INDUSTRY,0.08,ON,VERIFY,OFF,OFF,FASTEXPR,False,2014-01-01,2023-12-31,"reverse(ts_zscore(vec_count(rsk60_crowding), 10))",,3,2026-02-07T00:20:44-05:00,,2026-02-07T00:20:44-05:00,,False,False,,,ace_tag,llm_test,confidence_0.42,DATA_USAGE:SINGLE_DATA_SET,Single Data Set Alpha,,IS,UNSUBMITTED,1812944,20000000,419,352,0.9399,0.0218,0.2755,4.6e-05,0.19,0.03,2014-01-01,-3046867.0,20000000.0,548.0,505.0,0.164,-0.0366,0.556,-0.000446,-0.22,-0.47,-1030016.0,20000000.0,419.0,352.0,0.9399,-0.0124,0.3713,-2.6e-05,-0.01,-0.12,LOW_SHARPE,FAIL,1.58,0.19,LOW_FITNESS,FAIL,1.0,0.03,LOW_TURNOVER,PASS,0.01,0.9399,HIGH_TURNOVER,FAIL,0.7,0.9399,CONCENTRATED_WEIGHT,FAIL,LOW_SUB_UNIVERSE_SHARPE,FAIL,0.1,0.05,SELF_CORRELATION,PENDING,DATA_DIVERSITY,PENDING,PROD_CORRELATION,PENDING,REGULAR_SUBMISSION,PENDING,LOW_2Y_SHARPE,FAIL,-1.22,1.58,MATCHES_COMPETITION,PENDING,AIACv2,AI Alphas Competition 2.0,PASS,MATCHES_PYRAMID,1,1.1,EUR/D1/RISK,1.1,WARNING,MATCHES_THEMES,EDrKL34,2.0,JPN Dataset Utilization Theme,M4ZYx3D,2.0,AMR Dataset Utilization Theme,9B3qxZ4,2.0,KOR Dataset Utilization Theme,PBVkEJD,2.0,TWN Dataset Utilization Theme,by88rqy,2.0,HKG Dataset Utilization Theme,V45896D,1.0,GLB/D1 TOPDIV3000 Power Pool Feb`26,,,,,,,,,,,2020-10-02,0.1,0.5
wpwnz6E6,REGULAR,PS40111,EQUITY,EUR,TOP2500,1,0,INDUSTRY,0.08,ON,VERIFY,OFF,OFF,FASTEXPR,False,2014-01-01,2023-12-31,"reverse(subtract(ts_zscore(vec_avg(rsk60_offer),10), ts_zscore(vec_avg(rsk60_last),10)))",,6,2026-02-07T00:20:45-05:00,,2026-02-07T00:20:45-05:00,,False,False,,,ace_tag,llm_test,confidence_0.6,DATA_USAGE:SINGLE_DATA_SET,Single Data Set Alpha,,IS,UNSUBMITTED,-1543443,20000000,439,437,1.1765,-0.015,0.2445,-2.5e-05,-0.37,-0.04,2014-01-01,3010048.0,20000000.0,562.0,548.0,0.1706,0.0292,0.1246,0.000342,0.25,0.61,-1459207.0,20000000.0,439.0,437.0,1.1765,-0.0142,0.2269,-2.4e-05,-0.04,-0.39,LOW_SHARPE,FAIL,1.58,-0.37,LOW_FITNESS,FAIL,1.0,-0.04,LOW_TURNOVER,PASS,0.01,1.1765,HIGH_TURNOVER,FAIL,0.7,1.1765,CONCENTRATED_WEIGHT,FAIL,LOW_SUB_UNIVERSE_SHARPE,FAIL,-0.19,-0.5,SELF_CORRELATION,PENDING,DATA_DIVERSITY,PENDING,PROD_CORRELATION,PENDING,REGULAR_SUBMISSION,PENDING,LOW_2Y_SHARPE,FAIL,-0.15,1.58,MATCHES_COMPETITION,PENDING,AIACv2,AI Alphas Competition 2.0,PASS,MATCHES_PYRAMID,1,1.1,EUR/D1/RISK,1.1,WARNING,MATCHES_THEMES,EDrKL34,2.0,JPN Dataset Utilization Theme,M4ZYx3D,2.0,AMR Dataset Utilization Theme,9B3qxZ4,2.0,KOR Dataset Utilization Theme,PBVkEJD,2.0,TWN Dataset Utilization Theme,by88rqy,2.0,HKG Dataset Utilization Theme,V45896D,1.0,GLB/D1 TOPDIV3000 Power Pool Feb`26,,,,,,,,,,,2014-01-03,0.1,0.116233
LLbgXao1,REGULAR,PS40111,EQUITY,EUR,TOP2500,1,0,INDUSTRY,0.08,ON,VERIFY,OFF,OFF,FASTEXPR,False,2014-01-01,2023-12-31,"ts_zscore(reverse(ts_max_diff(vec_avg(rsk60_offer), 20)), 20)",,4,2026-02-07T00:19:46-05:00,,2026-02-07T00:19:47-05:00,,False,False,,,ace_tag,llm_test,confidence_0.58,DATA_USAGE:SINGLE_DATA_SET,Single Data Set Alpha,,IS,UNSUBMITTED,-1166822,20000000,684,717,0.5631,-0.0113,0.1779,-4e-05,-0.45,-0.06,2014-01-01,-1216495.0,20000000.0,782.0,768.0,0.154,-0.0118,0.1753,-0.000153,-0.12,-0.42,-603471.0,20000000.0,684.0,717.0,0.5631,-0.0059,0.1381,-2.1e-05,-0.03,-0.27,LOW_SHARPE,FAIL,1.58,-0.45,LOW_FITNESS,FAIL,1.0,-0.06,LOW_TURNOVER,PASS,0.01,0.5631,HIGH_TURNOVER,PASS,0.7,0.5631,CONCENTRATED_WEIGHT,FAIL,LOW_SUB_UNIVERSE_SHARPE,FAIL,-0.23,-0.68,SELF_CORRELATION,PENDING,DATA_DIVERSITY,PENDING,PROD_CORRELATION,PENDING,REGULAR_SUBMISSION,PENDING,LOW_2Y_SHARPE,FAIL,-1.22,1.58,MATCHES_COMPETITION,PENDING,AIACv2,AI Alphas Competition 2.0,PASS,MATCHES_PYRAMID,1,1.1,EUR/D1/RISK,1.1,WARNING,MATCHES_THEMES,EDrKL34,2.0,JPN Dataset Utilization Theme,M4ZYx3D,2.0,AMR Dataset Utilization Theme,9B3qxZ4,2.0,KOR Dataset Utilization Theme,PBVkEJD,2.0,TWN Dataset Utilization Theme,by88rqy,2.0,HKG Dataset Utilization Theme,V45896D,1.0,GLB/D1 TOPDIV3000 Power Pool Feb`26,,,,,,,,,,,,,
1YVambMR,REGULAR,PS40111,EQUITY,EUR,TOP2500,1,0,INDUSTRY,0.08,ON,VERIFY,OFF,OFF,FASTEXPR,False,2014-01-01,2023-12-31,"ts_zscore(reverse(ts_max_diff(vec_avg(rsk60_last), 20)), 20)",,4,2026-02-07T00:19:47-05:00,,2026-02-07T00:19:48-05:00,,False,False,,,ace_tag,llm_test,confidence_0.57,DATA_USAGE:SINGLE_DATA_SET,Single Data Set Alpha,,IS,UNSUBMITTED,-1325628,20000000,922,904,0.6671,-0.0129,0.1909,-3.9e-05,-0.61,-0.08,2014-01-01,-720530.0,20000000.0,994.0,936.0,0.1872,-0.007,0.1529,-7.5e-05,-0.06,-0.3,-1007467.0,20000000.0,922.0,904.0,0.6671,-0.0098,0.1379,-2.9e-05,-0.07,-0.55,LOW_SHARPE,FAIL,1.58,-0.61,LOW_FITNESS,FAIL,1.0,-0.08,LOW_TURNOVER,PASS,0.01,0.6671,HIGH_TURNOVER,PASS,0.7,0.6671,CONCENTRATED_WEIGHT,FAIL,LOW_SUB_UNIVERSE_SHARPE,PASS,-0.32,-0.23,SELF_CORRELATION,PENDING,DATA_DIVERSITY,PENDING,PROD_CORRELATION,PENDING,REGULAR_SUBMISSION,PENDING,LOW_2Y_SHARPE,FAIL,-0.38,1.58,MATCHES_COMPETITION,PENDING,AIACv2,AI Alphas Competition 2.0,PASS,MATCHES_PYRAMID,1,1.1,EUR/D1/RISK,1.1,WARNING,MATCHES_THEMES,EDrKL34,2.0,JPN Dataset Utilization Theme,M4ZYx3D,2.0,AMR Dataset Utilization Theme,9B3qxZ4,2.0,KOR Dataset Utilization Theme,PBVkEJD,2.0,TWN Dataset Utilization Theme,by88rqy,2.0,HKG Dataset Utilization Theme,V45896D,1.0,GLB/D1 TOPDIV3000 Power Pool Feb`26,,,,,,,,,,,,,
mL2rzANx,REGULAR,PS40111,EQUITY,EUR,TOP2500,1,0,INDUSTRY,0.08,ON,VERIFY,OFF,OFF,FASTEXPR,False,2014-01-01,2023-12-31,"reverse(ts_zscore(vec_stddev(rsk60_crowding), 15))",,3,2026-02-07T00:21:59-05:00,,2026-02-07T00:21:59-05:00,,False,False,,,ace_tag,llm_test,confidence_0.45,DATA_USAGE:SINGLE_DATA_SET,Single Data Set Alpha,,IS,UNSUBMITTED,-7408434,20000000,81,55,1.2475,-0.0891,1.2003,-0.000143,-0.44,-0.12,2014-01-01,-12721070.0,20000000.0,111.0,100.0,0.1842,-0.153,1.4682,-0.001661,-0.48,-0.53,-5445969.0,20000000.0,81.0,55.0,1.2475,-0.0655,1.0022,-0.000105,-0.09,-0.38,LOW_SHARPE,FAIL,1.58,-0.44,LOW_FITNESS,FAIL,1.0,-0.12,LOW_TURNOVER,PASS,0.01,1.2475,HIGH_TURNOVER,FAIL,0.7,1.2475,CONCENTRATED_WEIGHT,FAIL,LOW_SUB_UNIVERSE_SHARPE,PASS,-0.23,-0.22,SELF_CORRELATION,PENDING,DATA_DIVERSITY,PENDING,PROD_CORRELATION,PENDING,REGULAR_SUBMISSION,PENDING,LOW_2Y_SHARPE,FAIL,1.1,1.58,MATCHES_COMPETITION,PENDING,AIACv2,AI Alphas Competition 2.0,PASS,MATCHES_PYRAMID,1,1.1,EUR/D1/RISK,1.1,WARNING,MATCHES_THEMES,EDrKL34,2.0,JPN Dataset Utilization Theme,M4ZYx3D,2.0,AMR Dataset Utilization Theme,9B3qxZ4,2.0,KOR Dataset Utilization Theme,PBVkEJD,2.0,TWN Dataset Utilization Theme,by88rqy,2.0,HKG Dataset Utilization Theme,V45896D,1.0,GLB/D1 TOPDIV3000 Power Pool Feb`26,,,,,,,,,,,2016-05-02,0.1,0.5
vRnezz3w,REGULAR,PS40111,EQUITY,EUR,TOP2500,1,0,INDUSTRY,0.08,ON,VERIFY,OFF,OFF,FASTEXPR,False,2014-01-01,2023-12-31,"reverse(ts_zscore(subtract(vec_avg(rsk60_offer), ts_mean(vec_avg(rsk60_offer), 5)), 20))",,6,2026-02-07T00:22:02-05:00,,2026-02-07T00:22:02-05:00,,False,False,,,ace_tag,llm_test,confidence_0.61,DATA_USAGE:SINGLE_DATA_SET,Single Data Set Alpha,,IS,UNSUBMITTED,-1600702,20000000,677,654,0.9945,-0.0155,0.224,-3.1e-05,-0.47,-0.06,2014-01-01,457313.0,20000000.0,738.0,742.0,0.2008,0.0044,0.0983,4.4e-05,0.02,0.12,-764058.0,20000000.0,677.0,654.0,0.9945,-0.0074,0.1625,-1.5e-05,-0.02,-0.28,LOW_SHARPE,FAIL,1.58,-0.47,LOW_FITNESS,FAIL,1.0,-0.06,LOW_TURNOVER,PASS,0.01,0.9945,HIGH_TURNOVER,FAIL,0.7,0.9945,CONCENTRATED_WEIGHT,FAIL,LOW_SUB_UNIVERSE_SHARPE,FAIL,-0.24,-0.43,SELF_CORRELATION,PENDING,DATA_DIVERSITY,PENDING,PROD_CORRELATION,PENDING,REGULAR_SUBMISSION,PENDING,LOW_2Y_SHARPE,FAIL,-0.85,1.58,MATCHES_COMPETITION,PENDING,AIACv2,AI Alphas Competition 2.0,PASS,MATCHES_PYRAMID,1,1.1,EUR/D1/RISK,1.1,WARNING,MATCHES_THEMES,EDrKL34,2.0,JPN Dataset Utilization Theme,M4ZYx3D,2.0,AMR Dataset Utilization Theme,9B3qxZ4,2.0,KOR Dataset Utilization Theme,PBVkEJD,2.0,TWN Dataset Utilization Theme,by88rqy,2.0,HKG Dataset Utilization Theme,V45896D,1.0,GLB/D1 TOPDIV3000 Power Pool Feb`26,,,,,,,,,,,,,
MPlK8bVr,REGULAR,PS40111,EQUITY,EUR,TOP2500,1,0,INDUSTRY,0.08,ON,VERIFY,OFF,OFF,FASTEXPR,False,2014-01-01,2023-12-31,"reverse(ts_zscore(subtract(vec_avg(rsk60_last), ts_mean(vec_avg(rsk60_last), 5)), 20))",,6,2026-02-07T00:23:04-05:00,,2026-02-07T00:23:04-05:00,,False,False,,,ace_tag,llm_test,confidence_0.6,DATA_USAGE:SINGLE_DATA_SET,Single Data Set Alpha,,IS,UNSUBMITTED,-1187408,20000000,941,850,1.15,-0.0115,0.1713,-2e-05,-0.45,-0.04,2014-01-01,-553765.0,20000000.0,984.0,914.0,0.2547,-0.0054,0.157,-4.2e-05,-0.03,-0.18,-913656.0,20000000.0,941.0,850.0,1.15,-0.0089,0.1382,-1.5e-05,-0.04,-0.42,LOW_SHARPE,FAIL,1.58,-0.45,LOW_FITNESS,FAIL,1.0,-0.04,LOW_TURNOVER,PASS,0.01,1.15,HIGH_TURNOVER,FAIL,0.7,1.15,CONCENTRATED_WEIGHT,FAIL,LOW_SUB_UNIVERSE_SHARPE,PASS,-0.23,-0.15,SELF_CORRELATION,PENDING,DATA_DIVERSITY,PENDING,PROD_CORRELATION,PENDING,REGULAR_SUBMISSION,PENDING,LOW_2Y_SHARPE,FAIL,-0.07,1.58,MATCHES_COMPETITION,PENDING,AIACv2,AI Alphas Competition 2.0,PASS,MATCHES_PYRAMID,1,1.1,EUR/D1/RISK,1.1,WARNING,MATCHES_THEMES,EDrKL34,2.0,JPN Dataset Utilization Theme,M4ZYx3D,2.0,AMR Dataset Utilization Theme,9B3qxZ4,2.0,KOR Dataset Utilization Theme,PBVkEJD,2.0,TWN Dataset Utilization Theme,by88rqy,2.0,HKG Dataset Utilization Theme,V45896D,1.0,GLB/D1 TOPDIV3000 Power Pool Feb`26,,,,,,,,,,,,,
bl2oPvwp,REGULAR,PS40111,EQUITY,EUR,TOP2500,1,0,INDUSTRY,0.08,ON,VERIFY,OFF,OFF,FASTEXPR,False,2014-01-01,2023-12-31,"ts_zscore(subtract(ts_mean(vec_avg(rsk60_offer), 10), ts_mean(vec_avg(rsk60_offer), 30)), 30)",,6,2026-02-07T00:23:23-05:00,,2026-02-07T00:23:23-05:00,,False,False,,,ace_tag,llm_test,confidence_0.65,DATA_USAGE:SINGLE_DATA_SET,Single Data Set Alpha,,IS,UNSUBMITTED,1635144,20000000,824,827,0.2249,0.0159,0.0594,0.000142,0.68,0.18,2014-01-01,812878.0,20000000.0,877.0,839.0,0.1087,0.0079,0.1037,0.000146,0.08,0.31,397093.0,20000000.0,824.0,827.0,0.2249,0.0039,0.108,3.4e-05,0.03,0.19,LOW_SHARPE,FAIL,1.58,0.68,LOW_FITNESS,FAIL,1.0,0.18,LOW_TURNOVER,PASS,0.01,0.2249,HIGH_TURNOVER,PASS,0.7,0.2249,CONCENTRATED_WEIGHT,PASS,LOW_SUB_UNIVERSE_SHARPE,PASS,0.35,0.82,SELF_CORRELATION,PENDING,DATA_DIVERSITY,PENDING,PROD_CORRELATION,PENDING,REGULAR_SUBMISSION,PENDING,LOW_2Y_SHARPE,FAIL,0.6,1.58,MATCHES_COMPETITION,PENDING,AIACv2,AI Alphas Competition 2.0,PASS,MATCHES_PYRAMID,1,1.1,EUR/D1/RISK,1.1,WARNING,MATCHES_THEMES,EDrKL34,2.0,JPN Dataset Utilization Theme,M4ZYx3D,2.0,AMR Dataset Utilization Theme,9B3qxZ4,2.0,KOR Dataset Utilization Theme,PBVkEJD,2.0,TWN Dataset Utilization Theme,by88rqy,2.0,HKG Dataset Utilization Theme,V45896D,1.0,GLB/D1 TOPDIV3000 Power Pool Feb`26,,,,,,,,,,,,,
0mkeQerr,REGULAR,PS40111,EQUITY,EUR,TOP2500,1,0,INDUSTRY,0.08,ON,VERIFY,OFF,OFF,FASTEXPR,False,2014-01-01,2023-12-31,"ts_zscore(subtract(ts_mean(vec_avg(rsk60_last), 10), ts_mean(vec_avg(rsk60_last), 30)), 30)",,6,2026-02-07T00:22:43-05:00,,2026-02-07T00:22:44-05:00,,False,False,,,ace_tag,llm_test,confidence_0.64,DATA_USAGE:SINGLE_DATA_SET,Single Data Set Alpha,,IS,UNSUBMITTED,1811130,20000000,969,979,0.262,0.0176,0.0389,0.000135,0.79,0.2,2014-01-01,979101.0,20000000.0,989.0,999.0,0.1236,0.0095,0.091,0.000154,0.11,0.41,401790.0,20000000.0,969.0,979.0,0.262,0.0039,0.053,3e-05,0.03,0.21,LOW_SHARPE,FAIL,1.58,0.79,LOW_FITNESS,FAIL,1.0,0.2,LOW_TURNOVER,PASS,0.01,0.262,HIGH_TURNOVER,PASS,0.7,0.262,CONCENTRATED_WEIGHT,PASS,LOW_SUB_UNIVERSE_SHARPE,PASS,0.41,0.79,SELF_CORRELATION,PENDING,DATA_DIVERSITY,PENDING,PROD_CORRELATION,PENDING,REGULAR_SUBMISSION,PENDING,LOW_2Y_SHARPE,FAIL,0.47,1.58,MATCHES_COMPETITION,PENDING,AIACv2,AI Alphas Competition 2.0,PASS,MATCHES_PYRAMID,1,1.1,EUR/D1/RISK,1.1,WARNING,MATCHES_THEMES,EDrKL34,2.0,JPN Dataset Utilization Theme,M4ZYx3D,2.0,AMR Dataset Utilization Theme,9B3qxZ4,2.0,KOR Dataset Utilization Theme,PBVkEJD,2.0,TWN Dataset Utilization Theme,by88rqy,2.0,HKG Dataset Utilization Theme,V45896D,1.0,GLB/D1 TOPDIV3000 Power Pool Feb`26,,,,,,,,,,,,,
LLbgX6wm,REGULAR,PS40111,EQUITY,EUR,TOP2500,1,0,INDUSTRY,0.08,ON,VERIFY,OFF,OFF,FASTEXPR,False,2014-01-01,2023-12-31,"ts_zscore(divide(ts_std_dev(vec_avg(rsk60_offer), 5), ts_std_dev(vec_avg(rsk60_offer), 20)), 30)",,6,2026-02-07T00:21:59-05:00,,2026-02-07T00:21:59-05:00,,False,False,,,ace_tag,llm_test,confidence_0.62,DATA_USAGE:SINGLE_DATA_SET,Single Data Set Alpha,,IS,UNSUBMITTED,91257,20000000,466,716,0.5062,0.0009,0.0622,4e-06,0.03,0.0,2014-01-01,810755.0,20000000.0,547.0,808.0,0.1416,0.0079,0.0886,0.000111,0.06,0.26,-114505.0,20000000.0,466.0,716.0,0.5062,-0.0011,0.0885,-4e-06,-0.0,-0.05,LOW_SHARPE,FAIL,1.58,0.03,LOW_FITNESS,FAIL,1.0,0.0,LOW_TURNOVER,PASS,0.01,0.5062,HIGH_TURNOVER,PASS,0.7,0.5062,CONCENTRATED_WEIGHT,FAIL,LOW_SUB_UNIVERSE_SHARPE,FAIL,0.02,-0.4,SELF_CORRELATION,PENDING,DATA_DIVERSITY,PENDING,PROD_CORRELATION,PENDING,REGULAR_SUBMISSION,PENDING,LOW_2Y_SHARPE,FAIL,0.48,1.58,MATCHES_COMPETITION,PENDING,AIACv2,AI Alphas Competition 2.0,PASS,MATCHES_PYRAMID,1,1.1,EUR/D1/RISK,1.1,WARNING,MATCHES_THEMES,EDrKL34,2.0,JPN Dataset Utilization Theme,M4ZYx3D,2.0,AMR Dataset Utilization Theme,9B3qxZ4,2.0,KOR Dataset Utilization Theme,PBVkEJD,2.0,TWN Dataset Utilization Theme,by88rqy,2.0,HKG Dataset Utilization Theme,V45896D,1.0,GLB/D1 TOPDIV3000 Power Pool Feb`26,,,,,,,,,,,,,
bl2oPMzm,REGULAR,PS40111,EQUITY,EUR,TOP2500,1,0,INDUSTRY,0.08,ON,VERIFY,OFF,OFF,FASTEXPR,False,2014-01-01,2023-12-31,"ts_zscore(divide(ts_std_dev(vec_avg(rsk60_last), 5), ts_std_dev(vec_avg(rsk60_last), 20)), 30)",,6,2026-02-07T00:21:57-05:00,,2026-02-07T00:21:58-05:00,,False,False,,,ace_tag,llm_test,confidence_0.61,DATA_USAGE:SINGLE_DATA_SET,Single Data Set Alpha,,IS,UNSUBMITTED,152673,20000000,756,984,0.4869,0.0015,0.074,6e-06,0.06,0.0,2014-01-01,106430.0,20000000.0,810.0,1027.0,0.1669,0.001,0.084,1.2e-05,0.0,0.04,-507991.0,20000000.0,756.0,984.0,0.4869,-0.0049,0.1202,-2e-05,-0.02,-0.23,LOW_SHARPE,FAIL,1.58,0.06,LOW_FITNESS,FAIL,1.0,0.0,LOW_TURNOVER,PASS,0.01,0.4869,HIGH_TURNOVER,PASS,0.7,0.4869,CONCENTRATED_WEIGHT,FAIL,LOW_SUB_UNIVERSE_SHARPE,PASS,0.03,0.27,SELF_CORRELATION,PENDING,DATA_DIVERSITY,PENDING,PROD_CORRELATION,PENDING,REGULAR_SUBMISSION,PENDING,LOW_2Y_SHARPE,FAIL,0.22,1.58,MATCHES_COMPETITION,PENDING,AIACv2,AI Alphas Competition 2.0,PASS,MATCHES_PYRAMID,1,1.1,EUR/D1/RISK,1.1,WARNING,MATCHES_THEMES,EDrKL34,2.0,JPN Dataset Utilization Theme,M4ZYx3D,2.0,AMR Dataset Utilization Theme,9B3qxZ4,2.0,KOR Dataset Utilization Theme,PBVkEJD,2.0,TWN Dataset Utilization Theme,by88rqy,2.0,HKG Dataset Utilization Theme,V45896D,1.0,GLB/D1 TOPDIV3000 Power Pool Feb`26,,,,,,,,,,,,,
O0wbm8YJ,REGULAR,PS40111,EQUITY,EUR,TOP2500,1,0,INDUSTRY,0.08,ON,VERIFY,OFF,OFF,FASTEXPR,False,2014-01-01,2023-12-31,"and(greater(ts_zscore(vec_avg(rsk60_crowding),10), 1), greater(ts_zscore(vec_avg(rsk60_offer),10), 1))",,7,2026-02-07T00:25:35-05:00,,2026-02-07T00:25:35-05:00,,False,False,,,ace_tag,llm_test,confidence_0.55,DATA_USAGE:SINGLE_DATA_SET,Single Data Set Alpha,,IS,UNSUBMITTED,2612953,20000000,49,474,1.4954,0.0314,0.1129,4.2e-05,0.39,0.06,2014-01-01,-1577327.0,20000000.0,316.0,741.0,0.1918,-0.019,0.4551,-0.000198,-0.08,-0.24,552317.0,20000000.0,49.0,474.0,1.4954,0.0066,0.1397,9e-06,0.01,0.1,LOW_SHARPE,FAIL,1.58,0.39,LOW_FITNESS,FAIL,1.0,0.06,LOW_TURNOVER,PASS,0.01,1.4954,HIGH_TURNOVER,FAIL,0.7,1.4954,CONCENTRATED_WEIGHT,FAIL,LOW_SUB_UNIVERSE_SHARPE,FAIL,0.2,0.16,SELF_CORRELATION,PENDING,DATA_DIVERSITY,PENDING,PROD_CORRELATION,PENDING,REGULAR_SUBMISSION,PENDING,LOW_2Y_SHARPE,FAIL,0.06,1.58,MATCHES_COMPETITION,PENDING,AIACv2,AI Alphas Competition 2.0,PASS,MATCHES_PYRAMID,1,1.1,EUR/D1/RISK,1.1,WARNING,MATCHES_THEMES,EDrKL34,2.0,JPN Dataset Utilization Theme,M4ZYx3D,2.0,AMR Dataset Utilization Theme,9B3qxZ4,2.0,KOR Dataset Utilization Theme,PBVkEJD,2.0,TWN Dataset Utilization Theme,by88rqy,2.0,HKG Dataset Utilization Theme,V45896D,1.0,GLB/D1 TOPDIV3000 Power Pool Feb`26,,,,,,,,,,,,,
WjwaXeMO,REGULAR,PS40111,EQUITY,EUR,TOP2500,1,0,INDUSTRY,0.08,ON,VERIFY,OFF,OFF,FASTEXPR,False,2014-01-01,2023-12-31,"hump(ts_zscore(vec_avg(rsk60_offer), 10), hump=0.01)",,3,2026-02-07T00:25:34-05:00,,2026-02-07T00:25:35-05:00,,False,False,,,ace_tag,llm_test,confidence_0.59,DATA_USAGE:SINGLE_DATA_SET,Single Data Set Alpha,,IS,UNSUBMITTED,2263689,20000000,477,427,0.2402,0.022,0.0511,0.000183,0.75,0.23,2014-01-01,2176208.0,20000000.0,647.0,559.0,0.0903,0.0211,0.0491,0.000468,0.28,0.68,1419143.0,20000000.0,477.0,427.0,0.2402,0.0138,0.0528,0.000115,0.13,0.55,LOW_SHARPE,FAIL,1.58,0.75,LOW_FITNESS,FAIL,1.0,0.23,LOW_TURNOVER,PASS,0.01,0.2402,HIGH_TURNOVER,PASS,0.7,0.2402,CONCENTRATED_WEIGHT,FAIL,LOW_SUB_UNIVERSE_SHARPE,PASS,0.39,1.03,SELF_CORRELATION,PENDING,DATA_DIVERSITY,PENDING,PROD_CORRELATION,PENDING,REGULAR_SUBMISSION,PENDING,LOW_2Y_SHARPE,FAIL,1.55,1.58,MATCHES_COMPETITION,PENDING,AIACv2,AI Alphas Competition 2.0,PASS,MATCHES_PYRAMID,1,1.1,EUR/D1/RISK,1.1,WARNING,MATCHES_THEMES,EDrKL34,2.0,JPN Dataset Utilization Theme,M4ZYx3D,2.0,AMR Dataset Utilization Theme,9B3qxZ4,2.0,KOR Dataset Utilization Theme,PBVkEJD,2.0,TWN Dataset Utilization Theme,by88rqy,2.0,HKG Dataset Utilization Theme,V45896D,1.0,GLB/D1 TOPDIV3000 Power Pool Feb`26,,,,,,,,,,,,,
LLbgXGz2,REGULAR,PS40111,EQUITY,EUR,TOP2500,1,0,INDUSTRY,0.08,ON,VERIFY,OFF,OFF,FASTEXPR,False,2014-01-01,2023-12-31,"hump(ts_zscore(vec_avg(rsk60_last), 10), hump=0.01)",,3,2026-02-07T00:24:39-05:00,,2026-02-07T00:24:40-05:00,,False,False,,,ace_tag,llm_test,confidence_0.58,DATA_USAGE:SINGLE_DATA_SET,Single Data Set Alpha,,IS,UNSUBMITTED,554737,20000000,736,818,0.1457,0.0054,0.0418,7.4e-05,0.23,0.04,2014-01-01,119639.0,20000000.0,856.0,904.0,0.0748,0.0012,0.0981,3.1e-05,0.0,0.05,703256.0,20000000.0,736.0,818.0,0.1457,0.0068,0.0298,9.4e-05,0.08,0.36,LOW_SHARPE,FAIL,1.58,0.23,LOW_FITNESS,FAIL,1.0,0.04,LOW_TURNOVER,PASS,0.01,0.1457,HIGH_TURNOVER,PASS,0.7,0.1457,CONCENTRATED_WEIGHT,FAIL,LOW_SUB_UNIVERSE_SHARPE,FAIL,0.12,0.08,SELF_CORRELATION,PENDING,DATA_DIVERSITY,PENDING,PROD_CORRELATION,PENDING,REGULAR_SUBMISSION,PENDING,LOW_2Y_SHARPE,FAIL,-0.17,1.58,MATCHES_COMPETITION,PENDING,AIACv2,AI Alphas Competition 2.0,PASS,MATCHES_PYRAMID,1,1.1,EUR/D1/RISK,1.1,WARNING,MATCHES_THEMES,EDrKL34,2.0,JPN Dataset Utilization Theme,M4ZYx3D,2.0,AMR Dataset Utilization Theme,9B3qxZ4,2.0,KOR Dataset Utilization Theme,PBVkEJD,2.0,TWN Dataset Utilization Theme,by88rqy,2.0,HKG Dataset Utilization Theme,V45896D,1.0,GLB/D1 TOPDIV3000 Power Pool Feb`26,,,,,,,,,,,,,
Xgw2lJgb,REGULAR,PS40111,EQUITY,EUR,TOP2500,1,0,INDUSTRY,0.08,ON,VERIFY,OFF,OFF,FASTEXPR,False,2014-01-01,2023-12-31,"trade_when(ts_zscore(vec_avg(rsk60_crowding), 10), ts_zscore(vec_avg(rsk60_crowding), 10), NaN)",,5,2026-02-07T00:25:34-05:00,,2026-02-07T00:25:35-05:00,,False,False,,,ace_tag,llm_test,confidence_0.5,DATA_USAGE:SINGLE_DATA_SET,Single Data Set Alpha,,IS,UNSUBMITTED,286024,20000000,973,1305,0.2378,0.0034,0.0742,2.9e-05,0.16,0.02,2014-01-01,94499.0,20000000.0,962.0,1321.0,0.0894,0.0011,0.1181,2.5e-05,0.0,0.05,-100807.0,20000000.0,973.0,1305.0,0.2378,-0.0012,0.0421,-1e-05,-0.01,-0.08,LOW_SHARPE,FAIL,1.58,0.16,LOW_FITNESS,FAIL,1.0,0.02,LOW_TURNOVER,PASS,0.01,0.2378,HIGH_TURNOVER,PASS,0.7,0.2378,CONCENTRATED_WEIGHT,PASS,LOW_SUB_UNIVERSE_SHARPE,FAIL,0.08,-0.14,SELF_CORRELATION,PENDING,DATA_DIVERSITY,PENDING,PROD_CORRELATION,PENDING,REGULAR_SUBMISSION,PENDING,LOW_2Y_SHARPE,FAIL,0.94,1.58,MATCHES_COMPETITION,PENDING,AIACv2,AI Alphas Competition 2.0,PASS,MATCHES_PYRAMID,1,1.1,EUR/D1/RISK,1.1,WARNING,MATCHES_THEMES,EDrKL34,2.0,JPN Dataset Utilization Theme,M4ZYx3D,2.0,AMR Dataset Utilization Theme,9B3qxZ4,2.0,KOR Dataset Utilization Theme,PBVkEJD,2.0,TWN Dataset Utilization Theme,by88rqy,2.0,HKG Dataset Utilization Theme,V45896D,1.0,GLB/D1 TOPDIV3000 Power Pool Feb`26,,,,,,,,,,,,,
9qPa6WW1,REGULAR,PS40111,EQUITY,EUR,TOP2500,1,0,INDUSTRY,0.08,ON,VERIFY,OFF,OFF,FASTEXPR,False,2014-01-01,2023-12-31,"ts_quantile(vec_avg(rsk60_offer), 10)",,2,2026-02-07T00:25:43-05:00,,2026-02-07T00:25:43-05:00,,False,False,,,ace_tag,llm_test,confidence_0.63,DATA_USAGE:SINGLE_DATA_SET,Single Data Set Alpha,,IS,UNSUBMITTED,3169932,20000000,989,1059,0.769,0.0308,0.0446,8e-05,1.06,0.21,2014-01-01,-1042749.0,20000000.0,1062.0,1065.0,0.1948,-0.0101,0.1371,-0.000104,-0.07,-0.31,2154014.0,20000000.0,989.0,1059.0,0.769,0.0209,0.0325,5.4e-05,0.14,0.85,LOW_SHARPE,FAIL,1.58,1.06,LOW_FITNESS,FAIL,1.0,0.21,LOW_TURNOVER,PASS,0.01,0.769,HIGH_TURNOVER,FAIL,0.7,0.769,CONCENTRATED_WEIGHT,FAIL,LOW_SUB_UNIVERSE_SHARPE,PASS,0.55,1.22,SELF_CORRELATION,PENDING,DATA_DIVERSITY,PENDING,PROD_CORRELATION,PENDING,REGULAR_SUBMISSION,PENDING,LOW_2Y_SHARPE,FAIL,0.99,1.58,MATCHES_COMPETITION,PENDING,AIACv2,AI Alphas Competition 2.0,PASS,MATCHES_PYRAMID,1,1.1,EUR/D1/RISK,1.1,WARNING,MATCHES_THEMES,EDrKL34,2.0,JPN Dataset Utilization Theme,M4ZYx3D,2.0,AMR Dataset Utilization Theme,9B3qxZ4,2.0,KOR Dataset Utilization Theme,PBVkEJD,2.0,TWN Dataset Utilization Theme,by88rqy,2.0,HKG Dataset Utilization Theme,V45896D,1.0,GLB/D1 TOPDIV3000 Power Pool Feb`26,,,,,,,,,,,,,
LLbgXZRe,REGULAR,PS40111,EQUITY,EUR,TOP2500,1,0,INDUSTRY,0.08,ON,VERIFY,OFF,OFF,FASTEXPR,False,2014-01-01,2023-12-31,"ts_quantile(vec_avg(rsk60_last), 10)",,2,2026-02-07T00:25:40-05:00,,2026-02-07T00:25:40-05:00,,False,False,,,ace_tag,llm_test,confidence_0.62,DATA_USAGE:SINGLE_DATA_SET,Single Data Set Alpha,,IS,UNSUBMITTED,1681803,20000000,979,1060,1.0277,0.0163,0.0421,3.2e-05,0.72,0.09,2014-01-01,-106105.0,20000000.0,1038.0,1077.0,0.2476,-0.001,0.1341,-8e-06,-0.0,-0.04,1202017.0,20000000.0,979.0,1060.0,1.0277,0.0117,0.05,2.3e-05,0.07,0.62,LOW_SHARPE,FAIL,1.58,0.72,LOW_FITNESS,FAIL,1.0,0.09,LOW_TURNOVER,PASS,0.01,1.0277,HIGH_TURNOVER,FAIL,0.7,1.0277,CONCENTRATED_WEIGHT,FAIL,LOW_SUB_UNIVERSE_SHARPE,PASS,0.37,0.68,SELF_CORRELATION,PENDING,DATA_DIVERSITY,PENDING,PROD_CORRELATION,PENDING,REGULAR_SUBMISSION,PENDING,LOW_2Y_SHARPE,FAIL,0.33,1.58,MATCHES_COMPETITION,PENDING,AIACv2,AI Alphas Competition 2.0,PASS,MATCHES_PYRAMID,1,1.1,EUR/D1/RISK,1.1,WARNING,MATCHES_THEMES,EDrKL34,2.0,JPN Dataset Utilization Theme,M4ZYx3D,2.0,AMR Dataset Utilization Theme,9B3qxZ4,2.0,KOR Dataset Utilization Theme,PBVkEJD,2.0,TWN Dataset Utilization Theme,by88rqy,2.0,HKG Dataset Utilization Theme,V45896D,1.0,GLB/D1 TOPDIV3000 Power Pool Feb`26,,,,,,,,,,,,,
ZYw2lEXd,REGULAR,PS40111,EQUITY,EUR,TOP2500,1,0,INDUSTRY,0.08,ON,VERIFY,OFF,OFF,FASTEXPR,False,2014-01-01,2023-12-31,"reverse(ts_quantile(vec_avg(rsk60_crowding), 10))",,3,2026-02-07T00:24:38-05:00,,2026-02-07T00:24:39-05:00,,False,False,,,ace_tag,llm_test,confidence_0.54,DATA_USAGE:SINGLE_DATA_SET,Single Data Set Alpha,,IS,UNSUBMITTED,725678,20000000,1050,1036,1.4055,0.0087,0.1095,1.2e-05,0.25,0.02,2014-01-01,158393.0,20000000.0,1096.0,1087.0,0.2766,0.0019,0.1612,1.4e-05,0.0,0.05,848316.0,20000000.0,1050.0,1036.0,1.4055,0.0102,0.0852,1.5e-05,0.03,0.35,LOW_SHARPE,FAIL,1.58,0.25,LOW_FITNESS,FAIL,1.0,0.02,LOW_TURNOVER,PASS,0.01,1.4055,HIGH_TURNOVER,FAIL,0.7,1.4055,CONCENTRATED_WEIGHT,FAIL,LOW_SUB_UNIVERSE_SHARPE,PASS,0.13,0.2,SELF_CORRELATION,PENDING,DATA_DIVERSITY,PENDING,PROD_CORRELATION,PENDING,REGULAR_SUBMISSION,PENDING,LOW_2Y_SHARPE,FAIL,-0.37,1.58,MATCHES_COMPETITION,PENDING,AIACv2,AI Alphas Competition 2.0,PASS,MATCHES_PYRAMID,1,1.1,EUR/D1/RISK,1.1,WARNING,MATCHES_THEMES,EDrKL34,2.0,JPN Dataset Utilization Theme,M4ZYx3D,2.0,AMR Dataset Utilization Theme,9B3qxZ4,2.0,KOR Dataset Utilization Theme,PBVkEJD,2.0,TWN Dataset Utilization Theme,by88rqy,2.0,HKG Dataset Utilization Theme,V45896D,1.0,GLB/D1 TOPDIV3000 Power Pool Feb`26,,,,,,,,,,,,,
KPYX8vQp,REGULAR,PS40111,EQUITY,EUR,TOP2500,1,0,INDUSTRY,0.08,ON,VERIFY,OFF,OFF,FASTEXPR,False,2014-01-01,2023-12-31,"scale(subtract(vec_avg(rsk60_offer), vec_avg(rsk60_last)), scale=1)",,4,2026-02-07T00:27:06-05:00,,2026-02-07T00:27:06-05:00,,False,False,,,ace_tag,llm_test,confidence_0.6,DATA_USAGE:SINGLE_DATA_SET,Single Data Set Alpha,,IS,UNSUBMITTED,-6839513,20000000,1264,776,1.0168,-0.0663,0.8475,-0.00013,-0.37,-0.09,2014-01-01,7856115.0,20000000.0,1262.0,856.0,0.1813,0.0762,0.4784,0.00084,0.29,0.45,-2839920.0,20000000.0,1264.0,776.0,1.0168,-0.0275,0.3598,-5.4e-05,-0.06,-0.34,LOW_SHARPE,FAIL,1.58,-0.37,LOW_FITNESS,FAIL,1.0,-0.09,LOW_TURNOVER,PASS,0.01,1.0168,HIGH_TURNOVER,FAIL,0.7,1.0168,CONCENTRATED_WEIGHT,FAIL,LOW_SUB_UNIVERSE_SHARPE,FAIL,-0.19,-0.2,SELF_CORRELATION,PENDING,DATA_DIVERSITY,PENDING,PROD_CORRELATION,PENDING,REGULAR_SUBMISSION,PENDING,LOW_2Y_SHARPE,FAIL,-0.22,1.58,MATCHES_COMPETITION,PENDING,AIACv2,AI Alphas Competition 2.0,PASS,MATCHES_PYRAMID,1,1.1,EUR/D1/RISK,1.1,WARNING,MATCHES_THEMES,EDrKL34,2.0,JPN Dataset Utilization Theme,M4ZYx3D,2.0,AMR Dataset Utilization Theme,9B3qxZ4,2.0,KOR Dataset Utilization Theme,PBVkEJD,2.0,TWN Dataset Utilization Theme,by88rqy,2.0,HKG Dataset Utilization Theme,V45896D,1.0,GLB/D1 TOPDIV3000 Power Pool Feb`26,,,,,,,,,,,2016-05-03,0.1,0.174554
1YVamlgM,REGULAR,PS40111,EQUITY,EUR,TOP2500,1,0,INDUSTRY,0.08,ON,VERIFY,OFF,OFF,FASTEXPR,False,2014-01-01,2023-12-31,"hump(ts_zscore(vec_avg(rsk60_offer), 10), hump=0.02)",,3,2026-02-07T00:27:15-05:00,,2026-02-07T00:27:16-05:00,,False,False,,,ace_tag,llm_test,confidence_0.6,DATA_USAGE:SINGLE_DATA_SET,Single Data Set Alpha,,IS,UNSUBMITTED,2077432,20000000,480,422,0.2215,0.0201,0.0504,0.000182,0.7,0.21,2014-01-01,2484886.0,20000000.0,648.0,558.0,0.0872,0.0241,0.0496,0.000553,0.34,0.78,1234854.0,20000000.0,480.0,422.0,0.2215,0.012,0.0487,0.000108,0.11,0.49,LOW_SHARPE,FAIL,1.58,0.7,LOW_FITNESS,FAIL,1.0,0.21,LOW_TURNOVER,PASS,0.01,0.2215,HIGH_TURNOVER,PASS,0.7,0.2215,CONCENTRATED_WEIGHT,FAIL,LOW_SUB_UNIVERSE_SHARPE,PASS,0.36,0.98,SELF_CORRELATION,PENDING,DATA_DIVERSITY,PENDING,PROD_CORRELATION,PENDING,REGULAR_SUBMISSION,PENDING,LOW_2Y_SHARPE,FAIL,1.4,1.58,MATCHES_COMPETITION,PENDING,AIACv2,AI Alphas Competition 2.0,PASS,MATCHES_PYRAMID,1,1.1,EUR/D1/RISK,1.1,WARNING,MATCHES_THEMES,EDrKL34,2.0,JPN Dataset Utilization Theme,M4ZYx3D,2.0,AMR Dataset Utilization Theme,9B3qxZ4,2.0,KOR Dataset Utilization Theme,PBVkEJD,2.0,TWN Dataset Utilization Theme,by88rqy,2.0,HKG Dataset Utilization Theme,V45896D,1.0,GLB/D1 TOPDIV3000 Power Pool Feb`26,,,,,,,,,,,,,
A1JgazXQ,REGULAR,PS40111,EQUITY,EUR,TOP2500,1,0,INDUSTRY,0.08,ON,VERIFY,OFF,OFF,FASTEXPR,False,2014-01-01,2023-12-31,"hump(ts_zscore(vec_avg(rsk60_last), 10), hump=0.02)",,3,2026-02-07T00:27:37-05:00,,2026-02-07T00:27:37-05:00,,False,False,,,ace_tag,llm_test,confidence_0.59,DATA_USAGE:SINGLE_DATA_SET,Single Data Set Alpha,,IS,UNSUBMITTED,569568,20000000,736,817,0.1448,0.0055,0.0396,7.6e-05,0.24,0.05,2014-01-01,94315.0,20000000.0,856.0,903.0,0.0746,0.0009,0.1015,2.5e-05,0.0,0.04,698662.0,20000000.0,736.0,817.0,0.1448,0.0068,0.0299,9.4e-05,0.08,0.36,LOW_SHARPE,FAIL,1.58,0.24,LOW_FITNESS,FAIL,1.0,0.05,LOW_TURNOVER,PASS,0.01,0.1448,HIGH_TURNOVER,PASS,0.7,0.1448,CONCENTRATED_WEIGHT,FAIL,LOW_SUB_UNIVERSE_SHARPE,FAIL,0.12,0.09,SELF_CORRELATION,PENDING,DATA_DIVERSITY,PENDING,PROD_CORRELATION,PENDING,REGULAR_SUBMISSION,PENDING,LOW_2Y_SHARPE,FAIL,-0.11,1.58,MATCHES_COMPETITION,PENDING,AIACv2,AI Alphas Competition 2.0,PASS,MATCHES_PYRAMID,1,1.1,EUR/D1/RISK,1.1,WARNING,MATCHES_THEMES,EDrKL34,2.0,JPN Dataset Utilization Theme,M4ZYx3D,2.0,AMR Dataset Utilization Theme,9B3qxZ4,2.0,KOR Dataset Utilization Theme,PBVkEJD,2.0,TWN Dataset Utilization Theme,by88rqy,2.0,HKG Dataset Utilization Theme,V45896D,1.0,GLB/D1 TOPDIV3000 Power Pool Feb`26,,,,,,,,,,,,,
mL2rzdgp,REGULAR,PS40111,EQUITY,EUR,TOP2500,1,0,INDUSTRY,0.08,ON,VERIFY,OFF,OFF,FASTEXPR,False,2014-01-01,2023-12-31,"ts_zscore(subtract(ts_mean(vec_avg(rsk60_offer), 5), ts_mean(vec_avg(rsk60_offer), 20)), 30)",,6,2026-02-07T00:27:02-05:00,,2026-02-07T00:27:02-05:00,,False,False,,,ace_tag,llm_test,confidence_0.64,DATA_USAGE:SINGLE_DATA_SET,Single Data Set Alpha,,IS,UNSUBMITTED,2551169,20000000,775,828,0.3188,0.0248,0.0455,0.000155,0.93,0.26,2014-01-01,1002916.0,20000000.0,834.0,844.0,0.1284,0.0097,0.0659,0.000152,0.1,0.35,1088461.0,20000000.0,775.0,828.0,0.3188,0.0106,0.0617,6.6e-05,0.09,0.47,LOW_SHARPE,FAIL,1.58,0.93,LOW_FITNESS,FAIL,1.0,0.26,LOW_TURNOVER,PASS,0.01,0.3188,HIGH_TURNOVER,PASS,0.7,0.3188,CONCENTRATED_WEIGHT,PASS,LOW_SUB_UNIVERSE_SHARPE,PASS,0.48,1.2,SELF_CORRELATION,PENDING,DATA_DIVERSITY,PENDING,PROD_CORRELATION,PENDING,REGULAR_SUBMISSION,PENDING,LOW_2Y_SHARPE,FAIL,1.15,1.58,MATCHES_COMPETITION,PENDING,AIACv2,AI Alphas Competition 2.0,PASS,MATCHES_PYRAMID,1,1.1,EUR/D1/RISK,1.1,WARNING,MATCHES_THEMES,EDrKL34,2.0,JPN Dataset Utilization Theme,M4ZYx3D,2.0,AMR Dataset Utilization Theme,9B3qxZ4,2.0,KOR Dataset Utilization Theme,PBVkEJD,2.0,TWN Dataset Utilization Theme,by88rqy,2.0,HKG Dataset Utilization Theme,V45896D,1.0,GLB/D1 TOPDIV3000 Power Pool Feb`26,,,,,,,,,,,,,
