id,type,author,settings-instrumentType,settings-region,settings-universe,settings-delay,settings-decay,settings-neutralization,settings-truncation,settings-pasteurization,settings-unitHandling,settings-nanHandling,settings-maxTrade,settings-language,settings-visualization,settings-startDate,settings-endDate,regular-code,regular-description,regular-operatorCount,dateCreated,dateSubmitted,dateModified,name,favorite,hidden,color,category,tags-0,tags-1,tags-2,classifications-0-id,classifications-0-name,grade,stage,status,is-pnl,is-bookSize,is-longCount,is-shortCount,is-turnover,is-returns,is-drawdown,is-margin,is-sharpe,is-fitness,is-startDate,is-investabilityConstrained-pnl,is-investabilityConstrained-bookSize,is-investabilityConstrained-longCount,is-investabilityConstrained-shortCount,is-investabilityConstrained-turnover,is-investabilityConstrained-returns,is-investabilityConstrained-drawdown,is-investabilityConstrained-margin,is-investabilityConstrained-fitness,is-investabilityConstrained-sharpe,is-riskNeutralized-pnl,is-riskNeutralized-bookSize,is-riskNeutralized-longCount,is-riskNeutralized-shortCount,is-riskNeutralized-turnover,is-riskNeutralized-returns,is-riskNeutralized-drawdown,is-riskNeutralized-margin,is-riskNeutralized-fitness,is-riskNeutralized-sharpe,is-checks-0-name,is-checks-0-result,is-checks-0-limit,is-checks-0-value,is-checks-1-name,is-checks-1-result,is-checks-1-limit,is-checks-1-value,is-checks-2-name,is-checks-2-result,is-checks-2-limit,is-checks-2-value,is-checks-3-name,is-checks-3-result,is-checks-3-limit,is-checks-3-value,is-checks-4-name,is-checks-4-result,is-checks-5-name,is-checks-5-result,is-checks-5-limit,is-checks-5-value,is-checks-6-name,is-checks-6-result,is-checks-7-name,is-checks-7-result,is-checks-8-name,is-checks-8-result,is-checks-9-name,is-checks-9-result,is-checks-10-name,is-checks-10-result,is-checks-10-value,is-checks-10-limit,is-checks-11-name,is-checks-11-result,is-checks-11-competitions-0-id,is-checks-11-competitions-0-name,is-checks-12-result,is-checks-12-name,is-checks-12-effective,is-checks-12-multiplier,is-checks-12-pyramids-0-name,is-checks-12-pyramids-0-multiplier,is-checks-13-result,is-checks-13-name,is-checks-13-themes-0-id,is-checks-13-themes-0-multiplier,is-checks-13-themes-0-name,is-checks-13-themes-1-id,is-checks-13-themes-1-multiplier,is-checks-13-themes-1-name,is-checks-13-themes-2-id,is-checks-13-themes-2-multiplier,is-checks-13-themes-2-name,is-checks-13-themes-3-id,is-checks-13-themes-3-multiplier,is-checks-13-themes-3-name,is-checks-13-themes-4-id,is-checks-13-themes-4-multiplier,is-checks-13-themes-4-name,is-checks-13-themes-5-id,is-checks-13-themes-5-multiplier,is-checks-13-themes-5-name,os,train,test,prod,competitions,themes,pyramids,pyramidThemes,team,osmosisPoints,is-checks-4-date,is-checks-4-limit,is-checks-4-value
58798GPo,REGULAR,PS40111,EQUITY,EUR,TOP2500,1,0,INDUSTRY,0.08,ON,VERIFY,OFF,OFF,FASTEXPR,False,2014-01-01,2023-12-31,zscore(vec_avg(nws17_comp_d1_acb)),,2,2026-02-05T13:17:03-05:00,,2026-02-05T13:17:04-05:00,,False,False,,,ace_tag,llm_test,confidence_0.6,DATA_USAGE:SINGLE_DATA_SET,Single Data Set Alpha,,IS,UNSUBMITTED,720958,20000000,98,321,1.713,0.007,0.1632,8e-06,0.12,0.01,2014-01-01,95464.0,20000000.0,324.0,769.0,0.2504,0.0009,0.2666,7e-06,0.0,0.01,-1112182.0,20000000.0,98.0,321.0,1.713,-0.0108,0.1864,-1.3e-05,-0.02,-0.2,LOW_SHARPE,FAIL,1.58,0.12,LOW_FITNESS,FAIL,1.0,0.01,LOW_TURNOVER,PASS,0.01,1.713,HIGH_TURNOVER,FAIL,0.7,1.713,CONCENTRATED_WEIGHT,PASS,LOW_SUB_UNIVERSE_SHARPE,PASS,0.06,0.3,SELF_CORRELATION,PENDING,DATA_DIVERSITY,PENDING,PROD_CORRELATION,PENDING,REGULAR_SUBMISSION,PENDING,LOW_2Y_SHARPE,FAIL,-0.88,1.58,MATCHES_COMPETITION,PENDING,AIACv2,AI Alphas Competition 2.0,PASS,MATCHES_PYRAMID,1,1.5,EUR/D1/NEWS,1.5,WARNING,MATCHES_THEMES,EDrKL34,2.0,JPN Dataset Utilization Theme,M4ZYx3D,2.0,AMR Dataset Utilization Theme,9B3qxZ4,2.0,KOR Dataset Utilization Theme,PBVkEJD,2.0,TWN Dataset Utilization Theme,by88rqy,2.0,HKG Dataset Utilization Theme,V45896D,1.0,GLB/D1 TOPDIV3000 Power Pool Feb`26,,,,,,,,,,,,,
2rqRr9zZ,REGULAR,PS40111,EQUITY,EUR,TOP2500,1,0,INDUSTRY,0.08,ON,VERIFY,OFF,OFF,FASTEXPR,False,2014-01-01,2023-12-31,zscore(vec_avg(nws17_comp_d1_ssc)),,2,2026-02-05T13:17:06-05:00,,2026-02-05T13:17:06-05:00,,False,False,,,ace_tag,llm_test,confidence_0.5,DATA_USAGE:SINGLE_DATA_SET,Single Data Set Alpha,,IS,UNSUBMITTED,707538,20000000,233,292,1.6257,0.0069,0.0745,8e-06,0.15,0.01,2014-01-01,840720.0,20000000.0,532.0,534.0,0.2552,0.0081,0.1606,6.4e-05,0.03,0.16,-192983.0,20000000.0,233.0,292.0,1.6257,-0.0019,0.0823,-2e-06,-0.0,-0.05,LOW_SHARPE,FAIL,1.58,0.15,LOW_FITNESS,FAIL,1.0,0.01,LOW_TURNOVER,PASS,0.01,1.6257,HIGH_TURNOVER,FAIL,0.7,1.6257,CONCENTRATED_WEIGHT,PASS,LOW_SUB_UNIVERSE_SHARPE,PASS,0.08,0.45,SELF_CORRELATION,PENDING,DATA_DIVERSITY,PENDING,PROD_CORRELATION,PENDING,REGULAR_SUBMISSION,PENDING,LOW_2Y_SHARPE,FAIL,0.18,1.58,MATCHES_COMPETITION,PENDING,AIACv2,AI Alphas Competition 2.0,PASS,MATCHES_PYRAMID,1,1.5,EUR/D1/NEWS,1.5,WARNING,MATCHES_THEMES,EDrKL34,2.0,JPN Dataset Utilization Theme,M4ZYx3D,2.0,AMR Dataset Utilization Theme,9B3qxZ4,2.0,KOR Dataset Utilization Theme,PBVkEJD,2.0,TWN Dataset Utilization Theme,by88rqy,2.0,HKG Dataset Utilization Theme,V45896D,1.0,GLB/D1 TOPDIV3000 Power Pool Feb`26,,,,,,,,,,,,,
QPrjPOjG,REGULAR,PS40111,EQUITY,EUR,TOP2500,1,0,INDUSTRY,0.08,ON,VERIFY,OFF,OFF,FASTEXPR,False,2014-01-01,2023-12-31,"zscore(multiply(vec_avg(nws17_comp_d1_acb), vec_avg(nws17_multiple_comp_d1_relevance)))",,4,2026-02-05T13:17:09-05:00,,2026-02-05T13:17:09-05:00,,False,False,,,ace_tag,llm_test,confidence_0.64,DATA_USAGE:SINGLE_DATA_SET,Single Data Set Alpha,,IS,UNSUBMITTED,1742825,20000000,92,328,1.7744,0.0169,0.2706,1.9e-05,0.2,0.02,2014-01-01,-718241.0,20000000.0,283.0,858.0,0.2373,-0.007,0.3998,-5.9e-05,-0.01,-0.07,1249347.0,20000000.0,92.0,328.0,1.7744,0.0121,0.2518,1.4e-05,0.01,0.16,LOW_SHARPE,FAIL,1.58,0.2,LOW_FITNESS,FAIL,1.0,0.02,LOW_TURNOVER,PASS,0.01,1.7744,HIGH_TURNOVER,FAIL,0.7,1.7744,CONCENTRATED_WEIGHT,FAIL,LOW_SUB_UNIVERSE_SHARPE,PASS,0.1,0.4,SELF_CORRELATION,PENDING,DATA_DIVERSITY,PENDING,PROD_CORRELATION,PENDING,REGULAR_SUBMISSION,PENDING,LOW_2Y_SHARPE,FAIL,-1.05,1.58,MATCHES_COMPETITION,PENDING,AIACv2,AI Alphas Competition 2.0,PASS,MATCHES_PYRAMID,1,1.5,EUR/D1/NEWS,1.5,WARNING,MATCHES_THEMES,EDrKL34,2.0,JPN Dataset Utilization Theme,M4ZYx3D,2.0,AMR Dataset Utilization Theme,9B3qxZ4,2.0,KOR Dataset Utilization Theme,PBVkEJD,2.0,TWN Dataset Utilization Theme,by88rqy,2.0,HKG Dataset Utilization Theme,V45896D,1.0,GLB/D1 TOPDIV3000 Power Pool Feb`26,,,,,,,,,,,2020-12-28,0.1,0.145975
j2lX2P1E,REGULAR,PS40111,EQUITY,EUR,TOP2500,1,0,INDUSTRY,0.08,ON,VERIFY,OFF,OFF,FASTEXPR,False,2014-01-01,2023-12-31,"zscore(multiply(vec_avg(nws17_comp_d1_ssc), vec_avg(nws17_multiple_comp_d1_relevance)))",,4,2026-02-05T13:17:25-05:00,,2026-02-05T13:17:26-05:00,,False,False,,,ace_tag,llm_test,confidence_0.56,DATA_USAGE:SINGLE_DATA_SET,Single Data Set Alpha,,IS,UNSUBMITTED,391122,20000000,182,344,1.6959,0.0038,0.2086,4e-06,0.06,0.0,2014-01-01,1481488.0,20000000.0,454.0,636.0,0.2494,0.0144,0.1471,0.000115,0.05,0.22,-729676.0,20000000.0,182.0,344.0,1.6959,-0.0071,0.1736,-8e-06,-0.01,-0.14,LOW_SHARPE,FAIL,1.58,0.06,LOW_FITNESS,FAIL,1.0,0.0,LOW_TURNOVER,PASS,0.01,1.6959,HIGH_TURNOVER,FAIL,0.7,1.6959,CONCENTRATED_WEIGHT,PASS,LOW_SUB_UNIVERSE_SHARPE,PASS,0.03,0.08,SELF_CORRELATION,PENDING,DATA_DIVERSITY,PENDING,PROD_CORRELATION,PENDING,REGULAR_SUBMISSION,PENDING,LOW_2Y_SHARPE,FAIL,-0.98,1.58,MATCHES_COMPETITION,PENDING,AIACv2,AI Alphas Competition 2.0,PASS,MATCHES_PYRAMID,1,1.5,EUR/D1/NEWS,1.5,WARNING,MATCHES_THEMES,EDrKL34,2.0,JPN Dataset Utilization Theme,M4ZYx3D,2.0,AMR Dataset Utilization Theme,9B3qxZ4,2.0,KOR Dataset Utilization Theme,PBVkEJD,2.0,TWN Dataset Utilization Theme,by88rqy,2.0,HKG Dataset Utilization Theme,V45896D,1.0,GLB/D1 TOPDIV3000 Power Pool Feb`26,,,,,,,,,,,,,
YPwmPlOl,REGULAR,PS40111,EQUITY,EUR,TOP2500,1,0,INDUSTRY,0.08,ON,VERIFY,OFF,OFF,FASTEXPR,False,2014-01-01,2023-12-31,"zscore(ts_returns(vec_avg(nws17_comp_d1_acb), 5))",,3,2026-02-05T13:17:01-05:00,,2026-02-05T13:17:02-05:00,,False,False,,,ace_tag,llm_test,confidence_0.52,DATA_USAGE:SINGLE_DATA_SET,Single Data Set Alpha,,IS,UNSUBMITTED,534822,20000000,20,26,1.667,0.0052,0.3284,6e-06,0.05,0.0,2014-01-01,-2135992.0,20000000.0,90.0,137.0,0.3233,-0.0207,0.4279,-0.000128,-0.04,-0.16,1520231.0,20000000.0,20.0,26.0,1.667,0.0147,0.2422,1.8e-05,0.02,0.16,LOW_SHARPE,FAIL,1.58,0.05,LOW_FITNESS,FAIL,1.0,0.0,LOW_TURNOVER,PASS,0.01,1.667,HIGH_TURNOVER,FAIL,0.7,1.667,CONCENTRATED_WEIGHT,FAIL,LOW_SUB_UNIVERSE_SHARPE,PASS,0.03,0.43,SELF_CORRELATION,PENDING,DATA_DIVERSITY,PENDING,PROD_CORRELATION,PENDING,REGULAR_SUBMISSION,PENDING,LOW_2Y_SHARPE,FAIL,-1.29,1.58,MATCHES_COMPETITION,PENDING,AIACv2,AI Alphas Competition 2.0,PASS,MATCHES_PYRAMID,1,1.5,EUR/D1/NEWS,1.5,WARNING,MATCHES_THEMES,EDrKL34,2.0,JPN Dataset Utilization Theme,M4ZYx3D,2.0,AMR Dataset Utilization Theme,9B3qxZ4,2.0,KOR Dataset Utilization Theme,PBVkEJD,2.0,TWN Dataset Utilization Theme,by88rqy,2.0,HKG Dataset Utilization Theme,V45896D,1.0,GLB/D1 TOPDIV3000 Power Pool Feb`26,,,,,,,,,,,2022-01-03,0.1,0.5
A1Jb1ede,REGULAR,PS40111,EQUITY,EUR,TOP2500,1,0,INDUSTRY,0.08,ON,VERIFY,OFF,OFF,FASTEXPR,False,2014-01-01,2023-12-31,"zscore(ts_returns(vec_avg(nws17_comp_d1_ssc), 5))",,3,2026-02-05T13:17:07-05:00,,2026-02-05T13:17:08-05:00,,False,False,,,ace_tag,llm_test,confidence_0.45,DATA_USAGE:SINGLE_DATA_SET,Single Data Set Alpha,,IS,UNSUBMITTED,239841,20000000,84,102,1.7864,0.0023,0.447,3e-06,0.02,0.0,2014-01-01,33876.0,20000000.0,236.0,277.0,0.3071,0.0003,0.447,2e-06,0.0,0.0,308968.0,20000000.0,84.0,102.0,1.7864,0.003,0.349,3e-06,0.0,0.03,LOW_SHARPE,FAIL,1.58,0.02,LOW_FITNESS,FAIL,1.0,0.0,LOW_TURNOVER,PASS,0.01,1.7864,HIGH_TURNOVER,FAIL,0.7,1.7864,CONCENTRATED_WEIGHT,FAIL,LOW_SUB_UNIVERSE_SHARPE,FAIL,0.01,-0.1,SELF_CORRELATION,PENDING,DATA_DIVERSITY,PENDING,PROD_CORRELATION,PENDING,REGULAR_SUBMISSION,PENDING,LOW_2Y_SHARPE,FAIL,-0.01,1.58,MATCHES_COMPETITION,PENDING,AIACv2,AI Alphas Competition 2.0,PASS,MATCHES_PYRAMID,1,1.5,EUR/D1/NEWS,1.5,WARNING,MATCHES_THEMES,EDrKL34,2.0,JPN Dataset Utilization Theme,M4ZYx3D,2.0,AMR Dataset Utilization Theme,9B3qxZ4,2.0,KOR Dataset Utilization Theme,PBVkEJD,2.0,TWN Dataset Utilization Theme,by88rqy,2.0,HKG Dataset Utilization Theme,V45896D,1.0,GLB/D1 TOPDIV3000 Power Pool Feb`26,,,,,,,,,,,2023-04-14,0.1,0.5
xAwQAlLW,REGULAR,PS40111,EQUITY,EUR,TOP2500,1,0,INDUSTRY,0.08,ON,VERIFY,OFF,OFF,FASTEXPR,False,2014-01-01,2023-12-31,"zscore(ts_av_diff(vec_avg(nws17_comp_d1_acb), 10))",,3,2026-02-05T13:17:03-05:00,,2026-02-05T13:17:03-05:00,,False,False,,,ace_tag,llm_test,confidence_0.58,DATA_USAGE:SINGLE_DATA_SET,Single Data Set Alpha,,IS,UNSUBMITTED,463506,20000000,248,268,1.664,0.0045,0.1011,5e-06,0.09,0.0,2014-01-01,-2544923.0,20000000.0,524.0,552.0,0.2694,-0.0247,0.3218,-0.000183,-0.12,-0.39,-1162400.0,20000000.0,248.0,268.0,1.664,-0.0113,0.158,-1.4e-05,-0.02,-0.25,LOW_SHARPE,FAIL,1.58,0.09,LOW_FITNESS,FAIL,1.0,0.0,LOW_TURNOVER,PASS,0.01,1.664,HIGH_TURNOVER,FAIL,0.7,1.664,CONCENTRATED_WEIGHT,PASS,LOW_SUB_UNIVERSE_SHARPE,PASS,0.05,0.2,SELF_CORRELATION,PENDING,DATA_DIVERSITY,PENDING,PROD_CORRELATION,PENDING,REGULAR_SUBMISSION,PENDING,LOW_2Y_SHARPE,FAIL,-0.22,1.58,MATCHES_COMPETITION,PENDING,AIACv2,AI Alphas Competition 2.0,PASS,MATCHES_PYRAMID,1,1.5,EUR/D1/NEWS,1.5,WARNING,MATCHES_THEMES,EDrKL34,2.0,JPN Dataset Utilization Theme,M4ZYx3D,2.0,AMR Dataset Utilization Theme,9B3qxZ4,2.0,KOR Dataset Utilization Theme,PBVkEJD,2.0,TWN Dataset Utilization Theme,by88rqy,2.0,HKG Dataset Utilization Theme,V45896D,1.0,GLB/D1 TOPDIV3000 Power Pool Feb`26,,,,,,,,,,,,,
e78K7V2g,REGULAR,PS40111,EQUITY,EUR,TOP2500,1,0,INDUSTRY,0.08,ON,VERIFY,OFF,OFF,FASTEXPR,False,2014-01-01,2023-12-31,"zscore(ts_av_diff(vec_avg(nws17_comp_d1_ssc), 10))",,3,2026-02-05T13:17:24-05:00,,2026-02-05T13:17:24-05:00,,False,False,,,ace_tag,llm_test,confidence_0.48,DATA_USAGE:SINGLE_DATA_SET,Single Data Set Alpha,,IS,UNSUBMITTED,-620687,20000000,256,274,1.6842,-0.006,0.1159,-7e-06,-0.14,-0.01,2014-01-01,-2196321.0,20000000.0,533.0,528.0,0.2821,-0.0213,0.3591,-0.000151,-0.11,-0.39,-935549.0,20000000.0,256.0,274.0,1.6842,-0.0091,0.1693,-1.1e-05,-0.02,-0.24,LOW_SHARPE,FAIL,1.58,-0.14,LOW_FITNESS,FAIL,1.0,-0.01,LOW_TURNOVER,PASS,0.01,1.6842,HIGH_TURNOVER,FAIL,0.7,1.6842,CONCENTRATED_WEIGHT,PASS,LOW_SUB_UNIVERSE_SHARPE,PASS,-0.07,0.15,SELF_CORRELATION,PENDING,DATA_DIVERSITY,PENDING,PROD_CORRELATION,PENDING,REGULAR_SUBMISSION,PENDING,LOW_2Y_SHARPE,FAIL,0.35,1.58,MATCHES_COMPETITION,PENDING,AIACv2,AI Alphas Competition 2.0,PASS,MATCHES_PYRAMID,1,1.5,EUR/D1/NEWS,1.5,WARNING,MATCHES_THEMES,EDrKL34,2.0,JPN Dataset Utilization Theme,M4ZYx3D,2.0,AMR Dataset Utilization Theme,9B3qxZ4,2.0,KOR Dataset Utilization Theme,PBVkEJD,2.0,TWN Dataset Utilization Theme,by88rqy,2.0,HKG Dataset Utilization Theme,V45896D,1.0,GLB/D1 TOPDIV3000 Power Pool Feb`26,,,,,,,,,,,,,
vRn9RbJa,REGULAR,PS40111,EQUITY,EUR,TOP2500,1,0,INDUSTRY,0.08,ON,VERIFY,OFF,OFF,FASTEXPR,False,2014-01-01,2023-12-31,zscore(vec_stddev(nws17_comp_d1_acb)),,2,2026-02-05T13:18:53-05:00,,2026-02-05T13:18:54-05:00,,False,False,,,ace_tag,llm_test,confidence_0.42,DATA_USAGE:SINGLE_DATA_SET,Single Data Set Alpha,,IS,UNSUBMITTED,1817989,20000000,69,179,1.5223,0.0176,0.1312,2.3e-05,0.31,0.03,2014-01-01,1925491.0,20000000.0,282.0,506.0,0.2537,0.0187,0.1394,0.000147,0.08,0.28,627557.0,20000000.0,69.0,179.0,1.5223,0.0061,0.1094,8e-06,0.01,0.13,LOW_SHARPE,FAIL,1.58,0.31,LOW_FITNESS,FAIL,1.0,0.03,LOW_TURNOVER,PASS,0.01,1.5223,HIGH_TURNOVER,FAIL,0.7,1.5223,CONCENTRATED_WEIGHT,FAIL,LOW_SUB_UNIVERSE_SHARPE,PASS,0.16,0.26,SELF_CORRELATION,PENDING,DATA_DIVERSITY,PENDING,PROD_CORRELATION,PENDING,REGULAR_SUBMISSION,PENDING,LOW_2Y_SHARPE,FAIL,0.42,1.58,MATCHES_COMPETITION,PENDING,AIACv2,AI Alphas Competition 2.0,PASS,MATCHES_PYRAMID,1,1.5,EUR/D1/NEWS,1.5,WARNING,MATCHES_THEMES,EDrKL34,2.0,JPN Dataset Utilization Theme,M4ZYx3D,2.0,AMR Dataset Utilization Theme,9B3qxZ4,2.0,KOR Dataset Utilization Theme,PBVkEJD,2.0,TWN Dataset Utilization Theme,by88rqy,2.0,HKG Dataset Utilization Theme,V45896D,1.0,GLB/D1 TOPDIV3000 Power Pool Feb`26,,,,,,,,,,,2017-01-02,0.1,0.129471
ZYwxY9Wd,REGULAR,PS40111,EQUITY,EUR,TOP2500,1,0,INDUSTRY,0.08,ON,VERIFY,OFF,OFF,FASTEXPR,False,2014-01-01,2023-12-31,zscore(vec_stddev(nws17_comp_d1_ssc)),,2,2026-02-05T13:18:54-05:00,,2026-02-05T13:18:54-05:00,,False,False,,,ace_tag,llm_test,confidence_0.4,DATA_USAGE:SINGLE_DATA_SET,Single Data Set Alpha,,IS,UNSUBMITTED,1095295,20000000,140,178,1.5919,0.0106,0.1991,1.3e-05,0.19,0.02,2014-01-01,1396351.0,20000000.0,322.0,468.0,0.2614,0.0135,0.1163,0.000104,0.05,0.2,-536897.0,20000000.0,140.0,178.0,1.5919,-0.0052,0.2335,-7e-06,-0.01,-0.11,LOW_SHARPE,FAIL,1.58,0.19,LOW_FITNESS,FAIL,1.0,0.02,LOW_TURNOVER,PASS,0.01,1.5919,HIGH_TURNOVER,FAIL,0.7,1.5919,CONCENTRATED_WEIGHT,PASS,LOW_SUB_UNIVERSE_SHARPE,FAIL,0.1,-0.09,SELF_CORRELATION,PENDING,DATA_DIVERSITY,PENDING,PROD_CORRELATION,PENDING,REGULAR_SUBMISSION,PENDING,LOW_2Y_SHARPE,FAIL,0.76,1.58,MATCHES_COMPETITION,PENDING,AIACv2,AI Alphas Competition 2.0,PASS,MATCHES_PYRAMID,1,1.5,EUR/D1/NEWS,1.5,WARNING,MATCHES_THEMES,EDrKL34,2.0,JPN Dataset Utilization Theme,M4ZYx3D,2.0,AMR Dataset Utilization Theme,9B3qxZ4,2.0,KOR Dataset Utilization Theme,PBVkEJD,2.0,TWN Dataset Utilization Theme,by88rqy,2.0,HKG Dataset Utilization Theme,V45896D,1.0,GLB/D1 TOPDIV3000 Power Pool Feb`26,,,,,,,,,,,,,
KPY6P2Oz,REGULAR,PS40111,EQUITY,EUR,TOP2500,1,0,INDUSTRY,0.08,ON,VERIFY,OFF,OFF,FASTEXPR,False,2014-01-01,2023-12-31,"zscore(multiply(ts_returns(vec_avg(nws17_comp_d1_acb), 5), vec_avg(nws17_multiple_comp_d1_relevance)))",,5,2026-02-05T13:18:40-05:00,,2026-02-05T13:18:40-05:00,,False,False,,,ace_tag,llm_test,confidence_0.62,DATA_USAGE:SINGLE_DATA_SET,Single Data Set Alpha,,IS,UNSUBMITTED,2378838,20000000,29,26,1.713,0.0231,0.2327,2.7e-05,0.22,0.03,2014-01-01,2973351.0,20000000.0,107.0,120.0,0.3116,0.0288,0.3985,0.000185,0.07,0.22,497468.0,20000000.0,29.0,26.0,1.713,0.0048,0.254,6e-06,0.0,0.05,LOW_SHARPE,FAIL,1.58,0.22,LOW_FITNESS,FAIL,1.0,0.03,LOW_TURNOVER,PASS,0.01,1.713,HIGH_TURNOVER,FAIL,0.7,1.713,CONCENTRATED_WEIGHT,FAIL,LOW_SUB_UNIVERSE_SHARPE,PASS,0.11,0.41,SELF_CORRELATION,PENDING,DATA_DIVERSITY,PENDING,PROD_CORRELATION,PENDING,REGULAR_SUBMISSION,PENDING,LOW_2Y_SHARPE,FAIL,-0.15,1.58,MATCHES_COMPETITION,PENDING,AIACv2,AI Alphas Competition 2.0,PASS,MATCHES_PYRAMID,1,1.5,EUR/D1/NEWS,1.5,WARNING,MATCHES_THEMES,EDrKL34,2.0,JPN Dataset Utilization Theme,M4ZYx3D,2.0,AMR Dataset Utilization Theme,9B3qxZ4,2.0,KOR Dataset Utilization Theme,PBVkEJD,2.0,TWN Dataset Utilization Theme,by88rqy,2.0,HKG Dataset Utilization Theme,V45896D,1.0,GLB/D1 TOPDIV3000 Power Pool Feb`26,,,,,,,,,,,2021-01-04,0.1,0.5
1YVLYRLJ,REGULAR,PS40111,EQUITY,EUR,TOP2500,1,0,INDUSTRY,0.08,ON,VERIFY,OFF,OFF,FASTEXPR,False,2014-01-01,2023-12-31,"zscore(multiply(ts_returns(vec_avg(nws17_comp_d1_ssc), 5), vec_avg(nws17_multiple_comp_d1_relevance)))",,5,2026-02-05T13:18:52-05:00,,2026-02-05T13:18:53-05:00,,False,False,,,ace_tag,llm_test,confidence_0.54,DATA_USAGE:SINGLE_DATA_SET,Single Data Set Alpha,,IS,UNSUBMITTED,2467251,20000000,103,87,1.7948,0.0239,0.3793,2.7e-05,0.2,0.02,2014-01-01,1419724.0,20000000.0,255.0,258.0,0.2946,0.0138,0.5312,9.3e-05,0.02,0.11,1444717.0,20000000.0,103.0,87.0,1.7948,0.014,0.3343,1.6e-05,0.01,0.13,LOW_SHARPE,FAIL,1.58,0.2,LOW_FITNESS,FAIL,1.0,0.02,LOW_TURNOVER,PASS,0.01,1.7948,HIGH_TURNOVER,FAIL,0.7,1.7948,CONCENTRATED_WEIGHT,FAIL,LOW_SUB_UNIVERSE_SHARPE,FAIL,0.1,-0.05,SELF_CORRELATION,PENDING,DATA_DIVERSITY,PENDING,PROD_CORRELATION,PENDING,REGULAR_SUBMISSION,PENDING,LOW_2Y_SHARPE,FAIL,-0.09,1.58,MATCHES_COMPETITION,PENDING,AIACv2,AI Alphas Competition 2.0,PASS,MATCHES_PYRAMID,1,1.5,EUR/D1/NEWS,1.5,WARNING,MATCHES_THEMES,EDrKL34,2.0,JPN Dataset Utilization Theme,M4ZYx3D,2.0,AMR Dataset Utilization Theme,9B3qxZ4,2.0,KOR Dataset Utilization Theme,PBVkEJD,2.0,TWN Dataset Utilization Theme,by88rqy,2.0,HKG Dataset Utilization Theme,V45896D,1.0,GLB/D1 TOPDIV3000 Power Pool Feb`26,,,,,,,,,,,2023-04-14,0.1,0.5
E50b52vJ,REGULAR,PS40111,EQUITY,EUR,TOP2500,1,0,INDUSTRY,0.08,ON,VERIFY,OFF,OFF,FASTEXPR,False,2014-01-01,2023-12-31,"zscore(subtract(vec_avg(nws17_comp_d1_acb), vec_avg(nws17_comp_d1_ssc)))",,4,2026-02-05T13:18:39-05:00,,2026-02-05T13:18:40-05:00,,False,False,,,ace_tag,llm_test,confidence_0.63,DATA_USAGE:SINGLE_DATA_SET,Single Data Set Alpha,,IS,UNSUBMITTED,402101,20000000,187,339,1.7067,0.0039,0.1773,5e-06,0.07,0.0,2014-01-01,-56916.0,20000000.0,367.0,726.0,0.2593,-0.0006,0.237,-4e-06,-0.0,-0.01,-1321995.0,20000000.0,187.0,339.0,1.7067,-0.0128,0.19,-1.5e-05,-0.02,-0.26,LOW_SHARPE,FAIL,1.58,0.07,LOW_FITNESS,FAIL,1.0,0.0,LOW_TURNOVER,PASS,0.01,1.7067,HIGH_TURNOVER,FAIL,0.7,1.7067,CONCENTRATED_WEIGHT,PASS,LOW_SUB_UNIVERSE_SHARPE,PASS,0.04,0.16,SELF_CORRELATION,PENDING,DATA_DIVERSITY,PENDING,PROD_CORRELATION,PENDING,REGULAR_SUBMISSION,PENDING,LOW_2Y_SHARPE,FAIL,-1.12,1.58,MATCHES_COMPETITION,PENDING,AIACv2,AI Alphas Competition 2.0,PASS,MATCHES_PYRAMID,1,1.5,EUR/D1/NEWS,1.5,WARNING,MATCHES_THEMES,EDrKL34,2.0,JPN Dataset Utilization Theme,M4ZYx3D,2.0,AMR Dataset Utilization Theme,9B3qxZ4,2.0,KOR Dataset Utilization Theme,PBVkEJD,2.0,TWN Dataset Utilization Theme,by88rqy,2.0,HKG Dataset Utilization Theme,V45896D,1.0,GLB/D1 TOPDIV3000 Power Pool Feb`26,,,,,,,,,,,,,
MPlXP2G6,REGULAR,PS40111,EQUITY,EUR,TOP2500,1,0,INDUSTRY,0.08,ON,VERIFY,OFF,OFF,FASTEXPR,False,2014-01-01,2023-12-31,"zscore(abs(subtract(vec_avg(nws17_comp_d1_acb), vec_avg(nws17_comp_d1_ssc))))",,5,2026-02-05T13:18:39-05:00,,2026-02-05T13:18:40-05:00,,False,False,,,ace_tag,llm_test,confidence_0.5,DATA_USAGE:SINGLE_DATA_SET,Single Data Set Alpha,,IS,UNSUBMITTED,-1678201,20000000,152,374,1.6654,-0.0163,0.2001,-2e-05,-0.29,-0.03,2014-01-01,-1085290.0,20000000.0,362.0,730.0,0.2513,-0.0105,0.2052,-8.4e-05,-0.03,-0.17,-2128541.0,20000000.0,152.0,374.0,1.6654,-0.0206,0.2372,-2.5e-05,-0.05,-0.43,LOW_SHARPE,FAIL,1.58,-0.29,LOW_FITNESS,FAIL,1.0,-0.03,LOW_TURNOVER,PASS,0.01,1.6654,HIGH_TURNOVER,FAIL,0.7,1.6654,CONCENTRATED_WEIGHT,PASS,LOW_SUB_UNIVERSE_SHARPE,PASS,-0.15,0.2,SELF_CORRELATION,PENDING,DATA_DIVERSITY,PENDING,PROD_CORRELATION,PENDING,REGULAR_SUBMISSION,PENDING,LOW_2Y_SHARPE,FAIL,-0.92,1.58,MATCHES_COMPETITION,PENDING,AIACv2,AI Alphas Competition 2.0,PASS,MATCHES_PYRAMID,1,1.5,EUR/D1/NEWS,1.5,WARNING,MATCHES_THEMES,EDrKL34,2.0,JPN Dataset Utilization Theme,M4ZYx3D,2.0,AMR Dataset Utilization Theme,9B3qxZ4,2.0,KOR Dataset Utilization Theme,PBVkEJD,2.0,TWN Dataset Utilization Theme,by88rqy,2.0,HKG Dataset Utilization Theme,V45896D,1.0,GLB/D1 TOPDIV3000 Power Pool Feb`26,,,,,,,,,,,,,
1YVLY2pk,REGULAR,PS40111,EQUITY,EUR,TOP2500,1,0,INDUSTRY,0.08,ON,VERIFY,OFF,OFF,FASTEXPR,False,2014-01-01,2023-12-31,"zscore(ts_av_diff(vec_avg(nws17_multiple_comp_d1_relevance), 5))",,3,2026-02-05T13:18:39-05:00,,2026-02-05T13:18:39-05:00,,False,False,,,ace_tag,llm_test,confidence_0.55,DATA_USAGE:SINGLE_DATA_SET,Single Data Set Alpha,,IS,UNSUBMITTED,-493556,20000000,430,461,1.6378,-0.0048,0.2063,-6e-06,-0.13,-0.01,2014-01-01,690904.0,20000000.0,694.0,768.0,0.4019,0.0067,0.0806,3.3e-05,0.02,0.18,-1073780.0,20000000.0,430.0,461.0,1.6378,-0.0104,0.1756,-1.3e-05,-0.03,-0.32,LOW_SHARPE,FAIL,1.58,-0.13,LOW_FITNESS,FAIL,1.0,-0.01,LOW_TURNOVER,PASS,0.01,1.6378,HIGH_TURNOVER,FAIL,0.7,1.6378,CONCENTRATED_WEIGHT,PASS,LOW_SUB_UNIVERSE_SHARPE,PASS,-0.07,0.03,SELF_CORRELATION,PENDING,DATA_DIVERSITY,PENDING,PROD_CORRELATION,PENDING,REGULAR_SUBMISSION,PENDING,LOW_2Y_SHARPE,FAIL,-0.48,1.58,MATCHES_COMPETITION,PENDING,AIACv2,AI Alphas Competition 2.0,PASS,MATCHES_PYRAMID,1,1.5,EUR/D1/NEWS,1.5,WARNING,MATCHES_THEMES,EDrKL34,2.0,JPN Dataset Utilization Theme,M4ZYx3D,2.0,AMR Dataset Utilization Theme,9B3qxZ4,2.0,KOR Dataset Utilization Theme,PBVkEJD,2.0,TWN Dataset Utilization Theme,by88rqy,2.0,HKG Dataset Utilization Theme,V45896D,1.0,GLB/D1 TOPDIV3000 Power Pool Feb`26,,,,,,,,,,,,,
MPlXPn8z,REGULAR,PS40111,EQUITY,EUR,TOP2500,1,0,INDUSTRY,0.08,ON,VERIFY,OFF,OFF,FASTEXPR,False,2014-01-01,2023-12-31,"zscore(multiply(ts_av_diff(vec_avg(nws17_comp_d1_ssc), 7), vec_avg(nws17_multiple_comp_d1_relevance)))",,5,2026-02-05T13:18:53-05:00,,2026-02-05T13:18:54-05:00,,False,False,,,ace_tag,llm_test,confidence_0.57,DATA_USAGE:SINGLE_DATA_SET,Single Data Set Alpha,,IS,UNSUBMITTED,-143739,20000000,291,238,1.7445,-0.0014,0.1783,-2e-06,-0.02,-0.0,2014-01-01,514498.0,20000000.0,615.0,470.0,0.2685,0.005,0.2606,3.7e-05,0.01,0.07,-723681.0,20000000.0,291.0,238.0,1.7445,-0.007,0.2281,-8e-06,-0.01,-0.14,LOW_SHARPE,FAIL,1.58,-0.02,LOW_FITNESS,FAIL,1.0,-0.0,LOW_TURNOVER,PASS,0.01,1.7445,HIGH_TURNOVER,FAIL,0.7,1.7445,CONCENTRATED_WEIGHT,PASS,LOW_SUB_UNIVERSE_SHARPE,FAIL,-0.01,-0.18,SELF_CORRELATION,PENDING,DATA_DIVERSITY,PENDING,PROD_CORRELATION,PENDING,REGULAR_SUBMISSION,PENDING,LOW_2Y_SHARPE,FAIL,-0.16,1.58,MATCHES_COMPETITION,PENDING,AIACv2,AI Alphas Competition 2.0,PASS,MATCHES_PYRAMID,1,1.5,EUR/D1/NEWS,1.5,WARNING,MATCHES_THEMES,EDrKL34,2.0,JPN Dataset Utilization Theme,M4ZYx3D,2.0,AMR Dataset Utilization Theme,9B3qxZ4,2.0,KOR Dataset Utilization Theme,PBVkEJD,2.0,TWN Dataset Utilization Theme,by88rqy,2.0,HKG Dataset Utilization Theme,V45896D,1.0,GLB/D1 TOPDIV3000 Power Pool Feb`26,,,,,,,,,,,,,
vRn9w8ma,REGULAR,PS40111,EQUITY,EUR,TOP2500,1,0,INDUSTRY,0.08,ON,VERIFY,OFF,OFF,FASTEXPR,False,2014-01-01,2023-12-31,"zscore(ts_arg_max(vec_avg(nws17_comp_d1_acb), 3))",,3,2026-02-05T13:21:57-05:00,,2026-02-05T13:21:57-05:00,,False,False,,,ace_tag,llm_test,confidence_0.46,DATA_USAGE:SINGLE_DATA_SET,Single Data Set Alpha,,IS,UNSUBMITTED,-1386914,20000000,479,435,1.4261,-0.0134,0.1877,-1.9e-05,-0.5,-0.05,2014-01-01,-1052690.0,20000000.0,505.0,824.0,0.2474,-0.0102,0.1495,-8.2e-05,-0.06,-0.29,-426257.0,20000000.0,479.0,435.0,1.4261,-0.0041,0.0992,-6e-06,-0.01,-0.18,LOW_SHARPE,FAIL,1.58,-0.5,LOW_FITNESS,FAIL,1.0,-0.05,LOW_TURNOVER,PASS,0.01,1.4261,HIGH_TURNOVER,FAIL,0.7,1.4261,CONCENTRATED_WEIGHT,PASS,LOW_SUB_UNIVERSE_SHARPE,PASS,-0.26,-0.17,SELF_CORRELATION,PENDING,DATA_DIVERSITY,PENDING,PROD_CORRELATION,PENDING,REGULAR_SUBMISSION,PENDING,LOW_2Y_SHARPE,FAIL,0.59,1.58,MATCHES_COMPETITION,PENDING,AIACv2,AI Alphas Competition 2.0,PASS,MATCHES_PYRAMID,1,1.5,EUR/D1/NEWS,1.5,WARNING,MATCHES_THEMES,EDrKL34,2.0,JPN Dataset Utilization Theme,M4ZYx3D,2.0,AMR Dataset Utilization Theme,9B3qxZ4,2.0,KOR Dataset Utilization Theme,PBVkEJD,2.0,TWN Dataset Utilization Theme,by88rqy,2.0,HKG Dataset Utilization Theme,V45896D,1.0,GLB/D1 TOPDIV3000 Power Pool Feb`26,,,,,,,,,,,,,
N1W6xX0w,REGULAR,PS40111,EQUITY,EUR,TOP2500,1,0,INDUSTRY,0.08,ON,VERIFY,OFF,OFF,FASTEXPR,False,2014-01-01,2023-12-31,"zscore(ts_arg_min(vec_avg(nws17_comp_d1_ssc), 3))",,3,2026-02-05T13:20:44-05:00,,2026-02-05T13:20:45-05:00,,False,False,,,ace_tag,llm_test,confidence_0.43,DATA_USAGE:SINGLE_DATA_SET,Single Data Set Alpha,,IS,UNSUBMITTED,-1394644,20000000,448,464,1.5326,-0.0135,0.1845,-1.8e-05,-0.51,-0.05,2014-01-01,-627648.0,20000000.0,525.0,761.0,0.2781,-0.0061,0.1284,-4.4e-05,-0.03,-0.18,-502546.0,20000000.0,448.0,464.0,1.5326,-0.0049,0.105,-6e-06,-0.01,-0.21,LOW_SHARPE,FAIL,1.58,-0.51,LOW_FITNESS,FAIL,1.0,-0.05,LOW_TURNOVER,PASS,0.01,1.5326,HIGH_TURNOVER,FAIL,0.7,1.5326,CONCENTRATED_WEIGHT,PASS,LOW_SUB_UNIVERSE_SHARPE,FAIL,-0.27,-0.42,SELF_CORRELATION,PENDING,DATA_DIVERSITY,PENDING,PROD_CORRELATION,PENDING,REGULAR_SUBMISSION,PENDING,LOW_2Y_SHARPE,FAIL,0.27,1.58,MATCHES_COMPETITION,PENDING,AIACv2,AI Alphas Competition 2.0,PASS,MATCHES_PYRAMID,1,1.5,EUR/D1/NEWS,1.5,WARNING,MATCHES_THEMES,EDrKL34,2.0,JPN Dataset Utilization Theme,M4ZYx3D,2.0,AMR Dataset Utilization Theme,9B3qxZ4,2.0,KOR Dataset Utilization Theme,PBVkEJD,2.0,TWN Dataset Utilization Theme,by88rqy,2.0,HKG Dataset Utilization Theme,V45896D,1.0,GLB/D1 TOPDIV3000 Power Pool Feb`26,,,,,,,,,,,,,
zqwjKvpV,REGULAR,PS40111,EQUITY,EUR,TOP2500,1,0,INDUSTRY,0.08,ON,VERIFY,OFF,OFF,FASTEXPR,False,2014-01-01,2023-12-31,"ts_zscore(ts_mean(vec_avg(nws17_comp_d1_acb), 5), 5)",,3,2026-02-05T13:20:46-05:00,,2026-02-05T13:20:47-05:00,,False,False,,,ace_tag,llm_test,confidence_0.59,DATA_USAGE:SINGLE_DATA_SET,Single Data Set Alpha,,IS,UNSUBMITTED,716121,20000000,177,183,0.8809,0.0069,0.111,1.6e-05,0.18,0.02,2014-01-01,501897.0,20000000.0,277.0,283.0,0.2082,0.0049,0.1087,4.7e-05,0.02,0.1,-724585.0,20000000.0,177.0,183.0,0.8809,-0.007,0.1359,-1.6e-05,-0.02,-0.21,LOW_SHARPE,FAIL,1.58,0.18,LOW_FITNESS,FAIL,1.0,0.02,LOW_TURNOVER,PASS,0.01,0.8809,HIGH_TURNOVER,FAIL,0.7,0.8809,CONCENTRATED_WEIGHT,PASS,LOW_SUB_UNIVERSE_SHARPE,FAIL,0.09,0.03,SELF_CORRELATION,PENDING,DATA_DIVERSITY,PENDING,PROD_CORRELATION,PENDING,REGULAR_SUBMISSION,PENDING,LOW_2Y_SHARPE,FAIL,1.06,1.58,MATCHES_COMPETITION,PENDING,AIACv2,AI Alphas Competition 2.0,PASS,MATCHES_PYRAMID,1,1.5,EUR/D1/NEWS,1.5,WARNING,MATCHES_THEMES,EDrKL34,2.0,JPN Dataset Utilization Theme,M4ZYx3D,2.0,AMR Dataset Utilization Theme,9B3qxZ4,2.0,KOR Dataset Utilization Theme,PBVkEJD,2.0,TWN Dataset Utilization Theme,by88rqy,2.0,HKG Dataset Utilization Theme,V45896D,1.0,GLB/D1 TOPDIV3000 Power Pool Feb`26,,,,,,,,,,,,,
npkopEjw,REGULAR,PS40111,EQUITY,EUR,TOP2500,1,0,INDUSTRY,0.08,ON,VERIFY,OFF,OFF,FASTEXPR,False,2014-01-01,2023-12-31,"ts_zscore(ts_mean(vec_avg(nws17_comp_d1_ssc), 5), 5)",,3,2026-02-05T13:20:22-05:00,,2026-02-05T13:20:22-05:00,,False,False,,,ace_tag,llm_test,confidence_0.49,DATA_USAGE:SINGLE_DATA_SET,Single Data Set Alpha,,IS,UNSUBMITTED,431266,20000000,401,409,0.85,0.0042,0.0788,1e-05,0.16,0.01,2014-01-01,813501.0,20000000.0,532.0,547.0,0.222,0.0079,0.0933,7.1e-05,0.05,0.24,-117920.0,20000000.0,401.0,409.0,0.85,-0.0011,0.0915,-3e-06,-0.0,-0.05,LOW_SHARPE,FAIL,1.58,0.16,LOW_FITNESS,FAIL,1.0,0.01,LOW_TURNOVER,PASS,0.01,0.85,HIGH_TURNOVER,FAIL,0.7,0.85,CONCENTRATED_WEIGHT,PASS,LOW_SUB_UNIVERSE_SHARPE,FAIL,0.08,0.03,SELF_CORRELATION,PENDING,DATA_DIVERSITY,PENDING,PROD_CORRELATION,PENDING,REGULAR_SUBMISSION,PENDING,LOW_2Y_SHARPE,FAIL,0.45,1.58,MATCHES_COMPETITION,PENDING,AIACv2,AI Alphas Competition 2.0,PASS,MATCHES_PYRAMID,1,1.5,EUR/D1/NEWS,1.5,WARNING,MATCHES_THEMES,EDrKL34,2.0,JPN Dataset Utilization Theme,M4ZYx3D,2.0,AMR Dataset Utilization Theme,9B3qxZ4,2.0,KOR Dataset Utilization Theme,PBVkEJD,2.0,TWN Dataset Utilization Theme,by88rqy,2.0,HKG Dataset Utilization Theme,V45896D,1.0,GLB/D1 TOPDIV3000 Power Pool Feb`26,,,,,,,,,,,,,
omwvmxQ5,REGULAR,PS40111,EQUITY,EUR,TOP2500,1,0,INDUSTRY,0.08,ON,VERIFY,OFF,OFF,FASTEXPR,False,2014-01-01,2023-12-31,"zscore(multiply(subtract(vec_avg(nws17_comp_d1_acb), ts_mean(vec_avg(nws17_comp_d1_acb), 10)), vec_avg(nws17_multiple_comp_d1_relevance)))",,7,2026-02-05T13:20:28-05:00,,2026-02-05T13:20:28-05:00,,False,False,,,ace_tag,llm_test,confidence_0.61,DATA_USAGE:SINGLE_DATA_SET,Single Data Set Alpha,,IS,UNSUBMITTED,3377370,20000000,269,243,1.7568,0.0327,0.1152,3.7e-05,0.46,0.06,2014-01-01,-4154787.0,20000000.0,534.0,574.0,0.2591,-0.0403,0.5152,-0.000311,-0.19,-0.47,1292213.0,20000000.0,269.0,243.0,1.7568,0.0125,0.1391,1.4e-05,0.02,0.2,LOW_SHARPE,FAIL,1.58,0.46,LOW_FITNESS,FAIL,1.0,0.06,LOW_TURNOVER,PASS,0.01,1.7568,HIGH_TURNOVER,FAIL,0.7,1.7568,CONCENTRATED_WEIGHT,PASS,LOW_SUB_UNIVERSE_SHARPE,PASS,0.24,0.52,SELF_CORRELATION,PENDING,DATA_DIVERSITY,PENDING,PROD_CORRELATION,PENDING,REGULAR_SUBMISSION,PENDING,LOW_2Y_SHARPE,FAIL,0.28,1.58,MATCHES_COMPETITION,PENDING,AIACv2,AI Alphas Competition 2.0,PASS,MATCHES_PYRAMID,1,1.5,EUR/D1/NEWS,1.5,WARNING,MATCHES_THEMES,EDrKL34,2.0,JPN Dataset Utilization Theme,M4ZYx3D,2.0,AMR Dataset Utilization Theme,9B3qxZ4,2.0,KOR Dataset Utilization Theme,PBVkEJD,2.0,TWN Dataset Utilization Theme,by88rqy,2.0,HKG Dataset Utilization Theme,V45896D,1.0,GLB/D1 TOPDIV3000 Power Pool Feb`26,,,,,,,,,,,,,
zqwjqlVE,REGULAR,PS40111,EQUITY,EUR,TOP2500,1,0,INDUSTRY,0.08,ON,VERIFY,OFF,OFF,FASTEXPR,False,2014-01-01,2023-12-31,"zscore(ts_ir(vec_avg(nws17_comp_d1_acb), 10))",,3,2026-02-05T13:20:42-05:00,,2026-02-05T13:20:43-05:00,,False,False,,,ace_tag,llm_test,confidence_0.53,DATA_USAGE:SINGLE_DATA_SET,Single Data Set Alpha,,IS,UNSUBMITTED,1577949,20000000,192,198,0.3879,0.0153,0.1289,7.9e-05,0.25,0.05,2014-01-01,3358104.0,20000000.0,309.0,311.0,0.1173,0.0325,0.2312,0.000555,0.25,0.49,762002.0,20000000.0,192.0,198.0,0.3879,0.0074,0.1254,3.8e-05,0.02,0.15,LOW_SHARPE,FAIL,1.58,0.25,LOW_FITNESS,FAIL,1.0,0.05,LOW_TURNOVER,PASS,0.01,0.3879,HIGH_TURNOVER,PASS,0.7,0.3879,CONCENTRATED_WEIGHT,FAIL,LOW_SUB_UNIVERSE_SHARPE,PASS,0.13,0.22,SELF_CORRELATION,PENDING,DATA_DIVERSITY,PENDING,PROD_CORRELATION,PENDING,REGULAR_SUBMISSION,PENDING,LOW_2Y_SHARPE,FAIL,0.3,1.58,MATCHES_COMPETITION,PENDING,AIACv2,AI Alphas Competition 2.0,PASS,MATCHES_PYRAMID,1,1.5,EUR/D1/NEWS,1.5,WARNING,MATCHES_THEMES,EDrKL34,2.0,JPN Dataset Utilization Theme,M4ZYx3D,2.0,AMR Dataset Utilization Theme,9B3qxZ4,2.0,KOR Dataset Utilization Theme,PBVkEJD,2.0,TWN Dataset Utilization Theme,by88rqy,2.0,HKG Dataset Utilization Theme,V45896D,1.0,GLB/D1 TOPDIV3000 Power Pool Feb`26,,,,,,,,,,,2016-06-23,0.1,0.130976
j2lXz5Ej,REGULAR,PS40111,EQUITY,EUR,TOP2500,1,0,INDUSTRY,0.08,ON,VERIFY,OFF,OFF,FASTEXPR,False,2014-01-01,2023-12-31,"zscore(ts_ir(vec_avg(nws17_comp_d1_ssc), 10))",,3,2026-02-05T13:20:45-05:00,,2026-02-05T13:20:45-05:00,,False,False,,,ace_tag,llm_test,confidence_0.47,DATA_USAGE:SINGLE_DATA_SET,Single Data Set Alpha,,IS,UNSUBMITTED,12694236,20000000,331,567,0.8077,0.123,0.5547,0.000305,0.5,0.2,2014-01-01,-5212025.0,20000000.0,536.0,672.0,0.1669,-0.0505,1.1195,-0.000605,-0.13,-0.23,11835512.0,20000000.0,331.0,567.0,0.8077,0.1147,0.4895,0.000284,0.18,0.49,LOW_SHARPE,FAIL,1.58,0.5,LOW_FITNESS,FAIL,1.0,0.2,LOW_TURNOVER,PASS,0.01,0.8077,HIGH_TURNOVER,FAIL,0.7,0.8077,CONCENTRATED_WEIGHT,FAIL,LOW_SUB_UNIVERSE_SHARPE,PASS,0.26,0.65,SELF_CORRELATION,PENDING,DATA_DIVERSITY,PENDING,PROD_CORRELATION,PENDING,REGULAR_SUBMISSION,PENDING,LOW_2Y_SHARPE,FAIL,1.23,1.58,MATCHES_COMPETITION,PENDING,AIACv2,AI Alphas Competition 2.0,PASS,MATCHES_PYRAMID,1,1.5,EUR/D1/NEWS,1.5,WARNING,MATCHES_THEMES,EDrKL34,2.0,JPN Dataset Utilization Theme,M4ZYx3D,2.0,AMR Dataset Utilization Theme,9B3qxZ4,2.0,KOR Dataset Utilization Theme,PBVkEJD,2.0,TWN Dataset Utilization Theme,by88rqy,2.0,HKG Dataset Utilization Theme,V45896D,1.0,GLB/D1 TOPDIV3000 Power Pool Feb`26,,,,,,,,,,,2016-09-07,0.1,0.499959
E50bO13J,REGULAR,PS40111,EQUITY,EUR,TOP2500,1,0,INDUSTRY,0.08,ON,VERIFY,OFF,OFF,FASTEXPR,False,2014-01-01,2023-12-31,"zscore(multiply(vec_avg(nws17_comp_d1_acb), inverse(vec_avg(nws17_multiple_comp_d1_relevance))))",,5,2026-02-05T13:21:51-05:00,,2026-02-05T13:21:52-05:00,,False,False,,,ace_tag,llm_test,confidence_0.38,DATA_USAGE:SINGLE_DATA_SET,Single Data Set Alpha,,IS,UNSUBMITTED,1791976,20000000,88,326,1.8227,0.0174,0.2641,1.9e-05,0.19,0.02,2014-01-01,1267464.0,20000000.0,394.0,724.0,0.2518,0.0123,0.3475,9.8e-05,0.03,0.12,-526767.0,20000000.0,88.0,326.0,1.8227,-0.0051,0.2714,-6e-06,-0.0,-0.07,LOW_SHARPE,FAIL,1.58,0.19,LOW_FITNESS,FAIL,1.0,0.02,LOW_TURNOVER,PASS,0.01,1.8227,HIGH_TURNOVER,FAIL,0.7,1.8227,CONCENTRATED_WEIGHT,FAIL,LOW_SUB_UNIVERSE_SHARPE,PASS,0.1,0.18,SELF_CORRELATION,PENDING,DATA_DIVERSITY,PENDING,PROD_CORRELATION,PENDING,REGULAR_SUBMISSION,PENDING,LOW_2Y_SHARPE,FAIL,-0.55,1.58,MATCHES_COMPETITION,PENDING,AIACv2,AI Alphas Competition 2.0,PASS,MATCHES_PYRAMID,1,1.5,EUR/D1/NEWS,1.5,WARNING,MATCHES_THEMES,EDrKL34,2.0,JPN Dataset Utilization Theme,M4ZYx3D,2.0,AMR Dataset Utilization Theme,9B3qxZ4,2.0,KOR Dataset Utilization Theme,PBVkEJD,2.0,TWN Dataset Utilization Theme,by88rqy,2.0,HKG Dataset Utilization Theme,V45896D,1.0,GLB/D1 TOPDIV3000 Power Pool Feb`26,,,,,,,,,,,2019-12-24,0.1,0.161182
vRn9wVX3,REGULAR,PS40111,EQUITY,EUR,TOP2500,1,0,INDUSTRY,0.08,ON,VERIFY,OFF,OFF,FASTEXPR,False,2014-01-01,2023-12-31,"zscore(multiply(vec_avg(nws17_comp_d1_ssc), inverse(vec_avg(nws17_multiple_comp_d1_relevance))))",,5,2026-02-05T13:23:37-05:00,,2026-02-05T13:23:37-05:00,,False,False,,,ace_tag,llm_test,confidence_0.36,DATA_USAGE:SINGLE_DATA_SET,Single Data Set Alpha,,IS,UNSUBMITTED,614527,20000000,147,371,1.6871,0.006,0.1394,7e-06,0.11,0.01,2014-01-01,1365610.0,20000000.0,428.0,657.0,0.2385,0.0132,0.1702,0.000111,0.05,0.2,1045666.0,20000000.0,147.0,371.0,1.6871,0.0101,0.1029,1.2e-05,0.02,0.22,LOW_SHARPE,FAIL,1.58,0.11,LOW_FITNESS,FAIL,1.0,0.01,LOW_TURNOVER,PASS,0.01,1.6871,HIGH_TURNOVER,FAIL,0.7,1.6871,CONCENTRATED_WEIGHT,PASS,LOW_SUB_UNIVERSE_SHARPE,PASS,0.06,0.47,SELF_CORRELATION,PENDING,DATA_DIVERSITY,PENDING,PROD_CORRELATION,PENDING,REGULAR_SUBMISSION,PENDING,LOW_2Y_SHARPE,FAIL,0.6,1.58,MATCHES_COMPETITION,PENDING,AIACv2,AI Alphas Competition 2.0,PASS,MATCHES_PYRAMID,1,1.5,EUR/D1/NEWS,1.5,WARNING,MATCHES_THEMES,EDrKL34,2.0,JPN Dataset Utilization Theme,M4ZYx3D,2.0,AMR Dataset Utilization Theme,9B3qxZ4,2.0,KOR Dataset Utilization Theme,PBVkEJD,2.0,TWN Dataset Utilization Theme,by88rqy,2.0,HKG Dataset Utilization Theme,V45896D,1.0,GLB/D1 TOPDIV3000 Power Pool Feb`26,,,,,,,,,,,,,
78qQ7Vzb,REGULAR,PS40111,EQUITY,EUR,TOP2500,1,0,INDUSTRY,0.08,ON,VERIFY,OFF,OFF,FASTEXPR,False,2014-01-01,2023-12-31,"zscore(divide(vec_avg(nws17_comp_d1_acb), add(vec_avg(nws17_comp_d1_ssc), 1)))",,5,2026-02-05T13:23:29-05:00,,2026-02-05T13:23:30-05:00,,False,False,,,ace_tag,llm_test,confidence_0.6,DATA_USAGE:SINGLE_DATA_SET,Single Data Set Alpha,,IS,UNSUBMITTED,1091337,20000000,102,318,1.7138,0.0106,0.1541,1.2e-05,0.17,0.01,2014-01-01,256294.0,20000000.0,334.0,759.0,0.2514,0.0025,0.258,2e-05,0.0,0.04,-856100.0,20000000.0,102.0,318.0,1.7138,-0.0083,0.1795,-1e-05,-0.01,-0.16,LOW_SHARPE,FAIL,1.58,0.17,LOW_FITNESS,FAIL,1.0,0.01,LOW_TURNOVER,PASS,0.01,1.7138,HIGH_TURNOVER,FAIL,0.7,1.7138,CONCENTRATED_WEIGHT,PASS,LOW_SUB_UNIVERSE_SHARPE,PASS,0.09,0.34,SELF_CORRELATION,PENDING,DATA_DIVERSITY,PENDING,PROD_CORRELATION,PENDING,REGULAR_SUBMISSION,PENDING,LOW_2Y_SHARPE,FAIL,-0.82,1.58,MATCHES_COMPETITION,PENDING,AIACv2,AI Alphas Competition 2.0,PASS,MATCHES_PYRAMID,1,1.5,EUR/D1/NEWS,1.5,WARNING,MATCHES_THEMES,EDrKL34,2.0,JPN Dataset Utilization Theme,M4ZYx3D,2.0,AMR Dataset Utilization Theme,9B3qxZ4,2.0,KOR Dataset Utilization Theme,PBVkEJD,2.0,TWN Dataset Utilization Theme,by88rqy,2.0,HKG Dataset Utilization Theme,V45896D,1.0,GLB/D1 TOPDIV3000 Power Pool Feb`26,,,,,,,,,,,,,
kqkXE578,REGULAR,PS40111,EQUITY,EUR,TOP2500,1,0,INDUSTRY,0.08,ON,VERIFY,OFF,OFF,FASTEXPR,False,2014-01-01,2023-12-31,"zscore(ts_std_dev(vec_avg(nws17_comp_d1_acb), 7))",,3,2026-02-05T13:23:22-05:00,,2026-02-05T13:23:22-05:00,,False,False,,,ace_tag,llm_test,confidence_0.44,DATA_USAGE:SINGLE_DATA_SET,Single Data Set Alpha,,IS,UNSUBMITTED,169266,20000000,228,595,0.4608,0.0016,0.0777,7e-06,0.05,0.0,2014-01-01,790327.0,20000000.0,404.0,753.0,0.1377,0.0077,0.07,0.000111,0.05,0.2,702559.0,20000000.0,228.0,595.0,0.4608,0.0068,0.0501,3e-05,0.03,0.24,LOW_SHARPE,FAIL,1.58,0.05,LOW_FITNESS,FAIL,1.0,0.0,LOW_TURNOVER,PASS,0.01,0.4608,HIGH_TURNOVER,PASS,0.7,0.4608,CONCENTRATED_WEIGHT,PASS,LOW_SUB_UNIVERSE_SHARPE,FAIL,0.03,-0.24,SELF_CORRELATION,PENDING,DATA_DIVERSITY,PENDING,PROD_CORRELATION,PENDING,REGULAR_SUBMISSION,PENDING,LOW_2Y_SHARPE,FAIL,0.81,1.58,MATCHES_COMPETITION,PENDING,AIACv2,AI Alphas Competition 2.0,PASS,MATCHES_PYRAMID,1,1.5,EUR/D1/NEWS,1.5,WARNING,MATCHES_THEMES,EDrKL34,2.0,JPN Dataset Utilization Theme,M4ZYx3D,2.0,AMR Dataset Utilization Theme,9B3qxZ4,2.0,KOR Dataset Utilization Theme,PBVkEJD,2.0,TWN Dataset Utilization Theme,by88rqy,2.0,HKG Dataset Utilization Theme,V45896D,1.0,GLB/D1 TOPDIV3000 Power Pool Feb`26,,,,,,,,,,,,,
j2lXzQZo,REGULAR,PS40111,EQUITY,EUR,TOP2500,1,0,INDUSTRY,0.08,ON,VERIFY,OFF,OFF,FASTEXPR,False,2014-01-01,2023-12-31,"zscore(ts_std_dev(vec_avg(nws17_comp_d1_ssc), 7))",,3,2026-02-05T13:23:28-05:00,,2026-02-05T13:23:29-05:00,,False,False,,,ace_tag,llm_test,confidence_0.41,DATA_USAGE:SINGLE_DATA_SET,Single Data Set Alpha,,IS,UNSUBMITTED,11085,20000000,344,502,0.5301,0.0001,0.086,0.0,0.0,0.0,2014-01-01,-1020628.0,20000000.0,518.0,631.0,0.1477,-0.0099,0.1469,-0.000134,-0.06,-0.23,243014.0,20000000.0,344.0,502.0,0.5301,0.0024,0.0909,9e-06,0.01,0.08,LOW_SHARPE,FAIL,1.58,0.0,LOW_FITNESS,FAIL,1.0,0.0,LOW_TURNOVER,PASS,0.01,0.5301,HIGH_TURNOVER,PASS,0.7,0.5301,CONCENTRATED_WEIGHT,PASS,LOW_SUB_UNIVERSE_SHARPE,PASS,0.0,0.15,SELF_CORRELATION,PENDING,DATA_DIVERSITY,PENDING,PROD_CORRELATION,PENDING,REGULAR_SUBMISSION,PENDING,LOW_2Y_SHARPE,FAIL,0.05,1.58,MATCHES_COMPETITION,PENDING,AIACv2,AI Alphas Competition 2.0,PASS,MATCHES_PYRAMID,1,1.5,EUR/D1/NEWS,1.5,WARNING,MATCHES_THEMES,EDrKL34,2.0,JPN Dataset Utilization Theme,M4ZYx3D,2.0,AMR Dataset Utilization Theme,9B3qxZ4,2.0,KOR Dataset Utilization Theme,PBVkEJD,2.0,TWN Dataset Utilization Theme,by88rqy,2.0,HKG Dataset Utilization Theme,V45896D,1.0,GLB/D1 TOPDIV3000 Power Pool Feb`26,,,,,,,,,,,,,
Wjwd1mrx,REGULAR,PS40111,EQUITY,EUR,TOP2500,1,0,INDUSTRY,0.08,ON,VERIFY,OFF,OFF,FASTEXPR,False,2014-01-01,2023-12-31,"zscore(ts_max_diff(vec_avg(nws17_comp_d1_acb), 3))",,3,2026-02-05T13:23:37-05:00,,2026-02-05T13:23:38-05:00,,False,False,,,ace_tag,llm_test,confidence_0.39,DATA_USAGE:SINGLE_DATA_SET,Single Data Set Alpha,,IS,UNSUBMITTED,1806096,20000000,335,70,1.4946,0.0175,0.2063,2.3e-05,0.31,0.03,2014-01-01,-4427444.0,20000000.0,693.0,398.0,0.2492,-0.0429,0.4742,-0.000344,-0.24,-0.57,1361824.0,20000000.0,335.0,70.0,1.4946,0.0132,0.1668,1.8e-05,0.02,0.26,LOW_SHARPE,FAIL,1.58,0.31,LOW_FITNESS,FAIL,1.0,0.03,LOW_TURNOVER,PASS,0.01,1.4946,HIGH_TURNOVER,FAIL,0.7,1.4946,CONCENTRATED_WEIGHT,FAIL,LOW_SUB_UNIVERSE_SHARPE,PASS,0.16,0.2,SELF_CORRELATION,PENDING,DATA_DIVERSITY,PENDING,PROD_CORRELATION,PENDING,REGULAR_SUBMISSION,PENDING,LOW_2Y_SHARPE,FAIL,-1.29,1.58,MATCHES_COMPETITION,PENDING,AIACv2,AI Alphas Competition 2.0,PASS,MATCHES_PYRAMID,1,1.5,EUR/D1/NEWS,1.5,WARNING,MATCHES_THEMES,EDrKL34,2.0,JPN Dataset Utilization Theme,M4ZYx3D,2.0,AMR Dataset Utilization Theme,9B3qxZ4,2.0,KOR Dataset Utilization Theme,PBVkEJD,2.0,TWN Dataset Utilization Theme,by88rqy,2.0,HKG Dataset Utilization Theme,V45896D,1.0,GLB/D1 TOPDIV3000 Power Pool Feb`26,,,,,,,,,,,2017-01-02,0.1,0.21023
wpw1KVY6,REGULAR,PS40111,EQUITY,EUR,TOP2500,1,0,INDUSTRY,0.08,ON,VERIFY,OFF,OFF,FASTEXPR,False,2014-01-01,2023-12-31,"zscore(ts_max_diff(vec_avg(nws17_comp_d1_ssc), 3))",,3,2026-02-05T13:23:30-05:00,,2026-02-05T13:23:31-05:00,,False,False,,,ace_tag,llm_test,confidence_0.37,DATA_USAGE:SINGLE_DATA_SET,Single Data Set Alpha,,IS,UNSUBMITTED,930482,20000000,363,135,1.5874,0.009,0.1454,1.1e-05,0.19,0.01,2014-01-01,-2011785.0,20000000.0,642.0,423.0,0.2671,-0.0195,0.3218,-0.000146,-0.08,-0.31,597983.0,20000000.0,363.0,135.0,1.5874,0.0058,0.1111,7e-06,0.01,0.14,LOW_SHARPE,FAIL,1.58,0.19,LOW_FITNESS,FAIL,1.0,0.01,LOW_TURNOVER,PASS,0.01,1.5874,HIGH_TURNOVER,FAIL,0.7,1.5874,CONCENTRATED_WEIGHT,PASS,LOW_SUB_UNIVERSE_SHARPE,FAIL,0.1,-0.13,SELF_CORRELATION,PENDING,DATA_DIVERSITY,PENDING,PROD_CORRELATION,PENDING,REGULAR_SUBMISSION,PENDING,LOW_2Y_SHARPE,FAIL,-0.59,1.58,MATCHES_COMPETITION,PENDING,AIACv2,AI Alphas Competition 2.0,PASS,MATCHES_PYRAMID,1,1.5,EUR/D1/NEWS,1.5,WARNING,MATCHES_THEMES,EDrKL34,2.0,JPN Dataset Utilization Theme,M4ZYx3D,2.0,AMR Dataset Utilization Theme,9B3qxZ4,2.0,KOR Dataset Utilization Theme,PBVkEJD,2.0,TWN Dataset Utilization Theme,by88rqy,2.0,HKG Dataset Utilization Theme,V45896D,1.0,GLB/D1 TOPDIV3000 Power Pool Feb`26,,,,,,,,,,,,,
vRn9wVZz,REGULAR,PS40111,EQUITY,EUR,TOP2500,1,0,INDUSTRY,0.08,ON,VERIFY,OFF,OFF,FASTEXPR,False,2014-01-01,2023-12-31,"zscore(ts_delta(vec_avg(nws17_comp_d1_acb), 5))",,3,2026-02-05T13:23:34-05:00,,2026-02-05T13:23:34-05:00,,False,False,,,ace_tag,llm_test,confidence_0.51,DATA_USAGE:SINGLE_DATA_SET,Single Data Set Alpha,,IS,UNSUBMITTED,1283859,20000000,124,124,1.7508,0.0124,0.2047,1.4e-05,0.17,0.01,2014-01-01,-3764875.0,20000000.0,294.0,308.0,0.2743,-0.0365,0.4475,-0.000266,-0.13,-0.35,331603.0,20000000.0,124.0,124.0,1.7508,0.0032,0.1833,4e-06,0.0,0.05,LOW_SHARPE,FAIL,1.58,0.17,LOW_FITNESS,FAIL,1.0,0.01,LOW_TURNOVER,PASS,0.01,1.7508,HIGH_TURNOVER,FAIL,0.7,1.7508,CONCENTRATED_WEIGHT,FAIL,LOW_SUB_UNIVERSE_SHARPE,PASS,0.09,0.46,SELF_CORRELATION,PENDING,DATA_DIVERSITY,PENDING,PROD_CORRELATION,PENDING,REGULAR_SUBMISSION,PENDING,LOW_2Y_SHARPE,FAIL,0.07,1.58,MATCHES_COMPETITION,PENDING,AIACv2,AI Alphas Competition 2.0,PASS,MATCHES_PYRAMID,1,1.5,EUR/D1/NEWS,1.5,WARNING,MATCHES_THEMES,EDrKL34,2.0,JPN Dataset Utilization Theme,M4ZYx3D,2.0,AMR Dataset Utilization Theme,9B3qxZ4,2.0,KOR Dataset Utilization Theme,PBVkEJD,2.0,TWN Dataset Utilization Theme,by88rqy,2.0,HKG Dataset Utilization Theme,V45896D,1.0,GLB/D1 TOPDIV3000 Power Pool Feb`26,,,,,,,,,,,2020-01-02,0.1,0.5
N1W6xoGL,REGULAR,PS40111,EQUITY,EUR,TOP2500,1,0,INDUSTRY,0.08,ON,VERIFY,OFF,OFF,FASTEXPR,False,2014-01-01,2023-12-31,"zscore(ts_delta(vec_avg(nws17_comp_d1_ssc), 5))",,3,2026-02-05T13:23:37-05:00,,2026-02-05T13:23:37-05:00,,False,False,,,ace_tag,llm_test,confidence_0.44,DATA_USAGE:SINGLE_DATA_SET,Single Data Set Alpha,,IS,UNSUBMITTED,1386445,20000000,143,142,1.709,0.0134,0.1523,1.6e-05,0.23,0.02,2014-01-01,-1583903.0,20000000.0,296.0,303.0,0.2702,-0.0153,0.2113,-0.000114,-0.04,-0.17,1080253.0,20000000.0,143.0,142.0,1.709,0.0105,0.1179,1.2e-05,0.02,0.22,LOW_SHARPE,FAIL,1.58,0.23,LOW_FITNESS,FAIL,1.0,0.02,LOW_TURNOVER,PASS,0.01,1.709,HIGH_TURNOVER,FAIL,0.7,1.709,CONCENTRATED_WEIGHT,FAIL,LOW_SUB_UNIVERSE_SHARPE,PASS,0.12,0.54,SELF_CORRELATION,PENDING,DATA_DIVERSITY,PENDING,PROD_CORRELATION,PENDING,REGULAR_SUBMISSION,PENDING,LOW_2Y_SHARPE,PASS,1.68,1.58,MATCHES_COMPETITION,PENDING,AIACv2,AI Alphas Competition 2.0,PASS,MATCHES_PYRAMID,1,1.5,EUR/D1/NEWS,1.5,WARNING,MATCHES_THEMES,EDrKL34,2.0,JPN Dataset Utilization Theme,M4ZYx3D,2.0,AMR Dataset Utilization Theme,9B3qxZ4,2.0,KOR Dataset Utilization Theme,PBVkEJD,2.0,TWN Dataset Utilization Theme,by88rqy,2.0,HKG Dataset Utilization Theme,V45896D,1.0,GLB/D1 TOPDIV3000 Power Pool Feb`26,,,,,,,,,,,2020-01-02,0.1,0.5
P0r6Q62w,REGULAR,PS40111,EQUITY,EUR,TOP2500,1,0,INDUSTRY,0.08,ON,VERIFY,OFF,OFF,FASTEXPR,False,2014-01-01,2023-12-31,"zscore(multiply(vec_avg(nws17_comp_d1_acb), ts_av_diff(vec_avg(nws17_multiple_comp_d1_relevance), 3)))",,5,2026-02-05T13:24:58-05:00,,2026-02-05T13:24:59-05:00,,False,False,,,ace_tag,llm_test,confidence_0.63,DATA_USAGE:SINGLE_DATA_SET,Single Data Set Alpha,,IS,UNSUBMITTED,-453816,20000000,201,196,1.8449,-0.0044,0.3586,-5e-06,-0.05,-0.0,2014-01-01,473414.0,20000000.0,477.0,628.0,0.2909,0.0046,0.2824,3.2e-05,0.01,0.04,1009752.0,20000000.0,201.0,196.0,1.8449,0.0098,0.3138,1.1e-05,0.01,0.12,LOW_SHARPE,FAIL,1.58,-0.05,LOW_FITNESS,FAIL,1.0,-0.0,LOW_TURNOVER,PASS,0.01,1.8449,HIGH_TURNOVER,FAIL,0.7,1.8449,CONCENTRATED_WEIGHT,FAIL,LOW_SUB_UNIVERSE_SHARPE,PASS,-0.03,0.03,SELF_CORRELATION,PENDING,DATA_DIVERSITY,PENDING,PROD_CORRELATION,PENDING,REGULAR_SUBMISSION,PENDING,LOW_2Y_SHARPE,FAIL,-0.08,1.58,MATCHES_COMPETITION,PENDING,AIACv2,AI Alphas Competition 2.0,PASS,MATCHES_PYRAMID,1,1.5,EUR/D1/NEWS,1.5,WARNING,MATCHES_THEMES,EDrKL34,2.0,JPN Dataset Utilization Theme,M4ZYx3D,2.0,AMR Dataset Utilization Theme,9B3qxZ4,2.0,KOR Dataset Utilization Theme,PBVkEJD,2.0,TWN Dataset Utilization Theme,by88rqy,2.0,HKG Dataset Utilization Theme,V45896D,1.0,GLB/D1 TOPDIV3000 Power Pool Feb`26,,,,,,,,,,,2018-12-27,0.1,0.20113
rK6LpzQ9,REGULAR,PS40111,EQUITY,EUR,TOP2500,1,0,INDUSTRY,0.08,ON,VERIFY,OFF,OFF,FASTEXPR,False,2014-01-01,2023-12-31,"zscore(multiply(vec_avg(nws17_comp_d1_ssc), ts_av_diff(vec_avg(nws17_multiple_comp_d1_relevance), 3)))",,5,2026-02-05T13:25:12-05:00,,2026-02-05T13:25:12-05:00,,False,False,,,ace_tag,llm_test,confidence_0.55,DATA_USAGE:SINGLE_DATA_SET,Single Data Set Alpha,,IS,UNSUBMITTED,-247594,20000000,287,231,1.7539,-0.0024,0.2346,-3e-06,-0.04,-0.0,2014-01-01,1920322.0,20000000.0,520.0,550.0,0.2898,0.0186,0.1447,0.000128,0.06,0.24,-645236.0,20000000.0,287.0,231.0,1.7539,-0.0063,0.224,-7e-06,-0.01,-0.13,LOW_SHARPE,FAIL,1.58,-0.04,LOW_FITNESS,FAIL,1.0,-0.0,LOW_TURNOVER,PASS,0.01,1.7539,HIGH_TURNOVER,FAIL,0.7,1.7539,CONCENTRATED_WEIGHT,PASS,LOW_SUB_UNIVERSE_SHARPE,FAIL,-0.02,-0.16,SELF_CORRELATION,PENDING,DATA_DIVERSITY,PENDING,PROD_CORRELATION,PENDING,REGULAR_SUBMISSION,PENDING,LOW_2Y_SHARPE,FAIL,-0.24,1.58,MATCHES_COMPETITION,PENDING,AIACv2,AI Alphas Competition 2.0,PASS,MATCHES_PYRAMID,1,1.5,EUR/D1/NEWS,1.5,WARNING,MATCHES_THEMES,EDrKL34,2.0,JPN Dataset Utilization Theme,M4ZYx3D,2.0,AMR Dataset Utilization Theme,9B3qxZ4,2.0,KOR Dataset Utilization Theme,PBVkEJD,2.0,TWN Dataset Utilization Theme,by88rqy,2.0,HKG Dataset Utilization Theme,V45896D,1.0,GLB/D1 TOPDIV3000 Power Pool Feb`26,,,,,,,,,,,,,
j2lXzXWE,REGULAR,PS40111,EQUITY,EUR,TOP2500,1,0,INDUSTRY,0.08,ON,VERIFY,OFF,OFF,FASTEXPR,False,2014-01-01,2023-12-31,"zscore(ts_backfill(vec_avg(nws17_comp_d1_bee), 10))",,3,2026-02-05T13:24:51-05:00,,2026-02-05T13:24:51-05:00,,False,False,,,ace_tag,llm_test,confidence_0.35,DATA_USAGE:SINGLE_DATA_SET,Single Data Set Alpha,,IS,UNSUBMITTED,537824,20000000,165,1093,0.5827,0.0052,0.2087,1.8e-05,0.13,0.01,2014-01-01,752708.0,20000000.0,448.0,1220.0,0.141,0.0073,0.1415,0.000103,0.04,0.16,-416606.0,20000000.0,165.0,1093.0,0.5827,-0.004,0.1823,-1.4e-05,-0.01,-0.12,LOW_SHARPE,FAIL,1.58,0.13,LOW_FITNESS,FAIL,1.0,0.01,LOW_TURNOVER,PASS,0.01,0.5827,HIGH_TURNOVER,PASS,0.7,0.5827,CONCENTRATED_WEIGHT,PASS,LOW_SUB_UNIVERSE_SHARPE,PASS,0.07,0.07,SELF_CORRELATION,PENDING,DATA_DIVERSITY,PENDING,PROD_CORRELATION,PENDING,REGULAR_SUBMISSION,PENDING,LOW_2Y_SHARPE,FAIL,0.71,1.58,MATCHES_COMPETITION,PENDING,AIACv2,AI Alphas Competition 2.0,PASS,MATCHES_PYRAMID,1,1.5,EUR/D1/NEWS,1.5,WARNING,MATCHES_THEMES,EDrKL34,2.0,JPN Dataset Utilization Theme,M4ZYx3D,2.0,AMR Dataset Utilization Theme,9B3qxZ4,2.0,KOR Dataset Utilization Theme,PBVkEJD,2.0,TWN Dataset Utilization Theme,by88rqy,2.0,HKG Dataset Utilization Theme,V45896D,1.0,GLB/D1 TOPDIV3000 Power Pool Feb`26,,,,,,,,,,,,,
omwv8vqb,REGULAR,PS40111,EQUITY,EUR,TOP2500,1,0,INDUSTRY,0.08,ON,VERIFY,OFF,OFF,FASTEXPR,False,2014-01-01,2023-12-31,"zscore(ts_returns(ts_backfill(vec_avg(nws17_comp_d1_bee), 7), 5))",,4,2026-02-05T13:24:58-05:00,,2026-02-05T13:24:58-05:00,,False,False,,,ace_tag,llm_test,confidence_0.33,DATA_USAGE:SINGLE_DATA_SET,Single Data Set Alpha,,IS,UNSUBMITTED,1418000,20000000,37,59,1.4681,0.0137,0.2284,1.9e-05,0.17,0.02,2014-01-01,592670.0,20000000.0,156.0,239.0,0.2452,0.0057,0.2713,4.7e-05,0.01,0.07,-781543.0,20000000.0,37.0,59.0,1.4681,-0.0076,0.284,-1e-05,-0.01,-0.1,LOW_SHARPE,FAIL,1.58,0.17,LOW_FITNESS,FAIL,1.0,0.02,LOW_TURNOVER,PASS,0.01,1.4681,HIGH_TURNOVER,FAIL,0.7,1.4681,CONCENTRATED_WEIGHT,FAIL,LOW_SUB_UNIVERSE_SHARPE,FAIL,0.09,0.01,SELF_CORRELATION,PENDING,DATA_DIVERSITY,PENDING,PROD_CORRELATION,PENDING,REGULAR_SUBMISSION,PENDING,LOW_2Y_SHARPE,FAIL,1.05,1.58,MATCHES_COMPETITION,PENDING,AIACv2,AI Alphas Competition 2.0,PASS,MATCHES_PYRAMID,1,1.5,EUR/D1/NEWS,1.5,WARNING,MATCHES_THEMES,EDrKL34,2.0,JPN Dataset Utilization Theme,M4ZYx3D,2.0,AMR Dataset Utilization Theme,9B3qxZ4,2.0,KOR Dataset Utilization Theme,PBVkEJD,2.0,TWN Dataset Utilization Theme,by88rqy,2.0,HKG Dataset Utilization Theme,V45896D,1.0,GLB/D1 TOPDIV3000 Power Pool Feb`26,,,,,,,,,,,2020-01-06,0.1,0.244539
LLb6V69L,REGULAR,PS40111,EQUITY,EUR,TOP2500,1,0,INDUSTRY,0.08,ON,VERIFY,OFF,OFF,FASTEXPR,False,2014-01-01,2023-12-31,"zscore(multiply(ts_backfill(vec_avg(nws17_comp_d1_bee), 7), vec_avg(nws17_multiple_comp_d1_relevance)))",,5,2026-02-05T13:24:58-05:00,,2026-02-05T13:24:58-05:00,,False,False,,,ace_tag,llm_test,confidence_0.36,DATA_USAGE:SINGLE_DATA_SET,Single Data Set Alpha,,IS,UNSUBMITTED,3759902,20000000,69,323,1.7958,0.0364,0.269,4.1e-05,0.34,0.05,2014-01-01,3230673.0,20000000.0,365.0,743.0,0.2419,0.0313,0.1669,0.000259,0.11,0.3,2539114.0,20000000.0,69.0,323.0,1.7958,0.0246,0.2665,2.7e-05,0.03,0.25,LOW_SHARPE,FAIL,1.58,0.34,LOW_FITNESS,FAIL,1.0,0.05,LOW_TURNOVER,PASS,0.01,1.7958,HIGH_TURNOVER,FAIL,0.7,1.7958,CONCENTRATED_WEIGHT,FAIL,LOW_SUB_UNIVERSE_SHARPE,FAIL,0.18,-0.13,SELF_CORRELATION,PENDING,DATA_DIVERSITY,PENDING,PROD_CORRELATION,PENDING,REGULAR_SUBMISSION,PENDING,LOW_2Y_SHARPE,FAIL,-0.02,1.58,MATCHES_COMPETITION,PENDING,AIACv2,AI Alphas Competition 2.0,PASS,MATCHES_PYRAMID,1,1.5,EUR/D1/NEWS,1.5,WARNING,MATCHES_THEMES,EDrKL34,2.0,JPN Dataset Utilization Theme,M4ZYx3D,2.0,AMR Dataset Utilization Theme,9B3qxZ4,2.0,KOR Dataset Utilization Theme,PBVkEJD,2.0,TWN Dataset Utilization Theme,by88rqy,2.0,HKG Dataset Utilization Theme,V45896D,1.0,GLB/D1 TOPDIV3000 Power Pool Feb`26,,,,,,,,,,,2017-01-02,0.1,0.193052
88kr5KmW,REGULAR,PS40111,EQUITY,EUR,TOP2500,1,0,INDUSTRY,0.08,ON,VERIFY,OFF,OFF,FASTEXPR,False,2014-01-01,2023-12-31,"zscore(reverse(ts_av_diff(vec_avg(nws17_comp_d1_acb), 5)))",,4,2026-02-05T13:25:29-05:00,,2026-02-05T13:25:29-05:00,,False,False,,,ace_tag,llm_test,confidence_0.43,DATA_USAGE:SINGLE_DATA_SET,Single Data Set Alpha,,IS,UNSUBMITTED,-58882,20000000,250,249,1.6697,-0.0006,0.2237,-1e-06,-0.01,-0.0,2014-01-01,3096401.0,20000000.0,521.0,546.0,0.275,0.03,0.1496,0.000218,0.15,0.45,643930.0,20000000.0,250.0,249.0,1.6697,0.0062,0.1757,7e-06,0.01,0.14,LOW_SHARPE,FAIL,1.58,-0.01,LOW_FITNESS,FAIL,1.0,-0.0,LOW_TURNOVER,PASS,0.01,1.6697,HIGH_TURNOVER,FAIL,0.7,1.6697,CONCENTRATED_WEIGHT,PASS,LOW_SUB_UNIVERSE_SHARPE,FAIL,-0.01,-0.17,SELF_CORRELATION,PENDING,DATA_DIVERSITY,PENDING,PROD_CORRELATION,PENDING,REGULAR_SUBMISSION,PENDING,LOW_2Y_SHARPE,FAIL,0.43,1.58,MATCHES_COMPETITION,PENDING,AIACv2,AI Alphas Competition 2.0,PASS,MATCHES_PYRAMID,1,1.5,EUR/D1/NEWS,1.5,WARNING,MATCHES_THEMES,EDrKL34,2.0,JPN Dataset Utilization Theme,M4ZYx3D,2.0,AMR Dataset Utilization Theme,9B3qxZ4,2.0,KOR Dataset Utilization Theme,PBVkEJD,2.0,TWN Dataset Utilization Theme,by88rqy,2.0,HKG Dataset Utilization Theme,V45896D,1.0,GLB/D1 TOPDIV3000 Power Pool Feb`26,,,,,,,,,,,,,
Jj0mMmPW,REGULAR,PS40111,EQUITY,EUR,TOP2500,1,0,INDUSTRY,0.08,ON,VERIFY,OFF,OFF,FASTEXPR,False,2014-01-01,2023-12-31,"zscore(ts_av_diff(vec_avg(nws17_comp_d1_ssc), 5))",,3,2026-02-05T13:24:59-05:00,,2026-02-05T13:25:00-05:00,,False,False,,,ace_tag,llm_test,confidence_0.46,DATA_USAGE:SINGLE_DATA_SET,Single Data Set Alpha,,IS,UNSUBMITTED,-1341102,20000000,261,268,1.6814,-0.013,0.1698,-1.5e-05,-0.3,-0.03,2014-01-01,-2316177.0,20000000.0,545.0,510.0,0.2883,-0.0224,0.2763,-0.000156,-0.11,-0.39,-906136.0,20000000.0,261.0,268.0,1.6814,-0.0088,0.1672,-1e-05,-0.02,-0.23,LOW_SHARPE,FAIL,1.58,-0.3,LOW_FITNESS,FAIL,1.0,-0.03,LOW_TURNOVER,PASS,0.01,1.6814,HIGH_TURNOVER,FAIL,0.7,1.6814,CONCENTRATED_WEIGHT,PASS,LOW_SUB_UNIVERSE_SHARPE,PASS,-0.16,0.01,SELF_CORRELATION,PENDING,DATA_DIVERSITY,PENDING,PROD_CORRELATION,PENDING,REGULAR_SUBMISSION,PENDING,LOW_2Y_SHARPE,FAIL,-0.23,1.58,MATCHES_COMPETITION,PENDING,AIACv2,AI Alphas Competition 2.0,PASS,MATCHES_PYRAMID,1,1.5,EUR/D1/NEWS,1.5,WARNING,MATCHES_THEMES,EDrKL34,2.0,JPN Dataset Utilization Theme,M4ZYx3D,2.0,AMR Dataset Utilization Theme,9B3qxZ4,2.0,KOR Dataset Utilization Theme,PBVkEJD,2.0,TWN Dataset Utilization Theme,by88rqy,2.0,HKG Dataset Utilization Theme,V45896D,1.0,GLB/D1 TOPDIV3000 Power Pool Feb`26,,,,,,,,,,,,,
bl2MGMnK,REGULAR,PS40111,EQUITY,EUR,TOP2500,1,0,INDUSTRY,0.08,ON,VERIFY,OFF,OFF,FASTEXPR,False,2014-01-01,2023-12-31,"zscore(multiply(vec_avg(nws17_comp_d1_acb), vec_range(nws17_comp_d1_acb)))",,4,2026-02-05T13:25:03-05:00,,2026-02-05T13:25:04-05:00,,False,False,,,ace_tag,llm_test,confidence_0.49,DATA_USAGE:SINGLE_DATA_SET,Single Data Set Alpha,,IS,UNSUBMITTED,2719964,20000000,84,289,1.6279,0.0264,0.1427,3.2e-05,0.4,0.05,2014-01-01,1909577.0,20000000.0,357.0,742.0,0.2724,0.0185,0.1791,0.000136,0.07,0.25,1500794.0,20000000.0,84.0,289.0,1.6279,0.0145,0.1685,1.8e-05,0.02,0.26,LOW_SHARPE,FAIL,1.58,0.4,LOW_FITNESS,FAIL,1.0,0.05,LOW_TURNOVER,PASS,0.01,1.6279,HIGH_TURNOVER,FAIL,0.7,1.6279,CONCENTRATED_WEIGHT,FAIL,LOW_SUB_UNIVERSE_SHARPE,PASS,0.21,0.22,SELF_CORRELATION,PENDING,DATA_DIVERSITY,PENDING,PROD_CORRELATION,PENDING,REGULAR_SUBMISSION,PENDING,LOW_2Y_SHARPE,FAIL,0.81,1.58,MATCHES_COMPETITION,PENDING,AIACv2,AI Alphas Competition 2.0,PASS,MATCHES_PYRAMID,1,1.5,EUR/D1/NEWS,1.5,WARNING,MATCHES_THEMES,EDrKL34,2.0,JPN Dataset Utilization Theme,M4ZYx3D,2.0,AMR Dataset Utilization Theme,9B3qxZ4,2.0,KOR Dataset Utilization Theme,PBVkEJD,2.0,TWN Dataset Utilization Theme,by88rqy,2.0,HKG Dataset Utilization Theme,V45896D,1.0,GLB/D1 TOPDIV3000 Power Pool Feb`26,,,,,,,,,,,2018-12-24,0.1,0.103422
QPrjZEzQ,REGULAR,PS40111,EQUITY,EUR,TOP2500,1,0,INDUSTRY,0.08,ON,VERIFY,OFF,OFF,FASTEXPR,False,2014-01-01,2023-12-31,"zscore(multiply(vec_avg(nws17_comp_d1_ssc), vec_range(nws17_comp_d1_ssc)))",,4,2026-02-05T13:26:42-05:00,,2026-02-05T13:26:42-05:00,,False,False,,,ace_tag,llm_test,confidence_0.44,DATA_USAGE:SINGLE_DATA_SET,Single Data Set Alpha,,IS,UNSUBMITTED,1373746,20000000,161,340,1.564,0.0133,0.2585,1.7e-05,0.21,0.02,2014-01-01,773831.0,20000000.0,407.0,694.0,0.2813,0.0075,0.2303,5.3e-05,0.02,0.1,-440168.0,20000000.0,161.0,340.0,1.564,-0.0043,0.2973,-5e-06,-0.0,-0.08,LOW_SHARPE,FAIL,1.58,0.21,LOW_FITNESS,FAIL,1.0,0.02,LOW_TURNOVER,PASS,0.01,1.564,HIGH_TURNOVER,FAIL,0.7,1.564,CONCENTRATED_WEIGHT,FAIL,LOW_SUB_UNIVERSE_SHARPE,FAIL,0.11,-0.08,SELF_CORRELATION,PENDING,DATA_DIVERSITY,PENDING,PROD_CORRELATION,PENDING,REGULAR_SUBMISSION,PENDING,LOW_2Y_SHARPE,FAIL,0.72,1.58,MATCHES_COMPETITION,PENDING,AIACv2,AI Alphas Competition 2.0,PASS,MATCHES_PYRAMID,1,1.5,EUR/D1/NEWS,1.5,WARNING,MATCHES_THEMES,EDrKL34,2.0,JPN Dataset Utilization Theme,M4ZYx3D,2.0,AMR Dataset Utilization Theme,9B3qxZ4,2.0,KOR Dataset Utilization Theme,PBVkEJD,2.0,TWN Dataset Utilization Theme,by88rqy,2.0,HKG Dataset Utilization Theme,V45896D,1.0,GLB/D1 TOPDIV3000 Power Pool Feb`26,,,,,,,,,,,2016-05-30,0.1,0.128818
wpw1KeOQ,REGULAR,PS40111,EQUITY,EUR,TOP2500,1,0,INDUSTRY,0.08,ON,VERIFY,OFF,OFF,FASTEXPR,False,2014-01-01,2023-12-31,zscore(sign(vec_avg(nws17_comp_d1_acb))),,3,2026-02-05T13:26:52-05:00,,2026-02-05T13:26:52-05:00,,False,False,,,ace_tag,llm_test,confidence_0.32,DATA_USAGE:SINGLE_DATA_SET,Single Data Set Alpha,,IS,UNSUBMITTED,218276,20000000,102,312,1.4563,0.0021,0.1161,3e-06,0.04,0.0,2014-01-01,920204.0,20000000.0,350.0,712.0,0.2512,0.0089,0.2022,7.1e-05,0.03,0.16,-1194546.0,20000000.0,102.0,312.0,1.4563,-0.0116,0.162,-1.6e-05,-0.03,-0.3,LOW_SHARPE,FAIL,1.58,0.04,LOW_FITNESS,FAIL,1.0,0.0,LOW_TURNOVER,PASS,0.01,1.4563,HIGH_TURNOVER,FAIL,0.7,1.4563,CONCENTRATED_WEIGHT,PASS,LOW_SUB_UNIVERSE_SHARPE,FAIL,0.02,-0.02,SELF_CORRELATION,PENDING,DATA_DIVERSITY,PENDING,PROD_CORRELATION,PENDING,REGULAR_SUBMISSION,PENDING,LOW_2Y_SHARPE,FAIL,-0.1,1.58,MATCHES_COMPETITION,PENDING,AIACv2,AI Alphas Competition 2.0,PASS,MATCHES_PYRAMID,1,1.5,EUR/D1/NEWS,1.5,WARNING,MATCHES_THEMES,EDrKL34,2.0,JPN Dataset Utilization Theme,M4ZYx3D,2.0,AMR Dataset Utilization Theme,9B3qxZ4,2.0,KOR Dataset Utilization Theme,PBVkEJD,2.0,TWN Dataset Utilization Theme,by88rqy,2.0,HKG Dataset Utilization Theme,V45896D,1.0,GLB/D1 TOPDIV3000 Power Pool Feb`26,,,,,,,,,,,,,
ZYwxPrdn,REGULAR,PS40111,EQUITY,EUR,TOP2500,1,0,INDUSTRY,0.08,ON,VERIFY,OFF,OFF,FASTEXPR,False,2014-01-01,2023-12-31,zscore(sign(vec_avg(nws17_comp_d1_ssc))),,3,2026-02-05T13:26:41-05:00,,2026-02-05T13:26:42-05:00,,False,False,,,ace_tag,llm_test,confidence_0.3,DATA_USAGE:SINGLE_DATA_SET,Single Data Set Alpha,,IS,UNSUBMITTED,-91860,20000000,296,210,1.4299,-0.0009,0.101,-1e-06,-0.02,-0.0,2014-01-01,191280.0,20000000.0,507.0,556.0,0.2288,0.0019,0.173,1.6e-05,0.0,0.04,-804528.0,20000000.0,296.0,210.0,1.4299,-0.0078,0.1155,-1.1e-05,-0.02,-0.25,LOW_SHARPE,FAIL,1.58,-0.02,LOW_FITNESS,FAIL,1.0,-0.0,LOW_TURNOVER,PASS,0.01,1.4299,HIGH_TURNOVER,FAIL,0.7,1.4299,CONCENTRATED_WEIGHT,PASS,LOW_SUB_UNIVERSE_SHARPE,FAIL,-0.01,-0.04,SELF_CORRELATION,PENDING,DATA_DIVERSITY,PENDING,PROD_CORRELATION,PENDING,REGULAR_SUBMISSION,PENDING,LOW_2Y_SHARPE,FAIL,-0.62,1.58,MATCHES_COMPETITION,PENDING,AIACv2,AI Alphas Competition 2.0,PASS,MATCHES_PYRAMID,1,1.5,EUR/D1/NEWS,1.5,WARNING,MATCHES_THEMES,EDrKL34,2.0,JPN Dataset Utilization Theme,M4ZYx3D,2.0,AMR Dataset Utilization Theme,9B3qxZ4,2.0,KOR Dataset Utilization Theme,PBVkEJD,2.0,TWN Dataset Utilization Theme,by88rqy,2.0,HKG Dataset Utilization Theme,V45896D,1.0,GLB/D1 TOPDIV3000 Power Pool Feb`26,,,,,,,,,,,,,
YPwmLAkJ,REGULAR,PS40111,EQUITY,EUR,TOP2500,1,0,INDUSTRY,0.08,ON,VERIFY,OFF,OFF,FASTEXPR,False,2014-01-01,2023-12-31,"zscore(multiply(vec_avg(nws17_comp_d1_acb), ts_quantile(vec_avg(nws17_multiple_comp_d1_relevance), 5)))",,5,2026-02-05T13:26:53-05:00,,2026-02-05T13:26:53-05:00,,False,False,,,ace_tag,llm_test,confidence_0.6,DATA_USAGE:SINGLE_DATA_SET,Single Data Set Alpha,,IS,UNSUBMITTED,352986,20000000,114,120,1.7482,0.0034,0.3052,4e-06,0.05,0.0,2014-01-01,-249271.0,20000000.0,273.0,306.0,0.2908,-0.0024,0.3326,-1.7e-05,-0.0,-0.03,396791.0,20000000.0,114.0,120.0,1.7482,0.0038,0.2819,4e-06,0.0,0.06,LOW_SHARPE,FAIL,1.58,0.05,LOW_FITNESS,FAIL,1.0,0.0,LOW_TURNOVER,PASS,0.01,1.7482,HIGH_TURNOVER,FAIL,0.7,1.7482,CONCENTRATED_WEIGHT,FAIL,LOW_SUB_UNIVERSE_SHARPE,FAIL,0.03,-0.43,SELF_CORRELATION,PENDING,DATA_DIVERSITY,PENDING,PROD_CORRELATION,PENDING,REGULAR_SUBMISSION,PENDING,LOW_2Y_SHARPE,FAIL,-0.19,1.58,MATCHES_COMPETITION,PENDING,AIACv2,AI Alphas Competition 2.0,PASS,MATCHES_PYRAMID,1,1.5,EUR/D1/NEWS,1.5,WARNING,MATCHES_THEMES,EDrKL34,2.0,JPN Dataset Utilization Theme,M4ZYx3D,2.0,AMR Dataset Utilization Theme,9B3qxZ4,2.0,KOR Dataset Utilization Theme,PBVkEJD,2.0,TWN Dataset Utilization Theme,by88rqy,2.0,HKG Dataset Utilization Theme,V45896D,1.0,GLB/D1 TOPDIV3000 Power Pool Feb`26,,,,,,,,,,,2023-12-28,0.1,0.128866
78qQ7JrL,REGULAR,PS40111,EQUITY,EUR,TOP2500,1,0,INDUSTRY,0.08,ON,VERIFY,OFF,OFF,FASTEXPR,False,2014-01-01,2023-12-31,"zscore(multiply(vec_avg(nws17_comp_d1_ssc), ts_quantile(vec_avg(nws17_multiple_comp_d1_relevance), 5)))",,5,2026-02-05T13:26:44-05:00,,2026-02-05T13:26:44-05:00,,False,False,,,ace_tag,llm_test,confidence_0.52,DATA_USAGE:SINGLE_DATA_SET,Single Data Set Alpha,,IS,UNSUBMITTED,474934,20000000,166,150,1.6249,0.0046,0.224,6e-06,0.1,0.01,2014-01-01,-618634.0,20000000.0,270.0,291.0,0.2839,-0.006,0.216,-4.2e-05,-0.01,-0.09,-616947.0,20000000.0,166.0,150.0,1.6249,-0.006,0.2533,-7e-06,-0.01,-0.14,LOW_SHARPE,FAIL,1.58,0.1,LOW_FITNESS,FAIL,1.0,0.01,LOW_TURNOVER,PASS,0.01,1.6249,HIGH_TURNOVER,FAIL,0.7,1.6249,CONCENTRATED_WEIGHT,PASS,LOW_SUB_UNIVERSE_SHARPE,FAIL,0.05,-0.32,SELF_CORRELATION,PENDING,DATA_DIVERSITY,PENDING,PROD_CORRELATION,PENDING,REGULAR_SUBMISSION,PENDING,LOW_2Y_SHARPE,FAIL,0.07,1.58,MATCHES_COMPETITION,PENDING,AIACv2,AI Alphas Competition 2.0,PASS,MATCHES_PYRAMID,1,1.5,EUR/D1/NEWS,1.5,WARNING,MATCHES_THEMES,EDrKL34,2.0,JPN Dataset Utilization Theme,M4ZYx3D,2.0,AMR Dataset Utilization Theme,9B3qxZ4,2.0,KOR Dataset Utilization Theme,PBVkEJD,2.0,TWN Dataset Utilization Theme,by88rqy,2.0,HKG Dataset Utilization Theme,V45896D,1.0,GLB/D1 TOPDIV3000 Power Pool Feb`26,,,,,,,,,,,,,
le62prwA,REGULAR,PS40111,EQUITY,EUR,TOP2500,1,0,INDUSTRY,0.08,ON,VERIFY,OFF,OFF,FASTEXPR,False,2014-01-01,2023-12-31,"zscore(divide(ts_returns(vec_avg(nws17_comp_d1_acb), 5), ts_std_dev(vec_avg(nws17_comp_d1_acb), 10)))",,6,2026-02-05T13:26:44-05:00,,2026-02-05T13:26:45-05:00,,False,False,,,ace_tag,llm_test,confidence_0.58,DATA_USAGE:SINGLE_DATA_SET,Single Data Set Alpha,,IS,UNSUBMITTED,2056393,20000000,28,27,1.617,0.0199,0.2147,2.5e-05,0.2,0.02,2014-01-01,4242492.0,20000000.0,108.0,117.0,0.3056,0.0411,0.2888,0.000269,0.12,0.32,2242536.0,20000000.0,28.0,27.0,1.617,0.0217,0.1427,2.7e-05,0.03,0.25,LOW_SHARPE,FAIL,1.58,0.2,LOW_FITNESS,FAIL,1.0,0.02,LOW_TURNOVER,PASS,0.01,1.617,HIGH_TURNOVER,FAIL,0.7,1.617,CONCENTRATED_WEIGHT,FAIL,LOW_SUB_UNIVERSE_SHARPE,PASS,0.1,0.45,SELF_CORRELATION,PENDING,DATA_DIVERSITY,PENDING,PROD_CORRELATION,PENDING,REGULAR_SUBMISSION,PENDING,LOW_2Y_SHARPE,FAIL,-0.15,1.58,MATCHES_COMPETITION,PENDING,AIACv2,AI Alphas Competition 2.0,PASS,MATCHES_PYRAMID,1,1.5,EUR/D1/NEWS,1.5,WARNING,MATCHES_THEMES,EDrKL34,2.0,JPN Dataset Utilization Theme,M4ZYx3D,2.0,AMR Dataset Utilization Theme,9B3qxZ4,2.0,KOR Dataset Utilization Theme,PBVkEJD,2.0,TWN Dataset Utilization Theme,by88rqy,2.0,HKG Dataset Utilization Theme,V45896D,1.0,GLB/D1 TOPDIV3000 Power Pool Feb`26,,,,,,,,,,,2021-01-04,0.1,0.5
RRZYjrL1,REGULAR,PS40111,EQUITY,EUR,TOP2500,1,0,INDUSTRY,0.08,ON,VERIFY,OFF,OFF,FASTEXPR,False,2014-01-01,2023-12-31,"zscore(divide(ts_returns(vec_avg(nws17_comp_d1_ssc), 5), ts_std_dev(vec_avg(nws17_comp_d1_ssc), 10)))",,6,2026-02-05T13:26:50-05:00,,2026-02-05T13:26:50-05:00,,False,False,,,ace_tag,llm_test,confidence_0.5,DATA_USAGE:SINGLE_DATA_SET,Single Data Set Alpha,,IS,UNSUBMITTED,-663702,20000000,88,97,1.7322,-0.0064,0.5531,-7e-06,-0.05,-0.0,2014-01-01,961504.0,20000000.0,241.0,270.0,0.2943,0.0093,0.5039,6.3e-05,0.01,0.07,-909570.0,20000000.0,88.0,97.0,1.7322,-0.0088,0.4514,-1e-05,-0.01,-0.08,LOW_SHARPE,FAIL,1.58,-0.05,LOW_FITNESS,FAIL,1.0,-0.0,LOW_TURNOVER,PASS,0.01,1.7322,HIGH_TURNOVER,FAIL,0.7,1.7322,CONCENTRATED_WEIGHT,FAIL,LOW_SUB_UNIVERSE_SHARPE,FAIL,-0.03,-0.35,SELF_CORRELATION,PENDING,DATA_DIVERSITY,PENDING,PROD_CORRELATION,PENDING,REGULAR_SUBMISSION,PENDING,LOW_2Y_SHARPE,FAIL,-0.27,1.58,MATCHES_COMPETITION,PENDING,AIACv2,AI Alphas Competition 2.0,PASS,MATCHES_PYRAMID,1,1.5,EUR/D1/NEWS,1.5,WARNING,MATCHES_THEMES,EDrKL34,2.0,JPN Dataset Utilization Theme,M4ZYx3D,2.0,AMR Dataset Utilization Theme,9B3qxZ4,2.0,KOR Dataset Utilization Theme,PBVkEJD,2.0,TWN Dataset Utilization Theme,by88rqy,2.0,HKG Dataset Utilization Theme,V45896D,1.0,GLB/D1 TOPDIV3000 Power Pool Feb`26,,,,,,,,,,,2015-11-10,0.1,0.5
ZYwxPoL8,REGULAR,PS40111,EQUITY,EUR,TOP2500,1,0,INDUSTRY,0.08,ON,VERIFY,OFF,OFF,FASTEXPR,False,2014-01-01,2023-12-31,quantile(vec_avg(nws17_comp_d1_acb)),,2,2026-02-05T13:26:50-05:00,,2026-02-05T13:26:51-05:00,,False,False,,,ace_tag,llm_test,confidence_0.54,DATA_USAGE:SINGLE_DATA_SET,Single Data Set Alpha,,IS,UNSUBMITTED,259633,20000000,111,309,1.5266,0.0025,0.1126,3e-06,0.05,0.0,2014-01-01,795517.0,20000000.0,350.0,716.0,0.2545,0.0077,0.2086,6.1e-05,0.02,0.13,-1279316.0,20000000.0,111.0,309.0,1.5266,-0.0124,0.1674,-1.6e-05,-0.03,-0.3,LOW_SHARPE,FAIL,1.58,0.05,LOW_FITNESS,FAIL,1.0,0.0,LOW_TURNOVER,PASS,0.01,1.5266,HIGH_TURNOVER,FAIL,0.7,1.5266,CONCENTRATED_WEIGHT,PASS,LOW_SUB_UNIVERSE_SHARPE,PASS,0.03,0.04,SELF_CORRELATION,PENDING,DATA_DIVERSITY,PENDING,PROD_CORRELATION,PENDING,REGULAR_SUBMISSION,PENDING,LOW_2Y_SHARPE,FAIL,-0.42,1.58,MATCHES_COMPETITION,PENDING,AIACv2,AI Alphas Competition 2.0,PASS,MATCHES_PYRAMID,1,1.5,EUR/D1/NEWS,1.5,WARNING,MATCHES_THEMES,EDrKL34,2.0,JPN Dataset Utilization Theme,M4ZYx3D,2.0,AMR Dataset Utilization Theme,9B3qxZ4,2.0,KOR Dataset Utilization Theme,PBVkEJD,2.0,TWN Dataset Utilization Theme,by88rqy,2.0,HKG Dataset Utilization Theme,V45896D,1.0,GLB/D1 TOPDIV3000 Power Pool Feb`26,,,,,,,,,,,,,
ZYwxP05Y,REGULAR,PS40111,EQUITY,EUR,TOP2500,1,0,INDUSTRY,0.08,ON,VERIFY,OFF,OFF,FASTEXPR,False,2014-01-01,2023-12-31,quantile(vec_avg(nws17_comp_d1_ssc)),,2,2026-02-05T13:28:47-05:00,,2026-02-05T13:28:48-05:00,,False,False,,,ace_tag,llm_test,confidence_0.48,DATA_USAGE:SINGLE_DATA_SET,Single Data Set Alpha,,IS,UNSUBMITTED,-172461,20000000,260,266,1.5625,-0.0017,0.1005,-2e-06,-0.04,-0.0,2014-01-01,34224.0,20000000.0,534.0,521.0,0.2502,0.0003,0.1426,3e-06,0.0,0.01,-947073.0,20000000.0,260.0,266.0,1.5625,-0.0092,0.1109,-1.2e-05,-0.02,-0.28,LOW_SHARPE,FAIL,1.58,-0.04,LOW_FITNESS,FAIL,1.0,-0.0,LOW_TURNOVER,PASS,0.01,1.5625,HIGH_TURNOVER,FAIL,0.7,1.5625,CONCENTRATED_WEIGHT,PASS,LOW_SUB_UNIVERSE_SHARPE,PASS,-0.02,0.18,SELF_CORRELATION,PENDING,DATA_DIVERSITY,PENDING,PROD_CORRELATION,PENDING,REGULAR_SUBMISSION,PENDING,LOW_2Y_SHARPE,FAIL,-0.48,1.58,MATCHES_COMPETITION,PENDING,AIACv2,AI Alphas Competition 2.0,PASS,MATCHES_PYRAMID,1,1.5,EUR/D1/NEWS,1.5,WARNING,MATCHES_THEMES,EDrKL34,2.0,JPN Dataset Utilization Theme,M4ZYx3D,2.0,AMR Dataset Utilization Theme,9B3qxZ4,2.0,KOR Dataset Utilization Theme,PBVkEJD,2.0,TWN Dataset Utilization Theme,by88rqy,2.0,HKG Dataset Utilization Theme,V45896D,1.0,GLB/D1 TOPDIV3000 Power Pool Feb`26,,,,,,,,,,,,,
vRn9wkgw,REGULAR,PS40111,EQUITY,EUR,TOP2500,1,0,INDUSTRY,0.08,ON,VERIFY,OFF,OFF,FASTEXPR,False,2014-01-01,2023-12-31,quantile(vec_avg(nws17_multiple_comp_d1_relevance)),,2,2026-02-05T13:28:49-05:00,,2026-02-05T13:28:49-05:00,,False,False,,,ace_tag,llm_test,confidence_0.56,DATA_USAGE:SINGLE_DATA_SET,Single Data Set Alpha,,IS,UNSUBMITTED,-324228,20000000,443,447,1.5201,-0.0031,0.1209,-4e-06,-0.08,-0.0,2014-01-01,-1130707.0,20000000.0,748.0,738.0,0.3336,-0.011,0.1996,-6.6e-05,-0.05,-0.27,164877.0,20000000.0,443.0,447.0,1.5201,0.0016,0.0808,2e-06,0.0,0.05,LOW_SHARPE,FAIL,1.58,-0.08,LOW_FITNESS,FAIL,1.0,-0.0,LOW_TURNOVER,PASS,0.01,1.5201,HIGH_TURNOVER,FAIL,0.7,1.5201,CONCENTRATED_WEIGHT,PASS,LOW_SUB_UNIVERSE_SHARPE,FAIL,-0.04,-0.1,SELF_CORRELATION,PENDING,DATA_DIVERSITY,PENDING,PROD_CORRELATION,PENDING,REGULAR_SUBMISSION,PENDING,LOW_2Y_SHARPE,FAIL,-0.6,1.58,MATCHES_COMPETITION,PENDING,AIACv2,AI Alphas Competition 2.0,PASS,MATCHES_PYRAMID,1,1.5,EUR/D1/NEWS,1.5,WARNING,MATCHES_THEMES,EDrKL34,2.0,JPN Dataset Utilization Theme,M4ZYx3D,2.0,AMR Dataset Utilization Theme,9B3qxZ4,2.0,KOR Dataset Utilization Theme,PBVkEJD,2.0,TWN Dataset Utilization Theme,by88rqy,2.0,HKG Dataset Utilization Theme,V45896D,1.0,GLB/D1 TOPDIV3000 Power Pool Feb`26,,,,,,,,,,,,,
3qYxQl20,REGULAR,PS40111,EQUITY,EUR,TOP2500,1,0,INDUSTRY,0.08,ON,VERIFY,OFF,OFF,FASTEXPR,False,2014-01-01,2023-12-31,"zscore(multiply(vec_avg(nws17_comp_d1_acb), vec_count(nws17_comp_d1_acb)))",,4,2026-02-05T13:28:43-05:00,,2026-02-05T13:28:44-05:00,,False,False,,,ace_tag,llm_test,confidence_0.58,DATA_USAGE:SINGLE_DATA_SET,Single Data Set Alpha,,IS,UNSUBMITTED,3808383,20000000,102,315,1.2765,0.0369,0.175,5.8e-05,0.42,0.07,2014-01-01,6550408.0,20000000.0,360.0,730.0,0.2355,0.0635,0.1289,0.000539,0.32,0.62,1683643.0,20000000.0,102.0,315.0,1.2765,0.0163,0.1944,2.6e-05,0.03,0.24,LOW_SHARPE,FAIL,1.58,0.42,LOW_FITNESS,FAIL,1.0,0.07,LOW_TURNOVER,PASS,0.01,1.2765,HIGH_TURNOVER,FAIL,0.7,1.2765,CONCENTRATED_WEIGHT,FAIL,LOW_SUB_UNIVERSE_SHARPE,PASS,0.22,0.5,SELF_CORRELATION,PENDING,DATA_DIVERSITY,PENDING,PROD_CORRELATION,PENDING,REGULAR_SUBMISSION,PENDING,LOW_2Y_SHARPE,FAIL,0.71,1.58,MATCHES_COMPETITION,PENDING,AIACv2,AI Alphas Competition 2.0,PASS,MATCHES_PYRAMID,1,1.5,EUR/D1/NEWS,1.5,WARNING,MATCHES_THEMES,EDrKL34,2.0,JPN Dataset Utilization Theme,M4ZYx3D,2.0,AMR Dataset Utilization Theme,9B3qxZ4,2.0,KOR Dataset Utilization Theme,PBVkEJD,2.0,TWN Dataset Utilization Theme,by88rqy,2.0,HKG Dataset Utilization Theme,V45896D,1.0,GLB/D1 TOPDIV3000 Power Pool Feb`26,,,,,,,,,,,2017-08-11,0.1,0.146951
XgwLmWr1,REGULAR,PS40111,EQUITY,EUR,TOP2500,1,0,INDUSTRY,0.08,ON,VERIFY,OFF,OFF,FASTEXPR,False,2014-01-01,2023-12-31,"zscore(multiply(vec_avg(nws17_comp_d1_ssc), vec_count(nws17_comp_d1_ssc)))",,4,2026-02-05T13:28:47-05:00,,2026-02-05T13:28:48-05:00,,False,False,,,ace_tag,llm_test,confidence_0.51,DATA_USAGE:SINGLE_DATA_SET,Single Data Set Alpha,,IS,UNSUBMITTED,4972059,20000000,176,350,1.1043,0.0482,0.1656,8.7e-05,0.57,0.12,2014-01-01,7209200.0,20000000.0,396.0,676.0,0.2084,0.0699,0.1311,0.000671,0.42,0.73,2559084.0,20000000.0,176.0,350.0,1.1043,0.0248,0.1434,4.5e-05,0.06,0.38,LOW_SHARPE,FAIL,1.58,0.57,LOW_FITNESS,FAIL,1.0,0.12,LOW_TURNOVER,PASS,0.01,1.1043,HIGH_TURNOVER,FAIL,0.7,1.1043,CONCENTRATED_WEIGHT,FAIL,LOW_SUB_UNIVERSE_SHARPE,PASS,0.3,0.5,SELF_CORRELATION,PENDING,DATA_DIVERSITY,PENDING,PROD_CORRELATION,PENDING,REGULAR_SUBMISSION,PENDING,LOW_2Y_SHARPE,FAIL,0.68,1.58,MATCHES_COMPETITION,PENDING,AIACv2,AI Alphas Competition 2.0,PASS,MATCHES_PYRAMID,1,1.5,EUR/D1/NEWS,1.5,WARNING,MATCHES_THEMES,EDrKL34,2.0,JPN Dataset Utilization Theme,M4ZYx3D,2.0,AMR Dataset Utilization Theme,9B3qxZ4,2.0,KOR Dataset Utilization Theme,PBVkEJD,2.0,TWN Dataset Utilization Theme,by88rqy,2.0,HKG Dataset Utilization Theme,V45896D,1.0,GLB/D1 TOPDIV3000 Power Pool Feb`26,,,,,,,,,,,2015-12-24,0.1,0.127107
omwv865J,REGULAR,PS40111,EQUITY,EUR,TOP2500,1,0,INDUSTRY,0.08,ON,VERIFY,OFF,OFF,FASTEXPR,False,2014-01-01,2023-12-31,zscore(reverse(days_from_last_change(vec_avg(nws17_comp_d1_acb)))),,4,2026-02-05T13:28:48-05:00,,2026-02-05T13:28:48-05:00,,False,False,,,ace_tag,llm_test,confidence_0.35,DATA_USAGE:SINGLE_DATA_SET,Single Data Set Alpha,,IS,UNSUBMITTED,-332918,20000000,2016,802,0.0185,-0.0032,0.1065,-0.00035,-0.11,-0.02,2014-01-01,-373288.0,20000000.0,1993.0,828.0,0.0154,-0.0036,0.1076,-0.000469,-0.02,-0.12,-650843.0,20000000.0,2016.0,802.0,0.0185,-0.0063,0.0881,-0.000684,-0.09,-0.41,LOW_SHARPE,FAIL,1.58,-0.11,LOW_FITNESS,FAIL,1.0,-0.02,LOW_TURNOVER,PASS,0.01,0.0185,HIGH_TURNOVER,PASS,0.7,0.0185,CONCENTRATED_WEIGHT,PASS,LOW_SUB_UNIVERSE_SHARPE,FAIL,-0.06,-0.14,SELF_CORRELATION,PENDING,DATA_DIVERSITY,PENDING,PROD_CORRELATION,PENDING,REGULAR_SUBMISSION,PENDING,LOW_2Y_SHARPE,FAIL,-1.0,1.58,MATCHES_COMPETITION,PENDING,AIACv2,AI Alphas Competition 2.0,PASS,MATCHES_PYRAMID,1,1.5,EUR/D1/NEWS,1.5,WARNING,MATCHES_THEMES,EDrKL34,2.0,JPN Dataset Utilization Theme,M4ZYx3D,2.0,AMR Dataset Utilization Theme,9B3qxZ4,2.0,KOR Dataset Utilization Theme,PBVkEJD,2.0,TWN Dataset Utilization Theme,by88rqy,2.0,HKG Dataset Utilization Theme,V45896D,1.0,GLB/D1 TOPDIV3000 Power Pool Feb`26,,,,,,,,,,,,,
xAwQOj5N,REGULAR,PS40111,EQUITY,EUR,TOP2500,1,0,INDUSTRY,0.08,ON,VERIFY,OFF,OFF,FASTEXPR,False,2014-01-01,2023-12-31,zscore(reverse(days_from_last_change(vec_avg(nws17_comp_d1_ssc)))),,4,2026-02-05T13:28:43-05:00,,2026-02-05T13:28:43-05:00,,False,False,,,ace_tag,llm_test,confidence_0.33,DATA_USAGE:SINGLE_DATA_SET,Single Data Set Alpha,,IS,UNSUBMITTED,-331034,20000000,2016,802,0.0178,-0.0032,0.1065,-0.00036,-0.11,-0.02,2014-01-01,-374799.0,20000000.0,1993.0,828.0,0.015,-0.0036,0.1076,-0.000484,-0.02,-0.12,-648023.0,20000000.0,2016.0,802.0,0.0178,-0.0063,0.088,-0.000704,-0.09,-0.4,LOW_SHARPE,FAIL,1.58,-0.11,LOW_FITNESS,FAIL,1.0,-0.02,LOW_TURNOVER,PASS,0.01,0.0178,HIGH_TURNOVER,PASS,0.7,0.0178,CONCENTRATED_WEIGHT,PASS,LOW_SUB_UNIVERSE_SHARPE,FAIL,-0.06,-0.13,SELF_CORRELATION,PENDING,DATA_DIVERSITY,PENDING,PROD_CORRELATION,PENDING,REGULAR_SUBMISSION,PENDING,LOW_2Y_SHARPE,FAIL,-1.0,1.58,MATCHES_COMPETITION,PENDING,AIACv2,AI Alphas Competition 2.0,PASS,MATCHES_PYRAMID,1,1.5,EUR/D1/NEWS,1.5,WARNING,MATCHES_THEMES,EDrKL34,2.0,JPN Dataset Utilization Theme,M4ZYx3D,2.0,AMR Dataset Utilization Theme,9B3qxZ4,2.0,KOR Dataset Utilization Theme,PBVkEJD,2.0,TWN Dataset Utilization Theme,by88rqy,2.0,HKG Dataset Utilization Theme,V45896D,1.0,GLB/D1 TOPDIV3000 Power Pool Feb`26,,,,,,,,,,,,,
vRn9wOPd,REGULAR,PS40111,EQUITY,EUR,TOP2500,1,0,INDUSTRY,0.08,ON,VERIFY,OFF,OFF,FASTEXPR,False,2014-01-01,2023-12-31,"zscore(ts_rank(ts_returns(vec_avg(nws17_comp_d1_acb), 3), 5))",,4,2026-02-05T13:30:03-05:00,,2026-02-05T13:30:03-05:00,,False,False,,,ace_tag,llm_test,confidence_0.5,DATA_USAGE:SINGLE_DATA_SET,Single Data Set Alpha,,IS,UNSUBMITTED,-430295,20000000,23,24,1.6551,-0.0042,0.4042,-5e-06,-0.04,-0.0,2014-01-01,-2759862.0,20000000.0,115.0,106.0,0.2981,-0.0267,0.5596,-0.000179,-0.08,-0.26,2905147.0,20000000.0,23.0,24.0,1.6551,0.0282,0.2542,3.4e-05,0.04,0.34,LOW_SHARPE,FAIL,1.58,-0.04,LOW_FITNESS,FAIL,1.0,-0.0,LOW_TURNOVER,PASS,0.01,1.6551,HIGH_TURNOVER,FAIL,0.7,1.6551,CONCENTRATED_WEIGHT,FAIL,LOW_SUB_UNIVERSE_SHARPE,FAIL,-0.02,-0.03,SELF_CORRELATION,PENDING,DATA_DIVERSITY,PENDING,PROD_CORRELATION,PENDING,REGULAR_SUBMISSION,PENDING,LOW_2Y_SHARPE,FAIL,0.5,1.58,MATCHES_COMPETITION,PENDING,AIACv2,AI Alphas Competition 2.0,PASS,MATCHES_PYRAMID,1,1.5,EUR/D1/NEWS,1.5,WARNING,MATCHES_THEMES,EDrKL34,2.0,JPN Dataset Utilization Theme,M4ZYx3D,2.0,AMR Dataset Utilization Theme,9B3qxZ4,2.0,KOR Dataset Utilization Theme,PBVkEJD,2.0,TWN Dataset Utilization Theme,by88rqy,2.0,HKG Dataset Utilization Theme,V45896D,1.0,GLB/D1 TOPDIV3000 Power Pool Feb`26,,,,,,,,,,,2020-12-30,0.1,0.5
O0wkQANJ,REGULAR,PS40111,EQUITY,EUR,TOP2500,1,0,INDUSTRY,0.08,ON,VERIFY,OFF,OFF,FASTEXPR,False,2014-01-01,2023-12-31,"zscore(ts_rank(ts_returns(vec_avg(nws17_comp_d1_ssc), 3), 5))",,4,2026-02-05T13:30:16-05:00,,2026-02-05T13:30:17-05:00,,False,False,,,ace_tag,llm_test,confidence_0.43,DATA_USAGE:SINGLE_DATA_SET,Single Data Set Alpha,,IS,UNSUBMITTED,-138402,20000000,94,95,1.6004,-0.0013,0.1084,-2e-06,-0.03,-0.0,2014-01-01,-2239267.0,20000000.0,219.0,237.0,0.2844,-0.0217,0.3395,-0.000153,-0.1,-0.36,-48469.0,20000000.0,94.0,95.0,1.6004,-0.0005,0.0926,-1e-06,-0.0,-0.01,LOW_SHARPE,FAIL,1.58,-0.03,LOW_FITNESS,FAIL,1.0,-0.0,LOW_TURNOVER,PASS,0.01,1.6004,HIGH_TURNOVER,FAIL,0.7,1.6004,CONCENTRATED_WEIGHT,FAIL,LOW_SUB_UNIVERSE_SHARPE,PASS,-0.02,0.02,SELF_CORRELATION,PENDING,DATA_DIVERSITY,PENDING,PROD_CORRELATION,PENDING,REGULAR_SUBMISSION,PENDING,LOW_2Y_SHARPE,FAIL,0.26,1.58,MATCHES_COMPETITION,PENDING,AIACv2,AI Alphas Competition 2.0,PASS,MATCHES_PYRAMID,1,1.5,EUR/D1/NEWS,1.5,WARNING,MATCHES_THEMES,EDrKL34,2.0,JPN Dataset Utilization Theme,M4ZYx3D,2.0,AMR Dataset Utilization Theme,9B3qxZ4,2.0,KOR Dataset Utilization Theme,PBVkEJD,2.0,TWN Dataset Utilization Theme,by88rqy,2.0,HKG Dataset Utilization Theme,V45896D,1.0,GLB/D1 TOPDIV3000 Power Pool Feb`26,,,,,,,,,,,,,
ak2ljKq9,REGULAR,PS40111,EQUITY,EUR,TOP2500,1,0,INDUSTRY,0.08,ON,VERIFY,OFF,OFF,FASTEXPR,False,2014-01-01,2023-12-31,"zscore(multiply(vec_avg(nws17_comp_d1_acb), ts_kurtosis(vec_avg(nws17_comp_d1_acb), 7)))",,5,2026-02-05T13:30:09-05:00,,2026-02-05T13:30:09-05:00,,False,False,,,ace_tag,llm_test,confidence_0.34,DATA_USAGE:SINGLE_DATA_SET,Single Data Set Alpha,,IS,UNSUBMITTED,-1350190,20000000,63,91,1.726,-0.0131,0.2323,-1.5e-05,-0.15,-0.01,2014-01-01,-1913729.0,20000000.0,131.0,192.0,0.2672,-0.0185,0.4745,-0.000139,-0.06,-0.21,-1818794.0,20000000.0,63.0,91.0,1.726,-0.0176,0.2432,-2e-05,-0.02,-0.22,LOW_SHARPE,FAIL,1.58,-0.15,LOW_FITNESS,FAIL,1.0,-0.01,LOW_TURNOVER,PASS,0.01,1.726,HIGH_TURNOVER,FAIL,0.7,1.726,CONCENTRATED_WEIGHT,FAIL,LOW_SUB_UNIVERSE_SHARPE,PASS,-0.08,0.16,SELF_CORRELATION,PENDING,DATA_DIVERSITY,PENDING,PROD_CORRELATION,PENDING,REGULAR_SUBMISSION,PENDING,LOW_2Y_SHARPE,FAIL,-0.35,1.58,MATCHES_COMPETITION,PENDING,AIACv2,AI Alphas Competition 2.0,PASS,MATCHES_PYRAMID,1,1.5,EUR/D1/NEWS,1.5,WARNING,MATCHES_THEMES,EDrKL34,2.0,JPN Dataset Utilization Theme,M4ZYx3D,2.0,AMR Dataset Utilization Theme,9B3qxZ4,2.0,KOR Dataset Utilization Theme,PBVkEJD,2.0,TWN Dataset Utilization Theme,by88rqy,2.0,HKG Dataset Utilization Theme,V45896D,1.0,GLB/D1 TOPDIV3000 Power Pool Feb`26,,,,,,,,,,,2023-01-02,0.1,0.186039
LLb6VM0m,REGULAR,PS40111,EQUITY,EUR,TOP2500,1,0,INDUSTRY,0.08,ON,VERIFY,OFF,OFF,FASTEXPR,False,2014-01-01,2023-12-31,"zscore(multiply(vec_avg(nws17_comp_d1_ssc), ts_kurtosis(vec_avg(nws17_comp_d1_ssc), 7)))",,5,2026-02-05T13:30:24-05:00,,2026-02-05T13:30:25-05:00,,False,False,,,ace_tag,llm_test,confidence_0.31,DATA_USAGE:SINGLE_DATA_SET,Single Data Set Alpha,,IS,UNSUBMITTED,-1118231,20000000,134,155,1.4891,-0.0108,0.2907,-1.5e-05,-0.19,-0.02,2014-01-01,-1160445.0,20000000.0,227.0,254.0,0.2449,-0.0112,0.2603,-9.2e-05,-0.03,-0.16,-855439.0,20000000.0,134.0,155.0,1.4891,-0.0083,0.2534,-1.1e-05,-0.01,-0.16,LOW_SHARPE,FAIL,1.58,-0.19,LOW_FITNESS,FAIL,1.0,-0.02,LOW_TURNOVER,PASS,0.01,1.4891,HIGH_TURNOVER,FAIL,0.7,1.4891,CONCENTRATED_WEIGHT,FAIL,LOW_SUB_UNIVERSE_SHARPE,FAIL,-0.1,-0.13,SELF_CORRELATION,PENDING,DATA_DIVERSITY,PENDING,PROD_CORRELATION,PENDING,REGULAR_SUBMISSION,PENDING,LOW_2Y_SHARPE,FAIL,0.88,1.58,MATCHES_COMPETITION,PENDING,AIACv2,AI Alphas Competition 2.0,PASS,MATCHES_PYRAMID,1,1.5,EUR/D1/NEWS,1.5,WARNING,MATCHES_THEMES,EDrKL34,2.0,JPN Dataset Utilization Theme,M4ZYx3D,2.0,AMR Dataset Utilization Theme,9B3qxZ4,2.0,KOR Dataset Utilization Theme,PBVkEJD,2.0,TWN Dataset Utilization Theme,by88rqy,2.0,HKG Dataset Utilization Theme,V45896D,1.0,GLB/D1 TOPDIV3000 Power Pool Feb`26,,,,,,,,,,,2019-06-10,0.1,0.5
MPlXMYga,REGULAR,PS40111,EQUITY,EUR,TOP2500,1,0,INDUSTRY,0.08,ON,VERIFY,OFF,OFF,FASTEXPR,False,2014-01-01,2023-12-31,"zscore(ts_max_diff(vec_avg(nws17_comp_d1_acb), 20))",,3,2026-02-05T13:30:19-05:00,,2026-02-05T13:30:19-05:00,,False,False,,,ace_tag,llm_test,confidence_0.41,DATA_USAGE:SINGLE_DATA_SET,Single Data Set Alpha,,IS,UNSUBMITTED,929200,20000000,326,191,1.2738,0.009,0.1016,1.4e-05,0.23,0.02,2014-01-01,-450715.0,20000000.0,693.0,386.0,0.206,-0.0044,0.1315,-4.2e-05,-0.01,-0.1,847317.0,20000000.0,326.0,191.0,1.2738,0.0082,0.0914,1.3e-05,0.02,0.25,LOW_SHARPE,FAIL,1.58,0.23,LOW_FITNESS,FAIL,1.0,0.02,LOW_TURNOVER,PASS,0.01,1.2738,HIGH_TURNOVER,FAIL,0.7,1.2738,CONCENTRATED_WEIGHT,PASS,LOW_SUB_UNIVERSE_SHARPE,FAIL,0.12,0.11,SELF_CORRELATION,PENDING,DATA_DIVERSITY,PENDING,PROD_CORRELATION,PENDING,REGULAR_SUBMISSION,PENDING,LOW_2Y_SHARPE,FAIL,-0.05,1.58,MATCHES_COMPETITION,PENDING,AIACv2,AI Alphas Competition 2.0,PASS,MATCHES_PYRAMID,1,1.5,EUR/D1/NEWS,1.5,WARNING,MATCHES_THEMES,EDrKL34,2.0,JPN Dataset Utilization Theme,M4ZYx3D,2.0,AMR Dataset Utilization Theme,9B3qxZ4,2.0,KOR Dataset Utilization Theme,PBVkEJD,2.0,TWN Dataset Utilization Theme,by88rqy,2.0,HKG Dataset Utilization Theme,V45896D,1.0,GLB/D1 TOPDIV3000 Power Pool Feb`26,,,,,,,,,,,,,
vRn9w1vQ,REGULAR,PS40111,EQUITY,EUR,TOP2500,1,0,INDUSTRY,0.08,ON,VERIFY,OFF,OFF,FASTEXPR,False,2014-01-01,2023-12-31,"zscore(ts_max_diff(vec_avg(nws17_comp_d1_ssc), 20))",,3,2026-02-05T13:30:15-05:00,,2026-02-05T13:30:16-05:00,,False,False,,,ace_tag,llm_test,confidence_0.38,DATA_USAGE:SINGLE_DATA_SET,Single Data Set Alpha,,IS,UNSUBMITTED,-99922,20000000,314,215,1.3566,-0.001,0.1152,-1e-06,-0.02,-0.0,2014-01-01,-2384172.0,20000000.0,556.0,502.0,0.2214,-0.0231,0.3105,-0.000209,-0.15,-0.47,423547.0,20000000.0,314.0,215.0,1.3566,0.0041,0.1004,6e-06,0.01,0.11,LOW_SHARPE,FAIL,1.58,-0.02,LOW_FITNESS,FAIL,1.0,-0.0,LOW_TURNOVER,PASS,0.01,1.3566,HIGH_TURNOVER,FAIL,0.7,1.3566,CONCENTRATED_WEIGHT,PASS,LOW_SUB_UNIVERSE_SHARPE,PASS,-0.01,0.05,SELF_CORRELATION,PENDING,DATA_DIVERSITY,PENDING,PROD_CORRELATION,PENDING,REGULAR_SUBMISSION,PENDING,LOW_2Y_SHARPE,FAIL,-0.24,1.58,MATCHES_COMPETITION,PENDING,AIACv2,AI Alphas Competition 2.0,PASS,MATCHES_PYRAMID,1,1.5,EUR/D1/NEWS,1.5,WARNING,MATCHES_THEMES,EDrKL34,2.0,JPN Dataset Utilization Theme,M4ZYx3D,2.0,AMR Dataset Utilization Theme,9B3qxZ4,2.0,KOR Dataset Utilization Theme,PBVkEJD,2.0,TWN Dataset Utilization Theme,by88rqy,2.0,HKG Dataset Utilization Theme,V45896D,1.0,GLB/D1 TOPDIV3000 Power Pool Feb`26,,,,,,,,,,,,,
le62pGdN,REGULAR,PS40111,EQUITY,EUR,TOP2500,1,0,INDUSTRY,0.08,ON,VERIFY,OFF,OFF,FASTEXPR,False,2014-01-01,2023-12-31,"zscore(group_neutralize(vec_avg(nws17_comp_d1_acb), bucket(vec_avg(nws17_multiple_comp_d1_relevance), range=""0, 1, 0.1"")))",,5,2026-02-05T13:31:42-05:00,,2026-02-05T13:31:43-05:00,,False,False,,,ace_tag,llm_test,confidence_0.59,DATA_USAGE:SINGLE_DATA_SET,Single Data Set Alpha,,IS,UNSUBMITTED,782577,20000000,105,332,1.7113,0.0076,0.1643,9e-06,0.13,0.01,2014-01-01,-82269.0,20000000.0,327.0,767.0,0.2512,-0.0008,0.2673,-6e-06,-0.0,-0.01,-1046679.0,20000000.0,105.0,332.0,1.7113,-0.0101,0.1875,-1.2e-05,-0.01,-0.19,LOW_SHARPE,FAIL,1.58,0.13,LOW_FITNESS,FAIL,1.0,0.01,LOW_TURNOVER,PASS,0.01,1.7113,HIGH_TURNOVER,FAIL,0.7,1.7113,CONCENTRATED_WEIGHT,PASS,LOW_SUB_UNIVERSE_SHARPE,PASS,0.07,0.3,SELF_CORRELATION,PENDING,DATA_DIVERSITY,PENDING,PROD_CORRELATION,PENDING,REGULAR_SUBMISSION,PENDING,LOW_2Y_SHARPE,FAIL,-0.9,1.58,MATCHES_COMPETITION,PENDING,AIACv2,AI Alphas Competition 2.0,PASS,MATCHES_PYRAMID,1,1.5,EUR/D1/NEWS,1.5,WARNING,MATCHES_THEMES,EDrKL34,2.0,JPN Dataset Utilization Theme,M4ZYx3D,2.0,AMR Dataset Utilization Theme,9B3qxZ4,2.0,KOR Dataset Utilization Theme,PBVkEJD,2.0,TWN Dataset Utilization Theme,by88rqy,2.0,HKG Dataset Utilization Theme,V45896D,1.0,GLB/D1 TOPDIV3000 Power Pool Feb`26,,,,,,,,,,,,,
P0r6QbGW,REGULAR,PS40111,EQUITY,EUR,TOP2500,1,0,INDUSTRY,0.08,ON,VERIFY,OFF,OFF,FASTEXPR,False,2014-01-01,2023-12-31,"zscore(group_neutralize(vec_avg(nws17_comp_d1_ssc), bucket(vec_avg(nws17_multiple_comp_d1_relevance), range=""0, 1, 0.1"")))",,5,2026-02-05T13:33:11-05:00,,2026-02-05T13:33:11-05:00,,False,False,,,ace_tag,llm_test,confidence_0.51,DATA_USAGE:SINGLE_DATA_SET,Single Data Set Alpha,,IS,UNSUBMITTED,817777,20000000,233,292,1.6274,0.0079,0.0787,1e-05,0.17,0.01,2014-01-01,969188.0,20000000.0,529.0,537.0,0.2555,0.0094,0.1537,7.4e-05,0.03,0.18,-82257.0,20000000.0,233.0,292.0,1.6274,-0.0008,0.0775,-1e-06,-0.0,-0.02,LOW_SHARPE,FAIL,1.58,0.17,LOW_FITNESS,FAIL,1.0,0.01,LOW_TURNOVER,PASS,0.01,1.6274,HIGH_TURNOVER,FAIL,0.7,1.6274,CONCENTRATED_WEIGHT,PASS,LOW_SUB_UNIVERSE_SHARPE,PASS,0.09,0.5,SELF_CORRELATION,PENDING,DATA_DIVERSITY,PENDING,PROD_CORRELATION,PENDING,REGULAR_SUBMISSION,PENDING,LOW_2Y_SHARPE,FAIL,0.17,1.58,MATCHES_COMPETITION,PENDING,AIACv2,AI Alphas Competition 2.0,PASS,MATCHES_PYRAMID,1,1.5,EUR/D1/NEWS,1.5,WARNING,MATCHES_THEMES,EDrKL34,2.0,JPN Dataset Utilization Theme,M4ZYx3D,2.0,AMR Dataset Utilization Theme,9B3qxZ4,2.0,KOR Dataset Utilization Theme,PBVkEJD,2.0,TWN Dataset Utilization Theme,by88rqy,2.0,HKG Dataset Utilization Theme,V45896D,1.0,GLB/D1 TOPDIV3000 Power Pool Feb`26,,,,,,,,,,,,,
bl2MGeQm,REGULAR,PS40111,EQUITY,EUR,TOP2500,1,0,INDUSTRY,0.08,ON,VERIFY,OFF,OFF,FASTEXPR,False,2014-01-01,2023-12-31,"zscore(multiply(vec_avg(nws17_comp_d1_acb), vec_sum(nws17_comp_d1_acb)))",,4,2026-02-05T13:35:03-05:00,,2026-02-05T13:35:04-05:00,,False,False,,,ace_tag,llm_test,confidence_0.57,DATA_USAGE:SINGLE_DATA_SET,Single Data Set Alpha,,IS,UNSUBMITTED,-1742299,20000000,72,348,1.6084,-0.0169,0.2712,-2.1e-05,-0.22,-0.02,2014-01-01,2039379.0,20000000.0,324.0,787.0,0.2508,0.0198,0.191,0.000158,0.07,0.25,-1423398.0,20000000.0,72.0,348.0,1.6084,-0.0138,0.2958,-1.7e-05,-0.02,-0.21,LOW_SHARPE,FAIL,1.58,-0.22,LOW_FITNESS,FAIL,1.0,-0.02,LOW_TURNOVER,PASS,0.01,1.6084,HIGH_TURNOVER,FAIL,0.7,1.6084,CONCENTRATED_WEIGHT,FAIL,LOW_SUB_UNIVERSE_SHARPE,PASS,-0.11,0.04,SELF_CORRELATION,PENDING,DATA_DIVERSITY,PENDING,PROD_CORRELATION,PENDING,REGULAR_SUBMISSION,PENDING,LOW_2Y_SHARPE,FAIL,-0.49,1.58,MATCHES_COMPETITION,PENDING,AIACv2,AI Alphas Competition 2.0,PASS,MATCHES_PYRAMID,1,1.5,EUR/D1/NEWS,1.5,WARNING,MATCHES_THEMES,EDrKL34,2.0,JPN Dataset Utilization Theme,M4ZYx3D,2.0,AMR Dataset Utilization Theme,9B3qxZ4,2.0,KOR Dataset Utilization Theme,PBVkEJD,2.0,TWN Dataset Utilization Theme,by88rqy,2.0,HKG Dataset Utilization Theme,V45896D,1.0,GLB/D1 TOPDIV3000 Power Pool Feb`26,,,,,,,,,,,2017-08-11,0.1,0.204633
1YVLkRJk,REGULAR,PS40111,EQUITY,EUR,TOP2500,1,0,INDUSTRY,0.08,ON,VERIFY,OFF,OFF,FASTEXPR,False,2014-01-01,2023-12-31,"zscore(multiply(vec_avg(nws17_comp_d1_ssc), vec_sum(nws17_comp_d1_ssc)))",,4,2026-02-05T13:33:08-05:00,,2026-02-05T13:33:09-05:00,,False,False,,,ace_tag,llm_test,confidence_0.48,DATA_USAGE:SINGLE_DATA_SET,Single Data Set Alpha,,IS,UNSUBMITTED,931354,20000000,145,381,1.3807,0.009,0.2313,1.3e-05,0.13,0.01,2014-01-01,5620049.0,20000000.0,401.0,688.0,0.2441,0.0545,0.1281,0.000446,0.33,0.7,155902.0,20000000.0,145.0,381.0,1.3807,0.0015,0.2928,2e-06,0.0,0.03,LOW_SHARPE,FAIL,1.58,0.13,LOW_FITNESS,FAIL,1.0,0.01,LOW_TURNOVER,PASS,0.01,1.3807,HIGH_TURNOVER,FAIL,0.7,1.3807,CONCENTRATED_WEIGHT,FAIL,LOW_SUB_UNIVERSE_SHARPE,PASS,0.07,0.22,SELF_CORRELATION,PENDING,DATA_DIVERSITY,PENDING,PROD_CORRELATION,PENDING,REGULAR_SUBMISSION,PENDING,LOW_2Y_SHARPE,FAIL,0.47,1.58,MATCHES_COMPETITION,PENDING,AIACv2,AI Alphas Competition 2.0,PASS,MATCHES_PYRAMID,1,1.5,EUR/D1/NEWS,1.5,WARNING,MATCHES_THEMES,EDrKL34,2.0,JPN Dataset Utilization Theme,M4ZYx3D,2.0,AMR Dataset Utilization Theme,9B3qxZ4,2.0,KOR Dataset Utilization Theme,PBVkEJD,2.0,TWN Dataset Utilization Theme,by88rqy,2.0,HKG Dataset Utilization Theme,V45896D,1.0,GLB/D1 TOPDIV3000 Power Pool Feb`26,,,,,,,,,,,2021-07-09,0.1,0.122043
9qPKZmpq,REGULAR,PS40111,EQUITY,EUR,TOP2500,1,0,INDUSTRY,0.08,ON,VERIFY,OFF,OFF,FASTEXPR,False,2014-01-01,2023-12-31,normalize(vec_avg(nws17_comp_d1_acb)),,2,2026-02-05T13:32:11-05:00,,2026-02-05T13:32:11-05:00,,False,False,,,ace_tag,llm_test,confidence_0.55,DATA_USAGE:SINGLE_DATA_SET,Single Data Set Alpha,,IS,UNSUBMITTED,720958,20000000,98,321,1.713,0.007,0.1632,8e-06,0.12,0.01,2014-01-01,94274.0,20000000.0,324.0,769.0,0.2504,0.0009,0.2666,7e-06,0.0,0.01,-1112183.0,20000000.0,98.0,321.0,1.713,-0.0108,0.1864,-1.3e-05,-0.02,-0.2,LOW_SHARPE,FAIL,1.58,0.12,LOW_FITNESS,FAIL,1.0,0.01,LOW_TURNOVER,PASS,0.01,1.713,HIGH_TURNOVER,FAIL,0.7,1.713,CONCENTRATED_WEIGHT,PASS,LOW_SUB_UNIVERSE_SHARPE,PASS,0.06,0.3,SELF_CORRELATION,PENDING,DATA_DIVERSITY,PENDING,PROD_CORRELATION,PENDING,REGULAR_SUBMISSION,PENDING,LOW_2Y_SHARPE,FAIL,-0.88,1.58,MATCHES_COMPETITION,PENDING,AIACv2,AI Alphas Competition 2.0,PASS,MATCHES_PYRAMID,1,1.5,EUR/D1/NEWS,1.5,WARNING,MATCHES_THEMES,EDrKL34,2.0,JPN Dataset Utilization Theme,M4ZYx3D,2.0,AMR Dataset Utilization Theme,9B3qxZ4,2.0,KOR Dataset Utilization Theme,PBVkEJD,2.0,TWN Dataset Utilization Theme,by88rqy,2.0,HKG Dataset Utilization Theme,V45896D,1.0,GLB/D1 TOPDIV3000 Power Pool Feb`26,,,,,,,,,,,,,
omwv8X96,REGULAR,PS40111,EQUITY,EUR,TOP2500,1,0,INDUSTRY,0.08,ON,VERIFY,OFF,OFF,FASTEXPR,False,2014-01-01,2023-12-31,normalize(vec_avg(nws17_comp_d1_ssc)),,2,2026-02-05T13:33:07-05:00,,2026-02-05T13:33:07-05:00,,False,False,,,ace_tag,llm_test,confidence_0.47,DATA_USAGE:SINGLE_DATA_SET,Single Data Set Alpha,,IS,UNSUBMITTED,707538,20000000,233,292,1.6257,0.0069,0.0745,8e-06,0.15,0.01,2014-01-01,840693.0,20000000.0,532.0,534.0,0.2552,0.0081,0.1606,6.4e-05,0.03,0.16,-192983.0,20000000.0,233.0,292.0,1.6257,-0.0019,0.0823,-2e-06,-0.0,-0.05,LOW_SHARPE,FAIL,1.58,0.15,LOW_FITNESS,FAIL,1.0,0.01,LOW_TURNOVER,PASS,0.01,1.6257,HIGH_TURNOVER,FAIL,0.7,1.6257,CONCENTRATED_WEIGHT,PASS,LOW_SUB_UNIVERSE_SHARPE,PASS,0.08,0.45,SELF_CORRELATION,PENDING,DATA_DIVERSITY,PENDING,PROD_CORRELATION,PENDING,REGULAR_SUBMISSION,PENDING,LOW_2Y_SHARPE,FAIL,0.18,1.58,MATCHES_COMPETITION,PENDING,AIACv2,AI Alphas Competition 2.0,PASS,MATCHES_PYRAMID,1,1.5,EUR/D1/NEWS,1.5,WARNING,MATCHES_THEMES,EDrKL34,2.0,JPN Dataset Utilization Theme,M4ZYx3D,2.0,AMR Dataset Utilization Theme,9B3qxZ4,2.0,KOR Dataset Utilization Theme,PBVkEJD,2.0,TWN Dataset Utilization Theme,by88rqy,2.0,HKG Dataset Utilization Theme,V45896D,1.0,GLB/D1 TOPDIV3000 Power Pool Feb`26,,,,,,,,,,,,,
P0r6QYkW,REGULAR,PS40111,EQUITY,EUR,TOP2500,1,0,INDUSTRY,0.08,ON,VERIFY,OFF,OFF,FASTEXPR,False,2014-01-01,2023-12-31,"zscore(multiply(vec_avg(nws17_comp_d1_acb), if_else(greater(ts_quantile(vec_avg(nws17_multiple_comp_d1_relevance), 5), 0.9), vec_avg(nws17_multiple_comp_d1_relevance), 0)))",,8,2026-02-05T13:31:40-05:00,,2026-02-05T13:31:41-05:00,,False,False,,,ace_tag,llm_test,confidence_0.62,DATA_USAGE:SINGLE_DATA_SET,Single Data Set Alpha,,IS,UNSUBMITTED,0,0,0,0,0.0,0.0,0.0,0.0,0.0,,2014-01-01,,,,,,,,,,,,,,,,,,,,,LOW_SHARPE,FAIL,1.58,0.0,LOW_FITNESS,ERROR,1.0,,LOW_TURNOVER,FAIL,0.01,0.0,HIGH_TURNOVER,PASS,0.7,0.0,CONCENTRATED_WEIGHT,FAIL,LOW_SUB_UNIVERSE_SHARPE,ERROR,,,SELF_CORRELATION,PENDING,DATA_DIVERSITY,PENDING,PROD_CORRELATION,PENDING,REGULAR_SUBMISSION,PENDING,IS_LADDER_SHARPE,PENDING,,,MATCHES_COMPETITION,PENDING,AIACv2,AI Alphas Competition 2.0,PASS,MATCHES_PYRAMID,1,1.5,EUR/D1/NEWS,1.5,WARNING,MATCHES_THEMES,EDrKL34,2.0,JPN Dataset Utilization Theme,M4ZYx3D,2.0,AMR Dataset Utilization Theme,9B3qxZ4,2.0,KOR Dataset Utilization Theme,PBVkEJD,2.0,TWN Dataset Utilization Theme,by88rqy,2.0,HKG Dataset Utilization Theme,V45896D,1.0,GLB/D1 TOPDIV3000 Power Pool Feb`26,,,,,,,,,,,,,
ZYwxPd8Q,REGULAR,PS40111,EQUITY,EUR,TOP2500,1,0,INDUSTRY,0.08,ON,VERIFY,OFF,OFF,FASTEXPR,False,2014-01-01,2023-12-31,"zscore(multiply(vec_avg(nws17_comp_d1_ssc), if_else(greater(ts_quantile(vec_avg(nws17_multiple_comp_d1_relevance), 5), 0.9), vec_avg(nws17_multiple_comp_d1_relevance), 0)))",,8,2026-02-05T13:31:40-05:00,,2026-02-05T13:31:40-05:00,,False,False,,,ace_tag,llm_test,confidence_0.54,DATA_USAGE:SINGLE_DATA_SET,Single Data Set Alpha,,IS,UNSUBMITTED,0,0,0,0,0.0,0.0,0.0,0.0,0.0,,2014-01-01,,,,,,,,,,,,,,,,,,,,,LOW_SHARPE,FAIL,1.58,0.0,LOW_FITNESS,ERROR,1.0,,LOW_TURNOVER,FAIL,0.01,0.0,HIGH_TURNOVER,PASS,0.7,0.0,CONCENTRATED_WEIGHT,FAIL,LOW_SUB_UNIVERSE_SHARPE,ERROR,,,SELF_CORRELATION,PENDING,DATA_DIVERSITY,PENDING,PROD_CORRELATION,PENDING,REGULAR_SUBMISSION,PENDING,IS_LADDER_SHARPE,PENDING,,,MATCHES_COMPETITION,PENDING,AIACv2,AI Alphas Competition 2.0,PASS,MATCHES_PYRAMID,1,1.5,EUR/D1/NEWS,1.5,WARNING,MATCHES_THEMES,EDrKL34,2.0,JPN Dataset Utilization Theme,M4ZYx3D,2.0,AMR Dataset Utilization Theme,9B3qxZ4,2.0,KOR Dataset Utilization Theme,PBVkEJD,2.0,TWN Dataset Utilization Theme,by88rqy,2.0,HKG Dataset Utilization Theme,V45896D,1.0,GLB/D1 TOPDIV3000 Power Pool Feb`26,,,,,,,,,,,,,
VkwEVgKb,REGULAR,PS40111,EQUITY,EUR,TOP2500,1,0,INDUSTRY,0.08,ON,VERIFY,OFF,OFF,FASTEXPR,False,2014-01-01,2023-12-31,"zscore(group_neutralize(ts_returns(vec_avg(nws17_comp_d1_acb), 5), bucket(vec_avg(nws17_multiple_comp_d1_relevance), range=""0, 1, 0.1"")))",,6,2026-02-05T13:37:32-05:00,,2026-02-05T13:37:33-05:00,,False,False,,,ace_tag,llm_test,confidence_0.6,DATA_USAGE:SINGLE_DATA_SET,Single Data Set Alpha,,IS,UNSUBMITTED,629758,20000000,20,27,1.6676,0.0061,0.3189,7e-06,0.06,0.0,2014-01-01,-2176856.0,20000000.0,90.0,137.0,0.3214,-0.0211,0.4273,-0.000131,-0.04,-0.16,1419474.0,20000000.0,20.0,27.0,1.6676,0.0138,0.2416,1.6e-05,0.01,0.15,LOW_SHARPE,FAIL,1.58,0.06,LOW_FITNESS,FAIL,1.0,0.0,LOW_TURNOVER,PASS,0.01,1.6676,HIGH_TURNOVER,FAIL,0.7,1.6676,CONCENTRATED_WEIGHT,FAIL,LOW_SUB_UNIVERSE_SHARPE,PASS,0.03,0.4,SELF_CORRELATION,PENDING,DATA_DIVERSITY,PENDING,PROD_CORRELATION,PENDING,REGULAR_SUBMISSION,PENDING,LOW_2Y_SHARPE,FAIL,-1.28,1.58,MATCHES_COMPETITION,PENDING,AIACv2,AI Alphas Competition 2.0,PASS,MATCHES_PYRAMID,1,1.5,EUR/D1/NEWS,1.5,WARNING,MATCHES_THEMES,EDrKL34,2.0,JPN Dataset Utilization Theme,M4ZYx3D,2.0,AMR Dataset Utilization Theme,9B3qxZ4,2.0,KOR Dataset Utilization Theme,PBVkEJD,2.0,TWN Dataset Utilization Theme,by88rqy,2.0,HKG Dataset Utilization Theme,V45896D,1.0,GLB/D1 TOPDIV3000 Power Pool Feb`26,,,,,,,,,,,2022-01-03,0.1,0.5
6XP177rJ,REGULAR,PS40111,EQUITY,EUR,TOP2500,1,0,INDUSTRY,0.08,ON,VERIFY,OFF,OFF,FASTEXPR,False,2014-01-01,2023-12-31,"zscore(group_neutralize(ts_returns(vec_avg(nws17_comp_d1_ssc), 5), bucket(vec_avg(nws17_multiple_comp_d1_relevance), range=""0, 1, 0.1"")))",,6,2026-02-05T13:36:33-05:00,,2026-02-05T13:36:34-05:00,,False,False,,,ace_tag,llm_test,confidence_0.52,DATA_USAGE:SINGLE_DATA_SET,Single Data Set Alpha,,IS,UNSUBMITTED,869252,20000000,85,103,1.7796,0.0084,0.3691,9e-06,0.08,0.01,2014-01-01,-28251.0,20000000.0,232.0,279.0,0.308,-0.0003,0.4136,-2e-06,-0.0,-0.0,853152.0,20000000.0,85.0,103.0,1.7796,0.0083,0.3077,9e-06,0.01,0.08,LOW_SHARPE,FAIL,1.58,0.08,LOW_FITNESS,FAIL,1.0,0.01,LOW_TURNOVER,PASS,0.01,1.7796,HIGH_TURNOVER,FAIL,0.7,1.7796,CONCENTRATED_WEIGHT,FAIL,LOW_SUB_UNIVERSE_SHARPE,FAIL,0.04,-0.0,SELF_CORRELATION,PENDING,DATA_DIVERSITY,PENDING,PROD_CORRELATION,PENDING,REGULAR_SUBMISSION,PENDING,LOW_2Y_SHARPE,FAIL,0.05,1.58,MATCHES_COMPETITION,PENDING,AIACv2,AI Alphas Competition 2.0,PASS,MATCHES_PYRAMID,1,1.5,EUR/D1/NEWS,1.5,WARNING,MATCHES_THEMES,EDrKL34,2.0,JPN Dataset Utilization Theme,M4ZYx3D,2.0,AMR Dataset Utilization Theme,9B3qxZ4,2.0,KOR Dataset Utilization Theme,PBVkEJD,2.0,TWN Dataset Utilization Theme,by88rqy,2.0,HKG Dataset Utilization Theme,V45896D,1.0,GLB/D1 TOPDIV3000 Power Pool Feb`26,,,,,,,,,,,2018-01-02,0.1,0.5
Gr06Pp8O,REGULAR,PS40111,EQUITY,EUR,TOP2500,1,0,INDUSTRY,0.08,ON,VERIFY,OFF,OFF,FASTEXPR,False,2014-01-01,2023-12-31,"group_zscore(vec_avg(nws17_comp_d1_acb), bucket(vec_avg(nws17_multiple_comp_d1_relevance), range=""0, 1, 0.1""))",,4,2026-02-05T13:37:34-05:00,,2026-02-05T13:37:35-05:00,,False,False,,,ace_tag,llm_test,confidence_0.58,DATA_USAGE:SINGLE_DATA_SET,Single Data Set Alpha,,IS,UNSUBMITTED,863024,20000000,100,316,1.7147,0.0084,0.1586,1e-05,0.14,0.01,2014-01-01,319806.0,20000000.0,320.0,764.0,0.2501,0.0031,0.2693,2.5e-05,0.0,0.04,-1017865.0,20000000.0,100.0,316.0,1.7147,-0.0099,0.1833,-1.2e-05,-0.01,-0.18,LOW_SHARPE,FAIL,1.58,0.14,LOW_FITNESS,FAIL,1.0,0.01,LOW_TURNOVER,PASS,0.01,1.7147,HIGH_TURNOVER,FAIL,0.7,1.7147,CONCENTRATED_WEIGHT,PASS,LOW_SUB_UNIVERSE_SHARPE,PASS,0.07,0.3,SELF_CORRELATION,PENDING,DATA_DIVERSITY,PENDING,PROD_CORRELATION,PENDING,REGULAR_SUBMISSION,PENDING,LOW_2Y_SHARPE,FAIL,-0.84,1.58,MATCHES_COMPETITION,PENDING,AIACv2,AI Alphas Competition 2.0,PASS,MATCHES_PYRAMID,1,1.5,EUR/D1/NEWS,1.5,WARNING,MATCHES_THEMES,EDrKL34,2.0,JPN Dataset Utilization Theme,M4ZYx3D,2.0,AMR Dataset Utilization Theme,9B3qxZ4,2.0,KOR Dataset Utilization Theme,PBVkEJD,2.0,TWN Dataset Utilization Theme,by88rqy,2.0,HKG Dataset Utilization Theme,V45896D,1.0,GLB/D1 TOPDIV3000 Power Pool Feb`26,,,,,,,,,,,,,
3qYxwZxZ,REGULAR,PS40111,EQUITY,EUR,TOP2500,1,0,INDUSTRY,0.08,ON,VERIFY,OFF,OFF,FASTEXPR,False,2014-01-01,2023-12-31,"group_zscore(vec_avg(nws17_comp_d1_ssc), bucket(vec_avg(nws17_multiple_comp_d1_relevance), range=""0, 1, 0.1""))",,4,2026-02-05T13:37:33-05:00,,2026-02-05T13:37:34-05:00,,False,False,,,ace_tag,llm_test,confidence_0.5,DATA_USAGE:SINGLE_DATA_SET,Single Data Set Alpha,,IS,UNSUBMITTED,926686,20000000,233,291,1.6278,0.009,0.0757,1.1e-05,0.2,0.01,2014-01-01,875848.0,20000000.0,526.0,536.0,0.2553,0.0085,0.1672,6.6e-05,0.03,0.16,-11779.0,20000000.0,233.0,291.0,1.6278,-0.0001,0.0679,-0.0,-0.0,-0.0,LOW_SHARPE,FAIL,1.58,0.2,LOW_FITNESS,FAIL,1.0,0.01,LOW_TURNOVER,PASS,0.01,1.6278,HIGH_TURNOVER,FAIL,0.7,1.6278,CONCENTRATED_WEIGHT,PASS,LOW_SUB_UNIVERSE_SHARPE,PASS,0.1,0.52,SELF_CORRELATION,PENDING,DATA_DIVERSITY,PENDING,PROD_CORRELATION,PENDING,REGULAR_SUBMISSION,PENDING,LOW_2Y_SHARPE,FAIL,0.23,1.58,MATCHES_COMPETITION,PENDING,AIACv2,AI Alphas Competition 2.0,PASS,MATCHES_PYRAMID,1,1.5,EUR/D1/NEWS,1.5,WARNING,MATCHES_THEMES,EDrKL34,2.0,JPN Dataset Utilization Theme,M4ZYx3D,2.0,AMR Dataset Utilization Theme,9B3qxZ4,2.0,KOR Dataset Utilization Theme,PBVkEJD,2.0,TWN Dataset Utilization Theme,by88rqy,2.0,HKG Dataset Utilization Theme,V45896D,1.0,GLB/D1 TOPDIV3000 Power Pool Feb`26,,,,,,,,,,,,,
WjwdM6Xd,REGULAR,PS40111,EQUITY,EUR,TOP2500,1,0,INDUSTRY,0.08,ON,VERIFY,OFF,OFF,FASTEXPR,False,2014-01-01,2023-12-31,"zscore(reverse(ts_returns(vec_avg(nws17_comp_d1_acb), 3)))",,4,2026-02-05T13:37:34-05:00,,2026-02-05T13:37:34-05:00,,False,False,,,ace_tag,llm_test,confidence_0.45,DATA_USAGE:SINGLE_DATA_SET,Single Data Set Alpha,,IS,UNSUBMITTED,-1949150,20000000,26,19,1.6672,-0.0189,0.3871,-2.3e-05,-0.18,-0.02,2014-01-01,-7272384.0,20000000.0,128.0,99.0,0.2976,-0.0705,0.8043,-0.000474,-0.32,-0.65,-3448278.0,20000000.0,26.0,19.0,1.6672,-0.0334,0.3962,-4e-05,-0.05,-0.37,LOW_SHARPE,FAIL,1.58,-0.18,LOW_FITNESS,FAIL,1.0,-0.02,LOW_TURNOVER,PASS,0.01,1.6672,HIGH_TURNOVER,FAIL,0.7,1.6672,CONCENTRATED_WEIGHT,FAIL,LOW_SUB_UNIVERSE_SHARPE,FAIL,-0.09,-0.33,SELF_CORRELATION,PENDING,DATA_DIVERSITY,PENDING,PROD_CORRELATION,PENDING,REGULAR_SUBMISSION,PENDING,LOW_2Y_SHARPE,FAIL,-0.2,1.58,MATCHES_COMPETITION,PENDING,AIACv2,AI Alphas Competition 2.0,PASS,MATCHES_PYRAMID,1,1.5,EUR/D1/NEWS,1.5,WARNING,MATCHES_THEMES,EDrKL34,2.0,JPN Dataset Utilization Theme,M4ZYx3D,2.0,AMR Dataset Utilization Theme,9B3qxZ4,2.0,KOR Dataset Utilization Theme,PBVkEJD,2.0,TWN Dataset Utilization Theme,by88rqy,2.0,HKG Dataset Utilization Theme,V45896D,1.0,GLB/D1 TOPDIV3000 Power Pool Feb`26,,,,,,,,,,,2015-12-31,0.1,0.5
bl2MXXAR,REGULAR,PS40111,EQUITY,EUR,TOP2500,1,0,INDUSTRY,0.08,ON,VERIFY,OFF,OFF,FASTEXPR,False,2014-01-01,2023-12-31,"zscore(reverse(ts_returns(vec_avg(nws17_comp_d1_ssc), 3)))",,4,2026-02-05T13:36:39-05:00,,2026-02-05T13:36:40-05:00,,False,False,,,ace_tag,llm_test,confidence_0.4,DATA_USAGE:SINGLE_DATA_SET,Single Data Set Alpha,,IS,UNSUBMITTED,2787650,20000000,101,84,1.7862,0.027,0.4733,3e-05,0.23,0.03,2014-01-01,8583198.0,20000000.0,265.0,247.0,0.3058,0.0832,0.2197,0.000544,0.37,0.71,1683328.0,20000000.0,101.0,84.0,1.7862,0.0163,0.4687,1.8e-05,0.01,0.15,LOW_SHARPE,FAIL,1.58,0.23,LOW_FITNESS,FAIL,1.0,0.03,LOW_TURNOVER,PASS,0.01,1.7862,HIGH_TURNOVER,FAIL,0.7,1.7862,CONCENTRATED_WEIGHT,FAIL,LOW_SUB_UNIVERSE_SHARPE,PASS,0.12,0.43,SELF_CORRELATION,PENDING,DATA_DIVERSITY,PENDING,PROD_CORRELATION,PENDING,REGULAR_SUBMISSION,PENDING,LOW_2Y_SHARPE,FAIL,0.52,1.58,MATCHES_COMPETITION,PENDING,AIACv2,AI Alphas Competition 2.0,PASS,MATCHES_PYRAMID,1,1.5,EUR/D1/NEWS,1.5,WARNING,MATCHES_THEMES,EDrKL34,2.0,JPN Dataset Utilization Theme,M4ZYx3D,2.0,AMR Dataset Utilization Theme,9B3qxZ4,2.0,KOR Dataset Utilization Theme,PBVkEJD,2.0,TWN Dataset Utilization Theme,by88rqy,2.0,HKG Dataset Utilization Theme,V45896D,1.0,GLB/D1 TOPDIV3000 Power Pool Feb`26,,,,,,,,,,,2023-04-12,0.1,0.5
88krbo5q,REGULAR,PS40111,EQUITY,EUR,TOP2500,1,0,INDUSTRY,0.08,ON,VERIFY,OFF,OFF,FASTEXPR,False,2014-01-01,2023-12-31,"zscore(subtract(ts_returns(vec_avg(nws17_comp_d1_acb), 5), ts_returns(vec_avg(nws17_comp_d1_ssc), 5)))",,6,2026-02-05T13:36:45-05:00,,2026-02-05T13:36:45-05:00,,False,False,,,ace_tag,llm_test,confidence_0.62,DATA_USAGE:SINGLE_DATA_SET,Single Data Set Alpha,,IS,UNSUBMITTED,3907276,20000000,25,25,1.7688,0.0379,0.2504,4.3e-05,0.31,0.05,2014-01-01,-1602857.0,20000000.0,117.0,108.0,0.3664,-0.0155,0.5162,-8.5e-05,-0.02,-0.11,2845077.0,20000000.0,25.0,25.0,1.7688,0.0276,0.3743,3.1e-05,0.03,0.27,LOW_SHARPE,FAIL,1.58,0.31,LOW_FITNESS,FAIL,1.0,0.05,LOW_TURNOVER,PASS,0.01,1.7688,HIGH_TURNOVER,FAIL,0.7,1.7688,CONCENTRATED_WEIGHT,FAIL,LOW_SUB_UNIVERSE_SHARPE,FAIL,0.16,0.12,SELF_CORRELATION,PENDING,DATA_DIVERSITY,PENDING,PROD_CORRELATION,PENDING,REGULAR_SUBMISSION,PENDING,LOW_2Y_SHARPE,FAIL,-0.32,1.58,MATCHES_COMPETITION,PENDING,AIACv2,AI Alphas Competition 2.0,PASS,MATCHES_PYRAMID,1,1.5,EUR/D1/NEWS,1.5,WARNING,MATCHES_THEMES,EDrKL34,2.0,JPN Dataset Utilization Theme,M4ZYx3D,2.0,AMR Dataset Utilization Theme,9B3qxZ4,2.0,KOR Dataset Utilization Theme,PBVkEJD,2.0,TWN Dataset Utilization Theme,by88rqy,2.0,HKG Dataset Utilization Theme,V45896D,1.0,GLB/D1 TOPDIV3000 Power Pool Feb`26,,,,,,,,,,,2023-06-14,0.1,0.5
RRZYM3M0,REGULAR,PS40111,EQUITY,EUR,TOP2500,1,0,INDUSTRY,0.08,ON,VERIFY,OFF,OFF,FASTEXPR,False,2014-01-01,2023-12-31,"zscore(multiply(vec_avg(nws17_comp_d1_acb), sqrt(vec_avg(nws17_multiple_comp_d1_relevance))))",,5,2026-02-05T13:36:45-05:00,,2026-02-05T13:36:46-05:00,,False,False,,,ace_tag,llm_test,confidence_0.57,DATA_USAGE:SINGLE_DATA_SET,Single Data Set Alpha,,IS,UNSUBMITTED,1559075,20000000,97,323,1.742,0.0151,0.2292,1.7e-05,0.2,0.02,2014-01-01,-384512.0,20000000.0,294.0,832.0,0.2433,-0.0037,0.34,-3.1e-05,-0.0,-0.04,420893.0,20000000.0,97.0,323.0,1.742,0.0041,0.2256,5e-06,0.0,0.06,LOW_SHARPE,FAIL,1.58,0.2,LOW_FITNESS,FAIL,1.0,0.02,LOW_TURNOVER,PASS,0.01,1.742,HIGH_TURNOVER,FAIL,0.7,1.742,CONCENTRATED_WEIGHT,FAIL,LOW_SUB_UNIVERSE_SHARPE,PASS,0.1,0.43,SELF_CORRELATION,PENDING,DATA_DIVERSITY,PENDING,PROD_CORRELATION,PENDING,REGULAR_SUBMISSION,PENDING,LOW_2Y_SHARPE,FAIL,-1.03,1.58,MATCHES_COMPETITION,PENDING,AIACv2,AI Alphas Competition 2.0,PASS,MATCHES_PYRAMID,1,1.5,EUR/D1/NEWS,1.5,WARNING,MATCHES_THEMES,EDrKL34,2.0,JPN Dataset Utilization Theme,M4ZYx3D,2.0,AMR Dataset Utilization Theme,9B3qxZ4,2.0,KOR Dataset Utilization Theme,PBVkEJD,2.0,TWN Dataset Utilization Theme,by88rqy,2.0,HKG Dataset Utilization Theme,V45896D,1.0,GLB/D1 TOPDIV3000 Power Pool Feb`26,,,,,,,,,,,2023-01-02,0.1,0.112024
j2lXvNWe,REGULAR,PS40111,EQUITY,EUR,TOP2500,1,0,INDUSTRY,0.08,ON,VERIFY,OFF,OFF,FASTEXPR,False,2014-01-01,2023-12-31,"zscore(multiply(vec_avg(nws17_comp_d1_ssc), sqrt(vec_avg(nws17_multiple_comp_d1_relevance))))",,5,2026-02-05T13:38:56-05:00,,2026-02-05T13:38:57-05:00,,False,False,,,ace_tag,llm_test,confidence_0.49,DATA_USAGE:SINGLE_DATA_SET,Single Data Set Alpha,,IS,UNSUBMITTED,589099,20000000,206,320,1.6696,0.0057,0.1527,7e-06,0.1,0.01,2014-01-01,1074140.0,20000000.0,490.0,592.0,0.2544,0.0104,0.1743,8.2e-05,0.04,0.18,-728725.0,20000000.0,206.0,320.0,1.6696,-0.0071,0.1562,-8e-06,-0.01,-0.15,LOW_SHARPE,FAIL,1.58,0.1,LOW_FITNESS,FAIL,1.0,0.01,LOW_TURNOVER,PASS,0.01,1.6696,HIGH_TURNOVER,FAIL,0.7,1.6696,CONCENTRATED_WEIGHT,PASS,LOW_SUB_UNIVERSE_SHARPE,PASS,0.05,0.18,SELF_CORRELATION,PENDING,DATA_DIVERSITY,PENDING,PROD_CORRELATION,PENDING,REGULAR_SUBMISSION,PENDING,LOW_2Y_SHARPE,FAIL,-0.6,1.58,MATCHES_COMPETITION,PENDING,AIACv2,AI Alphas Competition 2.0,PASS,MATCHES_PYRAMID,1,1.5,EUR/D1/NEWS,1.5,WARNING,MATCHES_THEMES,EDrKL34,2.0,JPN Dataset Utilization Theme,M4ZYx3D,2.0,AMR Dataset Utilization Theme,9B3qxZ4,2.0,KOR Dataset Utilization Theme,PBVkEJD,2.0,TWN Dataset Utilization Theme,by88rqy,2.0,HKG Dataset Utilization Theme,V45896D,1.0,GLB/D1 TOPDIV3000 Power Pool Feb`26,,,,,,,,,,,,,
d58mpeqE,REGULAR,PS40111,EQUITY,EUR,TOP2500,1,0,INDUSTRY,0.08,ON,VERIFY,OFF,OFF,FASTEXPR,False,2014-01-01,2023-12-31,"zscore(ts_decay_linear(vec_avg(nws17_comp_d1_acb), 5))",,3,2026-02-05T13:38:55-05:00,,2026-02-05T13:38:55-05:00,,False,False,,,ace_tag,llm_test,confidence_0.55,DATA_USAGE:SINGLE_DATA_SET,Single Data Set Alpha,,IS,UNSUBMITTED,521699,20000000,131,351,1.4644,0.0051,0.1244,7e-06,0.08,0.0,2014-01-01,697331.0,20000000.0,319.0,786.0,0.2209,0.0068,0.244,6.1e-05,0.02,0.1,-879381.0,20000000.0,131.0,351.0,1.4644,-0.0085,0.1656,-1.2e-05,-0.01,-0.16,LOW_SHARPE,FAIL,1.58,0.08,LOW_FITNESS,FAIL,1.0,0.0,LOW_TURNOVER,PASS,0.01,1.4644,HIGH_TURNOVER,FAIL,0.7,1.4644,CONCENTRATED_WEIGHT,PASS,LOW_SUB_UNIVERSE_SHARPE,PASS,0.04,0.26,SELF_CORRELATION,PENDING,DATA_DIVERSITY,PENDING,PROD_CORRELATION,PENDING,REGULAR_SUBMISSION,PENDING,LOW_2Y_SHARPE,FAIL,-0.48,1.58,MATCHES_COMPETITION,PENDING,AIACv2,AI Alphas Competition 2.0,PASS,MATCHES_PYRAMID,1,1.5,EUR/D1/NEWS,1.5,WARNING,MATCHES_THEMES,EDrKL34,2.0,JPN Dataset Utilization Theme,M4ZYx3D,2.0,AMR Dataset Utilization Theme,9B3qxZ4,2.0,KOR Dataset Utilization Theme,PBVkEJD,2.0,TWN Dataset Utilization Theme,by88rqy,2.0,HKG Dataset Utilization Theme,V45896D,1.0,GLB/D1 TOPDIV3000 Power Pool Feb`26,,,,,,,,,,,,,
rK6LYQmj,REGULAR,PS40111,EQUITY,EUR,TOP2500,1,0,INDUSTRY,0.08,ON,VERIFY,OFF,OFF,FASTEXPR,False,2014-01-01,2023-12-31,"zscore(ts_decay_linear(vec_avg(nws17_comp_d1_ssc), 5))",,3,2026-02-05T13:38:54-05:00,,2026-02-05T13:38:55-05:00,,False,False,,,ace_tag,llm_test,confidence_0.47,DATA_USAGE:SINGLE_DATA_SET,Single Data Set Alpha,,IS,UNSUBMITTED,1685602,20000000,243,286,1.4355,0.0163,0.0809,2.3e-05,0.33,0.04,2014-01-01,1927032.0,20000000.0,530.0,543.0,0.2243,0.0187,0.1442,0.000166,0.1,0.35,1023930.0,20000000.0,243.0,286.0,1.4355,0.0099,0.0782,1.4e-05,0.02,0.25,LOW_SHARPE,FAIL,1.58,0.33,LOW_FITNESS,FAIL,1.0,0.04,LOW_TURNOVER,PASS,0.01,1.4355,HIGH_TURNOVER,FAIL,0.7,1.4355,CONCENTRATED_WEIGHT,PASS,LOW_SUB_UNIVERSE_SHARPE,PASS,0.17,0.68,SELF_CORRELATION,PENDING,DATA_DIVERSITY,PENDING,PROD_CORRELATION,PENDING,REGULAR_SUBMISSION,PENDING,LOW_2Y_SHARPE,FAIL,0.52,1.58,MATCHES_COMPETITION,PENDING,AIACv2,AI Alphas Competition 2.0,PASS,MATCHES_PYRAMID,1,1.5,EUR/D1/NEWS,1.5,WARNING,MATCHES_THEMES,EDrKL34,2.0,JPN Dataset Utilization Theme,M4ZYx3D,2.0,AMR Dataset Utilization Theme,9B3qxZ4,2.0,KOR Dataset Utilization Theme,PBVkEJD,2.0,TWN Dataset Utilization Theme,by88rqy,2.0,HKG Dataset Utilization Theme,V45896D,1.0,GLB/D1 TOPDIV3000 Power Pool Feb`26,,,,,,,,,,,,,
ZYwx6lKn,REGULAR,PS40111,EQUITY,EUR,TOP2500,1,0,INDUSTRY,0.08,ON,VERIFY,OFF,OFF,FASTEXPR,False,2014-01-01,2023-12-31,"zscore(multiply(vec_avg(nws17_comp_d1_acb), vec_max(nws17_comp_d1_acb)))",,4,2026-02-05T13:40:12-05:00,,2026-02-05T13:40:13-05:00,,False,False,,,ace_tag,llm_test,confidence_0.53,DATA_USAGE:SINGLE_DATA_SET,Single Data Set Alpha,,IS,UNSUBMITTED,-1985309,20000000,73,340,1.695,-0.0192,0.2304,-2.3e-05,-0.32,-0.03,2014-01-01,-834032.0,20000000.0,295.0,800.0,0.2467,-0.0081,0.2036,-6.6e-05,-0.02,-0.12,-2611538.0,20000000.0,73.0,340.0,1.695,-0.0253,0.2885,-3e-05,-0.06,-0.48,LOW_SHARPE,FAIL,1.58,-0.32,LOW_FITNESS,FAIL,1.0,-0.03,LOW_TURNOVER,PASS,0.01,1.695,HIGH_TURNOVER,FAIL,0.7,1.695,CONCENTRATED_WEIGHT,FAIL,LOW_SUB_UNIVERSE_SHARPE,PASS,-0.17,0.01,SELF_CORRELATION,PENDING,DATA_DIVERSITY,PENDING,PROD_CORRELATION,PENDING,REGULAR_SUBMISSION,PENDING,LOW_2Y_SHARPE,FAIL,-1.11,1.58,MATCHES_COMPETITION,PENDING,AIACv2,AI Alphas Competition 2.0,PASS,MATCHES_PYRAMID,1,1.5,EUR/D1/NEWS,1.5,WARNING,MATCHES_THEMES,EDrKL34,2.0,JPN Dataset Utilization Theme,M4ZYx3D,2.0,AMR Dataset Utilization Theme,9B3qxZ4,2.0,KOR Dataset Utilization Theme,PBVkEJD,2.0,TWN Dataset Utilization Theme,by88rqy,2.0,HKG Dataset Utilization Theme,V45896D,1.0,GLB/D1 TOPDIV3000 Power Pool Feb`26,,,,,,,,,,,2023-01-02,0.1,0.119943
kqkXdboO,REGULAR,PS40111,EQUITY,EUR,TOP2500,1,0,INDUSTRY,0.08,ON,VERIFY,OFF,OFF,FASTEXPR,False,2014-01-01,2023-12-31,"zscore(multiply(vec_avg(nws17_comp_d1_ssc), vec_max(nws17_comp_d1_ssc)))",,4,2026-02-05T13:39:40-05:00,,2026-02-05T13:39:40-05:00,,False,False,,,ace_tag,llm_test,confidence_0.46,DATA_USAGE:SINGLE_DATA_SET,Single Data Set Alpha,,IS,UNSUBMITTED,222925,20000000,171,354,1.6782,0.0022,0.2396,3e-06,0.03,0.0,2014-01-01,450230.0,20000000.0,438.0,661.0,0.2721,0.0044,0.2103,3.2e-05,0.01,0.06,-653173.0,20000000.0,171.0,354.0,1.6782,-0.0063,0.2327,-8e-06,-0.01,-0.12,LOW_SHARPE,FAIL,1.58,0.03,LOW_FITNESS,FAIL,1.0,0.0,LOW_TURNOVER,PASS,0.01,1.6782,HIGH_TURNOVER,FAIL,0.7,1.6782,CONCENTRATED_WEIGHT,FAIL,LOW_SUB_UNIVERSE_SHARPE,PASS,0.02,0.29,SELF_CORRELATION,PENDING,DATA_DIVERSITY,PENDING,PROD_CORRELATION,PENDING,REGULAR_SUBMISSION,PENDING,LOW_2Y_SHARPE,FAIL,0.94,1.58,MATCHES_COMPETITION,PENDING,AIACv2,AI Alphas Competition 2.0,PASS,MATCHES_PYRAMID,1,1.5,EUR/D1/NEWS,1.5,WARNING,MATCHES_THEMES,EDrKL34,2.0,JPN Dataset Utilization Theme,M4ZYx3D,2.0,AMR Dataset Utilization Theme,9B3qxZ4,2.0,KOR Dataset Utilization Theme,PBVkEJD,2.0,TWN Dataset Utilization Theme,by88rqy,2.0,HKG Dataset Utilization Theme,V45896D,1.0,GLB/D1 TOPDIV3000 Power Pool Feb`26,,,,,,,,,,,2017-02-24,0.1,0.129417
XgwLGw65,REGULAR,PS40111,EQUITY,EUR,TOP2500,1,0,INDUSTRY,0.08,ON,VERIFY,OFF,OFF,FASTEXPR,False,2014-01-01,2023-12-31,"zscore(multiply(sign(vec_avg(nws17_comp_d1_acb)), vec_avg(nws17_multiple_comp_d1_relevance)))",,5,2026-02-05T13:39:13-05:00,,2026-02-05T13:39:13-05:00,,False,False,,,ace_tag,llm_test,confidence_0.48,DATA_USAGE:SINGLE_DATA_SET,Single Data Set Alpha,,IS,UNSUBMITTED,-113466,20000000,95,325,1.5888,-0.0011,0.1988,-1e-06,-0.02,-0.0,2014-01-01,234081.0,20000000.0,310.0,796.0,0.2489,0.0023,0.3344,1.8e-05,0.0,0.03,-337543.0,20000000.0,95.0,325.0,1.5888,-0.0033,0.1994,-4e-06,-0.0,-0.06,LOW_SHARPE,FAIL,1.58,-0.02,LOW_FITNESS,FAIL,1.0,-0.0,LOW_TURNOVER,PASS,0.01,1.5888,HIGH_TURNOVER,FAIL,0.7,1.5888,CONCENTRATED_WEIGHT,FAIL,LOW_SUB_UNIVERSE_SHARPE,PASS,-0.01,0.05,SELF_CORRELATION,PENDING,DATA_DIVERSITY,PENDING,PROD_CORRELATION,PENDING,REGULAR_SUBMISSION,PENDING,LOW_2Y_SHARPE,FAIL,-0.39,1.58,MATCHES_COMPETITION,PENDING,AIACv2,AI Alphas Competition 2.0,PASS,MATCHES_PYRAMID,1,1.5,EUR/D1/NEWS,1.5,WARNING,MATCHES_THEMES,EDrKL34,2.0,JPN Dataset Utilization Theme,M4ZYx3D,2.0,AMR Dataset Utilization Theme,9B3qxZ4,2.0,KOR Dataset Utilization Theme,PBVkEJD,2.0,TWN Dataset Utilization Theme,by88rqy,2.0,HKG Dataset Utilization Theme,V45896D,1.0,GLB/D1 TOPDIV3000 Power Pool Feb`26,,,,,,,,,,,2023-01-02,0.1,0.11263
QPrjMmmg,REGULAR,PS40111,EQUITY,EUR,TOP2500,1,0,INDUSTRY,0.08,ON,VERIFY,OFF,OFF,FASTEXPR,False,2014-01-01,2023-12-31,"zscore(multiply(sign(vec_avg(nws17_comp_d1_ssc)), vec_avg(nws17_multiple_comp_d1_relevance)))",,5,2026-02-05T13:38:55-05:00,,2026-02-05T13:38:56-05:00,,False,False,,,ace_tag,llm_test,confidence_0.41,DATA_USAGE:SINGLE_DATA_SET,Single Data Set Alpha,,IS,UNSUBMITTED,-403973,20000000,195,331,1.5885,-0.0039,0.1658,-5e-06,-0.09,-0.0,2014-01-01,823547.0,20000000.0,442.0,612.0,0.2481,0.008,0.1586,6.4e-05,0.03,0.15,-1014130.0,20000000.0,195.0,331.0,1.5885,-0.0098,0.184,-1.2e-05,-0.02,-0.25,LOW_SHARPE,FAIL,1.58,-0.09,LOW_FITNESS,FAIL,1.0,-0.0,LOW_TURNOVER,PASS,0.01,1.5885,HIGH_TURNOVER,FAIL,0.7,1.5885,CONCENTRATED_WEIGHT,PASS,LOW_SUB_UNIVERSE_SHARPE,FAIL,-0.05,-0.24,SELF_CORRELATION,PENDING,DATA_DIVERSITY,PENDING,PROD_CORRELATION,PENDING,REGULAR_SUBMISSION,PENDING,LOW_2Y_SHARPE,FAIL,-1.27,1.58,MATCHES_COMPETITION,PENDING,AIACv2,AI Alphas Competition 2.0,PASS,MATCHES_PYRAMID,1,1.5,EUR/D1/NEWS,1.5,WARNING,MATCHES_THEMES,EDrKL34,2.0,JPN Dataset Utilization Theme,M4ZYx3D,2.0,AMR Dataset Utilization Theme,9B3qxZ4,2.0,KOR Dataset Utilization Theme,PBVkEJD,2.0,TWN Dataset Utilization Theme,by88rqy,2.0,HKG Dataset Utilization Theme,V45896D,1.0,GLB/D1 TOPDIV3000 Power Pool Feb`26,,,,,,,,,,,,,
omwv7wQJ,REGULAR,PS40111,EQUITY,EUR,TOP2500,1,0,INDUSTRY,0.08,ON,VERIFY,OFF,OFF,FASTEXPR,False,2014-01-01,2023-12-31,"quantile(ts_scale(vec_avg(nws17_comp_d1_acb), 5))",,3,2026-02-05T13:39:14-05:00,,2026-02-05T13:39:15-05:00,,False,False,,,ace_tag,llm_test,confidence_0.56,DATA_USAGE:SINGLE_DATA_SET,Single Data Set Alpha,,IS,UNSUBMITTED,-842625,20000000,69,83,1.5016,-0.0082,0.234,-1.1e-05,-0.15,-0.01,2014-01-01,220163.0,20000000.0,183.0,209.0,0.2631,0.0021,0.2726,1.6e-05,0.0,0.03,-1181234.0,20000000.0,69.0,83.0,1.5016,-0.0114,0.1917,-1.5e-05,-0.02,-0.24,LOW_SHARPE,FAIL,1.58,-0.15,LOW_FITNESS,FAIL,1.0,-0.01,LOW_TURNOVER,PASS,0.01,1.5016,HIGH_TURNOVER,FAIL,0.7,1.5016,CONCENTRATED_WEIGHT,FAIL,LOW_SUB_UNIVERSE_SHARPE,FAIL,-0.08,-0.15,SELF_CORRELATION,PENDING,DATA_DIVERSITY,PENDING,PROD_CORRELATION,PENDING,REGULAR_SUBMISSION,PENDING,LOW_2Y_SHARPE,FAIL,-1.63,1.58,MATCHES_COMPETITION,PENDING,AIACv2,AI Alphas Competition 2.0,PASS,MATCHES_PYRAMID,1,1.5,EUR/D1/NEWS,1.5,WARNING,MATCHES_THEMES,EDrKL34,2.0,JPN Dataset Utilization Theme,M4ZYx3D,2.0,AMR Dataset Utilization Theme,9B3qxZ4,2.0,KOR Dataset Utilization Theme,PBVkEJD,2.0,TWN Dataset Utilization Theme,by88rqy,2.0,HKG Dataset Utilization Theme,V45896D,1.0,GLB/D1 TOPDIV3000 Power Pool Feb`26,,,,,,,,,,,2017-01-02,0.1,0.131579
1YVLegbW,REGULAR,PS40111,EQUITY,EUR,TOP2500,1,0,INDUSTRY,0.08,ON,VERIFY,OFF,OFF,FASTEXPR,False,2014-01-01,2023-12-31,"quantile(ts_scale(vec_avg(nws17_comp_d1_ssc), 5))",,3,2026-02-05T13:41:37-05:00,,2026-02-05T13:41:38-05:00,,False,False,,,ace_tag,llm_test,confidence_0.48,DATA_USAGE:SINGLE_DATA_SET,Single Data Set Alpha,,IS,UNSUBMITTED,-1171772,20000000,188,191,1.6138,-0.0114,0.1807,-1.4e-05,-0.29,-0.02,2014-01-01,-1466713.0,20000000.0,358.0,374.0,0.2754,-0.0142,0.2179,-0.000103,-0.07,-0.31,-1067474.0,20000000.0,188.0,191.0,1.6138,-0.0103,0.1851,-1.3e-05,-0.02,-0.3,LOW_SHARPE,FAIL,1.58,-0.29,LOW_FITNESS,FAIL,1.0,-0.02,LOW_TURNOVER,PASS,0.01,1.6138,HIGH_TURNOVER,FAIL,0.7,1.6138,CONCENTRATED_WEIGHT,PASS,LOW_SUB_UNIVERSE_SHARPE,PASS,-0.15,-0.13,SELF_CORRELATION,PENDING,DATA_DIVERSITY,PENDING,PROD_CORRELATION,PENDING,REGULAR_SUBMISSION,PENDING,LOW_2Y_SHARPE,FAIL,-0.47,1.58,MATCHES_COMPETITION,PENDING,AIACv2,AI Alphas Competition 2.0,PASS,MATCHES_PYRAMID,1,1.5,EUR/D1/NEWS,1.5,WARNING,MATCHES_THEMES,EDrKL34,2.0,JPN Dataset Utilization Theme,M4ZYx3D,2.0,AMR Dataset Utilization Theme,9B3qxZ4,2.0,KOR Dataset Utilization Theme,PBVkEJD,2.0,TWN Dataset Utilization Theme,by88rqy,2.0,HKG Dataset Utilization Theme,V45896D,1.0,GLB/D1 TOPDIV3000 Power Pool Feb`26,,,,,,,,,,,,,
A1Jb9kXg,REGULAR,PS40111,EQUITY,EUR,TOP2500,1,0,INDUSTRY,0.08,ON,VERIFY,OFF,OFF,FASTEXPR,False,2014-01-01,2023-12-31,"zscore(subtract(vec_avg(nws17_comp_d1_acb), ts_backfill(vec_avg(nws17_comp_d1_bee), 7)))",,5,2026-02-05T13:41:34-05:00,,2026-02-05T13:41:34-05:00,,False,False,,,ace_tag,llm_test,confidence_0.37,DATA_USAGE:SINGLE_DATA_SET,Single Data Set Alpha,,IS,UNSUBMITTED,-1795549,20000000,216,231,1.7469,-0.0174,0.2299,-2e-05,-0.29,-0.03,2014-01-01,-1198287.0,20000000.0,441.0,638.0,0.2553,-0.0116,0.3737,-9.1e-05,-0.03,-0.16,-1580611.0,20000000.0,216.0,231.0,1.7469,-0.0153,0.2171,-1.8e-05,-0.03,-0.29,LOW_SHARPE,FAIL,1.58,-0.29,LOW_FITNESS,FAIL,1.0,-0.03,LOW_TURNOVER,PASS,0.01,1.7469,HIGH_TURNOVER,FAIL,0.7,1.7469,CONCENTRATED_WEIGHT,PASS,LOW_SUB_UNIVERSE_SHARPE,PASS,-0.15,0.01,SELF_CORRELATION,PENDING,DATA_DIVERSITY,PENDING,PROD_CORRELATION,PENDING,REGULAR_SUBMISSION,PENDING,LOW_2Y_SHARPE,FAIL,-1.36,1.58,MATCHES_COMPETITION,PENDING,AIACv2,AI Alphas Competition 2.0,PASS,MATCHES_PYRAMID,1,1.5,EUR/D1/NEWS,1.5,WARNING,MATCHES_THEMES,EDrKL34,2.0,JPN Dataset Utilization Theme,M4ZYx3D,2.0,AMR Dataset Utilization Theme,9B3qxZ4,2.0,KOR Dataset Utilization Theme,PBVkEJD,2.0,TWN Dataset Utilization Theme,by88rqy,2.0,HKG Dataset Utilization Theme,V45896D,1.0,GLB/D1 TOPDIV3000 Power Pool Feb`26,,,,,,,,,,,,,
88krbLkv,REGULAR,PS40111,EQUITY,EUR,TOP2500,1,0,INDUSTRY,0.08,ON,VERIFY,OFF,OFF,FASTEXPR,False,2014-01-01,2023-12-31,"zscore(subtract(vec_avg(nws17_comp_d1_ssc), ts_backfill(vec_avg(nws17_comp_d1_bee), 7)))",,5,2026-02-05T13:41:40-05:00,,2026-02-05T13:41:40-05:00,,False,False,,,ace_tag,llm_test,confidence_0.34,DATA_USAGE:SINGLE_DATA_SET,Single Data Set Alpha,,IS,UNSUBMITTED,-2923055,20000000,335,191,1.7124,-0.0283,0.3203,-3.3e-05,-0.49,-0.06,2014-01-01,-1525386.0,20000000.0,635.0,446.0,0.2528,-0.0148,0.3538,-0.000117,-0.05,-0.21,-1010504.0,20000000.0,335.0,191.0,1.7124,-0.0098,0.2352,-1.1e-05,-0.01,-0.19,LOW_SHARPE,FAIL,1.58,-0.49,LOW_FITNESS,FAIL,1.0,-0.06,LOW_TURNOVER,PASS,0.01,1.7124,HIGH_TURNOVER,FAIL,0.7,1.7124,CONCENTRATED_WEIGHT,PASS,LOW_SUB_UNIVERSE_SHARPE,PASS,-0.25,-0.07,SELF_CORRELATION,PENDING,DATA_DIVERSITY,PENDING,PROD_CORRELATION,PENDING,REGULAR_SUBMISSION,PENDING,LOW_2Y_SHARPE,FAIL,-0.82,1.58,MATCHES_COMPETITION,PENDING,AIACv2,AI Alphas Competition 2.0,PASS,MATCHES_PYRAMID,1,1.5,EUR/D1/NEWS,1.5,WARNING,MATCHES_THEMES,EDrKL34,2.0,JPN Dataset Utilization Theme,M4ZYx3D,2.0,AMR Dataset Utilization Theme,9B3qxZ4,2.0,KOR Dataset Utilization Theme,PBVkEJD,2.0,TWN Dataset Utilization Theme,by88rqy,2.0,HKG Dataset Utilization Theme,V45896D,1.0,GLB/D1 TOPDIV3000 Power Pool Feb`26,,,,,,,,,,,,,
N1W60pGg,REGULAR,PS40111,EQUITY,EUR,TOP2500,1,0,INDUSTRY,0.08,ON,VERIFY,OFF,OFF,FASTEXPR,False,2014-01-01,2023-12-31,"zscore(multiply(vec_avg(nws17_comp_d1_acb), ts_product(vec_avg(nws17_multiple_comp_d1_relevance), 5)))",,5,2026-02-05T13:42:12-05:00,,2026-02-05T13:42:12-05:00,,False,False,,,ace_tag,llm_test,confidence_0.5,DATA_USAGE:SINGLE_DATA_SET,Single Data Set Alpha,,IS,UNSUBMITTED,-10530530,20000000,73,304,1.3353,-0.102,1.1544,-0.000153,-0.7,-0.19,2014-01-01,-728160.0,20000000.0,539.0,596.0,0.2557,-0.0071,0.7094,-5.5e-05,-0.01,-0.05,-7319140.0,20000000.0,73.0,304.0,1.3353,-0.0709,0.8528,-0.000106,-0.13,-0.57,LOW_SHARPE,FAIL,1.58,-0.7,LOW_FITNESS,FAIL,1.0,-0.19,LOW_TURNOVER,PASS,0.01,1.3353,HIGH_TURNOVER,FAIL,0.7,1.3353,CONCENTRATED_WEIGHT,FAIL,LOW_SUB_UNIVERSE_SHARPE,FAIL,-0.36,-0.49,SELF_CORRELATION,PENDING,DATA_DIVERSITY,PENDING,PROD_CORRELATION,PENDING,REGULAR_SUBMISSION,PENDING,LOW_2Y_SHARPE,FAIL,-1.52,1.58,MATCHES_COMPETITION,PENDING,AIACv2,AI Alphas Competition 2.0,PASS,MATCHES_PYRAMID,1,1.5,EUR/D1/NEWS,1.5,WARNING,MATCHES_THEMES,EDrKL34,2.0,JPN Dataset Utilization Theme,M4ZYx3D,2.0,AMR Dataset Utilization Theme,9B3qxZ4,2.0,KOR Dataset Utilization Theme,PBVkEJD,2.0,TWN Dataset Utilization Theme,by88rqy,2.0,HKG Dataset Utilization Theme,V45896D,1.0,GLB/D1 TOPDIV3000 Power Pool Feb`26,,,,,,,,,,,2016-03-31,0.1,0.481472
j2lXvZoo,REGULAR,PS40111,EQUITY,EUR,TOP2500,1,0,INDUSTRY,0.08,ON,VERIFY,OFF,OFF,FASTEXPR,False,2014-01-01,2023-12-31,"zscore(multiply(vec_avg(nws17_comp_d1_ssc), ts_product(vec_avg(nws17_multiple_comp_d1_relevance), 5)))",,5,2026-02-05T13:42:09-05:00,,2026-02-05T13:42:10-05:00,,False,False,,,ace_tag,llm_test,confidence_0.43,DATA_USAGE:SINGLE_DATA_SET,Single Data Set Alpha,,IS,UNSUBMITTED,-3866821,20000000,123,366,1.0199,-0.0375,0.4901,-7.3e-05,-0.36,-0.07,2014-01-01,3424366.0,20000000.0,565.0,527.0,0.1772,0.0332,0.3167,0.000375,0.13,0.29,-3778991.0,20000000.0,123.0,366.0,1.0199,-0.0366,0.4883,-7.2e-05,-0.08,-0.4,LOW_SHARPE,FAIL,1.58,-0.36,LOW_FITNESS,FAIL,1.0,-0.07,LOW_TURNOVER,PASS,0.01,1.0199,HIGH_TURNOVER,FAIL,0.7,1.0199,CONCENTRATED_WEIGHT,FAIL,LOW_SUB_UNIVERSE_SHARPE,FAIL,-0.19,-0.34,SELF_CORRELATION,PENDING,DATA_DIVERSITY,PENDING,PROD_CORRELATION,PENDING,REGULAR_SUBMISSION,PENDING,LOW_2Y_SHARPE,FAIL,-0.17,1.58,MATCHES_COMPETITION,PENDING,AIACv2,AI Alphas Competition 2.0,PASS,MATCHES_PYRAMID,1,1.5,EUR/D1/NEWS,1.5,WARNING,MATCHES_THEMES,EDrKL34,2.0,JPN Dataset Utilization Theme,M4ZYx3D,2.0,AMR Dataset Utilization Theme,9B3qxZ4,2.0,KOR Dataset Utilization Theme,PBVkEJD,2.0,TWN Dataset Utilization Theme,by88rqy,2.0,HKG Dataset Utilization Theme,V45896D,1.0,GLB/D1 TOPDIV3000 Power Pool Feb`26,,,,,,,,,,,2020-05-25,0.1,0.45237
xAwQqxWb,REGULAR,PS40111,EQUITY,EUR,TOP2500,1,0,INDUSTRY,0.08,ON,VERIFY,OFF,OFF,FASTEXPR,False,2014-01-01,2023-12-31,"zscore(ts_arg_min(ts_returns(vec_avg(nws17_comp_d1_acb), 3), 3))",,4,2026-02-05T13:42:11-05:00,,2026-02-05T13:42:11-05:00,,False,False,,,ace_tag,llm_test,confidence_0.44,DATA_USAGE:SINGLE_DATA_SET,Single Data Set Alpha,,IS,UNSUBMITTED,-471369,20000000,83,81,1.5591,-0.0046,0.1854,-6e-06,-0.09,-0.0,2014-01-01,3162730.0,20000000.0,152.0,170.0,0.2749,0.0306,0.1462,0.000223,0.12,0.36,667669.0,20000000.0,83.0,81.0,1.5591,0.0065,0.1061,8e-06,0.01,0.14,LOW_SHARPE,FAIL,1.58,-0.09,LOW_FITNESS,FAIL,1.0,-0.0,LOW_TURNOVER,PASS,0.01,1.5591,HIGH_TURNOVER,FAIL,0.7,1.5591,CONCENTRATED_WEIGHT,FAIL,LOW_SUB_UNIVERSE_SHARPE,FAIL,-0.05,-0.16,SELF_CORRELATION,PENDING,DATA_DIVERSITY,PENDING,PROD_CORRELATION,PENDING,REGULAR_SUBMISSION,PENDING,LOW_2Y_SHARPE,FAIL,0.02,1.58,MATCHES_COMPETITION,PENDING,AIACv2,AI Alphas Competition 2.0,PASS,MATCHES_PYRAMID,1,1.5,EUR/D1/NEWS,1.5,WARNING,MATCHES_THEMES,EDrKL34,2.0,JPN Dataset Utilization Theme,M4ZYx3D,2.0,AMR Dataset Utilization Theme,9B3qxZ4,2.0,KOR Dataset Utilization Theme,PBVkEJD,2.0,TWN Dataset Utilization Theme,by88rqy,2.0,HKG Dataset Utilization Theme,V45896D,1.0,GLB/D1 TOPDIV3000 Power Pool Feb`26,,,,,,,,,,,2018-12-31,0.1,0.283784
RRZYMVkb,REGULAR,PS40111,EQUITY,EUR,TOP2500,1,0,INDUSTRY,0.08,ON,VERIFY,OFF,OFF,FASTEXPR,False,2014-01-01,2023-12-31,"zscore(ts_arg_min(ts_returns(vec_avg(nws17_comp_d1_ssc), 3), 3))",,4,2026-02-05T13:43:36-05:00,,2026-02-05T13:43:36-05:00,,False,False,,,ace_tag,llm_test,confidence_0.39,DATA_USAGE:SINGLE_DATA_SET,Single Data Set Alpha,,IS,UNSUBMITTED,-2015098,20000000,196,196,1.5549,-0.0195,0.2631,-2.5e-05,-0.54,-0.06,2014-01-01,-1431819.0,20000000.0,293.0,318.0,0.2721,-0.0139,0.2702,-0.000102,-0.06,-0.27,-1090586.0,20000000.0,196.0,196.0,1.5549,-0.0106,0.1364,-1.4e-05,-0.03,-0.33,LOW_SHARPE,FAIL,1.58,-0.54,LOW_FITNESS,FAIL,1.0,-0.06,LOW_TURNOVER,PASS,0.01,1.5549,HIGH_TURNOVER,FAIL,0.7,1.5549,CONCENTRATED_WEIGHT,PASS,LOW_SUB_UNIVERSE_SHARPE,FAIL,-0.28,-0.46,SELF_CORRELATION,PENDING,DATA_DIVERSITY,PENDING,PROD_CORRELATION,PENDING,REGULAR_SUBMISSION,PENDING,LOW_2Y_SHARPE,FAIL,0.34,1.58,MATCHES_COMPETITION,PENDING,AIACv2,AI Alphas Competition 2.0,PASS,MATCHES_PYRAMID,1,1.5,EUR/D1/NEWS,1.5,WARNING,MATCHES_THEMES,EDrKL34,2.0,JPN Dataset Utilization Theme,M4ZYx3D,2.0,AMR Dataset Utilization Theme,9B3qxZ4,2.0,KOR Dataset Utilization Theme,PBVkEJD,2.0,TWN Dataset Utilization Theme,by88rqy,2.0,HKG Dataset Utilization Theme,V45896D,1.0,GLB/D1 TOPDIV3000 Power Pool Feb`26,,,,,,,,,,,,,
Gr06PdM0,REGULAR,PS40111,EQUITY,EUR,TOP2500,1,0,INDUSTRY,0.08,ON,VERIFY,OFF,OFF,FASTEXPR,False,2014-01-01,2023-12-31,"zscore(reverse(ts_count_nans(vec_avg(nws17_comp_d1_acb), 5)))",,4,2026-02-05T13:43:36-05:00,,2026-02-05T13:43:37-05:00,,False,False,,,ace_tag,llm_test,confidence_0.34,DATA_USAGE:SINGLE_DATA_SET,Single Data Set Alpha,,IS,UNSUBMITTED,490703,20000000,954,1858,0.1939,0.0048,0.0888,4.9e-05,0.14,0.02,2014-01-01,133432.0,20000000.0,945.0,1876.0,0.0793,0.0013,0.1003,3.3e-05,0.0,0.04,-43656.0,20000000.0,954.0,1858.0,0.1939,-0.0004,0.0671,-4e-06,-0.0,-0.03,LOW_SHARPE,FAIL,1.58,0.14,LOW_FITNESS,FAIL,1.0,0.02,LOW_TURNOVER,PASS,0.01,0.1939,HIGH_TURNOVER,PASS,0.7,0.1939,CONCENTRATED_WEIGHT,PASS,LOW_SUB_UNIVERSE_SHARPE,PASS,0.07,0.13,SELF_CORRELATION,PENDING,DATA_DIVERSITY,PENDING,PROD_CORRELATION,PENDING,REGULAR_SUBMISSION,PENDING,LOW_2Y_SHARPE,FAIL,0.66,1.58,MATCHES_COMPETITION,PENDING,AIACv2,AI Alphas Competition 2.0,PASS,MATCHES_PYRAMID,1,1.5,EUR/D1/NEWS,1.5,WARNING,MATCHES_THEMES,EDrKL34,2.0,JPN Dataset Utilization Theme,M4ZYx3D,2.0,AMR Dataset Utilization Theme,9B3qxZ4,2.0,KOR Dataset Utilization Theme,PBVkEJD,2.0,TWN Dataset Utilization Theme,by88rqy,2.0,HKG Dataset Utilization Theme,V45896D,1.0,GLB/D1 TOPDIV3000 Power Pool Feb`26,,,,,,,,,,,,,
omwv76wb,REGULAR,PS40111,EQUITY,EUR,TOP2500,1,0,INDUSTRY,0.08,ON,VERIFY,OFF,OFF,FASTEXPR,False,2014-01-01,2023-12-31,"zscore(reverse(ts_count_nans(vec_avg(nws17_comp_d1_ssc), 5)))",,4,2026-02-05T13:43:34-05:00,,2026-02-05T13:43:34-05:00,,False,False,,,ace_tag,llm_test,confidence_0.31,DATA_USAGE:SINGLE_DATA_SET,Single Data Set Alpha,,IS,UNSUBMITTED,490703,20000000,954,1858,0.1939,0.0048,0.0888,4.9e-05,0.14,0.02,2014-01-01,133432.0,20000000.0,945.0,1876.0,0.0793,0.0013,0.1003,3.3e-05,0.0,0.04,-43656.0,20000000.0,954.0,1858.0,0.1939,-0.0004,0.0671,-4e-06,-0.0,-0.03,LOW_SHARPE,FAIL,1.58,0.14,LOW_FITNESS,FAIL,1.0,0.02,LOW_TURNOVER,PASS,0.01,0.1939,HIGH_TURNOVER,PASS,0.7,0.1939,CONCENTRATED_WEIGHT,PASS,LOW_SUB_UNIVERSE_SHARPE,PASS,0.07,0.13,SELF_CORRELATION,PENDING,DATA_DIVERSITY,PENDING,PROD_CORRELATION,PENDING,REGULAR_SUBMISSION,PENDING,LOW_2Y_SHARPE,FAIL,0.66,1.58,MATCHES_COMPETITION,PENDING,AIACv2,AI Alphas Competition 2.0,PASS,MATCHES_PYRAMID,1,1.5,EUR/D1/NEWS,1.5,WARNING,MATCHES_THEMES,EDrKL34,2.0,JPN Dataset Utilization Theme,M4ZYx3D,2.0,AMR Dataset Utilization Theme,9B3qxZ4,2.0,KOR Dataset Utilization Theme,PBVkEJD,2.0,TWN Dataset Utilization Theme,by88rqy,2.0,HKG Dataset Utilization Theme,V45896D,1.0,GLB/D1 TOPDIV3000 Power Pool Feb`26,,,,,,,,,,,,,
2rqRMlWZ,REGULAR,PS40111,EQUITY,EUR,TOP2500,1,0,INDUSTRY,0.08,ON,VERIFY,OFF,OFF,FASTEXPR,False,2014-01-01,2023-12-31,"zscore(multiply(vec_avg(nws17_comp_d1_acb), group_count(vec_avg(nws17_multiple_comp_d1_relevance), bucket(vec_avg(nws17_multiple_comp_d1_relevance), range=""0, 1, 0.1""))))",,7,2026-02-05T13:43:25-05:00,,2026-02-05T13:43:25-05:00,,False,False,,,ace_tag,llm_test,confidence_0.55,DATA_USAGE:SINGLE_DATA_SET,Single Data Set Alpha,,IS,UNSUBMITTED,1010034,20000000,98,321,1.7126,0.0098,0.1623,1.1e-05,0.16,0.01,2014-01-01,370244.0,20000000.0,319.0,775.0,0.2496,0.0036,0.2751,2.9e-05,0.01,0.05,-867129.0,20000000.0,98.0,321.0,1.7126,-0.0084,0.1867,-1e-05,-0.01,-0.16,LOW_SHARPE,FAIL,1.58,0.16,LOW_FITNESS,FAIL,1.0,0.01,LOW_TURNOVER,PASS,0.01,1.7126,HIGH_TURNOVER,FAIL,0.7,1.7126,CONCENTRATED_WEIGHT,PASS,LOW_SUB_UNIVERSE_SHARPE,PASS,0.08,0.36,SELF_CORRELATION,PENDING,DATA_DIVERSITY,PENDING,PROD_CORRELATION,PENDING,REGULAR_SUBMISSION,PENDING,LOW_2Y_SHARPE,FAIL,-0.87,1.58,MATCHES_COMPETITION,PENDING,AIACv2,AI Alphas Competition 2.0,PASS,MATCHES_PYRAMID,1,1.5,EUR/D1/NEWS,1.5,WARNING,MATCHES_THEMES,EDrKL34,2.0,JPN Dataset Utilization Theme,M4ZYx3D,2.0,AMR Dataset Utilization Theme,9B3qxZ4,2.0,KOR Dataset Utilization Theme,PBVkEJD,2.0,TWN Dataset Utilization Theme,by88rqy,2.0,HKG Dataset Utilization Theme,V45896D,1.0,GLB/D1 TOPDIV3000 Power Pool Feb`26,,,,,,,,,,,,,
P0r6N78L,REGULAR,PS40111,EQUITY,EUR,TOP2500,1,0,INDUSTRY,0.08,ON,VERIFY,OFF,OFF,FASTEXPR,False,2014-01-01,2023-12-31,"zscore(multiply(vec_avg(nws17_comp_d1_ssc), group_count(vec_avg(nws17_multiple_comp_d1_relevance), bucket(vec_avg(nws17_multiple_comp_d1_relevance), range=""0, 1, 0.1""))))",,7,2026-02-05T13:43:25-05:00,,2026-02-05T13:43:25-05:00,,False,False,,,ace_tag,llm_test,confidence_0.48,DATA_USAGE:SINGLE_DATA_SET,Single Data Set Alpha,,IS,UNSUBMITTED,832693,20000000,231,294,1.627,0.0081,0.0843,1e-05,0.18,0.01,2014-01-01,1171599.0,20000000.0,521.0,545.0,0.2552,0.0114,0.1514,8.9e-05,0.05,0.22,-107951.0,20000000.0,231.0,294.0,1.627,-0.001,0.0825,-1e-06,-0.0,-0.03,LOW_SHARPE,FAIL,1.58,0.18,LOW_FITNESS,FAIL,1.0,0.01,LOW_TURNOVER,PASS,0.01,1.627,HIGH_TURNOVER,FAIL,0.7,1.627,CONCENTRATED_WEIGHT,PASS,LOW_SUB_UNIVERSE_SHARPE,PASS,0.09,0.49,SELF_CORRELATION,PENDING,DATA_DIVERSITY,PENDING,PROD_CORRELATION,PENDING,REGULAR_SUBMISSION,PENDING,LOW_2Y_SHARPE,FAIL,0.21,1.58,MATCHES_COMPETITION,PENDING,AIACv2,AI Alphas Competition 2.0,PASS,MATCHES_PYRAMID,1,1.5,EUR/D1/NEWS,1.5,WARNING,MATCHES_THEMES,EDrKL34,2.0,JPN Dataset Utilization Theme,M4ZYx3D,2.0,AMR Dataset Utilization Theme,9B3qxZ4,2.0,KOR Dataset Utilization Theme,PBVkEJD,2.0,TWN Dataset Utilization Theme,by88rqy,2.0,HKG Dataset Utilization Theme,V45896D,1.0,GLB/D1 TOPDIV3000 Power Pool Feb`26,,,,,,,,,,,,,
npko97l8,REGULAR,PS40111,EQUITY,EUR,TOP2500,1,0,INDUSTRY,0.08,ON,VERIFY,OFF,OFF,FASTEXPR,False,2014-01-01,2023-12-31,"zscore(multiply(sign(ts_corr(vec_avg(nws17_comp_d1_acb), vec_avg(nws17_multiple_comp_d1_relevance), 5)), vec_avg(nws17_comp_d1_acb)))",,7,2026-02-05T13:43:26-05:00,,2026-02-05T13:43:26-05:00,,False,False,,,ace_tag,llm_test,confidence_0.52,DATA_USAGE:SINGLE_DATA_SET,Single Data Set Alpha,,IS,UNSUBMITTED,3595614,20000000,75,78,1.6768,0.0348,0.1587,4.2e-05,0.44,0.06,2014-01-01,1815205.0,20000000.0,194.0,218.0,0.2501,0.0176,0.3302,0.000141,0.05,0.2,4238680.0,20000000.0,75.0,78.0,1.6768,0.0411,0.1327,4.9e-05,0.09,0.58,LOW_SHARPE,FAIL,1.58,0.44,LOW_FITNESS,FAIL,1.0,0.06,LOW_TURNOVER,PASS,0.01,1.6768,HIGH_TURNOVER,FAIL,0.7,1.6768,CONCENTRATED_WEIGHT,FAIL,LOW_SUB_UNIVERSE_SHARPE,FAIL,0.23,0.16,SELF_CORRELATION,PENDING,DATA_DIVERSITY,PENDING,PROD_CORRELATION,PENDING,REGULAR_SUBMISSION,PENDING,LOW_2Y_SHARPE,FAIL,0.31,1.58,MATCHES_COMPETITION,PENDING,AIACv2,AI Alphas Competition 2.0,PASS,MATCHES_PYRAMID,1,1.5,EUR/D1/NEWS,1.5,WARNING,MATCHES_THEMES,EDrKL34,2.0,JPN Dataset Utilization Theme,M4ZYx3D,2.0,AMR Dataset Utilization Theme,9B3qxZ4,2.0,KOR Dataset Utilization Theme,PBVkEJD,2.0,TWN Dataset Utilization Theme,by88rqy,2.0,HKG Dataset Utilization Theme,V45896D,1.0,GLB/D1 TOPDIV3000 Power Pool Feb`26,,,,,,,,,,,2023-01-02,0.1,0.204689
KPY63OgE,REGULAR,PS40111,EQUITY,EUR,TOP2500,1,0,INDUSTRY,0.08,ON,VERIFY,OFF,OFF,FASTEXPR,False,2014-01-01,2023-12-31,"zscore(multiply(sign(ts_corr(vec_avg(nws17_comp_d1_ssc), vec_avg(nws17_multiple_comp_d1_relevance), 5)), vec_avg(nws17_comp_d1_ssc)))",,7,2026-02-05T13:43:42-05:00,,2026-02-05T13:43:43-05:00,,False,False,,,ace_tag,llm_test,confidence_0.45,DATA_USAGE:SINGLE_DATA_SET,Single Data Set Alpha,,IS,UNSUBMITTED,-1121680,20000000,182,181,1.5033,-0.0109,0.2152,-1.4e-05,-0.24,-0.02,2014-01-01,513436.0,20000000.0,336.0,362.0,0.2483,0.005,0.1079,4e-05,0.01,0.09,-1577629.0,20000000.0,182.0,181.0,1.5033,-0.0153,0.2239,-2e-05,-0.04,-0.37,LOW_SHARPE,FAIL,1.58,-0.24,LOW_FITNESS,FAIL,1.0,-0.02,LOW_TURNOVER,PASS,0.01,1.5033,HIGH_TURNOVER,FAIL,0.7,1.5033,CONCENTRATED_WEIGHT,PASS,LOW_SUB_UNIVERSE_SHARPE,FAIL,-0.12,-0.4,SELF_CORRELATION,PENDING,DATA_DIVERSITY,PENDING,PROD_CORRELATION,PENDING,REGULAR_SUBMISSION,PENDING,LOW_2Y_SHARPE,FAIL,-0.47,1.58,MATCHES_COMPETITION,PENDING,AIACv2,AI Alphas Competition 2.0,PASS,MATCHES_PYRAMID,1,1.5,EUR/D1/NEWS,1.5,WARNING,MATCHES_THEMES,EDrKL34,2.0,JPN Dataset Utilization Theme,M4ZYx3D,2.0,AMR Dataset Utilization Theme,9B3qxZ4,2.0,KOR Dataset Utilization Theme,PBVkEJD,2.0,TWN Dataset Utilization Theme,by88rqy,2.0,HKG Dataset Utilization Theme,V45896D,1.0,GLB/D1 TOPDIV3000 Power Pool Feb`26,,,,,,,,,,,,,
O0wkOrAq,REGULAR,PS40111,EQUITY,EUR,TOP2500,1,0,INDUSTRY,0.08,ON,VERIFY,OFF,OFF,FASTEXPR,False,2014-01-01,2023-12-31,"zscore(multiply(abs(ts_returns(vec_avg(nws17_comp_d1_acb), 3)), vec_avg(nws17_multiple_comp_d1_relevance)))",,6,2026-02-05T13:43:42-05:00,,2026-02-05T13:43:42-05:00,,False,False,,,ace_tag,llm_test,confidence_0.51,DATA_USAGE:SINGLE_DATA_SET,Single Data Set Alpha,,IS,UNSUBMITTED,-2036126,20000000,23,32,1.6929,-0.0197,0.4594,-2.3e-05,-0.19,-0.02,2014-01-01,1462519.0,20000000.0,98.0,131.0,0.276,0.0142,0.3433,0.000103,0.03,0.13,-821247.0,20000000.0,23.0,32.0,1.6929,-0.008,0.315,-9e-06,-0.01,-0.09,LOW_SHARPE,FAIL,1.58,-0.19,LOW_FITNESS,FAIL,1.0,-0.02,LOW_TURNOVER,PASS,0.01,1.6929,HIGH_TURNOVER,FAIL,0.7,1.6929,CONCENTRATED_WEIGHT,FAIL,LOW_SUB_UNIVERSE_SHARPE,PASS,-0.1,0.55,SELF_CORRELATION,PENDING,DATA_DIVERSITY,PENDING,PROD_CORRELATION,PENDING,REGULAR_SUBMISSION,PENDING,LOW_2Y_SHARPE,FAIL,-0.25,1.58,MATCHES_COMPETITION,PENDING,AIACv2,AI Alphas Competition 2.0,PASS,MATCHES_PYRAMID,1,1.5,EUR/D1/NEWS,1.5,WARNING,MATCHES_THEMES,EDrKL34,2.0,JPN Dataset Utilization Theme,M4ZYx3D,2.0,AMR Dataset Utilization Theme,9B3qxZ4,2.0,KOR Dataset Utilization Theme,PBVkEJD,2.0,TWN Dataset Utilization Theme,by88rqy,2.0,HKG Dataset Utilization Theme,V45896D,1.0,GLB/D1 TOPDIV3000 Power Pool Feb`26,,,,,,,,,,,2022-12-29,0.1,0.5
wpw1qo1x,REGULAR,PS40111,EQUITY,EUR,TOP2500,1,0,INDUSTRY,0.08,ON,VERIFY,OFF,OFF,FASTEXPR,False,2014-01-01,2023-12-31,"zscore(multiply(abs(ts_returns(vec_avg(nws17_comp_d1_ssc), 3)), vec_avg(nws17_multiple_comp_d1_relevance)))",,6,2026-02-05T13:45:07-05:00,,2026-02-05T13:45:07-05:00,,False,False,,,ace_tag,llm_test,confidence_0.44,DATA_USAGE:SINGLE_DATA_SET,Single Data Set Alpha,,IS,UNSUBMITTED,-5783647,20000000,61,126,1.7267,-0.056,1.0359,-6.5e-05,-0.45,-0.08,2014-01-01,-3269278.0,20000000.0,225.0,288.0,0.2751,-0.0317,0.6926,-0.00023,-0.09,-0.26,-2352128.0,20000000.0,61.0,126.0,1.7267,-0.0228,0.573,-2.6e-05,-0.02,-0.21,LOW_SHARPE,FAIL,1.58,-0.45,LOW_FITNESS,FAIL,1.0,-0.08,LOW_TURNOVER,PASS,0.01,1.7267,HIGH_TURNOVER,FAIL,0.7,1.7267,CONCENTRATED_WEIGHT,FAIL,LOW_SUB_UNIVERSE_SHARPE,FAIL,-0.23,-0.5,SELF_CORRELATION,PENDING,DATA_DIVERSITY,PENDING,PROD_CORRELATION,PENDING,REGULAR_SUBMISSION,PENDING,LOW_2Y_SHARPE,FAIL,-0.36,1.58,MATCHES_COMPETITION,PENDING,AIACv2,AI Alphas Competition 2.0,PASS,MATCHES_PYRAMID,1,1.5,EUR/D1/NEWS,1.5,WARNING,MATCHES_THEMES,EDrKL34,2.0,JPN Dataset Utilization Theme,M4ZYx3D,2.0,AMR Dataset Utilization Theme,9B3qxZ4,2.0,KOR Dataset Utilization Theme,PBVkEJD,2.0,TWN Dataset Utilization Theme,by88rqy,2.0,HKG Dataset Utilization Theme,V45896D,1.0,GLB/D1 TOPDIV3000 Power Pool Feb`26,,,,,,,,,,,2017-07-20,0.1,0.5
0mkdqPO6,REGULAR,PS40111,EQUITY,EUR,TOP2500,1,0,INDUSTRY,0.08,ON,VERIFY,OFF,OFF,FASTEXPR,False,2014-01-01,2023-12-31,"zscore(signed_power(vec_avg(nws17_comp_d1_acb), 2))",,3,2026-02-05T13:45:02-05:00,,2026-02-05T13:45:03-05:00,,False,False,,,ace_tag,llm_test,confidence_0.47,DATA_USAGE:SINGLE_DATA_SET,Single Data Set Alpha,,IS,UNSUBMITTED,513014,20000000,87,332,1.7796,0.005,0.2482,6e-06,0.07,0.0,2014-01-01,-153341.0,20000000.0,305.0,802.0,0.2384,-0.0015,0.3135,-1.2e-05,-0.0,-0.02,-1385908.0,20000000.0,87.0,332.0,1.7796,-0.0134,0.2602,-1.5e-05,-0.02,-0.21,LOW_SHARPE,FAIL,1.58,0.07,LOW_FITNESS,FAIL,1.0,0.0,LOW_TURNOVER,PASS,0.01,1.7796,HIGH_TURNOVER,FAIL,0.7,1.7796,CONCENTRATED_WEIGHT,FAIL,LOW_SUB_UNIVERSE_SHARPE,PASS,0.04,0.33,SELF_CORRELATION,PENDING,DATA_DIVERSITY,PENDING,PROD_CORRELATION,PENDING,REGULAR_SUBMISSION,PENDING,LOW_2Y_SHARPE,FAIL,-1.19,1.58,MATCHES_COMPETITION,PENDING,AIACv2,AI Alphas Competition 2.0,PASS,MATCHES_PYRAMID,1,1.5,EUR/D1/NEWS,1.5,WARNING,MATCHES_THEMES,EDrKL34,2.0,JPN Dataset Utilization Theme,M4ZYx3D,2.0,AMR Dataset Utilization Theme,9B3qxZ4,2.0,KOR Dataset Utilization Theme,PBVkEJD,2.0,TWN Dataset Utilization Theme,by88rqy,2.0,HKG Dataset Utilization Theme,V45896D,1.0,GLB/D1 TOPDIV3000 Power Pool Feb`26,,,,,,,,,,,2023-01-02,0.1,0.117358
2rqRM5k5,REGULAR,PS40111,EQUITY,EUR,TOP2500,1,0,INDUSTRY,0.08,ON,VERIFY,OFF,OFF,FASTEXPR,False,2014-01-01,2023-12-31,"zscore(signed_power(vec_avg(nws17_comp_d1_ssc), 2))",,3,2026-02-05T13:45:05-05:00,,2026-02-05T13:45:06-05:00,,False,False,,,ace_tag,llm_test,confidence_0.42,DATA_USAGE:SINGLE_DATA_SET,Single Data Set Alpha,,IS,UNSUBMITTED,2581883,20000000,187,339,1.7327,0.025,0.1362,2.9e-05,0.36,0.04,2014-01-01,3075244.0,20000000.0,471.0,632.0,0.2585,0.0298,0.1565,0.000231,0.14,0.41,1018462.0,20000000.0,187.0,339.0,1.7327,0.0099,0.1626,1.1e-05,0.01,0.17,LOW_SHARPE,FAIL,1.58,0.36,LOW_FITNESS,FAIL,1.0,0.04,LOW_TURNOVER,PASS,0.01,1.7327,HIGH_TURNOVER,FAIL,0.7,1.7327,CONCENTRATED_WEIGHT,FAIL,LOW_SUB_UNIVERSE_SHARPE,PASS,0.19,0.66,SELF_CORRELATION,PENDING,DATA_DIVERSITY,PENDING,PROD_CORRELATION,PENDING,REGULAR_SUBMISSION,PENDING,LOW_2Y_SHARPE,FAIL,0.99,1.58,MATCHES_COMPETITION,PENDING,AIACv2,AI Alphas Competition 2.0,PASS,MATCHES_PYRAMID,1,1.5,EUR/D1/NEWS,1.5,WARNING,MATCHES_THEMES,EDrKL34,2.0,JPN Dataset Utilization Theme,M4ZYx3D,2.0,AMR Dataset Utilization Theme,9B3qxZ4,2.0,KOR Dataset Utilization Theme,PBVkEJD,2.0,TWN Dataset Utilization Theme,by88rqy,2.0,HKG Dataset Utilization Theme,V45896D,1.0,GLB/D1 TOPDIV3000 Power Pool Feb`26,,,,,,,,,,,2017-02-24,0.1,0.142522
YPwm6a2v,REGULAR,PS40111,EQUITY,EUR,TOP2500,1,0,INDUSTRY,0.08,ON,VERIFY,OFF,OFF,FASTEXPR,False,2014-01-01,2023-12-31,"zscore(add(ts_returns(vec_avg(nws17_comp_d1_acb), 3), ts_av_diff(vec_avg(nws17_comp_d1_acb), 10)))",,6,2026-02-05T13:45:08-05:00,,2026-02-05T13:45:08-05:00,,False,False,,,ace_tag,llm_test,confidence_0.59,DATA_USAGE:SINGLE_DATA_SET,Single Data Set Alpha,,IS,UNSUBMITTED,1399991,20000000,24,30,1.679,0.0136,0.4369,1.6e-05,0.13,0.01,2014-01-01,6593502.0,20000000.0,101.0,126.0,0.2986,0.0639,0.2663,0.000428,0.27,0.59,2762179.0,20000000.0,24.0,30.0,1.679,0.0268,0.3148,3.2e-05,0.04,0.3,LOW_SHARPE,FAIL,1.58,0.13,LOW_FITNESS,FAIL,1.0,0.01,LOW_TURNOVER,PASS,0.01,1.679,HIGH_TURNOVER,FAIL,0.7,1.679,CONCENTRATED_WEIGHT,FAIL,LOW_SUB_UNIVERSE_SHARPE,PASS,0.07,0.39,SELF_CORRELATION,PENDING,DATA_DIVERSITY,PENDING,PROD_CORRELATION,PENDING,REGULAR_SUBMISSION,PENDING,LOW_2Y_SHARPE,FAIL,0.18,1.58,MATCHES_COMPETITION,PENDING,AIACv2,AI Alphas Competition 2.0,PASS,MATCHES_PYRAMID,1,1.5,EUR/D1/NEWS,1.5,WARNING,MATCHES_THEMES,EDrKL34,2.0,JPN Dataset Utilization Theme,M4ZYx3D,2.0,AMR Dataset Utilization Theme,9B3qxZ4,2.0,KOR Dataset Utilization Theme,PBVkEJD,2.0,TWN Dataset Utilization Theme,by88rqy,2.0,HKG Dataset Utilization Theme,V45896D,1.0,GLB/D1 TOPDIV3000 Power Pool Feb`26,,,,,,,,,,,2022-12-29,0.1,0.5
bl2MXa5N,REGULAR,PS40111,EQUITY,EUR,TOP2500,1,0,INDUSTRY,0.08,ON,VERIFY,OFF,OFF,FASTEXPR,False,2014-01-01,2023-12-31,"zscore(add(ts_returns(vec_avg(nws17_comp_d1_ssc), 3), ts_av_diff(vec_avg(nws17_comp_d1_ssc), 10)))",,6,2026-02-05T13:45:04-05:00,,2026-02-05T13:45:05-05:00,,False,False,,,ace_tag,llm_test,confidence_0.51,DATA_USAGE:SINGLE_DATA_SET,Single Data Set Alpha,,IS,UNSUBMITTED,-2899255,20000000,85,102,1.7869,-0.0281,0.4797,-3.1e-05,-0.24,-0.03,2014-01-01,-8811463.0,20000000.0,248.0,265.0,0.3058,-0.0854,0.9704,-0.000558,-0.38,-0.72,-1791215.0,20000000.0,85.0,102.0,1.7869,-0.0174,0.378,-1.9e-05,-0.02,-0.16,LOW_SHARPE,FAIL,1.58,-0.24,LOW_FITNESS,FAIL,1.0,-0.03,LOW_TURNOVER,PASS,0.01,1.7869,HIGH_TURNOVER,FAIL,0.7,1.7869,CONCENTRATED_WEIGHT,FAIL,LOW_SUB_UNIVERSE_SHARPE,FAIL,-0.12,-0.44,SELF_CORRELATION,PENDING,DATA_DIVERSITY,PENDING,PROD_CORRELATION,PENDING,REGULAR_SUBMISSION,PENDING,LOW_2Y_SHARPE,FAIL,-0.52,1.58,MATCHES_COMPETITION,PENDING,AIACv2,AI Alphas Competition 2.0,PASS,MATCHES_PYRAMID,1,1.5,EUR/D1/NEWS,1.5,WARNING,MATCHES_THEMES,EDrKL34,2.0,JPN Dataset Utilization Theme,M4ZYx3D,2.0,AMR Dataset Utilization Theme,9B3qxZ4,2.0,KOR Dataset Utilization Theme,PBVkEJD,2.0,TWN Dataset Utilization Theme,by88rqy,2.0,HKG Dataset Utilization Theme,V45896D,1.0,GLB/D1 TOPDIV3000 Power Pool Feb`26,,,,,,,,,,,2023-04-12,0.1,0.5
vRn98Axd,REGULAR,PS40111,EQUITY,EUR,TOP2500,1,0,INDUSTRY,0.08,ON,VERIFY,OFF,OFF,FASTEXPR,False,2014-01-01,2023-12-31,scale(vec_avg(nws17_comp_d1_acb)),,2,2026-02-05T13:45:06-05:00,,2026-02-05T13:45:07-05:00,,False,False,,,ace_tag,llm_test,confidence_0.6,DATA_USAGE:SINGLE_DATA_SET,Single Data Set Alpha,,IS,UNSUBMITTED,720959,20000000,98,321,1.713,0.007,0.1632,8e-06,0.12,0.01,2014-01-01,94201.0,20000000.0,324.0,769.0,0.2504,0.0009,0.2666,7e-06,0.0,0.01,-1112181.0,20000000.0,98.0,321.0,1.713,-0.0108,0.1864,-1.3e-05,-0.02,-0.2,LOW_SHARPE,FAIL,1.58,0.12,LOW_FITNESS,FAIL,1.0,0.01,LOW_TURNOVER,PASS,0.01,1.713,HIGH_TURNOVER,FAIL,0.7,1.713,CONCENTRATED_WEIGHT,PASS,LOW_SUB_UNIVERSE_SHARPE,PASS,0.06,0.3,SELF_CORRELATION,PENDING,DATA_DIVERSITY,PENDING,PROD_CORRELATION,PENDING,REGULAR_SUBMISSION,PENDING,LOW_2Y_SHARPE,FAIL,-0.88,1.58,MATCHES_COMPETITION,PENDING,AIACv2,AI Alphas Competition 2.0,PASS,MATCHES_PYRAMID,1,1.5,EUR/D1/NEWS,1.5,WARNING,MATCHES_THEMES,EDrKL34,2.0,JPN Dataset Utilization Theme,M4ZYx3D,2.0,AMR Dataset Utilization Theme,9B3qxZ4,2.0,KOR Dataset Utilization Theme,PBVkEJD,2.0,TWN Dataset Utilization Theme,by88rqy,2.0,HKG Dataset Utilization Theme,V45896D,1.0,GLB/D1 TOPDIV3000 Power Pool Feb`26,,,,,,,,,,,,,
MPlXO6KL,REGULAR,PS40111,EQUITY,EUR,TOP2500,1,0,INDUSTRY,0.08,ON,VERIFY,OFF,OFF,FASTEXPR,False,2014-01-01,2023-12-31,scale(vec_avg(nws17_comp_d1_ssc)),,2,2026-02-05T13:45:08-05:00,,2026-02-05T13:45:08-05:00,,False,False,,,ace_tag,llm_test,confidence_0.52,DATA_USAGE:SINGLE_DATA_SET,Single Data Set Alpha,,IS,UNSUBMITTED,707539,20000000,233,292,1.6257,0.0069,0.0745,8e-06,0.15,0.01,2014-01-01,840696.0,20000000.0,532.0,534.0,0.2552,0.0081,0.1606,6.4e-05,0.03,0.16,-192983.0,20000000.0,233.0,292.0,1.6257,-0.0019,0.0823,-2e-06,-0.0,-0.05,LOW_SHARPE,FAIL,1.58,0.15,LOW_FITNESS,FAIL,1.0,0.01,LOW_TURNOVER,PASS,0.01,1.6257,HIGH_TURNOVER,FAIL,0.7,1.6257,CONCENTRATED_WEIGHT,PASS,LOW_SUB_UNIVERSE_SHARPE,PASS,0.08,0.45,SELF_CORRELATION,PENDING,DATA_DIVERSITY,PENDING,PROD_CORRELATION,PENDING,REGULAR_SUBMISSION,PENDING,LOW_2Y_SHARPE,FAIL,0.18,1.58,MATCHES_COMPETITION,PENDING,AIACv2,AI Alphas Competition 2.0,PASS,MATCHES_PYRAMID,1,1.5,EUR/D1/NEWS,1.5,WARNING,MATCHES_THEMES,EDrKL34,2.0,JPN Dataset Utilization Theme,M4ZYx3D,2.0,AMR Dataset Utilization Theme,9B3qxZ4,2.0,KOR Dataset Utilization Theme,PBVkEJD,2.0,TWN Dataset Utilization Theme,by88rqy,2.0,HKG Dataset Utilization Theme,V45896D,1.0,GLB/D1 TOPDIV3000 Power Pool Feb`26,,,,,,,,,,,,,
ZYwxP05Y,REGULAR,PS40111,EQUITY,EUR,TOP2500,1,0,INDUSTRY,0.08,ON,VERIFY,OFF,OFF,FASTEXPR,False,2014-01-01,2023-12-31,quantile(vec_avg(nws17_comp_d1_ssc)),quantile(vec_avg(SSC)). SUGGESTION2 applied. Confidence: 0.48,2,2026-02-05T13:28:47-05:00,,2026-02-05T13:28:50-05:00,,False,False,,,ace_tag,llm_test,confidence_0.72,DATA_USAGE:SINGLE_DATA_SET,Single Data Set Alpha,,IS,UNSUBMITTED,-172461,20000000,260,266,1.5625,-0.0017,0.1005,-2e-06,-0.04,-0.0,2014-01-01,34224.0,20000000.0,534.0,521.0,0.2502,0.0003,0.1426,3e-06,0.0,0.01,-947073.0,20000000.0,260.0,266.0,1.5625,-0.0092,0.1109,-1.2e-05,-0.02,-0.28,LOW_SHARPE,FAIL,1.58,-0.04,LOW_FITNESS,FAIL,1.0,-0.0,LOW_TURNOVER,PASS,0.01,1.5625,HIGH_TURNOVER,FAIL,0.7,1.5625,CONCENTRATED_WEIGHT,PASS,LOW_SUB_UNIVERSE_SHARPE,PASS,-0.02,0.18,SELF_CORRELATION,PENDING,DATA_DIVERSITY,PENDING,PROD_CORRELATION,PENDING,REGULAR_SUBMISSION,PENDING,LOW_2Y_SHARPE,FAIL,-0.48,1.58,MATCHES_COMPETITION,PENDING,AIACv2,AI Alphas Competition 2.0,PASS,MATCHES_PYRAMID,1,1.5,EUR/D1/NEWS,1.5,WARNING,MATCHES_THEMES,EDrKL34,2.0,JPN Dataset Utilization Theme,M4ZYx3D,2.0,AMR Dataset Utilization Theme,9B3qxZ4,2.0,KOR Dataset Utilization Theme,PBVkEJD,2.0,TWN Dataset Utilization Theme,by88rqy,2.0,HKG Dataset Utilization Theme,V45896D,1.0,GLB/D1 TOPDIV3000 Power Pool Feb`26,,,,,,,,,,,,,
vRn9wkgw,REGULAR,PS40111,EQUITY,EUR,TOP2500,1,0,INDUSTRY,0.08,ON,VERIFY,OFF,OFF,FASTEXPR,False,2014-01-01,2023-12-31,quantile(vec_avg(nws17_multiple_comp_d1_relevance)),quantile(vec_avg(relevance)) to find unusually prominent news and trade accordingly. SUGGESTION1 used. Confidence: 0.56,2,2026-02-05T13:28:49-05:00,,2026-02-05T13:28:51-05:00,,False,False,,,ace_tag,llm_test,confidence_0.68,DATA_USAGE:SINGLE_DATA_SET,Single Data Set Alpha,,IS,UNSUBMITTED,-324228,20000000,443,447,1.5201,-0.0031,0.1209,-4e-06,-0.08,-0.0,2014-01-01,-1130707.0,20000000.0,748.0,738.0,0.3336,-0.011,0.1996,-6.6e-05,-0.05,-0.27,164877.0,20000000.0,443.0,447.0,1.5201,0.0016,0.0808,2e-06,0.0,0.05,LOW_SHARPE,FAIL,1.58,-0.08,LOW_FITNESS,FAIL,1.0,-0.0,LOW_TURNOVER,PASS,0.01,1.5201,HIGH_TURNOVER,FAIL,0.7,1.5201,CONCENTRATED_WEIGHT,PASS,LOW_SUB_UNIVERSE_SHARPE,FAIL,-0.04,-0.1,SELF_CORRELATION,PENDING,DATA_DIVERSITY,PENDING,PROD_CORRELATION,PENDING,REGULAR_SUBMISSION,PENDING,LOW_2Y_SHARPE,FAIL,-0.6,1.58,MATCHES_COMPETITION,PENDING,AIACv2,AI Alphas Competition 2.0,PASS,MATCHES_PYRAMID,1,1.5,EUR/D1/NEWS,1.5,WARNING,MATCHES_THEMES,EDrKL34,2.0,JPN Dataset Utilization Theme,M4ZYx3D,2.0,AMR Dataset Utilization Theme,9B3qxZ4,2.0,KOR Dataset Utilization Theme,PBVkEJD,2.0,TWN Dataset Utilization Theme,by88rqy,2.0,HKG Dataset Utilization Theme,V45896D,1.0,GLB/D1 TOPDIV3000 Power Pool Feb`26,,,,,,,,,,,,,
vRn9q8Yr,REGULAR,PS40111,EQUITY,EUR,TOP2500,1,0,INDUSTRY,0.08,ON,VERIFY,OFF,OFF,FASTEXPR,False,2014-01-01,2023-12-31,"multiply(vec_avg(nws17_comp_d1_ssc), vec_avg(nws17_multiple_comp_d1_relevance))",,3,2026-02-05T13:50:17-05:00,,2026-02-05T13:50:18-05:00,,False,False,,,ace_tag,llm_test,confidence_0.75,DATA_USAGE:SINGLE_DATA_SET,Single Data Set Alpha,,IS,UNSUBMITTED,391121,20000000,182,344,1.6959,0.0038,0.2086,4e-06,0.06,0.0,2014-01-01,1481485.0,20000000.0,454.0,636.0,0.2494,0.0144,0.1471,0.000115,0.05,0.22,-729677.0,20000000.0,182.0,344.0,1.6959,-0.0071,0.1736,-8e-06,-0.01,-0.14,LOW_SHARPE,FAIL,1.58,0.06,LOW_FITNESS,FAIL,1.0,0.0,LOW_TURNOVER,PASS,0.01,1.6959,HIGH_TURNOVER,FAIL,0.7,1.6959,CONCENTRATED_WEIGHT,PASS,LOW_SUB_UNIVERSE_SHARPE,PASS,0.03,0.08,SELF_CORRELATION,PENDING,DATA_DIVERSITY,PENDING,PROD_CORRELATION,PENDING,REGULAR_SUBMISSION,PENDING,LOW_2Y_SHARPE,FAIL,-0.98,1.58,MATCHES_COMPETITION,PENDING,AIACv2,AI Alphas Competition 2.0,PASS,MATCHES_PYRAMID,1,1.5,EUR/D1/NEWS,1.5,WARNING,MATCHES_THEMES,EDrKL34,2.0,JPN Dataset Utilization Theme,M4ZYx3D,2.0,AMR Dataset Utilization Theme,9B3qxZ4,2.0,KOR Dataset Utilization Theme,PBVkEJD,2.0,TWN Dataset Utilization Theme,by88rqy,2.0,HKG Dataset Utilization Theme,V45896D,1.0,GLB/D1 TOPDIV3000 Power Pool Feb`26,,,,,,,,,,,,,
qMkd11rP,REGULAR,PS40111,EQUITY,EUR,TOP2500,1,0,INDUSTRY,0.08,ON,VERIFY,OFF,OFF,FASTEXPR,False,2014-01-01,2023-12-31,"ts_zscore(ts_mean(vec_avg(nws17_comp_d1_ssc),1),5)",,3,2026-02-05T13:50:24-05:00,,2026-02-05T13:50:24-05:00,,False,False,,,ace_tag,llm_test,confidence_0.7,DATA_USAGE:SINGLE_DATA_SET,Single Data Set Alpha,,IS,UNSUBMITTED,-2157027,20000000,181,196,1.5987,-0.0209,0.2625,-2.6e-05,-0.54,-0.06,2014-01-01,-1785771.0,20000000.0,357.0,351.0,0.2912,-0.0173,0.217,-0.000119,-0.09,-0.37,-1869084.0,20000000.0,181.0,196.0,1.5987,-0.0181,0.2476,-2.3e-05,-0.06,-0.53,LOW_SHARPE,FAIL,1.58,-0.54,LOW_FITNESS,FAIL,1.0,-0.06,LOW_TURNOVER,PASS,0.01,1.5987,HIGH_TURNOVER,FAIL,0.7,1.5987,CONCENTRATED_WEIGHT,PASS,LOW_SUB_UNIVERSE_SHARPE,FAIL,-0.28,-0.31,SELF_CORRELATION,PENDING,DATA_DIVERSITY,PENDING,PROD_CORRELATION,PENDING,REGULAR_SUBMISSION,PENDING,LOW_2Y_SHARPE,FAIL,-0.66,1.58,MATCHES_COMPETITION,PENDING,AIACv2,AI Alphas Competition 2.0,PASS,MATCHES_PYRAMID,1,1.5,EUR/D1/NEWS,1.5,WARNING,MATCHES_THEMES,EDrKL34,2.0,JPN Dataset Utilization Theme,M4ZYx3D,2.0,AMR Dataset Utilization Theme,9B3qxZ4,2.0,KOR Dataset Utilization Theme,PBVkEJD,2.0,TWN Dataset Utilization Theme,by88rqy,2.0,HKG Dataset Utilization Theme,V45896D,1.0,GLB/D1 TOPDIV3000 Power Pool Feb`26,,,,,,,,,,,,,
d58mXXXj,REGULAR,PS40111,EQUITY,EUR,TOP2500,1,0,INDUSTRY,0.08,ON,VERIFY,OFF,OFF,FASTEXPR,False,2014-01-01,2023-12-31,"quantile(ts_mean(vec_avg(nws17_multiple_comp_d1_relevance),3))",,3,2026-02-05T13:50:23-05:00,,2026-02-05T13:50:24-05:00,,False,False,,,ace_tag,llm_test,confidence_0.66,DATA_USAGE:SINGLE_DATA_SET,Single Data Set Alpha,,IS,UNSUBMITTED,-695347,20000000,717,708,0.7088,-0.0067,0.094,-1.9e-05,-0.21,-0.02,2014-01-01,-790621.0,20000000.0,1066.0,835.0,0.2256,-0.0077,0.1509,-6.8e-05,-0.04,-0.22,-184145.0,20000000.0,717.0,708.0,0.7088,-0.0018,0.0745,-5e-06,-0.0,-0.08,LOW_SHARPE,FAIL,1.58,-0.21,LOW_FITNESS,FAIL,1.0,-0.02,LOW_TURNOVER,PASS,0.01,0.7088,HIGH_TURNOVER,FAIL,0.7,0.7088,CONCENTRATED_WEIGHT,PASS,LOW_SUB_UNIVERSE_SHARPE,FAIL,-0.11,-0.21,SELF_CORRELATION,PENDING,DATA_DIVERSITY,PENDING,PROD_CORRELATION,PENDING,REGULAR_SUBMISSION,PENDING,LOW_2Y_SHARPE,FAIL,-1.04,1.58,MATCHES_COMPETITION,PENDING,AIACv2,AI Alphas Competition 2.0,PASS,MATCHES_PYRAMID,1,1.5,EUR/D1/NEWS,1.5,WARNING,MATCHES_THEMES,EDrKL34,2.0,JPN Dataset Utilization Theme,M4ZYx3D,2.0,AMR Dataset Utilization Theme,9B3qxZ4,2.0,KOR Dataset Utilization Theme,PBVkEJD,2.0,TWN Dataset Utilization Theme,by88rqy,2.0,HKG Dataset Utilization Theme,V45896D,1.0,GLB/D1 TOPDIV3000 Power Pool Feb`26,,,,,,,,,,,,,
YPwmr6MM,REGULAR,PS40111,EQUITY,EUR,TOP2500,1,0,INDUSTRY,0.08,ON,VERIFY,OFF,OFF,FASTEXPR,False,2014-01-01,2023-12-31,quantile(vec_avg(nws17_multiple_comp_d1_event_text)),,2,2026-02-05T13:50:16-05:00,,2026-02-05T13:50:16-05:00,,False,False,,,ace_tag,llm_test,confidence_0.6,DATA_USAGE:SINGLE_DATA_SET,Single Data Set Alpha,,IS,UNSUBMITTED,1220394,20000000,453,442,0.818,0.0118,0.1168,2.9e-05,0.24,0.03,2014-01-01,322929.0,20000000.0,663.0,835.0,0.1911,0.0031,0.109,3.3e-05,0.01,0.06,594792.0,20000000.0,453.0,442.0,0.818,0.0058,0.0372,1.4e-05,0.02,0.21,LOW_SHARPE,FAIL,1.58,0.24,LOW_FITNESS,FAIL,1.0,0.03,LOW_TURNOVER,PASS,0.01,0.818,HIGH_TURNOVER,FAIL,0.7,0.818,CONCENTRATED_WEIGHT,PASS,LOW_SUB_UNIVERSE_SHARPE,FAIL,0.12,0.06,SELF_CORRELATION,PENDING,DATA_DIVERSITY,PENDING,PROD_CORRELATION,PENDING,REGULAR_SUBMISSION,PENDING,LOW_2Y_SHARPE,FAIL,-0.2,1.58,MATCHES_COMPETITION,PENDING,AIACv2,AI Alphas Competition 2.0,PASS,MATCHES_PYRAMID,1,1.5,EUR/D1/NEWS,1.5,WARNING,MATCHES_THEMES,EDrKL34,2.0,JPN Dataset Utilization Theme,M4ZYx3D,2.0,AMR Dataset Utilization Theme,9B3qxZ4,2.0,KOR Dataset Utilization Theme,PBVkEJD,2.0,TWN Dataset Utilization Theme,by88rqy,2.0,HKG Dataset Utilization Theme,V45896D,1.0,GLB/D1 TOPDIV3000 Power Pool Feb`26,,,,,,,,,,,,,
j2lX2P1E,REGULAR,PS40111,EQUITY,EUR,TOP2500,1,0,INDUSTRY,0.08,ON,VERIFY,OFF,OFF,FASTEXPR,False,2014-01-01,2023-12-31,"zscore(multiply(vec_avg(nws17_comp_d1_ssc), vec_avg(nws17_multiple_comp_d1_relevance)))",Multiply vec_avg(SSC) by vec_avg(relevance) then zscore to emphasize salient SSC signals. Applied SUGGESTION1 and SUGGESTION2. Confidence: 0.56,4,2026-02-05T13:17:25-05:00,,2026-02-05T13:17:29-05:00,,False,False,,,ace_tag,llm_test,confidence_0.76,DATA_USAGE:SINGLE_DATA_SET,Single Data Set Alpha,,IS,UNSUBMITTED,391122,20000000,182,344,1.6959,0.0038,0.2086,4e-06,0.06,0.0,2014-01-01,1481488.0,20000000.0,454.0,636.0,0.2494,0.0144,0.1471,0.000115,0.05,0.22,-729676.0,20000000.0,182.0,344.0,1.6959,-0.0071,0.1736,-8e-06,-0.01,-0.14,LOW_SHARPE,FAIL,1.58,0.06,LOW_FITNESS,FAIL,1.0,0.0,LOW_TURNOVER,PASS,0.01,1.6959,HIGH_TURNOVER,FAIL,0.7,1.6959,CONCENTRATED_WEIGHT,PASS,LOW_SUB_UNIVERSE_SHARPE,PASS,0.03,0.08,SELF_CORRELATION,PENDING,DATA_DIVERSITY,PENDING,PROD_CORRELATION,PENDING,REGULAR_SUBMISSION,PENDING,LOW_2Y_SHARPE,FAIL,-0.98,1.58,MATCHES_COMPETITION,PENDING,AIACv2,AI Alphas Competition 2.0,PASS,MATCHES_PYRAMID,1,1.5,EUR/D1/NEWS,1.5,WARNING,MATCHES_THEMES,EDrKL34,2.0,JPN Dataset Utilization Theme,M4ZYx3D,2.0,AMR Dataset Utilization Theme,9B3qxZ4,2.0,KOR Dataset Utilization Theme,PBVkEJD,2.0,TWN Dataset Utilization Theme,by88rqy,2.0,HKG Dataset Utilization Theme,V45896D,1.0,GLB/D1 TOPDIV3000 Power Pool Feb`26,,,,,,,,,,,,,
rK6L3me9,REGULAR,PS40111,EQUITY,EUR,TOP2500,1,0,INDUSTRY,0.08,ON,VERIFY,OFF,OFF,FASTEXPR,False,2014-01-01,2023-12-31,quantile(reverse(vec_avg(nws17_comp_d1_ssc))),,3,2026-02-05T13:51:45-05:00,,2026-02-05T13:51:45-05:00,,False,False,,,ace_tag,llm_test,confidence_0.71,DATA_USAGE:SINGLE_DATA_SET,Single Data Set Alpha,,IS,UNSUBMITTED,172459,20000000,266,260,1.5625,0.0017,0.1375,2e-06,0.04,0.0,2014-01-01,-34612.0,20000000.0,521.0,534.0,0.2502,-0.0003,0.1461,-3e-06,-0.0,-0.01,947071.0,20000000.0,266.0,260.0,1.5625,0.0092,0.0712,1.2e-05,0.02,0.28,LOW_SHARPE,FAIL,1.58,0.04,LOW_FITNESS,FAIL,1.0,0.0,LOW_TURNOVER,PASS,0.01,1.5625,HIGH_TURNOVER,FAIL,0.7,1.5625,CONCENTRATED_WEIGHT,PASS,LOW_SUB_UNIVERSE_SHARPE,FAIL,0.02,-0.18,SELF_CORRELATION,PENDING,DATA_DIVERSITY,PENDING,PROD_CORRELATION,PENDING,REGULAR_SUBMISSION,PENDING,LOW_2Y_SHARPE,FAIL,0.48,1.58,MATCHES_COMPETITION,PENDING,AIACv2,AI Alphas Competition 2.0,PASS,MATCHES_PYRAMID,1,1.5,EUR/D1/NEWS,1.5,WARNING,MATCHES_THEMES,EDrKL34,2.0,JPN Dataset Utilization Theme,M4ZYx3D,2.0,AMR Dataset Utilization Theme,9B3qxZ4,2.0,KOR Dataset Utilization Theme,PBVkEJD,2.0,TWN Dataset Utilization Theme,by88rqy,2.0,HKG Dataset Utilization Theme,V45896D,1.0,GLB/D1 TOPDIV3000 Power Pool Feb`26,,,,,,,,,,,,,
gJqKAzEO,REGULAR,PS40111,EQUITY,EUR,TOP2500,1,0,INDUSTRY,0.08,ON,VERIFY,OFF,OFF,FASTEXPR,False,2014-01-01,2023-12-31,"multiply(ts_delta(vec_avg(nws17_multiple_comp_d1_relevance),1), reverse(vec_avg(nws17_comp_d1_ssc)))",,5,2026-02-05T13:51:35-05:00,,2026-02-05T13:51:35-05:00,,False,False,,,ace_tag,llm_test,confidence_0.67,DATA_USAGE:SINGLE_DATA_SET,Single Data Set Alpha,,IS,UNSUBMITTED,-507920,20000000,133,154,1.78,-0.0049,0.211,-6e-06,-0.08,-0.0,2014-01-01,-2411380.0,20000000.0,337.0,256.0,0.3034,-0.0234,0.4477,-0.000154,-0.07,-0.27,-104167.0,20000000.0,133.0,154.0,1.78,-0.001,0.1693,-1e-06,-0.0,-0.02,LOW_SHARPE,FAIL,1.58,-0.08,LOW_FITNESS,FAIL,1.0,-0.0,LOW_TURNOVER,PASS,0.01,1.78,HIGH_TURNOVER,FAIL,0.7,1.78,CONCENTRATED_WEIGHT,FAIL,LOW_SUB_UNIVERSE_SHARPE,PASS,-0.04,-0.03,SELF_CORRELATION,PENDING,DATA_DIVERSITY,PENDING,PROD_CORRELATION,PENDING,REGULAR_SUBMISSION,PENDING,LOW_2Y_SHARPE,FAIL,0.31,1.58,MATCHES_COMPETITION,PENDING,AIACv2,AI Alphas Competition 2.0,PASS,MATCHES_PYRAMID,1,1.5,EUR/D1/NEWS,1.5,WARNING,MATCHES_THEMES,EDrKL34,2.0,JPN Dataset Utilization Theme,M4ZYx3D,2.0,AMR Dataset Utilization Theme,9B3qxZ4,2.0,KOR Dataset Utilization Theme,PBVkEJD,2.0,TWN Dataset Utilization Theme,by88rqy,2.0,HKG Dataset Utilization Theme,V45896D,1.0,GLB/D1 TOPDIV3000 Power Pool Feb`26,,,,,,,,,,,2016-12-27,0.1,0.20164
N1W6wkJq,REGULAR,PS40111,EQUITY,EUR,TOP2500,1,0,INDUSTRY,0.08,ON,VERIFY,OFF,OFF,FASTEXPR,False,2014-01-01,2023-12-31,"quantile(ts_backfill(vec_avg(nws17_comp_d1_bee),5))",,3,2026-02-05T13:52:26-05:00,,2026-02-05T13:52:27-05:00,,False,False,,,ace_tag,llm_test,confidence_0.58,DATA_USAGE:SINGLE_DATA_SET,Single Data Set Alpha,,IS,UNSUBMITTED,1988154,20000000,155,813,0.7681,0.0193,0.1096,5e-05,0.51,0.08,2014-01-01,311766.0,20000000.0,471.0,1017.0,0.1756,0.003,0.1223,3.4e-05,0.01,0.07,-101218.0,20000000.0,155.0,813.0,0.7681,-0.001,0.1663,-3e-06,-0.0,-0.03,LOW_SHARPE,FAIL,1.58,0.51,LOW_FITNESS,FAIL,1.0,0.08,LOW_TURNOVER,PASS,0.01,0.7681,HIGH_TURNOVER,FAIL,0.7,0.7681,CONCENTRATED_WEIGHT,PASS,LOW_SUB_UNIVERSE_SHARPE,FAIL,0.27,0.26,SELF_CORRELATION,PENDING,DATA_DIVERSITY,PENDING,PROD_CORRELATION,PENDING,REGULAR_SUBMISSION,PENDING,LOW_2Y_SHARPE,PASS,1.59,1.58,MATCHES_COMPETITION,PENDING,AIACv2,AI Alphas Competition 2.0,PASS,MATCHES_PYRAMID,1,1.5,EUR/D1/NEWS,1.5,WARNING,MATCHES_THEMES,EDrKL34,2.0,JPN Dataset Utilization Theme,M4ZYx3D,2.0,AMR Dataset Utilization Theme,9B3qxZ4,2.0,KOR Dataset Utilization Theme,PBVkEJD,2.0,TWN Dataset Utilization Theme,by88rqy,2.0,HKG Dataset Utilization Theme,V45896D,1.0,GLB/D1 TOPDIV3000 Power Pool Feb`26,,,,,,,,,,,,,
3qYxbdaX,REGULAR,PS40111,EQUITY,EUR,TOP2500,1,0,INDUSTRY,0.08,ON,VERIFY,OFF,OFF,FASTEXPR,False,2014-01-01,2023-12-31,"multiply(ts_backfill(vec_avg(nws17_comp_d1_acb),5), vec_avg(nws17_multiple_comp_d1_relevance))",,4,2026-02-05T13:51:59-05:00,,2026-02-05T13:51:59-05:00,,False,False,,,ace_tag,llm_test,confidence_0.63,DATA_USAGE:SINGLE_DATA_SET,Single Data Set Alpha,,IS,UNSUBMITTED,1705990,20000000,92,328,1.7742,0.0165,0.2691,1.9e-05,0.2,0.02,2014-01-01,-707292.0,20000000.0,283.0,859.0,0.2374,-0.0069,0.3993,-5.8e-05,-0.01,-0.07,1222270.0,20000000.0,92.0,328.0,1.7742,0.0118,0.2505,1.3e-05,0.01,0.16,LOW_SHARPE,FAIL,1.58,0.2,LOW_FITNESS,FAIL,1.0,0.02,LOW_TURNOVER,PASS,0.01,1.7742,HIGH_TURNOVER,FAIL,0.7,1.7742,CONCENTRATED_WEIGHT,FAIL,LOW_SUB_UNIVERSE_SHARPE,PASS,0.1,0.4,SELF_CORRELATION,PENDING,DATA_DIVERSITY,PENDING,PROD_CORRELATION,PENDING,REGULAR_SUBMISSION,PENDING,LOW_2Y_SHARPE,FAIL,-1.04,1.58,MATCHES_COMPETITION,PENDING,AIACv2,AI Alphas Competition 2.0,PASS,MATCHES_PYRAMID,1,1.5,EUR/D1/NEWS,1.5,WARNING,MATCHES_THEMES,EDrKL34,2.0,JPN Dataset Utilization Theme,M4ZYx3D,2.0,AMR Dataset Utilization Theme,9B3qxZ4,2.0,KOR Dataset Utilization Theme,PBVkEJD,2.0,TWN Dataset Utilization Theme,by88rqy,2.0,HKG Dataset Utilization Theme,V45896D,1.0,GLB/D1 TOPDIV3000 Power Pool Feb`26,,,,,,,,,,,2020-12-28,0.1,0.145975
88kro7ml,REGULAR,PS40111,EQUITY,EUR,TOP2500,1,0,INDUSTRY,0.08,ON,VERIFY,OFF,OFF,FASTEXPR,False,2014-01-01,2023-12-31,"trade_when(vec_avg(nws17_comp_d1_ssc), not(is_nan(vec_avg(nws17_multiple_comp_d1_event_text))), NaN)",,5,2026-02-05T13:52:51-05:00,,2026-02-05T13:52:52-05:00,,False,False,,,ace_tag,llm_test,confidence_0.69,DATA_USAGE:SINGLE_DATA_SET,Single Data Set Alpha,,IS,UNSUBMITTED,-147344,20000000,39,1,0.0207,-0.0057,0.2148,-0.00055,-0.04,-0.01,2014-01-01,1034157.0,20000000.0,1559.0,726.0,0.0472,0.0399,0.2195,0.00169,0.14,0.25,-209561.0,20000000.0,39.0,1.0,0.0207,-0.0081,0.1846,-0.000783,-0.02,-0.06,LOW_SHARPE,FAIL,1.58,-0.04,LOW_FITNESS,FAIL,1.0,-0.01,LOW_TURNOVER,PASS,0.01,0.0207,HIGH_TURNOVER,PASS,0.7,0.0207,CONCENTRATED_WEIGHT,FAIL,LOW_SUB_UNIVERSE_SHARPE,PASS,-0.02,0.07,SELF_CORRELATION,PENDING,DATA_DIVERSITY,PENDING,PROD_CORRELATION,PENDING,REGULAR_SUBMISSION,PENDING,LOW_2Y_SHARPE,FAIL,-0.15,1.58,MATCHES_COMPETITION,PENDING,AIACv2,AI Alphas Competition 2.0,PASS,MATCHES_PYRAMID,1,1.5,EUR/D1/NEWS,1.5,WARNING,MATCHES_THEMES,EDrKL34,2.0,JPN Dataset Utilization Theme,M4ZYx3D,2.0,AMR Dataset Utilization Theme,9B3qxZ4,2.0,KOR Dataset Utilization Theme,PBVkEJD,2.0,TWN Dataset Utilization Theme,by88rqy,2.0,HKG Dataset Utilization Theme,V45896D,1.0,GLB/D1 TOPDIV3000 Power Pool Feb`26,,,,,,,,,,,2023-08-16,0.1,0.5
E50b73b1,REGULAR,PS40111,EQUITY,EUR,TOP2500,1,0,INDUSTRY,0.08,ON,VERIFY,OFF,OFF,FASTEXPR,False,2014-01-01,2023-12-31,"ts_returns(vec_avg(nws17_comp_d1_ssc),1)",,2,2026-02-05T13:51:57-05:00,,2026-02-05T13:51:58-05:00,,False,False,,,ace_tag,llm_test,confidence_0.64,DATA_USAGE:SINGLE_DATA_SET,Single Data Set Alpha,,IS,UNSUBMITTED,793573,20000000,92,109,1.7948,0.0077,0.4297,9e-06,0.07,0.0,2014-01-01,938942.0,20000000.0,213.0,296.0,0.3137,0.0091,0.655,5.8e-05,0.01,0.06,-2974269.0,20000000.0,92.0,109.0,1.7948,-0.0288,0.4121,-3.2e-05,-0.04,-0.28,LOW_SHARPE,FAIL,1.58,0.07,LOW_FITNESS,FAIL,1.0,0.0,LOW_TURNOVER,PASS,0.01,1.7948,HIGH_TURNOVER,FAIL,0.7,1.7948,CONCENTRATED_WEIGHT,FAIL,LOW_SUB_UNIVERSE_SHARPE,PASS,0.04,0.28,SELF_CORRELATION,PENDING,DATA_DIVERSITY,PENDING,PROD_CORRELATION,PENDING,REGULAR_SUBMISSION,PENDING,LOW_2Y_SHARPE,FAIL,0.38,1.58,MATCHES_COMPETITION,PENDING,AIACv2,AI Alphas Competition 2.0,PASS,MATCHES_PYRAMID,1,1.5,EUR/D1/NEWS,1.5,WARNING,MATCHES_THEMES,EDrKL34,2.0,JPN Dataset Utilization Theme,M4ZYx3D,2.0,AMR Dataset Utilization Theme,9B3qxZ4,2.0,KOR Dataset Utilization Theme,PBVkEJD,2.0,TWN Dataset Utilization Theme,by88rqy,2.0,HKG Dataset Utilization Theme,V45896D,1.0,GLB/D1 TOPDIV3000 Power Pool Feb`26,,,,,,,,,,,2023-04-21,0.1,0.5
vRn9qVMG,REGULAR,PS40111,EQUITY,EUR,TOP2500,1,0,INDUSTRY,0.08,ON,VERIFY,OFF,OFF,FASTEXPR,False,2014-01-01,2023-12-31,reverse(days_from_last_change(vec_avg(nws17_multiple_comp_d1_relevance))),,3,2026-02-05T13:51:34-05:00,,2026-02-05T13:51:35-05:00,,False,False,,,ace_tag,llm_test,confidence_0.62,DATA_USAGE:SINGLE_DATA_SET,Single Data Set Alpha,,IS,UNSUBMITTED,2390157,20000000,2432,382,0.0359,0.0232,0.149,0.001292,0.37,0.16,2014-01-01,2765290.0,20000000.0,2297.0,524.0,0.0272,0.0268,0.1438,0.001973,0.2,0.43,1416309.0,20000000.0,2432.0,382.0,0.0359,0.0137,0.0542,0.000766,0.15,0.46,LOW_SHARPE,FAIL,1.58,0.37,LOW_FITNESS,FAIL,1.0,0.16,LOW_TURNOVER,PASS,0.01,0.0359,HIGH_TURNOVER,PASS,0.7,0.0359,CONCENTRATED_WEIGHT,PASS,LOW_SUB_UNIVERSE_SHARPE,PASS,0.19,0.4,SELF_CORRELATION,PENDING,DATA_DIVERSITY,PENDING,PROD_CORRELATION,PENDING,REGULAR_SUBMISSION,PENDING,LOW_2Y_SHARPE,FAIL,1.35,1.58,MATCHES_COMPETITION,PENDING,AIACv2,AI Alphas Competition 2.0,PASS,MATCHES_PYRAMID,1,1.5,EUR/D1/NEWS,1.5,WARNING,MATCHES_THEMES,EDrKL34,2.0,JPN Dataset Utilization Theme,M4ZYx3D,2.0,AMR Dataset Utilization Theme,9B3qxZ4,2.0,KOR Dataset Utilization Theme,PBVkEJD,2.0,TWN Dataset Utilization Theme,by88rqy,2.0,HKG Dataset Utilization Theme,V45896D,1.0,GLB/D1 TOPDIV3000 Power Pool Feb`26,,,,,,,,,,,,,
qMkd1ZkZ,REGULAR,PS40111,EQUITY,EUR,TOP2500,1,0,INDUSTRY,0.08,ON,VERIFY,OFF,OFF,FASTEXPR,False,2014-01-01,2023-12-31,"multiply(vec_avg(nws17_multiple_comp_d1_event_text), abs(vec_avg(nws17_comp_d1_ssc)))",,4,2026-02-05T13:51:37-05:00,,2026-02-05T13:51:37-05:00,,False,False,,,ace_tag,llm_test,confidence_0.66,DATA_USAGE:SINGLE_DATA_SET,Single Data Set Alpha,,IS,UNSUBMITTED,-399712,20000000,220,306,1.6075,-0.0039,0.1492,-5e-06,-0.09,-0.0,2014-01-01,-769852.0,20000000.0,524.0,543.0,0.2532,-0.0075,0.1044,-5.9e-05,-0.02,-0.14,-700578.0,20000000.0,220.0,306.0,1.6075,-0.0068,0.1294,-8e-06,-0.01,-0.19,LOW_SHARPE,FAIL,1.58,-0.09,LOW_FITNESS,FAIL,1.0,-0.0,LOW_TURNOVER,PASS,0.01,1.6075,HIGH_TURNOVER,FAIL,0.7,1.6075,CONCENTRATED_WEIGHT,PASS,LOW_SUB_UNIVERSE_SHARPE,PASS,-0.05,0.36,SELF_CORRELATION,PENDING,DATA_DIVERSITY,PENDING,PROD_CORRELATION,PENDING,REGULAR_SUBMISSION,PENDING,LOW_2Y_SHARPE,FAIL,0.03,1.58,MATCHES_COMPETITION,PENDING,AIACv2,AI Alphas Competition 2.0,PASS,MATCHES_PYRAMID,1,1.5,EUR/D1/NEWS,1.5,WARNING,MATCHES_THEMES,EDrKL34,2.0,JPN Dataset Utilization Theme,M4ZYx3D,2.0,AMR Dataset Utilization Theme,9B3qxZ4,2.0,KOR Dataset Utilization Theme,PBVkEJD,2.0,TWN Dataset Utilization Theme,by88rqy,2.0,HKG Dataset Utilization Theme,V45896D,1.0,GLB/D1 TOPDIV3000 Power Pool Feb`26,,,,,,,,,,,,,
gJqKA3mQ,REGULAR,PS40111,EQUITY,EUR,TOP2500,1,0,INDUSTRY,0.08,ON,VERIFY,OFF,OFF,FASTEXPR,False,2014-01-01,2023-12-31,"ts_zscore(ts_mean(vec_avg(nws17_multiple_comp_d1_relevance),7),7)",,3,2026-02-05T13:55:03-05:00,,2026-02-05T13:55:03-05:00,,False,False,,,ace_tag,llm_test,confidence_0.67,DATA_USAGE:SINGLE_DATA_SET,Single Data Set Alpha,,IS,UNSUBMITTED,118005,20000000,772,780,0.7126,0.0011,0.0589,3e-06,0.05,0.0,2014-01-01,7470.0,20000000.0,902.0,905.0,0.2622,0.0001,0.1045,1e-06,0.0,0.0,-72658.0,20000000.0,772.0,780.0,0.7126,-0.0007,0.0674,-2e-06,-0.0,-0.04,LOW_SHARPE,FAIL,1.58,0.05,LOW_FITNESS,FAIL,1.0,0.0,LOW_TURNOVER,PASS,0.01,0.7126,HIGH_TURNOVER,FAIL,0.7,0.7126,CONCENTRATED_WEIGHT,PASS,LOW_SUB_UNIVERSE_SHARPE,PASS,0.03,0.34,SELF_CORRELATION,PENDING,DATA_DIVERSITY,PENDING,PROD_CORRELATION,PENDING,REGULAR_SUBMISSION,PENDING,LOW_2Y_SHARPE,FAIL,0.29,1.58,MATCHES_COMPETITION,PENDING,AIACv2,AI Alphas Competition 2.0,PASS,MATCHES_PYRAMID,1,1.5,EUR/D1/NEWS,1.5,WARNING,MATCHES_THEMES,EDrKL34,2.0,JPN Dataset Utilization Theme,M4ZYx3D,2.0,AMR Dataset Utilization Theme,9B3qxZ4,2.0,KOR Dataset Utilization Theme,PBVkEJD,2.0,TWN Dataset Utilization Theme,by88rqy,2.0,HKG Dataset Utilization Theme,V45896D,1.0,GLB/D1 TOPDIV3000 Power Pool Feb`26,,,,,,,,,,,,,
ak2lYAxW,REGULAR,PS40111,EQUITY,EUR,TOP2500,1,0,INDUSTRY,0.08,ON,VERIFY,OFF,OFF,FASTEXPR,False,2014-01-01,2023-12-31,"ts_arg_min(vec_avg(nws17_comp_d1_ssc),5)",,2,2026-02-05T13:54:15-05:00,,2026-02-05T13:54:16-05:00,,False,False,,,ace_tag,llm_test,confidence_0.59,DATA_USAGE:SINGLE_DATA_SET,Single Data Set Alpha,,IS,UNSUBMITTED,-1817534,20000000,583,557,1.1042,-0.0176,0.2014,-3.2e-05,-0.74,-0.09,2014-01-01,311428.0,20000000.0,636.0,834.0,0.2472,0.003,0.1128,2.4e-05,0.01,0.1,-860537.0,20000000.0,583.0,557.0,1.1042,-0.0083,0.1424,-1.5e-05,-0.04,-0.41,LOW_SHARPE,FAIL,1.58,-0.74,LOW_FITNESS,FAIL,1.0,-0.09,LOW_TURNOVER,PASS,0.01,1.1042,HIGH_TURNOVER,FAIL,0.7,1.1042,CONCENTRATED_WEIGHT,PASS,LOW_SUB_UNIVERSE_SHARPE,PASS,-0.38,-0.29,SELF_CORRELATION,PENDING,DATA_DIVERSITY,PENDING,PROD_CORRELATION,PENDING,REGULAR_SUBMISSION,PENDING,LOW_2Y_SHARPE,FAIL,-0.74,1.58,MATCHES_COMPETITION,PENDING,AIACv2,AI Alphas Competition 2.0,PASS,MATCHES_PYRAMID,1,1.5,EUR/D1/NEWS,1.5,WARNING,MATCHES_THEMES,EDrKL34,2.0,JPN Dataset Utilization Theme,M4ZYx3D,2.0,AMR Dataset Utilization Theme,9B3qxZ4,2.0,KOR Dataset Utilization Theme,PBVkEJD,2.0,TWN Dataset Utilization Theme,by88rqy,2.0,HKG Dataset Utilization Theme,V45896D,1.0,GLB/D1 TOPDIV3000 Power Pool Feb`26,,,,,,,,,,,,,
MPlXW5Jz,REGULAR,PS40111,EQUITY,EUR,TOP2500,1,0,INDUSTRY,0.08,ON,VERIFY,OFF,OFF,FASTEXPR,False,2014-01-01,2023-12-31,"ts_max_diff(vec_avg(nws17_multiple_comp_d1_relevance),5)",,2,2026-02-05T13:54:04-05:00,,2026-02-05T13:54:05-05:00,,False,False,,,ace_tag,llm_test,confidence_0.65,DATA_USAGE:SINGLE_DATA_SET,Single Data Set Alpha,,IS,UNSUBMITTED,656129,20000000,578,301,1.4305,0.0064,0.1215,9e-06,0.19,0.01,2014-01-01,462519.0,20000000.0,871.0,597.0,0.3545,0.0045,0.0739,2.5e-05,0.01,0.12,123543.0,20000000.0,578.0,301.0,1.4305,0.0012,0.0913,2e-06,0.0,0.04,LOW_SHARPE,FAIL,1.58,0.19,LOW_FITNESS,FAIL,1.0,0.01,LOW_TURNOVER,PASS,0.01,1.4305,HIGH_TURNOVER,FAIL,0.7,1.4305,CONCENTRATED_WEIGHT,PASS,LOW_SUB_UNIVERSE_SHARPE,FAIL,0.1,0.05,SELF_CORRELATION,PENDING,DATA_DIVERSITY,PENDING,PROD_CORRELATION,PENDING,REGULAR_SUBMISSION,PENDING,LOW_2Y_SHARPE,FAIL,-0.74,1.58,MATCHES_COMPETITION,PENDING,AIACv2,AI Alphas Competition 2.0,PASS,MATCHES_PYRAMID,1,1.5,EUR/D1/NEWS,1.5,WARNING,MATCHES_THEMES,EDrKL34,2.0,JPN Dataset Utilization Theme,M4ZYx3D,2.0,AMR Dataset Utilization Theme,9B3qxZ4,2.0,KOR Dataset Utilization Theme,PBVkEJD,2.0,TWN Dataset Utilization Theme,by88rqy,2.0,HKG Dataset Utilization Theme,V45896D,1.0,GLB/D1 TOPDIV3000 Power Pool Feb`26,,,,,,,,,,,,,
RRZY329d,REGULAR,PS40111,EQUITY,EUR,TOP2500,1,0,INDUSTRY,0.08,ON,VERIFY,OFF,OFF,FASTEXPR,False,2014-01-01,2023-12-31,vec_avg(nws17_multiple_comp_d1_event_text),,1,2026-02-05T13:54:17-05:00,,2026-02-05T13:54:18-05:00,,False,False,,,ace_tag,llm_test,confidence_0.61,DATA_USAGE:SINGLE_DATA_SET,Single Data Set Alpha,,IS,UNSUBMITTED,1392717,20000000,420,473,0.8356,0.0135,0.1183,3.2e-05,0.27,0.03,2014-01-01,438577.0,20000000.0,597.0,910.0,0.1981,0.0042,0.12,4.3e-05,0.01,0.08,787004.0,20000000.0,420.0,473.0,0.8356,0.0076,0.0469,1.8e-05,0.03,0.29,LOW_SHARPE,FAIL,1.58,0.27,LOW_FITNESS,FAIL,1.0,0.03,LOW_TURNOVER,PASS,0.01,0.8356,HIGH_TURNOVER,FAIL,0.7,0.8356,CONCENTRATED_WEIGHT,PASS,LOW_SUB_UNIVERSE_SHARPE,PASS,0.14,0.2,SELF_CORRELATION,PENDING,DATA_DIVERSITY,PENDING,PROD_CORRELATION,PENDING,REGULAR_SUBMISSION,PENDING,LOW_2Y_SHARPE,FAIL,-0.2,1.58,MATCHES_COMPETITION,PENDING,AIACv2,AI Alphas Competition 2.0,PASS,MATCHES_PYRAMID,1,1.5,EUR/D1/NEWS,1.5,WARNING,MATCHES_THEMES,EDrKL34,2.0,JPN Dataset Utilization Theme,M4ZYx3D,2.0,AMR Dataset Utilization Theme,9B3qxZ4,2.0,KOR Dataset Utilization Theme,PBVkEJD,2.0,TWN Dataset Utilization Theme,by88rqy,2.0,HKG Dataset Utilization Theme,V45896D,1.0,GLB/D1 TOPDIV3000 Power Pool Feb`26,,,,,,,,,,,,,
omwvp3oJ,REGULAR,PS40111,EQUITY,EUR,TOP2500,1,0,INDUSTRY,0.08,ON,VERIFY,OFF,OFF,FASTEXPR,False,2014-01-01,2023-12-31,"ts_decay_linear(vec_avg(nws17_multiple_comp_d1_relevance),3)",,2,2026-02-05T13:54:16-05:00,,2026-02-05T13:54:16-05:00,,False,False,,,ace_tag,llm_test,confidence_0.64,DATA_USAGE:SINGLE_DATA_SET,Single Data Set Alpha,,IS,UNSUBMITTED,-344157,20000000,377,515,1.2786,-0.0033,0.1577,-5e-06,-0.08,-0.0,2014-01-01,-989855.0,20000000.0,760.0,745.0,0.2776,-0.0096,0.1914,-6.9e-05,-0.04,-0.22,895419.0,20000000.0,377.0,515.0,1.2786,0.0087,0.0775,1.4e-05,0.02,0.3,LOW_SHARPE,FAIL,1.58,-0.08,LOW_FITNESS,FAIL,1.0,-0.0,LOW_TURNOVER,PASS,0.01,1.2786,HIGH_TURNOVER,FAIL,0.7,1.2786,CONCENTRATED_WEIGHT,PASS,LOW_SUB_UNIVERSE_SHARPE,FAIL,-0.04,-0.09,SELF_CORRELATION,PENDING,DATA_DIVERSITY,PENDING,PROD_CORRELATION,PENDING,REGULAR_SUBMISSION,PENDING,LOW_2Y_SHARPE,FAIL,-0.69,1.58,MATCHES_COMPETITION,PENDING,AIACv2,AI Alphas Competition 2.0,PASS,MATCHES_PYRAMID,1,1.5,EUR/D1/NEWS,1.5,WARNING,MATCHES_THEMES,EDrKL34,2.0,JPN Dataset Utilization Theme,M4ZYx3D,2.0,AMR Dataset Utilization Theme,9B3qxZ4,2.0,KOR Dataset Utilization Theme,PBVkEJD,2.0,TWN Dataset Utilization Theme,by88rqy,2.0,HKG Dataset Utilization Theme,V45896D,1.0,GLB/D1 TOPDIV3000 Power Pool Feb`26,,,,,,,,,,,,,
E50b7gxP,REGULAR,PS40111,EQUITY,EUR,TOP2500,1,0,INDUSTRY,0.08,ON,VERIFY,OFF,OFF,FASTEXPR,False,2014-01-01,2023-12-31,vec_stddev(nws17_comp_d1_ssc),,1,2026-02-05T13:54:19-05:00,,2026-02-05T13:54:20-05:00,,False,False,,,ace_tag,llm_test,confidence_0.62,DATA_USAGE:SINGLE_DATA_SET,Single Data Set Alpha,,IS,UNSUBMITTED,1095298,20000000,140,178,1.5919,0.0106,0.1991,1.3e-05,0.19,0.02,2014-01-01,1397531.0,20000000.0,322.0,468.0,0.2614,0.0135,0.1163,0.000104,0.05,0.2,-536896.0,20000000.0,140.0,178.0,1.5919,-0.0052,0.2335,-7e-06,-0.01,-0.11,LOW_SHARPE,FAIL,1.58,0.19,LOW_FITNESS,FAIL,1.0,0.02,LOW_TURNOVER,PASS,0.01,1.5919,HIGH_TURNOVER,FAIL,0.7,1.5919,CONCENTRATED_WEIGHT,PASS,LOW_SUB_UNIVERSE_SHARPE,FAIL,0.1,-0.09,SELF_CORRELATION,PENDING,DATA_DIVERSITY,PENDING,PROD_CORRELATION,PENDING,REGULAR_SUBMISSION,PENDING,LOW_2Y_SHARPE,FAIL,0.76,1.58,MATCHES_COMPETITION,PENDING,AIACv2,AI Alphas Competition 2.0,PASS,MATCHES_PYRAMID,1,1.5,EUR/D1/NEWS,1.5,WARNING,MATCHES_THEMES,EDrKL34,2.0,JPN Dataset Utilization Theme,M4ZYx3D,2.0,AMR Dataset Utilization Theme,9B3qxZ4,2.0,KOR Dataset Utilization Theme,PBVkEJD,2.0,TWN Dataset Utilization Theme,by88rqy,2.0,HKG Dataset Utilization Theme,V45896D,1.0,GLB/D1 TOPDIV3000 Power Pool Feb`26,,,,,,,,,,,,,
j2lXEglQ,REGULAR,PS40111,EQUITY,EUR,TOP2500,1,0,INDUSTRY,0.08,ON,VERIFY,OFF,OFF,FASTEXPR,False,2014-01-01,2023-12-31,"multiply(vec_avg(nws17_multiple_comp_d1_relevance), vec_avg(nws17_multiple_comp_d1_event_text))",,3,2026-02-05T13:55:01-05:00,,2026-02-05T13:55:01-05:00,,False,False,,,ace_tag,llm_test,confidence_0.68,DATA_USAGE:SINGLE_DATA_SET,Single Data Set Alpha,,IS,UNSUBMITTED,-318040,20000000,378,517,1.4074,-0.0031,0.1518,-4e-06,-0.08,-0.0,2014-01-01,-798549.0,20000000.0,764.0,732.0,0.3072,-0.0077,0.1842,-5e-05,-0.03,-0.18,485843.0,20000000.0,378.0,517.0,1.4074,0.0047,0.0943,7e-06,0.01,0.17,LOW_SHARPE,FAIL,1.58,-0.08,LOW_FITNESS,FAIL,1.0,-0.0,LOW_TURNOVER,PASS,0.01,1.4074,HIGH_TURNOVER,FAIL,0.7,1.4074,CONCENTRATED_WEIGHT,PASS,LOW_SUB_UNIVERSE_SHARPE,FAIL,-0.04,-0.06,SELF_CORRELATION,PENDING,DATA_DIVERSITY,PENDING,PROD_CORRELATION,PENDING,REGULAR_SUBMISSION,PENDING,LOW_2Y_SHARPE,FAIL,-0.77,1.58,MATCHES_COMPETITION,PENDING,AIACv2,AI Alphas Competition 2.0,PASS,MATCHES_PYRAMID,1,1.5,EUR/D1/NEWS,1.5,WARNING,MATCHES_THEMES,EDrKL34,2.0,JPN Dataset Utilization Theme,M4ZYx3D,2.0,AMR Dataset Utilization Theme,9B3qxZ4,2.0,KOR Dataset Utilization Theme,PBVkEJD,2.0,TWN Dataset Utilization Theme,by88rqy,2.0,HKG Dataset Utilization Theme,V45896D,1.0,GLB/D1 TOPDIV3000 Power Pool Feb`26,,,,,,,,,,,,,
3qYxbdaX,REGULAR,PS40111,EQUITY,EUR,TOP2500,1,0,INDUSTRY,0.08,ON,VERIFY,OFF,OFF,FASTEXPR,False,2014-01-01,2023-12-31,"multiply(ts_backfill(vec_avg(nws17_comp_d1_acb),5), vec_avg(nws17_multiple_comp_d1_relevance))","Used nws17_comp_d1_acb (coverage <0.6) with ts_backfill as per SUGGESTION3 and vec_avg per SUGGESTION2, combined with relevance vec_avg. SUGGESTION1 used two fields. KEEP_IN_MIND: two fields, short chain. Rationale: BER classifier (ACB) multiplied by prominence gives focused earnings signal. confidence: 0.63",4,2026-02-05T13:51:59-05:00,,2026-02-05T13:52:04-05:00,,False,False,,,ace_tag,llm_test,confidence_0.64,DATA_USAGE:SINGLE_DATA_SET,Single Data Set Alpha,,IS,UNSUBMITTED,1705990,20000000,92,328,1.7742,0.0165,0.2691,1.9e-05,0.2,0.02,2014-01-01,-707292.0,20000000.0,283.0,859.0,0.2374,-0.0069,0.3993,-5.8e-05,-0.01,-0.07,1222270.0,20000000.0,92.0,328.0,1.7742,0.0118,0.2505,1.3e-05,0.01,0.16,LOW_SHARPE,FAIL,1.58,0.2,LOW_FITNESS,FAIL,1.0,0.02,LOW_TURNOVER,PASS,0.01,1.7742,HIGH_TURNOVER,FAIL,0.7,1.7742,CONCENTRATED_WEIGHT,FAIL,LOW_SUB_UNIVERSE_SHARPE,PASS,0.1,0.4,SELF_CORRELATION,PENDING,DATA_DIVERSITY,PENDING,PROD_CORRELATION,PENDING,REGULAR_SUBMISSION,PENDING,LOW_2Y_SHARPE,FAIL,-1.04,1.58,MATCHES_COMPETITION,PENDING,AIACv2,AI Alphas Competition 2.0,PASS,MATCHES_PYRAMID,1,1.5,EUR/D1/NEWS,1.5,WARNING,MATCHES_THEMES,EDrKL34,2.0,JPN Dataset Utilization Theme,M4ZYx3D,2.0,AMR Dataset Utilization Theme,9B3qxZ4,2.0,KOR Dataset Utilization Theme,PBVkEJD,2.0,TWN Dataset Utilization Theme,by88rqy,2.0,HKG Dataset Utilization Theme,V45896D,1.0,GLB/D1 TOPDIV3000 Power Pool Feb`26,,,,,,,,,,,2020-12-28,0.1,0.145975
gJqKAQO0,REGULAR,PS40111,EQUITY,EUR,TOP2500,1,0,INDUSTRY,0.08,ON,VERIFY,OFF,OFF,FASTEXPR,False,2014-01-01,2023-12-31,"trade_when(vec_avg(nws17_comp_d1_ssc), greater(vec_avg(nws17_multiple_comp_d1_event_text),0), NaN)",,4,2026-02-05T13:56:47-05:00,,2026-02-05T13:56:47-05:00,,False,False,,,ace_tag,llm_test,confidence_0.67,DATA_USAGE:SINGLE_DATA_SET,Single Data Set Alpha,,IS,UNSUBMITTED,0,0,0,0,0.0,0.0,0.0,0.0,0.0,,2014-01-01,,,,,,,,,,,,,,,,,,,,,LOW_SHARPE,FAIL,1.58,0.0,LOW_FITNESS,ERROR,1.0,,LOW_TURNOVER,FAIL,0.01,0.0,HIGH_TURNOVER,PASS,0.7,0.0,CONCENTRATED_WEIGHT,FAIL,LOW_SUB_UNIVERSE_SHARPE,ERROR,,,SELF_CORRELATION,PENDING,DATA_DIVERSITY,PENDING,PROD_CORRELATION,PENDING,REGULAR_SUBMISSION,PENDING,IS_LADDER_SHARPE,PENDING,,,MATCHES_COMPETITION,PENDING,AIACv2,AI Alphas Competition 2.0,PASS,MATCHES_PYRAMID,1,1.5,EUR/D1/NEWS,1.5,WARNING,MATCHES_THEMES,EDrKL34,2.0,JPN Dataset Utilization Theme,M4ZYx3D,2.0,AMR Dataset Utilization Theme,9B3qxZ4,2.0,KOR Dataset Utilization Theme,PBVkEJD,2.0,TWN Dataset Utilization Theme,by88rqy,2.0,HKG Dataset Utilization Theme,V45896D,1.0,GLB/D1 TOPDIV3000 Power Pool Feb`26,,,,,,,,,,,,,
WjwdqP5d,REGULAR,PS40111,EQUITY,EUR,TOP2500,1,0,INDUSTRY,0.08,ON,VERIFY,OFF,OFF,FASTEXPR,False,2014-01-01,2023-12-31,sign(vec_avg(nws17_comp_d1_ssc)),,2,2026-02-05T13:57:04-05:00,,2026-02-05T13:57:05-05:00,,False,False,,,ace_tag,llm_test,confidence_0.63,DATA_USAGE:SINGLE_DATA_SET,Single Data Set Alpha,,IS,UNSUBMITTED,-91860,20000000,295,209,1.4299,-0.0009,0.101,-1e-06,-0.02,-0.0,2014-01-01,191724.0,20000000.0,507.0,556.0,0.2288,0.0019,0.173,1.6e-05,0.0,0.04,-804529.0,20000000.0,295.0,209.0,1.4299,-0.0078,0.1155,-1.1e-05,-0.02,-0.25,LOW_SHARPE,FAIL,1.58,-0.02,LOW_FITNESS,FAIL,1.0,-0.0,LOW_TURNOVER,PASS,0.01,1.4299,HIGH_TURNOVER,FAIL,0.7,1.4299,CONCENTRATED_WEIGHT,PASS,LOW_SUB_UNIVERSE_SHARPE,FAIL,-0.01,-0.04,SELF_CORRELATION,PENDING,DATA_DIVERSITY,PENDING,PROD_CORRELATION,PENDING,REGULAR_SUBMISSION,PENDING,LOW_2Y_SHARPE,FAIL,-0.62,1.58,MATCHES_COMPETITION,PENDING,AIACv2,AI Alphas Competition 2.0,PASS,MATCHES_PYRAMID,1,1.5,EUR/D1/NEWS,1.5,WARNING,MATCHES_THEMES,EDrKL34,2.0,JPN Dataset Utilization Theme,M4ZYx3D,2.0,AMR Dataset Utilization Theme,9B3qxZ4,2.0,KOR Dataset Utilization Theme,PBVkEJD,2.0,TWN Dataset Utilization Theme,by88rqy,2.0,HKG Dataset Utilization Theme,V45896D,1.0,GLB/D1 TOPDIV3000 Power Pool Feb`26,,,,,,,,,,,,,
gJqKAZ8e,REGULAR,PS40111,EQUITY,EUR,TOP2500,1,0,INDUSTRY,0.08,ON,VERIFY,OFF,OFF,FASTEXPR,False,2014-01-01,2023-12-31,"if_else(less(vec_stddev(nws17_comp_d1_ssc),0.2), vec_avg(nws17_comp_d1_ssc), NaN)",,4,2026-02-05T13:57:34-05:00,,2026-02-05T13:57:35-05:00,,False,False,,,ace_tag,llm_test,confidence_0.6,DATA_USAGE:SINGLE_DATA_SET,Single Data Set Alpha,,IS,UNSUBMITTED,393133,20000000,151,170,1.6278,0.0038,0.1401,5e-06,0.07,0.0,2014-01-01,59125.0,20000000.0,413.0,371.0,0.2465,0.0006,0.1514,5e-06,0.0,0.01,-627802.0,20000000.0,151.0,170.0,1.6278,-0.0061,0.2047,-7e-06,-0.01,-0.13,LOW_SHARPE,FAIL,1.58,0.07,LOW_FITNESS,FAIL,1.0,0.0,LOW_TURNOVER,PASS,0.01,1.6278,HIGH_TURNOVER,FAIL,0.7,1.6278,CONCENTRATED_WEIGHT,PASS,LOW_SUB_UNIVERSE_SHARPE,PASS,0.04,0.1,SELF_CORRELATION,PENDING,DATA_DIVERSITY,PENDING,PROD_CORRELATION,PENDING,REGULAR_SUBMISSION,PENDING,LOW_2Y_SHARPE,FAIL,0.25,1.58,MATCHES_COMPETITION,PENDING,AIACv2,AI Alphas Competition 2.0,PASS,MATCHES_PYRAMID,1,1.5,EUR/D1/NEWS,1.5,WARNING,MATCHES_THEMES,EDrKL34,2.0,JPN Dataset Utilization Theme,M4ZYx3D,2.0,AMR Dataset Utilization Theme,9B3qxZ4,2.0,KOR Dataset Utilization Theme,PBVkEJD,2.0,TWN Dataset Utilization Theme,by88rqy,2.0,HKG Dataset Utilization Theme,V45896D,1.0,GLB/D1 TOPDIV3000 Power Pool Feb`26,,,,,,,,,,,,,
MPlXWava,REGULAR,PS40111,EQUITY,EUR,TOP2500,1,0,INDUSTRY,0.08,ON,VERIFY,OFF,OFF,FASTEXPR,False,2014-01-01,2023-12-31,"ts_covariance(vec_avg(nws17_comp_d1_ssc), vec_avg(nws17_multiple_comp_d1_relevance),5)",,3,2026-02-05T13:57:22-05:00,,2026-02-05T13:57:23-05:00,,False,False,,,ace_tag,llm_test,confidence_0.66,DATA_USAGE:SINGLE_DATA_SET,Single Data Set Alpha,,IS,UNSUBMITTED,3971326,20000000,405,266,0.8368,0.0385,0.0761,9.2e-05,0.78,0.17,2014-01-01,4142348.0,20000000.0,591.0,391.0,0.1854,0.0401,0.1476,0.000433,0.27,0.59,3100685.0,20000000.0,405.0,266.0,0.8368,0.03,0.0876,7.2e-05,0.12,0.66,LOW_SHARPE,FAIL,1.58,0.78,LOW_FITNESS,FAIL,1.0,0.17,LOW_TURNOVER,PASS,0.01,0.8368,HIGH_TURNOVER,FAIL,0.7,0.8368,CONCENTRATED_WEIGHT,PASS,LOW_SUB_UNIVERSE_SHARPE,PASS,0.41,0.59,SELF_CORRELATION,PENDING,DATA_DIVERSITY,PENDING,PROD_CORRELATION,PENDING,REGULAR_SUBMISSION,PENDING,LOW_2Y_SHARPE,FAIL,0.61,1.58,MATCHES_COMPETITION,PENDING,AIACv2,AI Alphas Competition 2.0,PASS,MATCHES_PYRAMID,1,1.5,EUR/D1/NEWS,1.5,WARNING,MATCHES_THEMES,EDrKL34,2.0,JPN Dataset Utilization Theme,M4ZYx3D,2.0,AMR Dataset Utilization Theme,9B3qxZ4,2.0,KOR Dataset Utilization Theme,PBVkEJD,2.0,TWN Dataset Utilization Theme,by88rqy,2.0,HKG Dataset Utilization Theme,V45896D,1.0,GLB/D1 TOPDIV3000 Power Pool Feb`26,,,,,,,,,,,,,
Jj0mwQWA,REGULAR,PS40111,EQUITY,EUR,TOP2500,1,0,INDUSTRY,0.08,ON,VERIFY,OFF,OFF,FASTEXPR,False,2014-01-01,2023-12-31,"quantile(multiply(vec_avg(nws17_multiple_comp_d1_event_text), vec_avg(nws17_multiple_comp_d1_relevance)))",,4,2026-02-05T13:57:38-05:00,,2026-02-05T13:57:39-05:00,,False,False,,,ace_tag,llm_test,confidence_0.67,DATA_USAGE:SINGLE_DATA_SET,Single Data Set Alpha,,IS,UNSUBMITTED,-401805,20000000,445,450,1.5222,-0.0039,0.1375,-5e-06,-0.1,-0.01,2014-01-01,-1199005.0,20000000.0,715.0,771.0,0.334,-0.0116,0.203,-7e-05,-0.05,-0.29,46887.0,20000000.0,445.0,450.0,1.5222,0.0005,0.0807,1e-06,0.0,0.02,LOW_SHARPE,FAIL,1.58,-0.1,LOW_FITNESS,FAIL,1.0,-0.01,LOW_TURNOVER,PASS,0.01,1.5222,HIGH_TURNOVER,FAIL,0.7,1.5222,CONCENTRATED_WEIGHT,PASS,LOW_SUB_UNIVERSE_SHARPE,FAIL,-0.05,-0.24,SELF_CORRELATION,PENDING,DATA_DIVERSITY,PENDING,PROD_CORRELATION,PENDING,REGULAR_SUBMISSION,PENDING,LOW_2Y_SHARPE,FAIL,-0.71,1.58,MATCHES_COMPETITION,PENDING,AIACv2,AI Alphas Competition 2.0,PASS,MATCHES_PYRAMID,1,1.5,EUR/D1/NEWS,1.5,WARNING,MATCHES_THEMES,EDrKL34,2.0,JPN Dataset Utilization Theme,M4ZYx3D,2.0,AMR Dataset Utilization Theme,9B3qxZ4,2.0,KOR Dataset Utilization Theme,PBVkEJD,2.0,TWN Dataset Utilization Theme,by88rqy,2.0,HKG Dataset Utilization Theme,V45896D,1.0,GLB/D1 TOPDIV3000 Power Pool Feb`26,,,,,,,,,,,,,
3qYxb970,REGULAR,PS40111,EQUITY,EUR,TOP2500,1,0,INDUSTRY,0.08,ON,VERIFY,OFF,OFF,FASTEXPR,False,2014-01-01,2023-12-31,"quantile(reverse(ts_backfill(vec_avg(nws17_comp_d1_bee),5)))",,4,2026-02-05T13:56:54-05:00,,2026-02-05T13:56:54-05:00,,False,False,,,ace_tag,llm_test,confidence_0.55,DATA_USAGE:SINGLE_DATA_SET,Single Data Set Alpha,,IS,UNSUBMITTED,-1988156,20000000,813,155,0.7681,-0.0193,0.2212,-5e-05,-0.51,-0.08,2014-01-01,-311765.0,20000000.0,1017.0,471.0,0.1756,-0.003,0.1482,-3.4e-05,-0.01,-0.07,101217.0,20000000.0,813.0,155.0,0.7681,0.001,0.1223,3e-06,0.0,0.03,LOW_SHARPE,FAIL,1.58,-0.51,LOW_FITNESS,FAIL,1.0,-0.08,LOW_TURNOVER,PASS,0.01,0.7681,HIGH_TURNOVER,FAIL,0.7,0.7681,CONCENTRATED_WEIGHT,PASS,LOW_SUB_UNIVERSE_SHARPE,PASS,-0.27,-0.26,SELF_CORRELATION,PENDING,DATA_DIVERSITY,PENDING,PROD_CORRELATION,PENDING,REGULAR_SUBMISSION,PENDING,LOW_2Y_SHARPE,FAIL,-1.59,1.58,MATCHES_COMPETITION,PENDING,AIACv2,AI Alphas Competition 2.0,PASS,MATCHES_PYRAMID,1,1.5,EUR/D1/NEWS,1.5,WARNING,MATCHES_THEMES,EDrKL34,2.0,JPN Dataset Utilization Theme,M4ZYx3D,2.0,AMR Dataset Utilization Theme,9B3qxZ4,2.0,KOR Dataset Utilization Theme,PBVkEJD,2.0,TWN Dataset Utilization Theme,by88rqy,2.0,HKG Dataset Utilization Theme,V45896D,1.0,GLB/D1 TOPDIV3000 Power Pool Feb`26,,,,,,,,,,,,,
QPrjJ7Pw,REGULAR,PS40111,EQUITY,EUR,TOP2500,1,0,INDUSTRY,0.08,ON,VERIFY,OFF,OFF,FASTEXPR,False,2014-01-01,2023-12-31,"ts_delta(ts_mean(vec_avg(nws17_multiple_comp_d1_relevance),3),1)",,3,2026-02-05T13:56:26-05:00,,2026-02-05T13:56:27-05:00,,False,False,,,ace_tag,llm_test,confidence_0.65,DATA_USAGE:SINGLE_DATA_SET,Single Data Set Alpha,,IS,UNSUBMITTED,656317,20000000,636,629,1.5331,0.0064,0.185,8e-06,0.17,0.01,2014-01-01,1567028.0,20000000.0,761.0,928.0,0.3761,0.0152,0.0929,8.1e-05,0.07,0.37,-353701.0,20000000.0,636.0,629.0,1.5331,-0.0034,0.1717,-4e-06,-0.01,-0.11,LOW_SHARPE,FAIL,1.58,0.17,LOW_FITNESS,FAIL,1.0,0.01,LOW_TURNOVER,PASS,0.01,1.5331,HIGH_TURNOVER,FAIL,0.7,1.5331,CONCENTRATED_WEIGHT,PASS,LOW_SUB_UNIVERSE_SHARPE,PASS,0.09,0.13,SELF_CORRELATION,PENDING,DATA_DIVERSITY,PENDING,PROD_CORRELATION,PENDING,REGULAR_SUBMISSION,PENDING,LOW_2Y_SHARPE,FAIL,0.44,1.58,MATCHES_COMPETITION,PENDING,AIACv2,AI Alphas Competition 2.0,PASS,MATCHES_PYRAMID,1,1.5,EUR/D1/NEWS,1.5,WARNING,MATCHES_THEMES,EDrKL34,2.0,JPN Dataset Utilization Theme,M4ZYx3D,2.0,AMR Dataset Utilization Theme,9B3qxZ4,2.0,KOR Dataset Utilization Theme,PBVkEJD,2.0,TWN Dataset Utilization Theme,by88rqy,2.0,HKG Dataset Utilization Theme,V45896D,1.0,GLB/D1 TOPDIV3000 Power Pool Feb`26,,,,,,,,,,,,,
O0wkY8pd,REGULAR,PS40111,EQUITY,EUR,TOP2500,1,0,INDUSTRY,0.08,ON,VERIFY,OFF,OFF,FASTEXPR,False,2014-01-01,2023-12-31,"divide(vec_avg(nws17_multiple_comp_d1_event_text), abs(vec_avg(nws17_comp_d1_ssc)))",,4,2026-02-05T13:57:34-05:00,,2026-02-05T13:57:34-05:00,,False,False,,,ace_tag,llm_test,confidence_0.58,DATA_USAGE:SINGLE_DATA_SET,Single Data Set Alpha,,IS,UNSUBMITTED,11370600,20000000,116,227,1.6658,0.1102,0.2739,0.000132,0.35,0.09,2014-01-01,11748698.0,20000000.0,377.0,549.0,0.2712,0.1138,0.2187,0.000839,0.3,0.47,11380620.0,20000000.0,116.0,227.0,1.6658,0.1103,0.2956,0.000132,0.09,0.36,LOW_SHARPE,FAIL,1.58,0.35,LOW_FITNESS,FAIL,1.0,0.09,LOW_TURNOVER,PASS,0.01,1.6658,HIGH_TURNOVER,FAIL,0.7,1.6658,CONCENTRATED_WEIGHT,FAIL,LOW_SUB_UNIVERSE_SHARPE,FAIL,0.18,-0.28,SELF_CORRELATION,PENDING,DATA_DIVERSITY,PENDING,PROD_CORRELATION,PENDING,REGULAR_SUBMISSION,PENDING,LOW_2Y_SHARPE,FAIL,-0.19,1.58,MATCHES_COMPETITION,PENDING,AIACv2,AI Alphas Competition 2.0,PASS,MATCHES_PYRAMID,1,1.5,EUR/D1/NEWS,1.5,WARNING,MATCHES_THEMES,EDrKL34,2.0,JPN Dataset Utilization Theme,M4ZYx3D,2.0,AMR Dataset Utilization Theme,9B3qxZ4,2.0,KOR Dataset Utilization Theme,PBVkEJD,2.0,TWN Dataset Utilization Theme,by88rqy,2.0,HKG Dataset Utilization Theme,V45896D,1.0,GLB/D1 TOPDIV3000 Power Pool Feb`26,,,,,,,,,,,2015-03-27,0.1,0.5
wpw1m3d5,REGULAR,PS40111,EQUITY,EUR,TOP2500,1,0,INDUSTRY,0.08,ON,VERIFY,OFF,OFF,FASTEXPR,False,2014-01-01,2023-12-31,"zscore(winsorize(vec_avg(nws17_multiple_comp_d1_relevance), std=4))",,3,2026-02-05T13:59:24-05:00,,2026-02-05T13:59:25-05:00,,False,False,,,ace_tag,llm_test,confidence_0.66,DATA_USAGE:SINGLE_DATA_SET,Single Data Set Alpha,,IS,UNSUBMITTED,-318346,20000000,375,515,1.4074,-0.0031,0.1518,-4e-06,-0.08,-0.0,2014-01-01,-798080.0,20000000.0,764.0,732.0,0.3072,-0.0077,0.184,-5e-05,-0.03,-0.18,485773.0,20000000.0,375.0,515.0,1.4074,0.0047,0.0943,7e-06,0.01,0.17,LOW_SHARPE,FAIL,1.58,-0.08,LOW_FITNESS,FAIL,1.0,-0.0,LOW_TURNOVER,PASS,0.01,1.4074,HIGH_TURNOVER,FAIL,0.7,1.4074,CONCENTRATED_WEIGHT,PASS,LOW_SUB_UNIVERSE_SHARPE,FAIL,-0.04,-0.06,SELF_CORRELATION,PENDING,DATA_DIVERSITY,PENDING,PROD_CORRELATION,PENDING,REGULAR_SUBMISSION,PENDING,LOW_2Y_SHARPE,FAIL,-0.77,1.58,MATCHES_COMPETITION,PENDING,AIACv2,AI Alphas Competition 2.0,PASS,MATCHES_PYRAMID,1,1.5,EUR/D1/NEWS,1.5,WARNING,MATCHES_THEMES,EDrKL34,2.0,JPN Dataset Utilization Theme,M4ZYx3D,2.0,AMR Dataset Utilization Theme,9B3qxZ4,2.0,KOR Dataset Utilization Theme,PBVkEJD,2.0,TWN Dataset Utilization Theme,by88rqy,2.0,HKG Dataset Utilization Theme,V45896D,1.0,GLB/D1 TOPDIV3000 Power Pool Feb`26,,,,,,,,,,,,,
78qQAGw5,REGULAR,PS40111,EQUITY,EUR,TOP2500,1,0,INDUSTRY,0.08,ON,VERIFY,OFF,OFF,FASTEXPR,False,2014-01-01,2023-12-31,"subtract(vec_avg(nws17_comp_d1_ssc), ts_count_nans(vec_avg(nws17_comp_d1_ssc),7))",,4,2026-02-05T13:58:54-05:00,,2026-02-05T13:58:54-05:00,,False,False,,,ace_tag,llm_test,confidence_0.6,DATA_USAGE:SINGLE_DATA_SET,Single Data Set Alpha,,IS,UNSUBMITTED,-1918876,20000000,273,257,1.1182,-0.0186,0.3131,-3.3e-05,-0.36,-0.05,2014-01-01,651267.0,20000000.0,339.0,826.0,0.1727,0.0063,0.2152,7.3e-05,0.02,0.11,-2302846.0,20000000.0,273.0,257.0,1.1182,-0.0223,0.2311,-4e-05,-0.1,-0.69,LOW_SHARPE,FAIL,1.58,-0.36,LOW_FITNESS,FAIL,1.0,-0.05,LOW_TURNOVER,PASS,0.01,1.1182,HIGH_TURNOVER,FAIL,0.7,1.1182,CONCENTRATED_WEIGHT,PASS,LOW_SUB_UNIVERSE_SHARPE,PASS,-0.19,0.05,SELF_CORRELATION,PENDING,DATA_DIVERSITY,PENDING,PROD_CORRELATION,PENDING,REGULAR_SUBMISSION,PENDING,LOW_2Y_SHARPE,FAIL,0.45,1.58,MATCHES_COMPETITION,PENDING,AIACv2,AI Alphas Competition 2.0,PASS,MATCHES_PYRAMID,1,1.5,EUR/D1/NEWS,1.5,WARNING,MATCHES_THEMES,EDrKL34,2.0,JPN Dataset Utilization Theme,M4ZYx3D,2.0,AMR Dataset Utilization Theme,9B3qxZ4,2.0,KOR Dataset Utilization Theme,PBVkEJD,2.0,TWN Dataset Utilization Theme,by88rqy,2.0,HKG Dataset Utilization Theme,V45896D,1.0,GLB/D1 TOPDIV3000 Power Pool Feb`26,,,,,,,,,,,,,
QPrjJW7g,REGULAR,PS40111,EQUITY,EUR,TOP2500,1,0,INDUSTRY,0.08,ON,VERIFY,OFF,OFF,FASTEXPR,False,2014-01-01,2023-12-31,"ts_corr(vec_avg(nws17_comp_d1_ssc), vec_avg(nws17_multiple_comp_d1_relevance),7)",,3,2026-02-05T13:58:56-05:00,,2026-02-05T13:58:57-05:00,,False,False,,,ace_tag,llm_test,confidence_0.55,DATA_USAGE:SINGLE_DATA_SET,Single Data Set Alpha,,IS,UNSUBMITTED,-771830,20000000,1113,508,0.3825,-0.0075,0.1943,-3.9e-05,-0.18,-0.03,2014-01-01,170514.0,20000000.0,1383.0,685.0,0.1226,0.0017,0.1304,2.7e-05,0.0,0.04,-729286.0,20000000.0,1113.0,508.0,0.3825,-0.0071,0.1335,-3.7e-05,-0.05,-0.39,LOW_SHARPE,FAIL,1.58,-0.18,LOW_FITNESS,FAIL,1.0,-0.03,LOW_TURNOVER,PASS,0.01,0.3825,HIGH_TURNOVER,PASS,0.7,0.3825,CONCENTRATED_WEIGHT,PASS,LOW_SUB_UNIVERSE_SHARPE,PASS,-0.09,0.04,SELF_CORRELATION,PENDING,DATA_DIVERSITY,PENDING,PROD_CORRELATION,PENDING,REGULAR_SUBMISSION,PENDING,LOW_2Y_SHARPE,FAIL,-1.34,1.58,MATCHES_COMPETITION,PENDING,AIACv2,AI Alphas Competition 2.0,PASS,MATCHES_PYRAMID,1,1.5,EUR/D1/NEWS,1.5,WARNING,MATCHES_THEMES,EDrKL34,2.0,JPN Dataset Utilization Theme,M4ZYx3D,2.0,AMR Dataset Utilization Theme,9B3qxZ4,2.0,KOR Dataset Utilization Theme,PBVkEJD,2.0,TWN Dataset Utilization Theme,by88rqy,2.0,HKG Dataset Utilization Theme,V45896D,1.0,GLB/D1 TOPDIV3000 Power Pool Feb`26,,,,,,,,,,,,,
j2lX2P1E,REGULAR,PS40111,EQUITY,EUR,TOP2500,1,0,INDUSTRY,0.08,ON,VERIFY,OFF,OFF,FASTEXPR,False,2014-01-01,2023-12-31,"zscore(multiply(vec_avg(nws17_comp_d1_ssc), vec_avg(nws17_multiple_comp_d1_relevance)))",Combined nws17_comp_d1_ssc and nws17_multiple_comp_d1_relevance (SUGGESTION1). Applied vec_avg() to both (SUGGESTION2). Then zscore() to remove cross-sectional mean. SUGGESTION3 not needed. Rationale: weights sentiment by prominence. confidence: 0.76,4,2026-02-05T13:17:25-05:00,,2026-02-05T13:50:06-05:00,,False,False,,,ace_tag,llm_test,confidence_0.74,DATA_USAGE:SINGLE_DATA_SET,Single Data Set Alpha,,IS,UNSUBMITTED,391122,20000000,182,344,1.6959,0.0038,0.2086,4e-06,0.06,0.0,2014-01-01,1481488.0,20000000.0,454.0,636.0,0.2494,0.0144,0.1471,0.000115,0.05,0.22,-729676.0,20000000.0,182.0,344.0,1.6959,-0.0071,0.1736,-8e-06,-0.01,-0.14,LOW_SHARPE,FAIL,1.58,0.06,LOW_FITNESS,FAIL,1.0,0.0,LOW_TURNOVER,PASS,0.01,1.6959,HIGH_TURNOVER,FAIL,0.7,1.6959,CONCENTRATED_WEIGHT,PASS,LOW_SUB_UNIVERSE_SHARPE,PASS,0.03,0.08,SELF_CORRELATION,PENDING,DATA_DIVERSITY,PENDING,PROD_CORRELATION,PENDING,REGULAR_SUBMISSION,PENDING,LOW_2Y_SHARPE,FAIL,-0.98,1.58,MATCHES_COMPETITION,PENDING,AIACv2,AI Alphas Competition 2.0,PASS,MATCHES_PYRAMID,1,1.5,EUR/D1/NEWS,1.5,WARNING,MATCHES_THEMES,EDrKL34,2.0,JPN Dataset Utilization Theme,M4ZYx3D,2.0,AMR Dataset Utilization Theme,9B3qxZ4,2.0,KOR Dataset Utilization Theme,PBVkEJD,2.0,TWN Dataset Utilization Theme,by88rqy,2.0,HKG Dataset Utilization Theme,V45896D,1.0,GLB/D1 TOPDIV3000 Power Pool Feb`26,,,,,,,,,,,,,
Jj0mw3v2,REGULAR,PS40111,EQUITY,EUR,TOP2500,1,0,INDUSTRY,0.08,ON,VERIFY,OFF,OFF,FASTEXPR,False,2014-01-01,2023-12-31,"ts_arg_max(vec_avg(nws17_multiple_comp_d1_event_text),7)",,2,2026-02-05T13:58:55-05:00,,2026-02-05T13:58:55-05:00,,False,False,,,ace_tag,llm_test,confidence_0.61,DATA_USAGE:SINGLE_DATA_SET,Single Data Set Alpha,,IS,UNSUBMITTED,-1164377,20000000,679,1182,0.7757,-0.0113,0.162,-2.9e-05,-0.37,-0.04,2014-01-01,-326492.0,20000000.0,1019.0,1185.0,0.2079,-0.0032,0.1573,-3e-05,-0.01,-0.09,-268446.0,20000000.0,679.0,1182.0,0.7757,-0.0026,0.0918,-7e-06,-0.01,-0.12,LOW_SHARPE,FAIL,1.58,-0.37,LOW_FITNESS,FAIL,1.0,-0.04,LOW_TURNOVER,PASS,0.01,0.7757,HIGH_TURNOVER,FAIL,0.7,0.7757,CONCENTRATED_WEIGHT,PASS,LOW_SUB_UNIVERSE_SHARPE,FAIL,-0.19,-0.22,SELF_CORRELATION,PENDING,DATA_DIVERSITY,PENDING,PROD_CORRELATION,PENDING,REGULAR_SUBMISSION,PENDING,LOW_2Y_SHARPE,FAIL,-1.34,1.58,MATCHES_COMPETITION,PENDING,AIACv2,AI Alphas Competition 2.0,PASS,MATCHES_PYRAMID,1,1.5,EUR/D1/NEWS,1.5,WARNING,MATCHES_THEMES,EDrKL34,2.0,JPN Dataset Utilization Theme,M4ZYx3D,2.0,AMR Dataset Utilization Theme,9B3qxZ4,2.0,KOR Dataset Utilization Theme,PBVkEJD,2.0,TWN Dataset Utilization Theme,by88rqy,2.0,HKG Dataset Utilization Theme,V45896D,1.0,GLB/D1 TOPDIV3000 Power Pool Feb`26,,,,,,,,,,,,,
1YVL9GMW,REGULAR,PS40111,EQUITY,EUR,TOP2500,1,0,INDUSTRY,0.08,ON,VERIFY,OFF,OFF,FASTEXPR,False,2014-01-01,2023-12-31,"last_diff_value(vec_avg(nws17_comp_d1_ssc),5)",,2,2026-02-05T13:59:05-05:00,,2026-02-05T13:59:05-05:00,,False,False,,,ace_tag,llm_test,confidence_0.62,DATA_USAGE:SINGLE_DATA_SET,Single Data Set Alpha,,IS,UNSUBMITTED,1098669,20000000,967,1108,0.3332,0.0106,0.0548,6.4e-05,0.41,0.07,2014-01-01,1858440.0,20000000.0,978.0,1101.0,0.119,0.018,0.0488,0.000303,0.25,0.65,393887.0,20000000.0,967.0,1108.0,0.3332,0.0038,0.0675,2.3e-05,0.02,0.19,LOW_SHARPE,FAIL,1.58,0.41,LOW_FITNESS,FAIL,1.0,0.07,LOW_TURNOVER,PASS,0.01,0.3332,HIGH_TURNOVER,PASS,0.7,0.3332,CONCENTRATED_WEIGHT,PASS,LOW_SUB_UNIVERSE_SHARPE,PASS,0.21,0.21,SELF_CORRELATION,PENDING,DATA_DIVERSITY,PENDING,PROD_CORRELATION,PENDING,REGULAR_SUBMISSION,PENDING,LOW_2Y_SHARPE,FAIL,0.62,1.58,MATCHES_COMPETITION,PENDING,AIACv2,AI Alphas Competition 2.0,PASS,MATCHES_PYRAMID,1,1.5,EUR/D1/NEWS,1.5,WARNING,MATCHES_THEMES,EDrKL34,2.0,JPN Dataset Utilization Theme,M4ZYx3D,2.0,AMR Dataset Utilization Theme,9B3qxZ4,2.0,KOR Dataset Utilization Theme,PBVkEJD,2.0,TWN Dataset Utilization Theme,by88rqy,2.0,HKG Dataset Utilization Theme,V45896D,1.0,GLB/D1 TOPDIV3000 Power Pool Feb`26,,,,,,,,,,,,,
XgwLrNna,REGULAR,PS40111,EQUITY,EUR,TOP2500,1,0,INDUSTRY,0.08,ON,VERIFY,OFF,OFF,FASTEXPR,False,2014-01-01,2023-12-31,"ts_ir(vec_avg(nws17_multiple_comp_d1_relevance),7)",,2,2026-02-05T13:58:54-05:00,,2026-02-05T13:58:55-05:00,,False,False,,,ace_tag,llm_test,confidence_0.66,DATA_USAGE:SINGLE_DATA_SET,Single Data Set Alpha,,IS,UNSUBMITTED,-397309,20000000,238,1028,0.6561,-0.0038,0.2417,-1.2e-05,-0.05,-0.0,2014-01-01,849943.0,20000000.0,466.0,1133.0,0.1822,0.0082,0.2347,9e-05,0.03,0.13,1698224.0,20000000.0,238.0,1028.0,0.6561,0.0165,0.2149,5e-05,0.04,0.27,LOW_SHARPE,FAIL,1.58,-0.05,LOW_FITNESS,FAIL,1.0,-0.0,LOW_TURNOVER,PASS,0.01,0.6561,HIGH_TURNOVER,PASS,0.7,0.6561,CONCENTRATED_WEIGHT,FAIL,LOW_SUB_UNIVERSE_SHARPE,PASS,-0.03,0.08,SELF_CORRELATION,PENDING,DATA_DIVERSITY,PENDING,PROD_CORRELATION,PENDING,REGULAR_SUBMISSION,PENDING,LOW_2Y_SHARPE,FAIL,0.43,1.58,MATCHES_COMPETITION,PENDING,AIACv2,AI Alphas Competition 2.0,PASS,MATCHES_PYRAMID,1,1.5,EUR/D1/NEWS,1.5,WARNING,MATCHES_THEMES,EDrKL34,2.0,JPN Dataset Utilization Theme,M4ZYx3D,2.0,AMR Dataset Utilization Theme,9B3qxZ4,2.0,KOR Dataset Utilization Theme,PBVkEJD,2.0,TWN Dataset Utilization Theme,by88rqy,2.0,HKG Dataset Utilization Theme,V45896D,1.0,GLB/D1 TOPDIV3000 Power Pool Feb`26,,,,,,,,,,,2016-08-31,0.1,0.497281
npkoJ6gq,REGULAR,PS40111,EQUITY,EUR,TOP2500,1,0,INDUSTRY,0.08,ON,VERIFY,OFF,OFF,FASTEXPR,False,2014-01-01,2023-12-31,"quantile(multiply(vec_avg(nws17_multiple_comp_d1_event_text), vec_avg(nws17_comp_d1_ssc)))",,4,2026-02-05T13:58:54-05:00,,2026-02-05T13:58:54-05:00,,False,False,,,ace_tag,llm_test,confidence_0.7,DATA_USAGE:SINGLE_DATA_SET,Single Data Set Alpha,,IS,UNSUBMITTED,-279480,20000000,260,267,1.565,-0.0027,0.1107,-3e-06,-0.07,-0.0,2014-01-01,-28300.0,20000000.0,525.0,533.0,0.2522,-0.0003,0.1407,-2e-06,-0.0,-0.01,-1040431.0,20000000.0,260.0,267.0,1.565,-0.0101,0.121,-1.3e-05,-0.02,-0.31,LOW_SHARPE,FAIL,1.58,-0.07,LOW_FITNESS,FAIL,1.0,-0.0,LOW_TURNOVER,PASS,0.01,1.565,HIGH_TURNOVER,FAIL,0.7,1.565,CONCENTRATED_WEIGHT,PASS,LOW_SUB_UNIVERSE_SHARPE,PASS,-0.04,0.18,SELF_CORRELATION,PENDING,DATA_DIVERSITY,PENDING,PROD_CORRELATION,PENDING,REGULAR_SUBMISSION,PENDING,LOW_2Y_SHARPE,FAIL,-0.55,1.58,MATCHES_COMPETITION,PENDING,AIACv2,AI Alphas Competition 2.0,PASS,MATCHES_PYRAMID,1,1.5,EUR/D1/NEWS,1.5,WARNING,MATCHES_THEMES,EDrKL34,2.0,JPN Dataset Utilization Theme,M4ZYx3D,2.0,AMR Dataset Utilization Theme,9B3qxZ4,2.0,KOR Dataset Utilization Theme,PBVkEJD,2.0,TWN Dataset Utilization Theme,by88rqy,2.0,HKG Dataset Utilization Theme,V45896D,1.0,GLB/D1 TOPDIV3000 Power Pool Feb`26,,,,,,,,,,,,,
bl2MkKdr,REGULAR,PS40111,EQUITY,EUR,TOP2500,1,0,INDUSTRY,0.08,ON,VERIFY,OFF,OFF,FASTEXPR,False,2014-01-01,2023-12-31,"quantile(ts_rank(vec_avg(nws17_multiple_comp_d1_relevance),30))",,3,2026-02-05T14:00:56-05:00,,2026-02-05T14:00:56-05:00,,False,False,,,ace_tag,llm_test,confidence_0.65,DATA_USAGE:SINGLE_DATA_SET,Single Data Set Alpha,,IS,UNSUBMITTED,-497909,20000000,444,447,1.6016,-0.0048,0.1433,-6e-06,-0.15,-0.01,2014-01-01,-818050.0,20000000.0,743.0,721.0,0.3901,-0.0079,0.218,-4.1e-05,-0.03,-0.22,-418291.0,20000000.0,444.0,447.0,1.6016,-0.0041,0.122,-5e-06,-0.01,-0.14,LOW_SHARPE,FAIL,1.58,-0.15,LOW_FITNESS,FAIL,1.0,-0.01,LOW_TURNOVER,PASS,0.01,1.6016,HIGH_TURNOVER,FAIL,0.7,1.6016,CONCENTRATED_WEIGHT,PASS,LOW_SUB_UNIVERSE_SHARPE,FAIL,-0.08,-0.16,SELF_CORRELATION,PENDING,DATA_DIVERSITY,PENDING,PROD_CORRELATION,PENDING,REGULAR_SUBMISSION,PENDING,LOW_2Y_SHARPE,FAIL,-0.45,1.58,MATCHES_COMPETITION,PENDING,AIACv2,AI Alphas Competition 2.0,PASS,MATCHES_PYRAMID,1,1.5,EUR/D1/NEWS,1.5,WARNING,MATCHES_THEMES,EDrKL34,2.0,JPN Dataset Utilization Theme,M4ZYx3D,2.0,AMR Dataset Utilization Theme,9B3qxZ4,2.0,KOR Dataset Utilization Theme,PBVkEJD,2.0,TWN Dataset Utilization Theme,by88rqy,2.0,HKG Dataset Utilization Theme,V45896D,1.0,GLB/D1 TOPDIV3000 Power Pool Feb`26,,,,,,,,,,,,,
omwvpknn,REGULAR,PS40111,EQUITY,EUR,TOP2500,1,0,INDUSTRY,0.08,ON,VERIFY,OFF,OFF,FASTEXPR,False,2014-01-01,2023-12-31,"reverse(days_from_last_change(ts_backfill(vec_avg(nws17_comp_d1_acb),5)))",,4,2026-02-05T14:00:54-05:00,,2026-02-05T14:00:54-05:00,,False,False,,,ace_tag,llm_test,confidence_0.59,DATA_USAGE:SINGLE_DATA_SET,Single Data Set Alpha,,IS,UNSUBMITTED,-394778,20000000,2005,813,0.0207,-0.0038,0.1116,-0.000371,-0.13,-0.02,2014-01-01,-339220.0,20000000.0,1979.0,842.0,0.0165,-0.0033,0.1106,-0.000399,-0.02,-0.11,-734748.0,20000000.0,2005.0,813.0,0.0207,-0.0071,0.0945,-0.00069,-0.11,-0.46,LOW_SHARPE,FAIL,1.58,-0.13,LOW_FITNESS,FAIL,1.0,-0.02,LOW_TURNOVER,PASS,0.01,0.0207,HIGH_TURNOVER,PASS,0.7,0.0207,CONCENTRATED_WEIGHT,PASS,LOW_SUB_UNIVERSE_SHARPE,FAIL,-0.07,-0.08,SELF_CORRELATION,PENDING,DATA_DIVERSITY,PENDING,PROD_CORRELATION,PENDING,REGULAR_SUBMISSION,PENDING,LOW_2Y_SHARPE,FAIL,-0.99,1.58,MATCHES_COMPETITION,PENDING,AIACv2,AI Alphas Competition 2.0,PASS,MATCHES_PYRAMID,1,1.5,EUR/D1/NEWS,1.5,WARNING,MATCHES_THEMES,EDrKL34,2.0,JPN Dataset Utilization Theme,M4ZYx3D,2.0,AMR Dataset Utilization Theme,9B3qxZ4,2.0,KOR Dataset Utilization Theme,PBVkEJD,2.0,TWN Dataset Utilization Theme,by88rqy,2.0,HKG Dataset Utilization Theme,V45896D,1.0,GLB/D1 TOPDIV3000 Power Pool Feb`26,,,,,,,,,,,,,
d58mX6Lg,REGULAR,PS40111,EQUITY,EUR,TOP2500,1,0,INDUSTRY,0.08,ON,VERIFY,OFF,OFF,FASTEXPR,False,2014-01-01,2023-12-31,"zscore(ts_mean(multiply(vec_avg(nws17_multiple_comp_d1_event_text), vec_avg(nws17_multiple_comp_d1_relevance)),7))",,5,2026-02-05T14:01:08-05:00,,2026-02-05T14:01:08-05:00,,False,False,,,ace_tag,llm_test,confidence_0.68,DATA_USAGE:SINGLE_DATA_SET,Single Data Set Alpha,,IS,UNSUBMITTED,-1050830,20000000,852,1024,0.3127,-0.0102,0.156,-6.5e-05,-0.31,-0.06,2014-01-01,-1101255.0,20000000.0,1093.0,1115.0,0.1253,-0.0107,0.1743,-0.00017,-0.09,-0.31,-208529.0,20000000.0,852.0,1024.0,0.3127,-0.002,0.0797,-1.3e-05,-0.01,-0.11,LOW_SHARPE,FAIL,1.58,-0.31,LOW_FITNESS,FAIL,1.0,-0.06,LOW_TURNOVER,PASS,0.01,0.3127,HIGH_TURNOVER,PASS,0.7,0.3127,CONCENTRATED_WEIGHT,PASS,LOW_SUB_UNIVERSE_SHARPE,FAIL,-0.16,-0.21,SELF_CORRELATION,PENDING,DATA_DIVERSITY,PENDING,PROD_CORRELATION,PENDING,REGULAR_SUBMISSION,PENDING,LOW_2Y_SHARPE,FAIL,-1.36,1.58,MATCHES_COMPETITION,PENDING,AIACv2,AI Alphas Competition 2.0,PASS,MATCHES_PYRAMID,1,1.5,EUR/D1/NEWS,1.5,WARNING,MATCHES_THEMES,EDrKL34,2.0,JPN Dataset Utilization Theme,M4ZYx3D,2.0,AMR Dataset Utilization Theme,9B3qxZ4,2.0,KOR Dataset Utilization Theme,PBVkEJD,2.0,TWN Dataset Utilization Theme,by88rqy,2.0,HKG Dataset Utilization Theme,V45896D,1.0,GLB/D1 TOPDIV3000 Power Pool Feb`26,,,,,,,,,,,,,
ZYwx512j,REGULAR,PS40111,EQUITY,EUR,TOP2500,1,0,INDUSTRY,0.08,ON,VERIFY,OFF,OFF,FASTEXPR,False,2014-01-01,2023-12-31,"ts_arg_max(vec_avg(nws17_multiple_comp_d1_relevance),5)",,2,2026-02-05T14:00:53-05:00,,2026-02-05T14:00:54-05:00,,False,False,,,ace_tag,llm_test,confidence_0.63,DATA_USAGE:SINGLE_DATA_SET,Single Data Set Alpha,,IS,UNSUBMITTED,-442529,20000000,849,837,1.1158,-0.0043,0.0671,-8e-06,-0.2,-0.01,2014-01-01,704596.0,20000000.0,910.0,1108.0,0.3404,0.0068,0.0399,4e-05,0.04,0.3,92153.0,20000000.0,849.0,837.0,1.1158,0.0009,0.0522,2e-06,0.0,0.05,LOW_SHARPE,FAIL,1.58,-0.2,LOW_FITNESS,FAIL,1.0,-0.01,LOW_TURNOVER,PASS,0.01,1.1158,HIGH_TURNOVER,FAIL,0.7,1.1158,CONCENTRATED_WEIGHT,PASS,LOW_SUB_UNIVERSE_SHARPE,PASS,-0.1,0.22,SELF_CORRELATION,PENDING,DATA_DIVERSITY,PENDING,PROD_CORRELATION,PENDING,REGULAR_SUBMISSION,PENDING,LOW_2Y_SHARPE,FAIL,-0.14,1.58,MATCHES_COMPETITION,PENDING,AIACv2,AI Alphas Competition 2.0,PASS,MATCHES_PYRAMID,1,1.5,EUR/D1/NEWS,1.5,WARNING,MATCHES_THEMES,EDrKL34,2.0,JPN Dataset Utilization Theme,M4ZYx3D,2.0,AMR Dataset Utilization Theme,9B3qxZ4,2.0,KOR Dataset Utilization Theme,PBVkEJD,2.0,TWN Dataset Utilization Theme,by88rqy,2.0,HKG Dataset Utilization Theme,V45896D,1.0,GLB/D1 TOPDIV3000 Power Pool Feb`26,,,,,,,,,,,,,
xAwQ6Emw,REGULAR,PS40111,EQUITY,EUR,TOP2500,1,0,INDUSTRY,0.08,ON,VERIFY,OFF,OFF,FASTEXPR,False,2014-01-01,2023-12-31,"multiply(sign(vec_avg(nws17_comp_d1_ssc)), vec_avg(nws17_multiple_comp_d1_relevance))",,4,2026-02-05T14:00:53-05:00,,2026-02-05T14:00:53-05:00,,False,False,,,ace_tag,llm_test,confidence_0.72,DATA_USAGE:SINGLE_DATA_SET,Single Data Set Alpha,,IS,UNSUBMITTED,-403972,20000000,195,331,1.5885,-0.0039,0.1658,-5e-06,-0.09,-0.0,2014-01-01,823466.0,20000000.0,442.0,612.0,0.2481,0.008,0.1586,6.4e-05,0.03,0.15,-1014130.0,20000000.0,195.0,331.0,1.5885,-0.0098,0.184,-1.2e-05,-0.02,-0.25,LOW_SHARPE,FAIL,1.58,-0.09,LOW_FITNESS,FAIL,1.0,-0.0,LOW_TURNOVER,PASS,0.01,1.5885,HIGH_TURNOVER,FAIL,0.7,1.5885,CONCENTRATED_WEIGHT,PASS,LOW_SUB_UNIVERSE_SHARPE,FAIL,-0.05,-0.24,SELF_CORRELATION,PENDING,DATA_DIVERSITY,PENDING,PROD_CORRELATION,PENDING,REGULAR_SUBMISSION,PENDING,LOW_2Y_SHARPE,FAIL,-1.27,1.58,MATCHES_COMPETITION,PENDING,AIACv2,AI Alphas Competition 2.0,PASS,MATCHES_PYRAMID,1,1.5,EUR/D1/NEWS,1.5,WARNING,MATCHES_THEMES,EDrKL34,2.0,JPN Dataset Utilization Theme,M4ZYx3D,2.0,AMR Dataset Utilization Theme,9B3qxZ4,2.0,KOR Dataset Utilization Theme,PBVkEJD,2.0,TWN Dataset Utilization Theme,by88rqy,2.0,HKG Dataset Utilization Theme,V45896D,1.0,GLB/D1 TOPDIV3000 Power Pool Feb`26,,,,,,,,,,,,,
rK6L3nmj,REGULAR,PS40111,EQUITY,EUR,TOP2500,1,0,INDUSTRY,0.08,ON,VERIFY,OFF,OFF,FASTEXPR,False,2014-01-01,2023-12-31,"trade_when(vec_avg(nws17_multiple_comp_d1_event_text), not(is_nan(vec_avg(nws17_multiple_comp_d1_event_text))), NaN)",,5,2026-02-05T14:00:49-05:00,,2026-02-05T14:00:50-05:00,,False,False,,,ace_tag,llm_test,confidence_0.6,DATA_USAGE:SINGLE_DATA_SET,Single Data Set Alpha,,IS,UNSUBMITTED,0,0,0,0,0.0,0.0,0.0,0.0,0.0,,2014-01-01,,,,,,,,,,,,,,,,,,,,,LOW_SHARPE,FAIL,1.58,0.0,LOW_FITNESS,ERROR,1.0,,LOW_TURNOVER,FAIL,0.01,0.0,HIGH_TURNOVER,PASS,0.7,0.0,CONCENTRATED_WEIGHT,FAIL,LOW_SUB_UNIVERSE_SHARPE,ERROR,,,SELF_CORRELATION,PENDING,DATA_DIVERSITY,PENDING,PROD_CORRELATION,PENDING,REGULAR_SUBMISSION,PENDING,IS_LADDER_SHARPE,PENDING,,,MATCHES_COMPETITION,PENDING,AIACv2,AI Alphas Competition 2.0,PASS,MATCHES_PYRAMID,1,1.5,EUR/D1/NEWS,1.5,WARNING,MATCHES_THEMES,EDrKL34,2.0,JPN Dataset Utilization Theme,M4ZYx3D,2.0,AMR Dataset Utilization Theme,9B3qxZ4,2.0,KOR Dataset Utilization Theme,PBVkEJD,2.0,TWN Dataset Utilization Theme,by88rqy,2.0,HKG Dataset Utilization Theme,V45896D,1.0,GLB/D1 TOPDIV3000 Power Pool Feb`26,,,,,,,,,,,,,
RRZY3v1j,REGULAR,PS40111,EQUITY,EUR,TOP2500,1,0,INDUSTRY,0.08,ON,VERIFY,OFF,OFF,FASTEXPR,False,2014-01-01,2023-12-31,"multiply(vec_avg(nws17_multiple_comp_d1_event_text), ts_backfill(vec_avg(nws17_comp_d1_acb),5))",,4,2026-02-05T14:00:56-05:00,,2026-02-05T14:00:56-05:00,,False,False,,,ace_tag,llm_test,confidence_0.62,DATA_USAGE:SINGLE_DATA_SET,Single Data Set Alpha,,IS,UNSUBMITTED,817629,20000000,98,322,1.7124,0.0079,0.1548,9e-06,0.13,0.01,2014-01-01,114138.0,20000000.0,325.0,769.0,0.2504,0.0011,0.2644,9e-06,0.0,0.02,-1049766.0,20000000.0,98.0,322.0,1.7124,-0.0102,0.1807,-1.2e-05,-0.01,-0.19,LOW_SHARPE,FAIL,1.58,0.13,LOW_FITNESS,FAIL,1.0,0.01,LOW_TURNOVER,PASS,0.01,1.7124,HIGH_TURNOVER,FAIL,0.7,1.7124,CONCENTRATED_WEIGHT,PASS,LOW_SUB_UNIVERSE_SHARPE,PASS,0.07,0.31,SELF_CORRELATION,PENDING,DATA_DIVERSITY,PENDING,PROD_CORRELATION,PENDING,REGULAR_SUBMISSION,PENDING,LOW_2Y_SHARPE,FAIL,-0.82,1.58,MATCHES_COMPETITION,PENDING,AIACv2,AI Alphas Competition 2.0,PASS,MATCHES_PYRAMID,1,1.5,EUR/D1/NEWS,1.5,WARNING,MATCHES_THEMES,EDrKL34,2.0,JPN Dataset Utilization Theme,M4ZYx3D,2.0,AMR Dataset Utilization Theme,9B3qxZ4,2.0,KOR Dataset Utilization Theme,PBVkEJD,2.0,TWN Dataset Utilization Theme,by88rqy,2.0,HKG Dataset Utilization Theme,V45896D,1.0,GLB/D1 TOPDIV3000 Power Pool Feb`26,,,,,,,,,,,,,
5879bXZo,REGULAR,PS40111,EQUITY,EUR,TOP2500,1,0,INDUSTRY,0.08,ON,VERIFY,OFF,OFF,FASTEXPR,False,2014-01-01,2023-12-31,"quantile(winsorize(vec_avg(nws17_comp_d1_ssc), std=4))",,3,2026-02-05T14:02:26-05:00,,2026-02-05T14:02:27-05:00,,False,False,,,ace_tag,llm_test,confidence_0.65,DATA_USAGE:SINGLE_DATA_SET,Single Data Set Alpha,,IS,UNSUBMITTED,-181972,20000000,260,266,1.5624,-0.0018,0.1006,-2e-06,-0.04,-0.0,2014-01-01,75563.0,20000000.0,534.0,520.0,0.2502,0.0007,0.1389,6e-06,0.0,0.02,-955674.0,20000000.0,260.0,266.0,1.5624,-0.0093,0.1122,-1.2e-05,-0.02,-0.29,LOW_SHARPE,FAIL,1.58,-0.04,LOW_FITNESS,FAIL,1.0,-0.0,LOW_TURNOVER,PASS,0.01,1.5624,HIGH_TURNOVER,FAIL,0.7,1.5624,CONCENTRATED_WEIGHT,PASS,LOW_SUB_UNIVERSE_SHARPE,PASS,-0.02,0.18,SELF_CORRELATION,PENDING,DATA_DIVERSITY,PENDING,PROD_CORRELATION,PENDING,REGULAR_SUBMISSION,PENDING,LOW_2Y_SHARPE,FAIL,-0.48,1.58,MATCHES_COMPETITION,PENDING,AIACv2,AI Alphas Competition 2.0,PASS,MATCHES_PYRAMID,1,1.5,EUR/D1/NEWS,1.5,WARNING,MATCHES_THEMES,EDrKL34,2.0,JPN Dataset Utilization Theme,M4ZYx3D,2.0,AMR Dataset Utilization Theme,9B3qxZ4,2.0,KOR Dataset Utilization Theme,PBVkEJD,2.0,TWN Dataset Utilization Theme,by88rqy,2.0,HKG Dataset Utilization Theme,V45896D,1.0,GLB/D1 TOPDIV3000 Power Pool Feb`26,,,,,,,,,,,,,
O0wkP1rv,REGULAR,PS40111,EQUITY,EUR,TOP2500,1,0,INDUSTRY,0.08,ON,VERIFY,OFF,OFF,FASTEXPR,False,2014-01-01,2023-12-31,"ts_av_diff(vec_avg(nws17_comp_d1_ssc),7)",,2,2026-02-05T14:03:20-05:00,,2026-02-05T14:03:21-05:00,,False,False,,,ace_tag,llm_test,confidence_0.66,DATA_USAGE:SINGLE_DATA_SET,Single Data Set Alpha,,IS,UNSUBMITTED,-892856,20000000,259,271,1.6801,-0.0087,0.1322,-1e-05,-0.2,-0.01,2014-01-01,-1760363.0,20000000.0,539.0,522.0,0.2831,-0.0171,0.3345,-0.000121,-0.08,-0.31,-973499.0,20000000.0,259.0,271.0,1.6801,-0.0094,0.1768,-1.1e-05,-0.02,-0.25,LOW_SHARPE,FAIL,1.58,-0.2,LOW_FITNESS,FAIL,1.0,-0.01,LOW_TURNOVER,PASS,0.01,1.6801,HIGH_TURNOVER,FAIL,0.7,1.6801,CONCENTRATED_WEIGHT,PASS,LOW_SUB_UNIVERSE_SHARPE,PASS,-0.1,0.04,SELF_CORRELATION,PENDING,DATA_DIVERSITY,PENDING,PROD_CORRELATION,PENDING,REGULAR_SUBMISSION,PENDING,LOW_2Y_SHARPE,FAIL,0.08,1.58,MATCHES_COMPETITION,PENDING,AIACv2,AI Alphas Competition 2.0,PASS,MATCHES_PYRAMID,1,1.5,EUR/D1/NEWS,1.5,WARNING,MATCHES_THEMES,EDrKL34,2.0,JPN Dataset Utilization Theme,M4ZYx3D,2.0,AMR Dataset Utilization Theme,9B3qxZ4,2.0,KOR Dataset Utilization Theme,PBVkEJD,2.0,TWN Dataset Utilization Theme,by88rqy,2.0,HKG Dataset Utilization Theme,V45896D,1.0,GLB/D1 TOPDIV3000 Power Pool Feb`26,,,,,,,,,,,,,
rK6Lg1W9,REGULAR,PS40111,EQUITY,EUR,TOP2500,1,0,INDUSTRY,0.08,ON,VERIFY,OFF,OFF,FASTEXPR,False,2014-01-01,2023-12-31,"add(vec_avg(nws17_comp_d1_ssc), ts_backfill(vec_avg(nws17_comp_d1_bee),5))",,4,2026-02-05T14:03:17-05:00,,2026-02-05T14:03:18-05:00,,False,False,,,ace_tag,llm_test,confidence_0.68,DATA_USAGE:SINGLE_DATA_SET,Single Data Set Alpha,,IS,UNSUBMITTED,2740256,20000000,172,354,1.6881,0.0266,0.1763,3.1e-05,0.45,0.06,2014-01-01,1888484.0,20000000.0,435.0,650.0,0.2474,0.0183,0.2075,0.000148,0.07,0.27,820849.0,20000000.0,172.0,354.0,1.6881,0.008,0.2062,9e-06,0.01,0.16,LOW_SHARPE,FAIL,1.58,0.45,LOW_FITNESS,FAIL,1.0,0.06,LOW_TURNOVER,PASS,0.01,1.6881,HIGH_TURNOVER,FAIL,0.7,1.6881,CONCENTRATED_WEIGHT,PASS,LOW_SUB_UNIVERSE_SHARPE,PASS,0.23,0.29,SELF_CORRELATION,PENDING,DATA_DIVERSITY,PENDING,PROD_CORRELATION,PENDING,REGULAR_SUBMISSION,PENDING,LOW_2Y_SHARPE,FAIL,0.76,1.58,MATCHES_COMPETITION,PENDING,AIACv2,AI Alphas Competition 2.0,PASS,MATCHES_PYRAMID,1,1.5,EUR/D1/NEWS,1.5,WARNING,MATCHES_THEMES,EDrKL34,2.0,JPN Dataset Utilization Theme,M4ZYx3D,2.0,AMR Dataset Utilization Theme,9B3qxZ4,2.0,KOR Dataset Utilization Theme,PBVkEJD,2.0,TWN Dataset Utilization Theme,by88rqy,2.0,HKG Dataset Utilization Theme,V45896D,1.0,GLB/D1 TOPDIV3000 Power Pool Feb`26,,,,,,,,,,,,,
YPwmKjvM,REGULAR,PS40111,EQUITY,EUR,TOP2500,1,0,INDUSTRY,0.08,ON,VERIFY,OFF,OFF,FASTEXPR,False,2014-01-01,2023-12-31,"trade_when(vec_avg(nws17_comp_d1_ssc), greater(vec_avg(nws17_multiple_comp_d1_relevance),75), NaN)",,4,2026-02-05T14:03:19-05:00,,2026-02-05T14:03:20-05:00,,False,False,,,ace_tag,llm_test,confidence_0.71,DATA_USAGE:SINGLE_DATA_SET,Single Data Set Alpha,,IS,UNSUBMITTED,-456860,20000000,834,1241,0.1177,-0.0044,0.1074,-7.5e-05,-0.18,-0.03,2014-01-01,-840046.0,20000000.0,864.0,1226.0,0.0566,-0.0081,0.1367,-0.000288,-0.08,-0.3,-302895.0,20000000.0,834.0,1241.0,0.1177,-0.0029,0.0659,-5e-05,-0.03,-0.2,LOW_SHARPE,FAIL,1.58,-0.18,LOW_FITNESS,FAIL,1.0,-0.03,LOW_TURNOVER,PASS,0.01,0.1177,HIGH_TURNOVER,PASS,0.7,0.1177,CONCENTRATED_WEIGHT,PASS,LOW_SUB_UNIVERSE_SHARPE,PASS,-0.09,-0.03,SELF_CORRELATION,PENDING,DATA_DIVERSITY,PENDING,PROD_CORRELATION,PENDING,REGULAR_SUBMISSION,PENDING,LOW_2Y_SHARPE,FAIL,-1.67,1.58,MATCHES_COMPETITION,PENDING,AIACv2,AI Alphas Competition 2.0,PASS,MATCHES_PYRAMID,1,1.5,EUR/D1/NEWS,1.5,WARNING,MATCHES_THEMES,EDrKL34,2.0,JPN Dataset Utilization Theme,M4ZYx3D,2.0,AMR Dataset Utilization Theme,9B3qxZ4,2.0,KOR Dataset Utilization Theme,PBVkEJD,2.0,TWN Dataset Utilization Theme,by88rqy,2.0,HKG Dataset Utilization Theme,V45896D,1.0,GLB/D1 TOPDIV3000 Power Pool Feb`26,,,,,,,,,,,,,
le62OLjA,REGULAR,PS40111,EQUITY,EUR,TOP2500,1,0,INDUSTRY,0.08,ON,VERIFY,OFF,OFF,FASTEXPR,False,2014-01-01,2023-12-31,"divide(ts_mean(vec_avg(nws17_multiple_comp_d1_relevance),7), ts_std_dev(vec_avg(nws17_multiple_comp_d1_relevance),7))",,5,2026-02-05T14:03:20-05:00,,2026-02-05T14:03:20-05:00,,False,False,,,ace_tag,llm_test,confidence_0.65,DATA_USAGE:SINGLE_DATA_SET,Single Data Set Alpha,,IS,UNSUBMITTED,769910,20000000,238,1028,0.6224,0.0075,0.1464,2.4e-05,0.12,0.01,2014-01-01,573655.0,20000000.0,438.0,1160.0,0.175,0.0056,0.2487,6.4e-05,0.02,0.09,1427653.0,20000000.0,238.0,1028.0,0.6224,0.0138,0.1354,4.4e-05,0.04,0.25,LOW_SHARPE,FAIL,1.58,0.12,LOW_FITNESS,FAIL,1.0,0.01,LOW_TURNOVER,PASS,0.01,0.6224,HIGH_TURNOVER,PASS,0.7,0.6224,CONCENTRATED_WEIGHT,FAIL,LOW_SUB_UNIVERSE_SHARPE,PASS,0.06,0.12,SELF_CORRELATION,PENDING,DATA_DIVERSITY,PENDING,PROD_CORRELATION,PENDING,REGULAR_SUBMISSION,PENDING,LOW_2Y_SHARPE,FAIL,0.38,1.58,MATCHES_COMPETITION,PENDING,AIACv2,AI Alphas Competition 2.0,PASS,MATCHES_PYRAMID,1,1.5,EUR/D1/NEWS,1.5,WARNING,MATCHES_THEMES,EDrKL34,2.0,JPN Dataset Utilization Theme,M4ZYx3D,2.0,AMR Dataset Utilization Theme,9B3qxZ4,2.0,KOR Dataset Utilization Theme,PBVkEJD,2.0,TWN Dataset Utilization Theme,by88rqy,2.0,HKG Dataset Utilization Theme,V45896D,1.0,GLB/D1 TOPDIV3000 Power Pool Feb`26,,,,,,,,,,,2020-06-25,0.1,0.153949
N1W6wZow,REGULAR,PS40111,EQUITY,EUR,TOP2500,1,0,INDUSTRY,0.08,ON,VERIFY,OFF,OFF,FASTEXPR,False,2014-01-01,2023-12-31,"ts_max_diff(vec_avg(nws17_multiple_comp_d1_event_text),7)",,2,2026-02-05T14:02:30-05:00,,2026-02-05T14:02:30-05:00,,False,False,,,ace_tag,llm_test,confidence_0.6,DATA_USAGE:SINGLE_DATA_SET,Single Data Set Alpha,,IS,UNSUBMITTED,0,0,0,0,0.0,0.0,0.0,0.0,0.0,,2014-01-01,,,,,,,,,,,,,,,,,,,,,LOW_SHARPE,FAIL,1.58,0.0,LOW_FITNESS,ERROR,1.0,,LOW_TURNOVER,FAIL,0.01,0.0,HIGH_TURNOVER,PASS,0.7,0.0,CONCENTRATED_WEIGHT,FAIL,LOW_SUB_UNIVERSE_SHARPE,ERROR,,,SELF_CORRELATION,PENDING,DATA_DIVERSITY,PENDING,PROD_CORRELATION,PENDING,REGULAR_SUBMISSION,PENDING,IS_LADDER_SHARPE,PENDING,,,MATCHES_COMPETITION,PENDING,AIACv2,AI Alphas Competition 2.0,PASS,MATCHES_PYRAMID,1,1.5,EUR/D1/NEWS,1.5,WARNING,MATCHES_THEMES,EDrKL34,2.0,JPN Dataset Utilization Theme,M4ZYx3D,2.0,AMR Dataset Utilization Theme,9B3qxZ4,2.0,KOR Dataset Utilization Theme,PBVkEJD,2.0,TWN Dataset Utilization Theme,by88rqy,2.0,HKG Dataset Utilization Theme,V45896D,1.0,GLB/D1 TOPDIV3000 Power Pool Feb`26,,,,,,,,,,,,,
N1W6wZ9w,REGULAR,PS40111,EQUITY,EUR,TOP2500,1,0,INDUSTRY,0.08,ON,VERIFY,OFF,OFF,FASTEXPR,False,2014-01-01,2023-12-31,"multiply(ts_backfill(vec_avg(nws17_comp_d1_acb),5), vec_avg(nws17_comp_d1_ssc))",,4,2026-02-05T14:02:29-05:00,,2026-02-05T14:02:30-05:00,,False,False,,,ace_tag,llm_test,confidence_0.66,DATA_USAGE:SINGLE_DATA_SET,Single Data Set Alpha,,IS,UNSUBMITTED,-2766352,20000000,68,348,1.7514,-0.0268,0.3279,-3.1e-05,-0.34,-0.04,2014-01-01,-1068443.0,20000000.0,290.0,821.0,0.2422,-0.0104,0.2073,-8.5e-05,-0.03,-0.13,-3235829.0,20000000.0,68.0,348.0,1.7514,-0.0314,0.3555,-3.6e-05,-0.06,-0.47,LOW_SHARPE,FAIL,1.58,-0.34,LOW_FITNESS,FAIL,1.0,-0.04,LOW_TURNOVER,PASS,0.01,1.7514,HIGH_TURNOVER,FAIL,0.7,1.7514,CONCENTRATED_WEIGHT,FAIL,LOW_SUB_UNIVERSE_SHARPE,PASS,-0.18,-0.11,SELF_CORRELATION,PENDING,DATA_DIVERSITY,PENDING,PROD_CORRELATION,PENDING,REGULAR_SUBMISSION,PENDING,LOW_2Y_SHARPE,FAIL,-0.82,1.58,MATCHES_COMPETITION,PENDING,AIACv2,AI Alphas Competition 2.0,PASS,MATCHES_PYRAMID,1,1.5,EUR/D1/NEWS,1.5,WARNING,MATCHES_THEMES,EDrKL34,2.0,JPN Dataset Utilization Theme,M4ZYx3D,2.0,AMR Dataset Utilization Theme,9B3qxZ4,2.0,KOR Dataset Utilization Theme,PBVkEJD,2.0,TWN Dataset Utilization Theme,by88rqy,2.0,HKG Dataset Utilization Theme,V45896D,1.0,GLB/D1 TOPDIV3000 Power Pool Feb`26,,,,,,,,,,,2018-12-24,0.1,0.12963
ak2lZvK1,REGULAR,PS40111,EQUITY,EUR,TOP2500,1,0,INDUSTRY,0.08,ON,VERIFY,OFF,OFF,FASTEXPR,False,2014-01-01,2023-12-31,"ts_zscore(ts_sum(vec_avg(nws17_multiple_comp_d1_relevance),3),3)",,3,2026-02-05T14:05:58-05:00,,2026-02-05T14:05:58-05:00,,False,False,,,ace_tag,llm_test,confidence_0.64,DATA_USAGE:SINGLE_DATA_SET,Single Data Set Alpha,,IS,UNSUBMITTED,552107,20000000,526,509,1.1885,0.0053,0.0762,9e-06,0.21,0.01,2014-01-01,-1681749.0,20000000.0,660.0,665.0,0.35,-0.0163,0.2104,-9.3e-05,-0.12,-0.57,443575.0,20000000.0,526.0,509.0,1.1885,0.0043,0.0911,7e-06,0.01,0.19,LOW_SHARPE,FAIL,1.58,0.21,LOW_FITNESS,FAIL,1.0,0.01,LOW_TURNOVER,PASS,0.01,1.1885,HIGH_TURNOVER,FAIL,0.7,1.1885,CONCENTRATED_WEIGHT,PASS,LOW_SUB_UNIVERSE_SHARPE,PASS,0.11,0.26,SELF_CORRELATION,PENDING,DATA_DIVERSITY,PENDING,PROD_CORRELATION,PENDING,REGULAR_SUBMISSION,PENDING,LOW_2Y_SHARPE,FAIL,0.08,1.58,MATCHES_COMPETITION,PENDING,AIACv2,AI Alphas Competition 2.0,PASS,MATCHES_PYRAMID,1,1.5,EUR/D1/NEWS,1.5,WARNING,MATCHES_THEMES,EDrKL34,2.0,JPN Dataset Utilization Theme,M4ZYx3D,2.0,AMR Dataset Utilization Theme,9B3qxZ4,2.0,KOR Dataset Utilization Theme,PBVkEJD,2.0,TWN Dataset Utilization Theme,by88rqy,2.0,HKG Dataset Utilization Theme,V45896D,1.0,GLB/D1 TOPDIV3000 Power Pool Feb`26,,,,,,,,,,,,,
e78Kwpkp,REGULAR,PS40111,EQUITY,EUR,TOP2500,1,0,INDUSTRY,0.08,ON,VERIFY,OFF,OFF,FASTEXPR,False,2014-01-01,2023-12-31,"trade_when(multiply(vec_avg(nws17_multiple_comp_d1_event_text), vec_avg(nws17_multiple_comp_d1_relevance)), greater(vec_avg(nws17_multiple_comp_d1_relevance), quantile(vec_avg(nws17_multiple_comp_d1_relevance))), NaN)",,8,2026-02-05T14:04:38-05:00,,2026-02-05T14:04:38-05:00,,False,False,,,ace_tag,llm_test,confidence_0.67,DATA_USAGE:SINGLE_DATA_SET,Single Data Set Alpha,,IS,UNSUBMITTED,0,0,0,0,0.0,0.0,0.0,0.0,0.0,,2014-01-01,,,,,,,,,,,,,,,,,,,,,LOW_SHARPE,FAIL,1.58,0.0,LOW_FITNESS,ERROR,1.0,,LOW_TURNOVER,FAIL,0.01,0.0,HIGH_TURNOVER,PASS,0.7,0.0,CONCENTRATED_WEIGHT,FAIL,LOW_SUB_UNIVERSE_SHARPE,ERROR,,,SELF_CORRELATION,PENDING,DATA_DIVERSITY,PENDING,PROD_CORRELATION,PENDING,REGULAR_SUBMISSION,PENDING,IS_LADDER_SHARPE,PENDING,,,MATCHES_COMPETITION,PENDING,AIACv2,AI Alphas Competition 2.0,PASS,MATCHES_PYRAMID,1,1.5,EUR/D1/NEWS,1.5,WARNING,MATCHES_THEMES,EDrKL34,2.0,JPN Dataset Utilization Theme,M4ZYx3D,2.0,AMR Dataset Utilization Theme,9B3qxZ4,2.0,KOR Dataset Utilization Theme,PBVkEJD,2.0,TWN Dataset Utilization Theme,by88rqy,2.0,HKG Dataset Utilization Theme,V45896D,1.0,GLB/D1 TOPDIV3000 Power Pool Feb`26,,,,,,,,,,,,,
d58mVX5E,REGULAR,PS40111,EQUITY,EUR,TOP2500,1,0,INDUSTRY,0.08,ON,VERIFY,OFF,OFF,FASTEXPR,False,2014-01-01,2023-12-31,"ts_arg_max(sign(vec_avg(nws17_comp_d1_ssc)),7)",,3,2026-02-05T14:04:37-05:00,,2026-02-05T14:04:38-05:00,,False,False,,,ace_tag,llm_test,confidence_0.61,DATA_USAGE:SINGLE_DATA_SET,Single Data Set Alpha,,IS,UNSUBMITTED,171038,20000000,732,557,0.8102,0.0017,0.0686,4e-06,0.06,0.0,2014-01-01,1164049.0,20000000.0,707.0,891.0,0.1817,0.0113,0.0934,0.000124,0.08,0.32,-64517.0,20000000.0,732.0,557.0,0.8102,-0.0006,0.061,-2e-06,-0.0,-0.03,LOW_SHARPE,FAIL,1.58,0.06,LOW_FITNESS,FAIL,1.0,0.0,LOW_TURNOVER,PASS,0.01,0.8102,HIGH_TURNOVER,FAIL,0.7,0.8102,CONCENTRATED_WEIGHT,PASS,LOW_SUB_UNIVERSE_SHARPE,PASS,0.03,0.48,SELF_CORRELATION,PENDING,DATA_DIVERSITY,PENDING,PROD_CORRELATION,PENDING,REGULAR_SUBMISSION,PENDING,LOW_2Y_SHARPE,FAIL,0.56,1.58,MATCHES_COMPETITION,PENDING,AIACv2,AI Alphas Competition 2.0,PASS,MATCHES_PYRAMID,1,1.5,EUR/D1/NEWS,1.5,WARNING,MATCHES_THEMES,EDrKL34,2.0,JPN Dataset Utilization Theme,M4ZYx3D,2.0,AMR Dataset Utilization Theme,9B3qxZ4,2.0,KOR Dataset Utilization Theme,PBVkEJD,2.0,TWN Dataset Utilization Theme,by88rqy,2.0,HKG Dataset Utilization Theme,V45896D,1.0,GLB/D1 TOPDIV3000 Power Pool Feb`26,,,,,,,,,,,,,
e78Kwpmp,REGULAR,PS40111,EQUITY,EUR,TOP2500,1,0,INDUSTRY,0.08,ON,VERIFY,OFF,OFF,FASTEXPR,False,2014-01-01,2023-12-31,reverse(rank(vec_avg(nws17_multiple_comp_d1_relevance))),,3,2026-02-05T14:04:38-05:00,,2026-02-05T14:04:39-05:00,,False,False,,,ace_tag,llm_test,confidence_0.52,DATA_USAGE:SINGLE_DATA_SET,Single Data Set Alpha,,IS,UNSUBMITTED,497517,20000000,446,444,1.4756,0.0048,0.0809,7e-06,0.13,0.01,2014-01-01,1194135.0,20000000.0,718.0,768.0,0.3294,0.0116,0.0851,7e-05,0.06,0.3,16065.0,20000000.0,446.0,444.0,1.4756,0.0002,0.0999,0.0,0.0,0.01,LOW_SHARPE,FAIL,1.58,0.13,LOW_FITNESS,FAIL,1.0,0.01,LOW_TURNOVER,PASS,0.01,1.4756,HIGH_TURNOVER,FAIL,0.7,1.4756,CONCENTRATED_WEIGHT,PASS,LOW_SUB_UNIVERSE_SHARPE,PASS,0.07,0.15,SELF_CORRELATION,PENDING,DATA_DIVERSITY,PENDING,PROD_CORRELATION,PENDING,REGULAR_SUBMISSION,PENDING,LOW_2Y_SHARPE,FAIL,0.71,1.58,MATCHES_COMPETITION,PENDING,AIACv2,AI Alphas Competition 2.0,PASS,MATCHES_PYRAMID,1,1.5,EUR/D1/NEWS,1.5,WARNING,MATCHES_THEMES,EDrKL34,2.0,JPN Dataset Utilization Theme,M4ZYx3D,2.0,AMR Dataset Utilization Theme,9B3qxZ4,2.0,KOR Dataset Utilization Theme,PBVkEJD,2.0,TWN Dataset Utilization Theme,by88rqy,2.0,HKG Dataset Utilization Theme,V45896D,1.0,GLB/D1 TOPDIV3000 Power Pool Feb`26,,,,,,,,,,,,,
vRn9M3zr,REGULAR,PS40111,EQUITY,EUR,TOP2500,1,0,INDUSTRY,0.08,ON,VERIFY,OFF,OFF,FASTEXPR,False,2014-01-01,2023-12-31,"ts_ir(multiply(vec_avg(nws17_multiple_comp_d1_event_text), vec_avg(nws17_comp_d1_ssc)),7)",,4,2026-02-05T14:05:29-05:00,,2026-02-05T14:05:30-05:00,,False,False,,,ace_tag,llm_test,confidence_0.68,DATA_USAGE:SINGLE_DATA_SET,Single Data Set Alpha,,IS,UNSUBMITTED,3076443,20000000,220,522,0.8284,0.0298,0.1766,7.2e-05,0.32,0.06,2014-01-01,926511.0,20000000.0,331.0,711.0,0.164,0.009,0.3475,0.000109,0.02,0.09,2061454.0,20000000.0,220.0,522.0,0.8284,0.02,0.1936,4.8e-05,0.04,0.25,LOW_SHARPE,FAIL,1.58,0.32,LOW_FITNESS,FAIL,1.0,0.06,LOW_TURNOVER,PASS,0.01,0.8284,HIGH_TURNOVER,FAIL,0.7,0.8284,CONCENTRATED_WEIGHT,PASS,LOW_SUB_UNIVERSE_SHARPE,FAIL,0.17,0.11,SELF_CORRELATION,PENDING,DATA_DIVERSITY,PENDING,PROD_CORRELATION,PENDING,REGULAR_SUBMISSION,PENDING,LOW_2Y_SHARPE,FAIL,0.63,1.58,MATCHES_COMPETITION,PENDING,AIACv2,AI Alphas Competition 2.0,PASS,MATCHES_PYRAMID,1,1.5,EUR/D1/NEWS,1.5,WARNING,MATCHES_THEMES,EDrKL34,2.0,JPN Dataset Utilization Theme,M4ZYx3D,2.0,AMR Dataset Utilization Theme,9B3qxZ4,2.0,KOR Dataset Utilization Theme,PBVkEJD,2.0,TWN Dataset Utilization Theme,by88rqy,2.0,HKG Dataset Utilization Theme,V45896D,1.0,GLB/D1 TOPDIV3000 Power Pool Feb`26,,,,,,,,,,,,,
RRZYQQgz,REGULAR,PS40111,EQUITY,EUR,TOP2500,1,0,INDUSTRY,0.08,ON,VERIFY,OFF,OFF,FASTEXPR,False,2014-01-01,2023-12-31,"ts_arg_max(ts_backfill(vec_avg(nws17_comp_d1_acb),5),7)",,3,2026-02-05T14:05:21-05:00,,2026-02-05T14:05:22-05:00,,False,False,,,ace_tag,llm_test,confidence_0.61,DATA_USAGE:SINGLE_DATA_SET,Single Data Set Alpha,,IS,UNSUBMITTED,-1282372,20000000,990,477,0.5487,-0.0124,0.1474,-4.5e-05,-0.49,-0.07,2014-01-01,187105.0,20000000.0,987.0,715.0,0.1665,0.0018,0.103,2.2e-05,0.01,0.06,-583831.0,20000000.0,990.0,477.0,0.5487,-0.0057,0.0898,-2.1e-05,-0.03,-0.29,LOW_SHARPE,FAIL,1.58,-0.49,LOW_FITNESS,FAIL,1.0,-0.07,LOW_TURNOVER,PASS,0.01,0.5487,HIGH_TURNOVER,PASS,0.7,0.5487,CONCENTRATED_WEIGHT,PASS,LOW_SUB_UNIVERSE_SHARPE,PASS,-0.25,0.18,SELF_CORRELATION,PENDING,DATA_DIVERSITY,PENDING,PROD_CORRELATION,PENDING,REGULAR_SUBMISSION,PENDING,LOW_2Y_SHARPE,FAIL,-1.94,1.58,MATCHES_COMPETITION,PENDING,AIACv2,AI Alphas Competition 2.0,PASS,MATCHES_PYRAMID,1,1.5,EUR/D1/NEWS,1.5,WARNING,MATCHES_THEMES,EDrKL34,2.0,JPN Dataset Utilization Theme,M4ZYx3D,2.0,AMR Dataset Utilization Theme,9B3qxZ4,2.0,KOR Dataset Utilization Theme,PBVkEJD,2.0,TWN Dataset Utilization Theme,by88rqy,2.0,HKG Dataset Utilization Theme,V45896D,1.0,GLB/D1 TOPDIV3000 Power Pool Feb`26,,,,,,,,,,,,,
88kr9o9q,REGULAR,PS40111,EQUITY,EUR,TOP2500,1,0,INDUSTRY,0.08,ON,VERIFY,OFF,OFF,FASTEXPR,False,2014-01-01,2023-12-31,"quantile(multiply(vec_avg(nws17_multiple_comp_d1_event_text), winsorize(vec_avg(nws17_comp_d1_ssc), std=4)))",,5,2026-02-05T14:04:39-05:00,,2026-02-05T14:04:40-05:00,,False,False,,,ace_tag,llm_test,confidence_0.69,DATA_USAGE:SINGLE_DATA_SET,Single Data Set Alpha,,IS,UNSUBMITTED,-286025,20000000,260,267,1.565,-0.0028,0.1102,-4e-06,-0.07,-0.0,2014-01-01,24038.0,20000000.0,525.0,533.0,0.2523,0.0002,0.1378,2e-06,0.0,0.0,-1050123.0,20000000.0,260.0,267.0,1.565,-0.0102,0.1222,-1.3e-05,-0.03,-0.31,LOW_SHARPE,FAIL,1.58,-0.07,LOW_FITNESS,FAIL,1.0,-0.0,LOW_TURNOVER,PASS,0.01,1.565,HIGH_TURNOVER,FAIL,0.7,1.565,CONCENTRATED_WEIGHT,PASS,LOW_SUB_UNIVERSE_SHARPE,PASS,-0.04,0.18,SELF_CORRELATION,PENDING,DATA_DIVERSITY,PENDING,PROD_CORRELATION,PENDING,REGULAR_SUBMISSION,PENDING,LOW_2Y_SHARPE,FAIL,-0.55,1.58,MATCHES_COMPETITION,PENDING,AIACv2,AI Alphas Competition 2.0,PASS,MATCHES_PYRAMID,1,1.5,EUR/D1/NEWS,1.5,WARNING,MATCHES_THEMES,EDrKL34,2.0,JPN Dataset Utilization Theme,M4ZYx3D,2.0,AMR Dataset Utilization Theme,9B3qxZ4,2.0,KOR Dataset Utilization Theme,PBVkEJD,2.0,TWN Dataset Utilization Theme,by88rqy,2.0,HKG Dataset Utilization Theme,V45896D,1.0,GLB/D1 TOPDIV3000 Power Pool Feb`26,,,,,,,,,,,,,
9qPK1vzr,REGULAR,PS40111,EQUITY,EUR,TOP2500,1,0,INDUSTRY,0.08,ON,VERIFY,OFF,OFF,FASTEXPR,False,2014-01-01,2023-12-31,"ts_scale(vec_avg(nws17_multiple_comp_d1_relevance),14)",,2,2026-02-05T14:04:37-05:00,,2026-02-05T14:04:37-05:00,,False,False,,,ace_tag,llm_test,confidence_0.63,DATA_USAGE:SINGLE_DATA_SET,Single Data Set Alpha,,IS,UNSUBMITTED,-924971,20000000,375,478,1.4969,-0.009,0.1376,-1.2e-05,-0.27,-0.02,2014-01-01,-489393.0,20000000.0,697.0,675.0,0.3503,-0.0047,0.1439,-2.7e-05,-0.02,-0.14,-493205.0,20000000.0,375.0,478.0,1.4969,-0.0048,0.1069,-6e-06,-0.01,-0.17,LOW_SHARPE,FAIL,1.58,-0.27,LOW_FITNESS,FAIL,1.0,-0.02,LOW_TURNOVER,PASS,0.01,1.4969,HIGH_TURNOVER,FAIL,0.7,1.4969,CONCENTRATED_WEIGHT,PASS,LOW_SUB_UNIVERSE_SHARPE,FAIL,-0.14,-0.16,SELF_CORRELATION,PENDING,DATA_DIVERSITY,PENDING,PROD_CORRELATION,PENDING,REGULAR_SUBMISSION,PENDING,LOW_2Y_SHARPE,FAIL,-0.64,1.58,MATCHES_COMPETITION,PENDING,AIACv2,AI Alphas Competition 2.0,PASS,MATCHES_PYRAMID,1,1.5,EUR/D1/NEWS,1.5,WARNING,MATCHES_THEMES,EDrKL34,2.0,JPN Dataset Utilization Theme,M4ZYx3D,2.0,AMR Dataset Utilization Theme,9B3qxZ4,2.0,KOR Dataset Utilization Theme,PBVkEJD,2.0,TWN Dataset Utilization Theme,by88rqy,2.0,HKG Dataset Utilization Theme,V45896D,1.0,GLB/D1 TOPDIV3000 Power Pool Feb`26,,,,,,,,,,,,,
QPrjkrEG,REGULAR,PS40111,EQUITY,EUR,TOP2500,1,0,INDUSTRY,0.08,ON,VERIFY,OFF,OFF,FASTEXPR,False,2014-01-01,2023-12-31,"ts_zscore(ts_mean(multiply(vec_avg(nws17_multiple_comp_d1_event_text), vec_avg(nws17_comp_d1_ssc)),5),5)",,5,2026-02-05T14:07:17-05:00,,2026-02-05T14:07:17-05:00,,False,False,,,ace_tag,llm_test,confidence_0.67,DATA_USAGE:SINGLE_DATA_SET,Single Data Set Alpha,,IS,UNSUBMITTED,440350,20000000,400,407,0.8502,0.0043,0.0779,1e-05,0.16,0.01,2014-01-01,858699.0,20000000.0,530.0,546.0,0.222,0.0083,0.093,7.5e-05,0.05,0.25,-113797.0,20000000.0,400.0,407.0,0.8502,-0.0011,0.0891,-3e-06,-0.0,-0.05,LOW_SHARPE,FAIL,1.58,0.16,LOW_FITNESS,FAIL,1.0,0.01,LOW_TURNOVER,PASS,0.01,0.8502,HIGH_TURNOVER,FAIL,0.7,0.8502,CONCENTRATED_WEIGHT,PASS,LOW_SUB_UNIVERSE_SHARPE,FAIL,0.08,0.04,SELF_CORRELATION,PENDING,DATA_DIVERSITY,PENDING,PROD_CORRELATION,PENDING,REGULAR_SUBMISSION,PENDING,LOW_2Y_SHARPE,FAIL,0.43,1.58,MATCHES_COMPETITION,PENDING,AIACv2,AI Alphas Competition 2.0,PASS,MATCHES_PYRAMID,1,1.5,EUR/D1/NEWS,1.5,WARNING,MATCHES_THEMES,EDrKL34,2.0,JPN Dataset Utilization Theme,M4ZYx3D,2.0,AMR Dataset Utilization Theme,9B3qxZ4,2.0,KOR Dataset Utilization Theme,PBVkEJD,2.0,TWN Dataset Utilization Theme,by88rqy,2.0,HKG Dataset Utilization Theme,V45896D,1.0,GLB/D1 TOPDIV3000 Power Pool Feb`26,,,,,,,,,,,,,
gJqKOq8M,REGULAR,PS40111,EQUITY,EUR,TOP2500,1,0,INDUSTRY,0.08,ON,VERIFY,OFF,OFF,FASTEXPR,False,2014-01-01,2023-12-31,"subtract(quantile(ts_mean(vec_avg(nws17_multiple_comp_d1_relevance),7)), quantile(vec_avg(nws17_multiple_comp_d1_relevance)))",,6,2026-02-05T14:07:19-05:00,,2026-02-05T14:07:19-05:00,,False,False,,,ace_tag,llm_test,confidence_0.64,DATA_USAGE:SINGLE_DATA_SET,Single Data Set Alpha,,IS,UNSUBMITTED,294229,20000000,415,476,1.6036,0.0029,0.1214,4e-06,0.08,0.0,2014-01-01,-403924.0,20000000.0,776.0,698.0,0.3839,-0.0039,0.132,-2e-05,-0.01,-0.11,974708.0,20000000.0,415.0,476.0,1.6036,0.0094,0.0691,1.2e-05,0.02,0.3,LOW_SHARPE,FAIL,1.58,0.08,LOW_FITNESS,FAIL,1.0,0.0,LOW_TURNOVER,PASS,0.01,1.6036,HIGH_TURNOVER,FAIL,0.7,1.6036,CONCENTRATED_WEIGHT,PASS,LOW_SUB_UNIVERSE_SHARPE,FAIL,0.04,0.01,SELF_CORRELATION,PENDING,DATA_DIVERSITY,PENDING,PROD_CORRELATION,PENDING,REGULAR_SUBMISSION,PENDING,LOW_2Y_SHARPE,FAIL,0.4,1.58,MATCHES_COMPETITION,PENDING,AIACv2,AI Alphas Competition 2.0,PASS,MATCHES_PYRAMID,1,1.5,EUR/D1/NEWS,1.5,WARNING,MATCHES_THEMES,EDrKL34,2.0,JPN Dataset Utilization Theme,M4ZYx3D,2.0,AMR Dataset Utilization Theme,9B3qxZ4,2.0,KOR Dataset Utilization Theme,PBVkEJD,2.0,TWN Dataset Utilization Theme,by88rqy,2.0,HKG Dataset Utilization Theme,V45896D,1.0,GLB/D1 TOPDIV3000 Power Pool Feb`26,,,,,,,,,,,,,
9qPK1Prq,REGULAR,PS40111,EQUITY,EUR,TOP2500,1,0,INDUSTRY,0.08,ON,VERIFY,OFF,OFF,FASTEXPR,False,2014-01-01,2023-12-31,"divide(vec_avg(nws17_multiple_comp_d1_event_text), add(vec_avg(nws17_multiple_comp_d1_relevance),1))",,4,2026-02-05T14:07:18-05:00,,2026-02-05T14:07:19-05:00,,False,False,,,ace_tag,llm_test,confidence_0.56,DATA_USAGE:SINGLE_DATA_SET,Single Data Set Alpha,,IS,UNSUBMITTED,106845,20000000,301,594,1.5054,0.001,0.0734,1e-06,0.03,0.0,2014-01-01,970820.0,20000000.0,683.0,805.0,0.337,0.0094,0.0817,5.6e-05,0.04,0.24,284892.0,20000000.0,301.0,594.0,1.5054,0.0028,0.0762,4e-06,0.0,0.09,LOW_SHARPE,FAIL,1.58,0.03,LOW_FITNESS,FAIL,1.0,0.0,LOW_TURNOVER,PASS,0.01,1.5054,HIGH_TURNOVER,FAIL,0.7,1.5054,CONCENTRATED_WEIGHT,PASS,LOW_SUB_UNIVERSE_SHARPE,PASS,0.02,0.09,SELF_CORRELATION,PENDING,DATA_DIVERSITY,PENDING,PROD_CORRELATION,PENDING,REGULAR_SUBMISSION,PENDING,LOW_2Y_SHARPE,FAIL,0.18,1.58,MATCHES_COMPETITION,PENDING,AIACv2,AI Alphas Competition 2.0,PASS,MATCHES_PYRAMID,1,1.5,EUR/D1/NEWS,1.5,WARNING,MATCHES_THEMES,EDrKL34,2.0,JPN Dataset Utilization Theme,M4ZYx3D,2.0,AMR Dataset Utilization Theme,9B3qxZ4,2.0,KOR Dataset Utilization Theme,PBVkEJD,2.0,TWN Dataset Utilization Theme,by88rqy,2.0,HKG Dataset Utilization Theme,V45896D,1.0,GLB/D1 TOPDIV3000 Power Pool Feb`26,,,,,,,,,,,,,
WjwdQKRj,REGULAR,PS40111,EQUITY,EUR,TOP2500,1,0,INDUSTRY,0.08,ON,VERIFY,OFF,OFF,FASTEXPR,False,2014-01-01,2023-12-31,"add(ts_backfill(vec_avg(nws17_comp_d1_bee),5), vec_avg(nws17_comp_d1_ssc))",,4,2026-02-05T14:07:05-05:00,,2026-02-05T14:07:06-05:00,,False,False,,,ace_tag,llm_test,confidence_0.65,DATA_USAGE:SINGLE_DATA_SET,Single Data Set Alpha,,IS,UNSUBMITTED,2740256,20000000,172,354,1.6881,0.0266,0.1763,3.1e-05,0.45,0.06,2014-01-01,1888484.0,20000000.0,435.0,650.0,0.2474,0.0183,0.2075,0.000148,0.07,0.27,820849.0,20000000.0,172.0,354.0,1.6881,0.008,0.2062,9e-06,0.01,0.16,LOW_SHARPE,FAIL,1.58,0.45,LOW_FITNESS,FAIL,1.0,0.06,LOW_TURNOVER,PASS,0.01,1.6881,HIGH_TURNOVER,FAIL,0.7,1.6881,CONCENTRATED_WEIGHT,PASS,LOW_SUB_UNIVERSE_SHARPE,PASS,0.23,0.29,SELF_CORRELATION,PENDING,DATA_DIVERSITY,PENDING,PROD_CORRELATION,PENDING,REGULAR_SUBMISSION,PENDING,LOW_2Y_SHARPE,FAIL,0.76,1.58,MATCHES_COMPETITION,PENDING,AIACv2,AI Alphas Competition 2.0,PASS,MATCHES_PYRAMID,1,1.5,EUR/D1/NEWS,1.5,WARNING,MATCHES_THEMES,EDrKL34,2.0,JPN Dataset Utilization Theme,M4ZYx3D,2.0,AMR Dataset Utilization Theme,9B3qxZ4,2.0,KOR Dataset Utilization Theme,PBVkEJD,2.0,TWN Dataset Utilization Theme,by88rqy,2.0,HKG Dataset Utilization Theme,V45896D,1.0,GLB/D1 TOPDIV3000 Power Pool Feb`26,,,,,,,,,,,,,
zqwj6wWR,REGULAR,PS40111,EQUITY,EUR,TOP2500,1,0,INDUSTRY,0.08,ON,VERIFY,OFF,OFF,FASTEXPR,False,2014-01-01,2023-12-31,"reverse(ts_std_dev(vec_avg(nws17_multiple_comp_d1_relevance),14))",,3,2026-02-05T14:07:17-05:00,,2026-02-05T14:07:18-05:00,,False,False,,,ace_tag,llm_test,confidence_0.61,DATA_USAGE:SINGLE_DATA_SET,Single Data Set Alpha,,IS,UNSUBMITTED,753288,20000000,911,892,0.2628,0.0073,0.0501,5.6e-05,0.28,0.05,2014-01-01,1457379.0,20000000.0,1066.0,985.0,0.1118,0.0141,0.0475,0.000253,0.18,0.53,392424.0,20000000.0,911.0,892.0,0.2628,0.0038,0.0426,2.9e-05,0.02,0.19,LOW_SHARPE,FAIL,1.58,0.28,LOW_FITNESS,FAIL,1.0,0.05,LOW_TURNOVER,PASS,0.01,0.2628,HIGH_TURNOVER,PASS,0.7,0.2628,CONCENTRATED_WEIGHT,PASS,LOW_SUB_UNIVERSE_SHARPE,PASS,0.15,0.28,SELF_CORRELATION,PENDING,DATA_DIVERSITY,PENDING,PROD_CORRELATION,PENDING,REGULAR_SUBMISSION,PENDING,LOW_2Y_SHARPE,FAIL,0.48,1.58,MATCHES_COMPETITION,PENDING,AIACv2,AI Alphas Competition 2.0,PASS,MATCHES_PYRAMID,1,1.5,EUR/D1/NEWS,1.5,WARNING,MATCHES_THEMES,EDrKL34,2.0,JPN Dataset Utilization Theme,M4ZYx3D,2.0,AMR Dataset Utilization Theme,9B3qxZ4,2.0,KOR Dataset Utilization Theme,PBVkEJD,2.0,TWN Dataset Utilization Theme,by88rqy,2.0,HKG Dataset Utilization Theme,V45896D,1.0,GLB/D1 TOPDIV3000 Power Pool Feb`26,,,,,,,,,,,,,
A1JbZJnY,REGULAR,PS40111,EQUITY,EUR,TOP2500,1,0,INDUSTRY,0.08,ON,VERIFY,OFF,OFF,FASTEXPR,False,2014-01-01,2023-12-31,"multiply(ts_delta(vec_avg(nws17_multiple_comp_d1_relevance),1), vec_avg(nws17_multiple_comp_d1_event_text))",,4,2026-02-05T14:07:16-05:00,,2026-02-05T14:07:17-05:00,,False,False,,,ace_tag,llm_test,confidence_0.68,DATA_USAGE:SINGLE_DATA_SET,Single Data Set Alpha,,IS,UNSUBMITTED,93956,20000000,286,286,1.8103,0.0009,0.1845,1e-06,0.02,0.0,2014-01-01,2205929.0,20000000.0,420.0,461.0,0.4191,0.0214,0.0877,0.000102,0.09,0.41,-824939.0,20000000.0,286.0,286.0,1.8103,-0.008,0.1941,-9e-06,-0.01,-0.19,LOW_SHARPE,FAIL,1.58,0.02,LOW_FITNESS,FAIL,1.0,0.0,LOW_TURNOVER,PASS,0.01,1.8103,HIGH_TURNOVER,FAIL,0.7,1.8103,CONCENTRATED_WEIGHT,PASS,LOW_SUB_UNIVERSE_SHARPE,PASS,0.01,0.02,SELF_CORRELATION,PENDING,DATA_DIVERSITY,PENDING,PROD_CORRELATION,PENDING,REGULAR_SUBMISSION,PENDING,LOW_2Y_SHARPE,FAIL,-0.31,1.58,MATCHES_COMPETITION,PENDING,AIACv2,AI Alphas Competition 2.0,PASS,MATCHES_PYRAMID,1,1.5,EUR/D1/NEWS,1.5,WARNING,MATCHES_THEMES,EDrKL34,2.0,JPN Dataset Utilization Theme,M4ZYx3D,2.0,AMR Dataset Utilization Theme,9B3qxZ4,2.0,KOR Dataset Utilization Theme,PBVkEJD,2.0,TWN Dataset Utilization Theme,by88rqy,2.0,HKG Dataset Utilization Theme,V45896D,1.0,GLB/D1 TOPDIV3000 Power Pool Feb`26,,,,,,,,,,,,,
2rqRzqZx,REGULAR,PS40111,EQUITY,EUR,TOP2500,1,0,INDUSTRY,0.08,ON,VERIFY,OFF,OFF,FASTEXPR,False,2014-01-01,2023-12-31,"normalize(multiply(vec_avg(nws17_comp_d1_ssc), vec_avg(nws17_multiple_comp_d1_relevance)))",,4,2026-02-05T14:07:15-05:00,,2026-02-05T14:07:16-05:00,,False,False,,,ace_tag,llm_test,confidence_0.73,DATA_USAGE:SINGLE_DATA_SET,Single Data Set Alpha,,IS,UNSUBMITTED,391121,20000000,182,344,1.6959,0.0038,0.2086,4e-06,0.06,0.0,2014-01-01,1481485.0,20000000.0,454.0,636.0,0.2494,0.0144,0.1471,0.000115,0.05,0.22,-729676.0,20000000.0,182.0,344.0,1.6959,-0.0071,0.1736,-8e-06,-0.01,-0.14,LOW_SHARPE,FAIL,1.58,0.06,LOW_FITNESS,FAIL,1.0,0.0,LOW_TURNOVER,PASS,0.01,1.6959,HIGH_TURNOVER,FAIL,0.7,1.6959,CONCENTRATED_WEIGHT,PASS,LOW_SUB_UNIVERSE_SHARPE,PASS,0.03,0.08,SELF_CORRELATION,PENDING,DATA_DIVERSITY,PENDING,PROD_CORRELATION,PENDING,REGULAR_SUBMISSION,PENDING,LOW_2Y_SHARPE,FAIL,-0.98,1.58,MATCHES_COMPETITION,PENDING,AIACv2,AI Alphas Competition 2.0,PASS,MATCHES_PYRAMID,1,1.5,EUR/D1/NEWS,1.5,WARNING,MATCHES_THEMES,EDrKL34,2.0,JPN Dataset Utilization Theme,M4ZYx3D,2.0,AMR Dataset Utilization Theme,9B3qxZ4,2.0,KOR Dataset Utilization Theme,PBVkEJD,2.0,TWN Dataset Utilization Theme,by88rqy,2.0,HKG Dataset Utilization Theme,V45896D,1.0,GLB/D1 TOPDIV3000 Power Pool Feb`26,,,,,,,,,,,,,
3qYxrYaX,REGULAR,PS40111,EQUITY,EUR,TOP2500,1,0,INDUSTRY,0.08,ON,VERIFY,OFF,OFF,FASTEXPR,False,2014-01-01,2023-12-31,"multiply(ts_backfill(vec_avg(nws17_comp_d1_acb),5), vec_avg(nws17_multiple_comp_d1_event_text))",,4,2026-02-05T14:07:16-05:00,,2026-02-05T14:07:17-05:00,,False,False,,,ace_tag,llm_test,confidence_0.62,DATA_USAGE:SINGLE_DATA_SET,Single Data Set Alpha,,IS,UNSUBMITTED,817629,20000000,98,322,1.7124,0.0079,0.1548,9e-06,0.13,0.01,2014-01-01,114138.0,20000000.0,325.0,769.0,0.2504,0.0011,0.2644,9e-06,0.0,0.02,-1049766.0,20000000.0,98.0,322.0,1.7124,-0.0102,0.1807,-1.2e-05,-0.01,-0.19,LOW_SHARPE,FAIL,1.58,0.13,LOW_FITNESS,FAIL,1.0,0.01,LOW_TURNOVER,PASS,0.01,1.7124,HIGH_TURNOVER,FAIL,0.7,1.7124,CONCENTRATED_WEIGHT,PASS,LOW_SUB_UNIVERSE_SHARPE,PASS,0.07,0.31,SELF_CORRELATION,PENDING,DATA_DIVERSITY,PENDING,PROD_CORRELATION,PENDING,REGULAR_SUBMISSION,PENDING,LOW_2Y_SHARPE,FAIL,-0.82,1.58,MATCHES_COMPETITION,PENDING,AIACv2,AI Alphas Competition 2.0,PASS,MATCHES_PYRAMID,1,1.5,EUR/D1/NEWS,1.5,WARNING,MATCHES_THEMES,EDrKL34,2.0,JPN Dataset Utilization Theme,M4ZYx3D,2.0,AMR Dataset Utilization Theme,9B3qxZ4,2.0,KOR Dataset Utilization Theme,PBVkEJD,2.0,TWN Dataset Utilization Theme,by88rqy,2.0,HKG Dataset Utilization Theme,V45896D,1.0,GLB/D1 TOPDIV3000 Power Pool Feb`26,,,,,,,,,,,,,
88kr9KKv,REGULAR,PS40111,EQUITY,EUR,TOP2500,1,0,INDUSTRY,0.08,ON,VERIFY,OFF,OFF,FASTEXPR,False,2014-01-01,2023-12-31,"ts_arg_min(vec_avg(nws17_multiple_comp_d1_event_text),14)",,2,2026-02-05T14:08:40-05:00,,2026-02-05T14:08:40-05:00,,False,False,,,ace_tag,llm_test,confidence_0.6,DATA_USAGE:SINGLE_DATA_SET,Single Data Set Alpha,,IS,UNSUBMITTED,-266628,20000000,1432,751,0.4853,-0.0026,0.1484,-1.1e-05,-0.08,-0.01,2014-01-01,-13530.0,20000000.0,1376.0,1011.0,0.1562,-0.0001,0.1351,-2e-06,-0.0,-0.0,-575062.0,20000000.0,1432.0,751.0,0.4853,-0.0056,0.1041,-2.3e-05,-0.03,-0.3,LOW_SHARPE,FAIL,1.58,-0.08,LOW_FITNESS,FAIL,1.0,-0.01,LOW_TURNOVER,PASS,0.01,0.4853,HIGH_TURNOVER,PASS,0.7,0.4853,CONCENTRATED_WEIGHT,PASS,LOW_SUB_UNIVERSE_SHARPE,PASS,-0.04,0.39,SELF_CORRELATION,PENDING,DATA_DIVERSITY,PENDING,PROD_CORRELATION,PENDING,REGULAR_SUBMISSION,PENDING,LOW_2Y_SHARPE,FAIL,0.94,1.58,MATCHES_COMPETITION,PENDING,AIACv2,AI Alphas Competition 2.0,PASS,MATCHES_PYRAMID,1,1.5,EUR/D1/NEWS,1.5,WARNING,MATCHES_THEMES,EDrKL34,2.0,JPN Dataset Utilization Theme,M4ZYx3D,2.0,AMR Dataset Utilization Theme,9B3qxZ4,2.0,KOR Dataset Utilization Theme,PBVkEJD,2.0,TWN Dataset Utilization Theme,by88rqy,2.0,HKG Dataset Utilization Theme,V45896D,1.0,GLB/D1 TOPDIV3000 Power Pool Feb`26,,,,,,,,,,,,,
O0wkP5np,REGULAR,PS40111,EQUITY,EUR,TOP2500,1,0,INDUSTRY,0.08,ON,VERIFY,OFF,OFF,FASTEXPR,False,2014-01-01,2023-12-31,"add(vec_avg(nws17_comp_d1_ssc), ts_backfill(vec_avg(nws17_comp_d1_acb),5))",,4,2026-02-05T14:08:40-05:00,,2026-02-05T14:08:41-05:00,,False,False,,,ace_tag,llm_test,confidence_0.67,DATA_USAGE:SINGLE_DATA_SET,Single Data Set Alpha,,IS,UNSUBMITTED,688528,20000000,171,354,1.6877,0.0067,0.1297,8e-06,0.12,0.01,2014-01-01,286238.0,20000000.0,378.0,717.0,0.2562,0.0028,0.2457,2.2e-05,0.0,0.04,-1163304.0,20000000.0,171.0,354.0,1.6877,-0.0113,0.156,-1.3e-05,-0.02,-0.23,LOW_SHARPE,FAIL,1.58,0.12,LOW_FITNESS,FAIL,1.0,0.01,LOW_TURNOVER,PASS,0.01,1.6877,HIGH_TURNOVER,FAIL,0.7,1.6877,CONCENTRATED_WEIGHT,PASS,LOW_SUB_UNIVERSE_SHARPE,PASS,0.06,0.35,SELF_CORRELATION,PENDING,DATA_DIVERSITY,PENDING,PROD_CORRELATION,PENDING,REGULAR_SUBMISSION,PENDING,LOW_2Y_SHARPE,FAIL,-0.79,1.58,MATCHES_COMPETITION,PENDING,AIACv2,AI Alphas Competition 2.0,PASS,MATCHES_PYRAMID,1,1.5,EUR/D1/NEWS,1.5,WARNING,MATCHES_THEMES,EDrKL34,2.0,JPN Dataset Utilization Theme,M4ZYx3D,2.0,AMR Dataset Utilization Theme,9B3qxZ4,2.0,KOR Dataset Utilization Theme,PBVkEJD,2.0,TWN Dataset Utilization Theme,by88rqy,2.0,HKG Dataset Utilization Theme,V45896D,1.0,GLB/D1 TOPDIV3000 Power Pool Feb`26,,,,,,,,,,,,,
LLb6alXa,REGULAR,PS40111,EQUITY,EUR,TOP2500,1,0,INDUSTRY,0.08,ON,VERIFY,OFF,OFF,FASTEXPR,False,2014-01-01,2023-12-31,"subtract(ts_mean(vec_avg(nws17_multiple_comp_d1_relevance),7), ts_mean(vec_avg(nws17_multiple_comp_d1_relevance),30))",,5,2026-02-05T14:08:39-05:00,,2026-02-05T14:08:40-05:00,,False,False,,,ace_tag,llm_test,confidence_0.65,DATA_USAGE:SINGLE_DATA_SET,Single Data Set Alpha,,IS,UNSUBMITTED,-240049,20000000,943,933,0.4882,-0.0023,0.1214,-1e-05,-0.09,-0.01,2014-01-01,-365016.0,20000000.0,1110.0,1048.0,0.1921,-0.0035,0.1205,-3.7e-05,-0.02,-0.13,141996.0,20000000.0,943.0,933.0,0.4882,0.0014,0.1171,6e-06,0.0,0.05,LOW_SHARPE,FAIL,1.58,-0.09,LOW_FITNESS,FAIL,1.0,-0.01,LOW_TURNOVER,PASS,0.01,0.4882,HIGH_TURNOVER,PASS,0.7,0.4882,CONCENTRATED_WEIGHT,PASS,LOW_SUB_UNIVERSE_SHARPE,FAIL,-0.05,-0.1,SELF_CORRELATION,PENDING,DATA_DIVERSITY,PENDING,PROD_CORRELATION,PENDING,REGULAR_SUBMISSION,PENDING,LOW_2Y_SHARPE,FAIL,0.23,1.58,MATCHES_COMPETITION,PENDING,AIACv2,AI Alphas Competition 2.0,PASS,MATCHES_PYRAMID,1,1.5,EUR/D1/NEWS,1.5,WARNING,MATCHES_THEMES,EDrKL34,2.0,JPN Dataset Utilization Theme,M4ZYx3D,2.0,AMR Dataset Utilization Theme,9B3qxZ4,2.0,KOR Dataset Utilization Theme,PBVkEJD,2.0,TWN Dataset Utilization Theme,by88rqy,2.0,HKG Dataset Utilization Theme,V45896D,1.0,GLB/D1 TOPDIV3000 Power Pool Feb`26,,,,,,,,,,,,,
wpw1xJ01,REGULAR,PS40111,EQUITY,EUR,TOP2500,1,0,INDUSTRY,0.08,ON,VERIFY,OFF,OFF,FASTEXPR,False,2014-01-01,2023-12-31,vec_range(nws17_multiple_comp_d1_event_text),,1,2026-02-05T14:08:54-05:00,,2026-02-05T14:08:54-05:00,,False,False,,,ace_tag,llm_test,confidence_0.59,DATA_USAGE:SINGLE_DATA_SET,Single Data Set Alpha,,IS,UNSUBMITTED,1194653,20000000,197,642,1.4615,0.0116,0.1766,1.6e-05,0.16,0.01,2014-01-01,3447025.0,20000000.0,497.0,1033.0,0.3279,0.0334,0.1569,0.000204,0.16,0.5,24725.0,20000000.0,197.0,642.0,1.4615,0.0002,0.2547,0.0,0.0,0.0,LOW_SHARPE,FAIL,1.58,0.16,LOW_FITNESS,FAIL,1.0,0.01,LOW_TURNOVER,PASS,0.01,1.4615,HIGH_TURNOVER,FAIL,0.7,1.4615,CONCENTRATED_WEIGHT,PASS,LOW_SUB_UNIVERSE_SHARPE,FAIL,0.08,-0.5,SELF_CORRELATION,PENDING,DATA_DIVERSITY,PENDING,PROD_CORRELATION,PENDING,REGULAR_SUBMISSION,PENDING,LOW_2Y_SHARPE,FAIL,-0.54,1.58,MATCHES_COMPETITION,PENDING,AIACv2,AI Alphas Competition 2.0,PASS,MATCHES_PYRAMID,1,1.5,EUR/D1/NEWS,1.5,WARNING,MATCHES_THEMES,EDrKL34,2.0,JPN Dataset Utilization Theme,M4ZYx3D,2.0,AMR Dataset Utilization Theme,9B3qxZ4,2.0,KOR Dataset Utilization Theme,PBVkEJD,2.0,TWN Dataset Utilization Theme,by88rqy,2.0,HKG Dataset Utilization Theme,V45896D,1.0,GLB/D1 TOPDIV3000 Power Pool Feb`26,,,,,,,,,,,,,
mL2ARx7X,REGULAR,PS40111,EQUITY,EUR,TOP2500,1,0,INDUSTRY,0.08,ON,VERIFY,OFF,OFF,FASTEXPR,False,2014-01-01,2023-12-31,"multiply(vec_avg(nws17_multiple_comp_d1_relevance), ts_backfill(vec_avg(nws17_comp_d1_bee),5))",,4,2026-02-05T14:08:49-05:00,,2026-02-05T14:08:50-05:00,,False,False,,,ace_tag,llm_test,confidence_0.61,DATA_USAGE:SINGLE_DATA_SET,Single Data Set Alpha,,IS,UNSUBMITTED,3702622,20000000,68,323,1.796,0.0359,0.2742,4e-05,0.34,0.05,2014-01-01,3141499.0,20000000.0,364.0,743.0,0.2419,0.0304,0.1681,0.000252,0.1,0.29,2482435.0,20000000.0,68.0,323.0,1.796,0.0241,0.2655,2.7e-05,0.03,0.24,LOW_SHARPE,FAIL,1.58,0.34,LOW_FITNESS,FAIL,1.0,0.05,LOW_TURNOVER,PASS,0.01,1.796,HIGH_TURNOVER,FAIL,0.7,1.796,CONCENTRATED_WEIGHT,FAIL,LOW_SUB_UNIVERSE_SHARPE,FAIL,0.18,-0.14,SELF_CORRELATION,PENDING,DATA_DIVERSITY,PENDING,PROD_CORRELATION,PENDING,REGULAR_SUBMISSION,PENDING,LOW_2Y_SHARPE,FAIL,-0.02,1.58,MATCHES_COMPETITION,PENDING,AIACv2,AI Alphas Competition 2.0,PASS,MATCHES_PYRAMID,1,1.5,EUR/D1/NEWS,1.5,WARNING,MATCHES_THEMES,EDrKL34,2.0,JPN Dataset Utilization Theme,M4ZYx3D,2.0,AMR Dataset Utilization Theme,9B3qxZ4,2.0,KOR Dataset Utilization Theme,PBVkEJD,2.0,TWN Dataset Utilization Theme,by88rqy,2.0,HKG Dataset Utilization Theme,V45896D,1.0,GLB/D1 TOPDIV3000 Power Pool Feb`26,,,,,,,,,,,2017-01-02,0.1,0.193052
KPY6dw9x,REGULAR,PS40111,EQUITY,EUR,TOP2500,1,0,INDUSTRY,0.08,ON,VERIFY,OFF,OFF,FASTEXPR,False,2014-01-01,2023-12-31,"ts_delay(vec_avg(nws17_multiple_comp_d1_event_text),1)",,2,2026-02-05T14:08:42-05:00,,2026-02-05T14:08:42-05:00,,False,False,,,ace_tag,llm_test,confidence_0.58,DATA_USAGE:SINGLE_DATA_SET,Single Data Set Alpha,,IS,UNSUBMITTED,-436248,20000000,420,473,0.8358,-0.0042,0.1469,-1e-05,-0.08,-0.01,2014-01-01,-57378.0,20000000.0,570.0,910.0,0.2197,-0.0006,0.1768,-5e-06,-0.0,-0.01,-597877.0,20000000.0,420.0,473.0,0.8358,-0.0058,0.1011,-1.4e-05,-0.02,-0.22,LOW_SHARPE,FAIL,1.58,-0.08,LOW_FITNESS,FAIL,1.0,-0.01,LOW_TURNOVER,PASS,0.01,0.8358,HIGH_TURNOVER,FAIL,0.7,0.8358,CONCENTRATED_WEIGHT,FAIL,LOW_SUB_UNIVERSE_SHARPE,FAIL,-0.04,-0.45,SELF_CORRELATION,PENDING,DATA_DIVERSITY,PENDING,PROD_CORRELATION,PENDING,REGULAR_SUBMISSION,PENDING,LOW_2Y_SHARPE,FAIL,-0.45,1.58,MATCHES_COMPETITION,PENDING,AIACv2,AI Alphas Competition 2.0,PASS,MATCHES_PYRAMID,1,1.5,EUR/D1/NEWS,1.5,WARNING,MATCHES_THEMES,EDrKL34,2.0,JPN Dataset Utilization Theme,M4ZYx3D,2.0,AMR Dataset Utilization Theme,9B3qxZ4,2.0,KOR Dataset Utilization Theme,PBVkEJD,2.0,TWN Dataset Utilization Theme,by88rqy,2.0,HKG Dataset Utilization Theme,V45896D,1.0,GLB/D1 TOPDIV3000 Power Pool Feb`26,,,,,,,,,,,,,
QPrjk5ow,REGULAR,PS40111,EQUITY,EUR,TOP2500,1,0,INDUSTRY,0.08,ON,VERIFY,OFF,OFF,FASTEXPR,False,2014-01-01,2023-12-31,"ts_sum(multiply(vec_avg(nws17_multiple_comp_d1_relevance), abs(vec_avg(nws17_comp_d1_ssc))),3)",,5,2026-02-05T14:08:51-05:00,,2026-02-05T14:08:51-05:00,,False,False,,,ace_tag,llm_test,confidence_0.69,DATA_USAGE:SINGLE_DATA_SET,Single Data Set Alpha,,IS,UNSUBMITTED,-763461,20000000,300,629,0.7089,-0.0074,0.2572,-2.1e-05,-0.2,-0.02,2014-01-01,665034.0,20000000.0,577.0,790.0,0.1869,0.0064,0.1463,6.9e-05,0.03,0.14,-1076765.0,20000000.0,300.0,629.0,0.7089,-0.0104,0.2473,-2.9e-05,-0.04,-0.32,LOW_SHARPE,FAIL,1.58,-0.2,LOW_FITNESS,FAIL,1.0,-0.02,LOW_TURNOVER,PASS,0.01,0.7089,HIGH_TURNOVER,FAIL,0.7,0.7089,CONCENTRATED_WEIGHT,PASS,LOW_SUB_UNIVERSE_SHARPE,PASS,-0.1,0.11,SELF_CORRELATION,PENDING,DATA_DIVERSITY,PENDING,PROD_CORRELATION,PENDING,REGULAR_SUBMISSION,PENDING,LOW_2Y_SHARPE,FAIL,-0.54,1.58,MATCHES_COMPETITION,PENDING,AIACv2,AI Alphas Competition 2.0,PASS,MATCHES_PYRAMID,1,1.5,EUR/D1/NEWS,1.5,WARNING,MATCHES_THEMES,EDrKL34,2.0,JPN Dataset Utilization Theme,M4ZYx3D,2.0,AMR Dataset Utilization Theme,9B3qxZ4,2.0,KOR Dataset Utilization Theme,PBVkEJD,2.0,TWN Dataset Utilization Theme,by88rqy,2.0,HKG Dataset Utilization Theme,V45896D,1.0,GLB/D1 TOPDIV3000 Power Pool Feb`26,,,,,,,,,,,,,
N1W6wkJq,REGULAR,PS40111,EQUITY,EUR,TOP2500,1,0,INDUSTRY,0.08,ON,VERIFY,OFF,OFF,FASTEXPR,False,2014-01-01,2023-12-31,"quantile(ts_backfill(vec_avg(nws17_comp_d1_bee),5))","Used nws17_comp_d1_bee which has low coverage so SUGGESTION3 applied: ts_backfill(vec_avg(...),5). SUGGESTION2 vec_avg used. SUGGESTION1 single-field. KEEP_IN_MIND maintained. Rationale: BEE specializes in earnings eval; backfill recovers sporadic coverage. confidence: 0.58",3,2026-02-05T13:52:26-05:00,,2026-02-05T13:52:33-05:00,,False,False,,,ace_tag,llm_test,confidence_0.58,DATA_USAGE:SINGLE_DATA_SET,Single Data Set Alpha,,IS,UNSUBMITTED,1988154,20000000,155,813,0.7681,0.0193,0.1096,5e-05,0.51,0.08,2014-01-01,311766.0,20000000.0,471.0,1017.0,0.1756,0.003,0.1223,3.4e-05,0.01,0.07,-101218.0,20000000.0,155.0,813.0,0.7681,-0.001,0.1663,-3e-06,-0.0,-0.03,LOW_SHARPE,FAIL,1.58,0.51,LOW_FITNESS,FAIL,1.0,0.08,LOW_TURNOVER,PASS,0.01,0.7681,HIGH_TURNOVER,FAIL,0.7,0.7681,CONCENTRATED_WEIGHT,PASS,LOW_SUB_UNIVERSE_SHARPE,FAIL,0.27,0.26,SELF_CORRELATION,PENDING,DATA_DIVERSITY,PENDING,PROD_CORRELATION,PENDING,REGULAR_SUBMISSION,PENDING,LOW_2Y_SHARPE,PASS,1.59,1.58,MATCHES_COMPETITION,PENDING,AIACv2,AI Alphas Competition 2.0,PASS,MATCHES_PYRAMID,1,1.5,EUR/D1/NEWS,1.5,WARNING,MATCHES_THEMES,EDrKL34,2.0,JPN Dataset Utilization Theme,M4ZYx3D,2.0,AMR Dataset Utilization Theme,9B3qxZ4,2.0,KOR Dataset Utilization Theme,PBVkEJD,2.0,TWN Dataset Utilization Theme,by88rqy,2.0,HKG Dataset Utilization Theme,V45896D,1.0,GLB/D1 TOPDIV3000 Power Pool Feb`26,,,,,,,,,,,,,
XgwLQ8J5,REGULAR,PS40111,EQUITY,EUR,TOP2500,1,0,INDUSTRY,0.08,ON,VERIFY,OFF,OFF,FASTEXPR,False,2014-01-01,2023-12-31,"normalize(multiply(vec_avg(nws17_multiple_comp_d1_event_text), vec_avg(nws17_multiple_comp_d1_relevance)))",,4,2026-02-05T14:11:11-05:00,,2026-02-05T14:11:12-05:00,,False,False,,,ace_tag,llm_test,confidence_0.66,DATA_USAGE:SINGLE_DATA_SET,Single Data Set Alpha,,IS,UNSUBMITTED,-318041,20000000,377,516,1.4074,-0.0031,0.1518,-4e-06,-0.08,-0.0,2014-01-01,-798487.0,20000000.0,764.0,733.0,0.3072,-0.0077,0.1842,-5e-05,-0.03,-0.18,485842.0,20000000.0,377.0,516.0,1.4074,0.0047,0.0943,7e-06,0.01,0.17,LOW_SHARPE,FAIL,1.58,-0.08,LOW_FITNESS,FAIL,1.0,-0.0,LOW_TURNOVER,PASS,0.01,1.4074,HIGH_TURNOVER,FAIL,0.7,1.4074,CONCENTRATED_WEIGHT,PASS,LOW_SUB_UNIVERSE_SHARPE,FAIL,-0.04,-0.06,SELF_CORRELATION,PENDING,DATA_DIVERSITY,PENDING,PROD_CORRELATION,PENDING,REGULAR_SUBMISSION,PENDING,LOW_2Y_SHARPE,FAIL,-0.77,1.58,MATCHES_COMPETITION,PENDING,AIACv2,AI Alphas Competition 2.0,PASS,MATCHES_PYRAMID,1,1.5,EUR/D1/NEWS,1.5,WARNING,MATCHES_THEMES,EDrKL34,2.0,JPN Dataset Utilization Theme,M4ZYx3D,2.0,AMR Dataset Utilization Theme,9B3qxZ4,2.0,KOR Dataset Utilization Theme,PBVkEJD,2.0,TWN Dataset Utilization Theme,by88rqy,2.0,HKG Dataset Utilization Theme,V45896D,1.0,GLB/D1 TOPDIV3000 Power Pool Feb`26,,,,,,,,,,,,,
qMkdrXVE,REGULAR,PS40111,EQUITY,EUR,TOP2500,1,0,INDUSTRY,0.08,ON,VERIFY,OFF,OFF,FASTEXPR,False,2014-01-01,2023-12-31,"subtract(vec_avg(nws17_comp_d1_ssc), ts_quantile(vec_avg(nws17_comp_d1_ssc),7))",,4,2026-02-05T14:10:15-05:00,,2026-02-05T14:10:16-05:00,,False,False,,,ace_tag,llm_test,confidence_0.63,DATA_USAGE:SINGLE_DATA_SET,Single Data Set Alpha,,IS,UNSUBMITTED,1307073,20000000,194,186,1.5297,0.0127,0.0743,1.7e-05,0.33,0.03,2014-01-01,421800.0,20000000.0,330.0,325.0,0.2961,0.0041,0.0956,2.8e-05,0.01,0.09,1309576.0,20000000.0,194.0,186.0,1.5297,0.0127,0.08,1.7e-05,0.03,0.38,LOW_SHARPE,FAIL,1.58,0.33,LOW_FITNESS,FAIL,1.0,0.03,LOW_TURNOVER,PASS,0.01,1.5297,HIGH_TURNOVER,FAIL,0.7,1.5297,CONCENTRATED_WEIGHT,PASS,LOW_SUB_UNIVERSE_SHARPE,PASS,0.17,0.4,SELF_CORRELATION,PENDING,DATA_DIVERSITY,PENDING,PROD_CORRELATION,PENDING,REGULAR_SUBMISSION,PENDING,LOW_2Y_SHARPE,FAIL,0.55,1.58,MATCHES_COMPETITION,PENDING,AIACv2,AI Alphas Competition 2.0,PASS,MATCHES_PYRAMID,1,1.5,EUR/D1/NEWS,1.5,WARNING,MATCHES_THEMES,EDrKL34,2.0,JPN Dataset Utilization Theme,M4ZYx3D,2.0,AMR Dataset Utilization Theme,9B3qxZ4,2.0,KOR Dataset Utilization Theme,PBVkEJD,2.0,TWN Dataset Utilization Theme,by88rqy,2.0,HKG Dataset Utilization Theme,V45896D,1.0,GLB/D1 TOPDIV3000 Power Pool Feb`26,,,,,,,,,,,,,
N1W6mOrL,REGULAR,PS40111,EQUITY,EUR,TOP2500,1,0,INDUSTRY,0.08,ON,VERIFY,OFF,OFF,FASTEXPR,False,2014-01-01,2023-12-31,"multiply(sign(vec_avg(nws17_comp_d1_ssc)), ts_returns(vec_avg(nws17_multiple_comp_d1_relevance),1))",,5,2026-02-05T14:10:07-05:00,,2026-02-05T14:10:08-05:00,,False,False,,,ace_tag,llm_test,confidence_0.67,DATA_USAGE:SINGLE_DATA_SET,Single Data Set Alpha,,IS,UNSUBMITTED,2402948,20000000,102,181,1.8078,0.0233,0.4048,2.6e-05,0.28,0.03,2014-01-01,-1153772.0,20000000.0,215.0,392.0,0.2596,-0.0112,0.4737,-8.6e-05,-0.02,-0.12,-545502.0,20000000.0,102.0,181.0,1.8078,-0.0053,0.4041,-6e-06,-0.0,-0.07,LOW_SHARPE,FAIL,1.58,0.28,LOW_FITNESS,FAIL,1.0,0.03,LOW_TURNOVER,PASS,0.01,1.8078,HIGH_TURNOVER,FAIL,0.7,1.8078,CONCENTRATED_WEIGHT,FAIL,LOW_SUB_UNIVERSE_SHARPE,PASS,0.15,0.18,SELF_CORRELATION,PENDING,DATA_DIVERSITY,PENDING,PROD_CORRELATION,PENDING,REGULAR_SUBMISSION,PENDING,LOW_2Y_SHARPE,FAIL,0.25,1.58,MATCHES_COMPETITION,PENDING,AIACv2,AI Alphas Competition 2.0,PASS,MATCHES_PYRAMID,1,1.5,EUR/D1/NEWS,1.5,WARNING,MATCHES_THEMES,EDrKL34,2.0,JPN Dataset Utilization Theme,M4ZYx3D,2.0,AMR Dataset Utilization Theme,9B3qxZ4,2.0,KOR Dataset Utilization Theme,PBVkEJD,2.0,TWN Dataset Utilization Theme,by88rqy,2.0,HKG Dataset Utilization Theme,V45896D,1.0,GLB/D1 TOPDIV3000 Power Pool Feb`26,,,,,,,,,,,2020-12-28,0.1,0.226417
XgwLQpQm,REGULAR,PS40111,EQUITY,EUR,TOP2500,1,0,INDUSTRY,0.08,ON,VERIFY,OFF,OFF,FASTEXPR,False,2014-01-01,2023-12-31,"quantile(multiply(vec_avg(nws17_multiple_comp_d1_event_text), winsorize(abs(vec_avg(nws17_comp_d1_ssc)), std=4)))",,6,2026-02-05T14:10:21-05:00,,2026-02-05T14:10:22-05:00,,False,False,,,ace_tag,llm_test,confidence_0.68,DATA_USAGE:SINGLE_DATA_SET,Single Data Set Alpha,,IS,UNSUBMITTED,-421384,20000000,257,270,1.5769,-0.0041,0.1759,-5e-06,-0.1,-0.01,2014-01-01,-435655.0,20000000.0,535.0,521.0,0.2525,-0.0042,0.0835,-3.3e-05,-0.01,-0.09,-1002409.0,20000000.0,257.0,270.0,1.5769,-0.0097,0.1723,-1.2e-05,-0.02,-0.3,LOW_SHARPE,FAIL,1.58,-0.1,LOW_FITNESS,FAIL,1.0,-0.01,LOW_TURNOVER,PASS,0.01,1.5769,HIGH_TURNOVER,FAIL,0.7,1.5769,CONCENTRATED_WEIGHT,PASS,LOW_SUB_UNIVERSE_SHARPE,PASS,-0.05,0.25,SELF_CORRELATION,PENDING,DATA_DIVERSITY,PENDING,PROD_CORRELATION,PENDING,REGULAR_SUBMISSION,PENDING,LOW_2Y_SHARPE,FAIL,-0.56,1.58,MATCHES_COMPETITION,PENDING,AIACv2,AI Alphas Competition 2.0,PASS,MATCHES_PYRAMID,1,1.5,EUR/D1/NEWS,1.5,WARNING,MATCHES_THEMES,EDrKL34,2.0,JPN Dataset Utilization Theme,M4ZYx3D,2.0,AMR Dataset Utilization Theme,9B3qxZ4,2.0,KOR Dataset Utilization Theme,PBVkEJD,2.0,TWN Dataset Utilization Theme,by88rqy,2.0,HKG Dataset Utilization Theme,V45896D,1.0,GLB/D1 TOPDIV3000 Power Pool Feb`26,,,,,,,,,,,,,
bl2MZqjK,REGULAR,PS40111,EQUITY,EUR,TOP2500,1,0,INDUSTRY,0.08,ON,VERIFY,OFF,OFF,FASTEXPR,False,2014-01-01,2023-12-31,"ts_zscore(ts_mean(multiply(ts_backfill(vec_avg(nws17_comp_d1_acb),5), vec_avg(nws17_multiple_comp_d1_relevance)),5),5)",,6,2026-02-05T14:10:53-05:00,,2026-02-05T14:10:54-05:00,,False,False,,,ace_tag,llm_test,confidence_0.65,DATA_USAGE:SINGLE_DATA_SET,Single Data Set Alpha,,IS,UNSUBMITTED,464482,20000000,182,188,0.8748,0.0045,0.1079,1e-05,0.12,0.01,2014-01-01,69262.0,20000000.0,278.0,286.0,0.2072,0.0007,0.1352,6e-06,0.0,0.01,-972474.0,20000000.0,182.0,188.0,0.8748,-0.0094,0.1302,-2.2e-05,-0.03,-0.28,LOW_SHARPE,FAIL,1.58,0.12,LOW_FITNESS,FAIL,1.0,0.01,LOW_TURNOVER,PASS,0.01,0.8748,HIGH_TURNOVER,FAIL,0.7,0.8748,CONCENTRATED_WEIGHT,PASS,LOW_SUB_UNIVERSE_SHARPE,FAIL,0.06,-0.05,SELF_CORRELATION,PENDING,DATA_DIVERSITY,PENDING,PROD_CORRELATION,PENDING,REGULAR_SUBMISSION,PENDING,LOW_2Y_SHARPE,FAIL,0.91,1.58,MATCHES_COMPETITION,PENDING,AIACv2,AI Alphas Competition 2.0,PASS,MATCHES_PYRAMID,1,1.5,EUR/D1/NEWS,1.5,WARNING,MATCHES_THEMES,EDrKL34,2.0,JPN Dataset Utilization Theme,M4ZYx3D,2.0,AMR Dataset Utilization Theme,9B3qxZ4,2.0,KOR Dataset Utilization Theme,PBVkEJD,2.0,TWN Dataset Utilization Theme,by88rqy,2.0,HKG Dataset Utilization Theme,V45896D,1.0,GLB/D1 TOPDIV3000 Power Pool Feb`26,,,,,,,,,,,,,
YPwmr6MM,REGULAR,PS40111,EQUITY,EUR,TOP2500,1,0,INDUSTRY,0.08,ON,VERIFY,OFF,OFF,FASTEXPR,False,2014-01-01,2023-12-31,quantile(vec_avg(nws17_multiple_comp_d1_event_text)),"Used nws17_multiple_comp_d1_event_text (SUGGESTION1). VECTOR so vec_avg() wraps the field; since it's text, vec_avg acts as proxy presence metric. Coverage high so SUGGESTION3 skipped. KEEP_IN_MIND respected. Rationale: richer summaries indicate substantive events. confidence: 0.60",2,2026-02-05T13:50:16-05:00,,2026-02-05T13:50:21-05:00,,False,False,,,ace_tag,llm_test,confidence_0.59,DATA_USAGE:SINGLE_DATA_SET,Single Data Set Alpha,,IS,UNSUBMITTED,1220394,20000000,453,442,0.818,0.0118,0.1168,2.9e-05,0.24,0.03,2014-01-01,322929.0,20000000.0,663.0,835.0,0.1911,0.0031,0.109,3.3e-05,0.01,0.06,594792.0,20000000.0,453.0,442.0,0.818,0.0058,0.0372,1.4e-05,0.02,0.21,LOW_SHARPE,FAIL,1.58,0.24,LOW_FITNESS,FAIL,1.0,0.03,LOW_TURNOVER,PASS,0.01,0.818,HIGH_TURNOVER,FAIL,0.7,0.818,CONCENTRATED_WEIGHT,PASS,LOW_SUB_UNIVERSE_SHARPE,FAIL,0.12,0.06,SELF_CORRELATION,PENDING,DATA_DIVERSITY,PENDING,PROD_CORRELATION,PENDING,REGULAR_SUBMISSION,PENDING,LOW_2Y_SHARPE,FAIL,-0.2,1.58,MATCHES_COMPETITION,PENDING,AIACv2,AI Alphas Competition 2.0,PASS,MATCHES_PYRAMID,1,1.5,EUR/D1/NEWS,1.5,WARNING,MATCHES_THEMES,EDrKL34,2.0,JPN Dataset Utilization Theme,M4ZYx3D,2.0,AMR Dataset Utilization Theme,9B3qxZ4,2.0,KOR Dataset Utilization Theme,PBVkEJD,2.0,TWN Dataset Utilization Theme,by88rqy,2.0,HKG Dataset Utilization Theme,V45896D,1.0,GLB/D1 TOPDIV3000 Power Pool Feb`26,,,,,,,,,,,,,
ak2lZn35,REGULAR,PS40111,EQUITY,EUR,TOP2500,1,0,INDUSTRY,0.08,ON,VERIFY,OFF,OFF,FASTEXPR,False,2014-01-01,2023-12-31,"reverse(ts_ir(vec_avg(nws17_multiple_comp_d1_relevance),14))",,3,2026-02-05T14:10:46-05:00,,2026-02-05T14:10:46-05:00,,False,False,,,ace_tag,llm_test,confidence_0.53,DATA_USAGE:SINGLE_DATA_SET,Single Data Set Alpha,,IS,UNSUBMITTED,-607829,20000000,1431,293,0.3687,-0.0059,0.2676,-3.2e-05,-0.1,-0.01,2014-01-01,-19667.0,20000000.0,1497.0,476.0,0.1262,-0.0002,0.2351,-3e-06,-0.0,-0.0,-1530209.0,20000000.0,1431.0,293.0,0.3687,-0.0148,0.1982,-8e-05,-0.06,-0.28,LOW_SHARPE,FAIL,1.58,-0.1,LOW_FITNESS,FAIL,1.0,-0.01,LOW_TURNOVER,PASS,0.01,0.3687,HIGH_TURNOVER,PASS,0.7,0.3687,CONCENTRATED_WEIGHT,FAIL,LOW_SUB_UNIVERSE_SHARPE,FAIL,-0.05,-0.19,SELF_CORRELATION,PENDING,DATA_DIVERSITY,PENDING,PROD_CORRELATION,PENDING,REGULAR_SUBMISSION,PENDING,LOW_2Y_SHARPE,FAIL,0.58,1.58,MATCHES_COMPETITION,PENDING,AIACv2,AI Alphas Competition 2.0,PASS,MATCHES_PYRAMID,1,1.5,EUR/D1/NEWS,1.5,WARNING,MATCHES_THEMES,EDrKL34,2.0,JPN Dataset Utilization Theme,M4ZYx3D,2.0,AMR Dataset Utilization Theme,9B3qxZ4,2.0,KOR Dataset Utilization Theme,PBVkEJD,2.0,TWN Dataset Utilization Theme,by88rqy,2.0,HKG Dataset Utilization Theme,V45896D,1.0,GLB/D1 TOPDIV3000 Power Pool Feb`26,,,,,,,,,,,2020-07-20,0.1,0.493975
omwv5YYk,REGULAR,PS40111,EQUITY,EUR,TOP2500,1,0,INDUSTRY,0.08,ON,VERIFY,OFF,OFF,FASTEXPR,False,2014-01-01,2023-12-31,vec_sum(nws17_comp_d1_ssc),,1,2026-02-05T14:10:06-05:00,,2026-02-05T14:10:07-05:00,,False,False,,,ace_tag,llm_test,confidence_0.62,DATA_USAGE:SINGLE_DATA_SET,Single Data Set Alpha,,IS,UNSUBMITTED,4972057,20000000,175,349,1.1043,0.0482,0.1656,8.7e-05,0.57,0.12,2014-01-01,7208990.0,20000000.0,396.0,676.0,0.2084,0.0699,0.1311,0.00067,0.42,0.73,2559084.0,20000000.0,175.0,349.0,1.1043,0.0248,0.1434,4.5e-05,0.06,0.38,LOW_SHARPE,FAIL,1.58,0.57,LOW_FITNESS,FAIL,1.0,0.12,LOW_TURNOVER,PASS,0.01,1.1043,HIGH_TURNOVER,FAIL,0.7,1.1043,CONCENTRATED_WEIGHT,FAIL,LOW_SUB_UNIVERSE_SHARPE,PASS,0.3,0.5,SELF_CORRELATION,PENDING,DATA_DIVERSITY,PENDING,PROD_CORRELATION,PENDING,REGULAR_SUBMISSION,PENDING,LOW_2Y_SHARPE,FAIL,0.68,1.58,MATCHES_COMPETITION,PENDING,AIACv2,AI Alphas Competition 2.0,PASS,MATCHES_PYRAMID,1,1.5,EUR/D1/NEWS,1.5,WARNING,MATCHES_THEMES,EDrKL34,2.0,JPN Dataset Utilization Theme,M4ZYx3D,2.0,AMR Dataset Utilization Theme,9B3qxZ4,2.0,KOR Dataset Utilization Theme,PBVkEJD,2.0,TWN Dataset Utilization Theme,by88rqy,2.0,HKG Dataset Utilization Theme,V45896D,1.0,GLB/D1 TOPDIV3000 Power Pool Feb`26,,,,,,,,,,,2015-12-24,0.1,0.127107
P0r6a2m7,REGULAR,PS40111,EQUITY,EUR,TOP2500,1,0,INDUSTRY,0.08,ON,VERIFY,OFF,OFF,FASTEXPR,False,2014-01-01,2023-12-31,"trade_when(vec_avg(nws17_multiple_comp_d1_event_text), greater(vec_avg(nws17_multiple_comp_d1_relevance),75), NaN)",,4,2026-02-05T14:12:27-05:00,,2026-02-05T14:12:27-05:00,,False,False,,,ace_tag,llm_test,confidence_0.64,DATA_USAGE:SINGLE_DATA_SET,Single Data Set Alpha,,IS,UNSUBMITTED,-605115,20000000,1091,1579,0.2489,-0.0059,0.1292,-4.7e-05,-0.24,-0.04,2014-01-01,-655777.0,20000000.0,1129.0,1555.0,0.0994,-0.0064,0.1393,-0.000128,-0.05,-0.23,-234700.0,20000000.0,1091.0,1579.0,0.2489,-0.0023,0.0547,-1.8e-05,-0.02,-0.17,LOW_SHARPE,FAIL,1.58,-0.24,LOW_FITNESS,FAIL,1.0,-0.04,LOW_TURNOVER,PASS,0.01,0.2489,HIGH_TURNOVER,PASS,0.7,0.2489,CONCENTRATED_WEIGHT,PASS,LOW_SUB_UNIVERSE_SHARPE,PASS,-0.12,-0.08,SELF_CORRELATION,PENDING,DATA_DIVERSITY,PENDING,PROD_CORRELATION,PENDING,REGULAR_SUBMISSION,PENDING,LOW_2Y_SHARPE,FAIL,-1.75,1.58,MATCHES_COMPETITION,PENDING,AIACv2,AI Alphas Competition 2.0,PASS,MATCHES_PYRAMID,1,1.5,EUR/D1/NEWS,1.5,WARNING,MATCHES_THEMES,EDrKL34,2.0,JPN Dataset Utilization Theme,M4ZYx3D,2.0,AMR Dataset Utilization Theme,9B3qxZ4,2.0,KOR Dataset Utilization Theme,PBVkEJD,2.0,TWN Dataset Utilization Theme,by88rqy,2.0,HKG Dataset Utilization Theme,V45896D,1.0,GLB/D1 TOPDIV3000 Power Pool Feb`26,,,,,,,,,,,,,
YPwmKbOl,REGULAR,PS40111,EQUITY,EUR,TOP2500,1,0,INDUSTRY,0.08,ON,VERIFY,OFF,OFF,FASTEXPR,False,2014-01-01,2023-12-31,"quantile(multiply(abs(ts_backfill(vec_avg(nws17_comp_d1_bee),5)), vec_avg(nws17_multiple_comp_d1_relevance)))",,6,2026-02-05T14:12:26-05:00,,2026-02-05T14:12:27-05:00,,False,False,,,ace_tag,llm_test,confidence_0.6,DATA_USAGE:SINGLE_DATA_SET,Single Data Set Alpha,,IS,UNSUBMITTED,1380338,20000000,83,308,1.4753,0.0134,0.1275,1.8e-05,0.25,0.02,2014-01-01,3026275.0,20000000.0,371.0,688.0,0.2358,0.0293,0.0949,0.000249,0.17,0.48,-441589.0,20000000.0,83.0,308.0,1.4753,-0.0043,0.1565,-6e-06,-0.01,-0.1,LOW_SHARPE,FAIL,1.58,0.25,LOW_FITNESS,FAIL,1.0,0.02,LOW_TURNOVER,PASS,0.01,1.4753,HIGH_TURNOVER,FAIL,0.7,1.4753,CONCENTRATED_WEIGHT,PASS,LOW_SUB_UNIVERSE_SHARPE,PASS,0.13,0.33,SELF_CORRELATION,PENDING,DATA_DIVERSITY,PENDING,PROD_CORRELATION,PENDING,REGULAR_SUBMISSION,PENDING,LOW_2Y_SHARPE,FAIL,0.54,1.58,MATCHES_COMPETITION,PENDING,AIACv2,AI Alphas Competition 2.0,PASS,MATCHES_PYRAMID,1,1.5,EUR/D1/NEWS,1.5,WARNING,MATCHES_THEMES,EDrKL34,2.0,JPN Dataset Utilization Theme,M4ZYx3D,2.0,AMR Dataset Utilization Theme,9B3qxZ4,2.0,KOR Dataset Utilization Theme,PBVkEJD,2.0,TWN Dataset Utilization Theme,by88rqy,2.0,HKG Dataset Utilization Theme,V45896D,1.0,GLB/D1 TOPDIV3000 Power Pool Feb`26,,,,,,,,,,,,,
78qQb6nQ,REGULAR,PS40111,EQUITY,EUR,TOP2500,1,0,INDUSTRY,0.08,ON,VERIFY,OFF,OFF,FASTEXPR,False,2014-01-01,2023-12-31,"reverse(ts_rank(vec_avg(nws17_comp_d1_ssc),3))",,3,2026-02-05T14:12:38-05:00,,2026-02-05T14:12:39-05:00,,False,False,,,ace_tag,llm_test,confidence_0.57,DATA_USAGE:SINGLE_DATA_SET,Single Data Set Alpha,,IS,UNSUBMITTED,1068106,20000000,248,244,1.6495,0.0103,0.0855,1.3e-05,0.29,0.02,2014-01-01,-9990.0,20000000.0,525.0,505.0,0.3058,-0.0001,0.1694,-1e-06,-0.0,-0.0,1374538.0,20000000.0,248.0,244.0,1.6495,0.0133,0.0771,1.6e-05,0.04,0.43,LOW_SHARPE,FAIL,1.58,0.29,LOW_FITNESS,FAIL,1.0,0.02,LOW_TURNOVER,PASS,0.01,1.6495,HIGH_TURNOVER,FAIL,0.7,1.6495,CONCENTRATED_WEIGHT,PASS,LOW_SUB_UNIVERSE_SHARPE,PASS,0.15,0.29,SELF_CORRELATION,PENDING,DATA_DIVERSITY,PENDING,PROD_CORRELATION,PENDING,REGULAR_SUBMISSION,PENDING,LOW_2Y_SHARPE,FAIL,0.41,1.58,MATCHES_COMPETITION,PENDING,AIACv2,AI Alphas Competition 2.0,PASS,MATCHES_PYRAMID,1,1.5,EUR/D1/NEWS,1.5,WARNING,MATCHES_THEMES,EDrKL34,2.0,JPN Dataset Utilization Theme,M4ZYx3D,2.0,AMR Dataset Utilization Theme,9B3qxZ4,2.0,KOR Dataset Utilization Theme,PBVkEJD,2.0,TWN Dataset Utilization Theme,by88rqy,2.0,HKG Dataset Utilization Theme,V45896D,1.0,GLB/D1 TOPDIV3000 Power Pool Feb`26,,,,,,,,,,,,,
A1JbZvPW,REGULAR,PS40111,EQUITY,EUR,TOP2500,1,0,INDUSTRY,0.08,ON,VERIFY,OFF,OFF,FASTEXPR,False,2014-01-01,2023-12-31,"subtract(vec_avg(nws17_comp_d1_ssc), vec_avg(nws17_multiple_comp_d1_event_text))",,3,2026-02-05T14:12:38-05:00,,2026-02-05T14:12:38-05:00,,False,False,,,ace_tag,llm_test,confidence_0.56,DATA_USAGE:SINGLE_DATA_SET,Single Data Set Alpha,,IS,UNSUBMITTED,-1998973,20000000,306,221,1.0006,-0.0194,0.3336,-3.9e-05,-0.33,-0.05,2014-01-01,955396.0,20000000.0,669.0,401.0,0.1687,0.0093,0.1256,0.00011,0.04,0.15,-858300.0,20000000.0,306.0,221.0,1.0006,-0.0083,0.2061,-1.7e-05,-0.02,-0.23,LOW_SHARPE,FAIL,1.58,-0.33,LOW_FITNESS,FAIL,1.0,-0.05,LOW_TURNOVER,PASS,0.01,1.0006,HIGH_TURNOVER,FAIL,0.7,1.0006,CONCENTRATED_WEIGHT,PASS,LOW_SUB_UNIVERSE_SHARPE,FAIL,-0.17,-0.26,SELF_CORRELATION,PENDING,DATA_DIVERSITY,PENDING,PROD_CORRELATION,PENDING,REGULAR_SUBMISSION,PENDING,LOW_2Y_SHARPE,FAIL,0.52,1.58,MATCHES_COMPETITION,PENDING,AIACv2,AI Alphas Competition 2.0,PASS,MATCHES_PYRAMID,1,1.5,EUR/D1/NEWS,1.5,WARNING,MATCHES_THEMES,EDrKL34,2.0,JPN Dataset Utilization Theme,M4ZYx3D,2.0,AMR Dataset Utilization Theme,9B3qxZ4,2.0,KOR Dataset Utilization Theme,PBVkEJD,2.0,TWN Dataset Utilization Theme,by88rqy,2.0,HKG Dataset Utilization Theme,V45896D,1.0,GLB/D1 TOPDIV3000 Power Pool Feb`26,,,,,,,,,,,,,
58790EmJ,REGULAR,PS40111,EQUITY,EUR,TOP2500,1,0,INDUSTRY,0.08,ON,VERIFY,OFF,OFF,FASTEXPR,False,2014-01-01,2023-12-31,"multiply(vec_avg(nws17_multiple_comp_d1_relevance), sign(ts_delta(vec_avg(nws17_comp_d1_ssc),1)))",,5,2026-02-05T14:13:27-05:00,,2026-02-05T14:13:27-05:00,,False,False,,,ace_tag,llm_test,confidence_0.66,DATA_USAGE:SINGLE_DATA_SET,Single Data Set Alpha,,IS,UNSUBMITTED,-900363,20000000,151,139,1.703,-0.0087,0.2299,-1e-05,-0.16,-0.01,2014-01-01,-432853.0,20000000.0,314.0,261.0,0.2934,-0.0042,0.3227,-2.9e-05,-0.01,-0.06,-1217638.0,20000000.0,151.0,139.0,1.703,-0.0118,0.2321,-1.4e-05,-0.02,-0.25,LOW_SHARPE,FAIL,1.58,-0.16,LOW_FITNESS,FAIL,1.0,-0.01,LOW_TURNOVER,PASS,0.01,1.703,HIGH_TURNOVER,FAIL,0.7,1.703,CONCENTRATED_WEIGHT,FAIL,LOW_SUB_UNIVERSE_SHARPE,FAIL,-0.08,-0.24,SELF_CORRELATION,PENDING,DATA_DIVERSITY,PENDING,PROD_CORRELATION,PENDING,REGULAR_SUBMISSION,PENDING,LOW_2Y_SHARPE,FAIL,-0.74,1.58,MATCHES_COMPETITION,PENDING,AIACv2,AI Alphas Competition 2.0,PASS,MATCHES_PYRAMID,1,1.5,EUR/D1/NEWS,1.5,WARNING,MATCHES_THEMES,EDrKL34,2.0,JPN Dataset Utilization Theme,M4ZYx3D,2.0,AMR Dataset Utilization Theme,9B3qxZ4,2.0,KOR Dataset Utilization Theme,PBVkEJD,2.0,TWN Dataset Utilization Theme,by88rqy,2.0,HKG Dataset Utilization Theme,V45896D,1.0,GLB/D1 TOPDIV3000 Power Pool Feb`26,,,,,,,,,,,2016-12-27,0.1,0.178978
RRZYnQ9z,REGULAR,PS40111,EQUITY,EUR,TOP2500,1,0,INDUSTRY,0.08,ON,VERIFY,OFF,OFF,FASTEXPR,False,2014-01-01,2023-12-31,"quantile(ts_zscore(vec_avg(nws17_comp_d1_ssc), 5))",,3,2026-02-05T14:19:54-05:00,,2026-02-05T14:19:55-05:00,,False,False,,,ace_tag,llm_test,confidence_0.7,DATA_USAGE:SINGLE_DATA_SET,Single Data Set Alpha,,IS,UNSUBMITTED,-2653031,20000000,189,188,1.6366,-0.0257,0.3153,-3.1e-05,-0.65,-0.08,2014-01-01,-1572261.0,20000000.0,352.0,358.0,0.3006,-0.0152,0.2033,-0.000101,-0.07,-0.31,-2277287.0,20000000.0,189.0,188.0,1.6366,-0.0221,0.2903,-2.7e-05,-0.07,-0.63,LOW_SHARPE,FAIL,1.58,-0.65,LOW_FITNESS,FAIL,1.0,-0.08,LOW_TURNOVER,PASS,0.01,1.6366,HIGH_TURNOVER,FAIL,0.7,1.6366,CONCENTRATED_WEIGHT,PASS,LOW_SUB_UNIVERSE_SHARPE,FAIL,-0.34,-0.37,SELF_CORRELATION,PENDING,DATA_DIVERSITY,PENDING,PROD_CORRELATION,PENDING,REGULAR_SUBMISSION,PENDING,LOW_2Y_SHARPE,FAIL,-0.63,1.58,MATCHES_COMPETITION,PENDING,AIACv2,AI Alphas Competition 2.0,PASS,MATCHES_PYRAMID,1,1.5,EUR/D1/NEWS,1.5,WARNING,MATCHES_THEMES,EDrKL34,2.0,JPN Dataset Utilization Theme,M4ZYx3D,2.0,AMR Dataset Utilization Theme,9B3qxZ4,2.0,KOR Dataset Utilization Theme,PBVkEJD,2.0,TWN Dataset Utilization Theme,by88rqy,2.0,HKG Dataset Utilization Theme,V45896D,1.0,GLB/D1 TOPDIV3000 Power Pool Feb`26,,,,,,,,,,,,,
mL2AMRd6,REGULAR,PS40111,EQUITY,EUR,TOP2500,1,0,INDUSTRY,0.08,ON,VERIFY,OFF,OFF,FASTEXPR,False,2014-01-01,2023-12-31,"quantile(ts_zscore(vec_avg(nws17_comp_d1_ssc), 20))",,3,2026-02-05T14:19:54-05:00,,2026-02-05T14:19:55-05:00,,False,False,,,ace_tag,llm_test,confidence_0.65,DATA_USAGE:SINGLE_DATA_SET,Single Data Set Alpha,,IS,UNSUBMITTED,-1839106,20000000,248,247,1.6382,-0.0178,0.1923,-2.2e-05,-0.48,-0.05,2014-01-01,-800760.0,20000000.0,441.0,495.0,0.2884,-0.0078,0.1732,-5.4e-05,-0.03,-0.17,-1360994.0,20000000.0,248.0,247.0,1.6382,-0.0132,0.1636,-1.6e-05,-0.04,-0.41,LOW_SHARPE,FAIL,1.58,-0.48,LOW_FITNESS,FAIL,1.0,-0.05,LOW_TURNOVER,PASS,0.01,1.6382,HIGH_TURNOVER,FAIL,0.7,1.6382,CONCENTRATED_WEIGHT,PASS,LOW_SUB_UNIVERSE_SHARPE,FAIL,-0.25,-0.28,SELF_CORRELATION,PENDING,DATA_DIVERSITY,PENDING,PROD_CORRELATION,PENDING,REGULAR_SUBMISSION,PENDING,LOW_2Y_SHARPE,FAIL,-0.44,1.58,MATCHES_COMPETITION,PENDING,AIACv2,AI Alphas Competition 2.0,PASS,MATCHES_PYRAMID,1,1.5,EUR/D1/NEWS,1.5,WARNING,MATCHES_THEMES,EDrKL34,2.0,JPN Dataset Utilization Theme,M4ZYx3D,2.0,AMR Dataset Utilization Theme,9B3qxZ4,2.0,KOR Dataset Utilization Theme,PBVkEJD,2.0,TWN Dataset Utilization Theme,by88rqy,2.0,HKG Dataset Utilization Theme,V45896D,1.0,GLB/D1 TOPDIV3000 Power Pool Feb`26,,,,,,,,,,,,,
3qYxZbRz,REGULAR,PS40111,EQUITY,EUR,TOP2500,1,0,INDUSTRY,0.08,ON,VERIFY,OFF,OFF,FASTEXPR,False,2014-01-01,2023-12-31,"quantile(ts_delta(vec_avg(nws17_comp_d1_ssc), 5))",,3,2026-02-05T14:19:29-05:00,,2026-02-05T14:19:30-05:00,,False,False,,,ace_tag,llm_test,confidence_0.62,DATA_USAGE:SINGLE_DATA_SET,Single Data Set Alpha,,IS,UNSUBMITTED,1416986,20000000,143,142,1.6374,0.0137,0.1032,1.7e-05,0.28,0.03,2014-01-01,99050.0,20000000.0,296.0,291.0,0.2727,0.001,0.1355,7e-06,0.0,0.01,1461058.0,20000000.0,143.0,142.0,1.6374,0.0142,0.0858,1.7e-05,0.03,0.34,LOW_SHARPE,FAIL,1.58,0.28,LOW_FITNESS,FAIL,1.0,0.03,LOW_TURNOVER,PASS,0.01,1.6374,HIGH_TURNOVER,FAIL,0.7,1.6374,CONCENTRATED_WEIGHT,FAIL,LOW_SUB_UNIVERSE_SHARPE,PASS,0.15,0.59,SELF_CORRELATION,PENDING,DATA_DIVERSITY,PENDING,PROD_CORRELATION,PENDING,REGULAR_SUBMISSION,PENDING,LOW_2Y_SHARPE,FAIL,1.53,1.58,MATCHES_COMPETITION,PENDING,AIACv2,AI Alphas Competition 2.0,PASS,MATCHES_PYRAMID,1,1.5,EUR/D1/NEWS,1.5,WARNING,MATCHES_THEMES,EDrKL34,2.0,JPN Dataset Utilization Theme,M4ZYx3D,2.0,AMR Dataset Utilization Theme,9B3qxZ4,2.0,KOR Dataset Utilization Theme,PBVkEJD,2.0,TWN Dataset Utilization Theme,by88rqy,2.0,HKG Dataset Utilization Theme,V45896D,1.0,GLB/D1 TOPDIV3000 Power Pool Feb`26,,,,,,,,,,,2020-01-02,0.1,0.5
ZYwxe5O3,REGULAR,PS40111,EQUITY,EUR,TOP2500,1,0,INDUSTRY,0.08,ON,VERIFY,OFF,OFF,FASTEXPR,False,2014-01-01,2023-12-31,"quantile(multiply(vec_avg(nws17_comp_d1_ssc), divide(vec_avg(nws17_multiple_comp_d1_relevance), 100)))",,5,2026-02-05T14:19:39-05:00,,2026-02-05T14:19:40-05:00,,False,False,,,ace_tag,llm_test,confidence_0.75,DATA_USAGE:SINGLE_DATA_SET,Single Data Set Alpha,,IS,UNSUBMITTED,-364246,20000000,252,274,1.5441,-0.0035,0.1444,-5e-06,-0.09,-0.0,2014-01-01,388795.0,20000000.0,465.0,586.0,0.2467,0.0038,0.1177,3.1e-05,0.01,0.08,-1237352.0,20000000.0,252.0,274.0,1.5441,-0.012,0.1722,-1.6e-05,-0.03,-0.35,LOW_SHARPE,FAIL,1.58,-0.09,LOW_FITNESS,FAIL,1.0,-0.0,LOW_TURNOVER,PASS,0.01,1.5441,HIGH_TURNOVER,FAIL,0.7,1.5441,CONCENTRATED_WEIGHT,PASS,LOW_SUB_UNIVERSE_SHARPE,FAIL,-0.05,-0.08,SELF_CORRELATION,PENDING,DATA_DIVERSITY,PENDING,PROD_CORRELATION,PENDING,REGULAR_SUBMISSION,PENDING,LOW_2Y_SHARPE,FAIL,-0.89,1.58,MATCHES_COMPETITION,PENDING,AIACv2,AI Alphas Competition 2.0,PASS,MATCHES_PYRAMID,1,1.5,EUR/D1/NEWS,1.5,WARNING,MATCHES_THEMES,EDrKL34,2.0,JPN Dataset Utilization Theme,M4ZYx3D,2.0,AMR Dataset Utilization Theme,9B3qxZ4,2.0,KOR Dataset Utilization Theme,PBVkEJD,2.0,TWN Dataset Utilization Theme,by88rqy,2.0,HKG Dataset Utilization Theme,V45896D,1.0,GLB/D1 TOPDIV3000 Power Pool Feb`26,,,,,,,,,,,,,
vRn93MpQ,REGULAR,PS40111,EQUITY,EUR,TOP2500,1,0,INDUSTRY,0.08,ON,VERIFY,OFF,OFF,FASTEXPR,False,2014-01-01,2023-12-31,"quantile(if_else(greater(vec_avg(nws17_multiple_comp_d1_relevance), 75), vec_avg(nws17_comp_d1_ssc), 0))",,5,2026-02-05T14:19:55-05:00,,2026-02-05T14:19:55-05:00,,False,False,,,ace_tag,llm_test,confidence_0.72,DATA_USAGE:SINGLE_DATA_SET,Single Data Set Alpha,,IS,UNSUBMITTED,-243915,20000000,172,499,1.6747,-0.0024,0.2589,-3e-06,-0.04,-0.0,2014-01-01,2391757.0,20000000.0,584.0,858.0,0.2696,0.0232,0.1393,0.000172,0.11,0.38,-485503.0,20000000.0,172.0,499.0,1.6747,-0.0047,0.1909,-6e-06,-0.0,-0.09,LOW_SHARPE,FAIL,1.58,-0.04,LOW_FITNESS,FAIL,1.0,-0.0,LOW_TURNOVER,PASS,0.01,1.6747,HIGH_TURNOVER,FAIL,0.7,1.6747,CONCENTRATED_WEIGHT,PASS,LOW_SUB_UNIVERSE_SHARPE,FAIL,-0.02,-0.17,SELF_CORRELATION,PENDING,DATA_DIVERSITY,PENDING,PROD_CORRELATION,PENDING,REGULAR_SUBMISSION,PENDING,LOW_2Y_SHARPE,FAIL,-1.48,1.58,MATCHES_COMPETITION,PENDING,AIACv2,AI Alphas Competition 2.0,PASS,MATCHES_PYRAMID,1,1.5,EUR/D1/NEWS,1.5,WARNING,MATCHES_THEMES,EDrKL34,2.0,JPN Dataset Utilization Theme,M4ZYx3D,2.0,AMR Dataset Utilization Theme,9B3qxZ4,2.0,KOR Dataset Utilization Theme,PBVkEJD,2.0,TWN Dataset Utilization Theme,by88rqy,2.0,HKG Dataset Utilization Theme,V45896D,1.0,GLB/D1 TOPDIV3000 Power Pool Feb`26,,,,,,,,,,,,,
A1JbMW0Q,REGULAR,PS40111,EQUITY,EUR,TOP2500,1,0,INDUSTRY,0.08,ON,VERIFY,OFF,OFF,FASTEXPR,False,2014-01-01,2023-12-31,"ts_zscore(vec_sum(nws17_multiple_comp_d1_relevance), 10)",,2,2026-02-05T14:19:31-05:00,,2026-02-05T14:19:32-05:00,,False,False,,,ace_tag,llm_test,confidence_0.6,DATA_USAGE:SINGLE_DATA_SET,Single Data Set Alpha,,IS,UNSUBMITTED,426084,20000000,339,490,1.5627,0.0041,0.1236,5e-06,0.12,0.01,2014-01-01,839346.0,20000000.0,661.0,656.0,0.3897,0.0081,0.0762,4.2e-05,0.03,0.23,-368417.0,20000000.0,339.0,490.0,1.5627,-0.0036,0.158,-5e-06,-0.01,-0.12,LOW_SHARPE,FAIL,1.58,0.12,LOW_FITNESS,FAIL,1.0,0.01,LOW_TURNOVER,PASS,0.01,1.5627,HIGH_TURNOVER,FAIL,0.7,1.5627,CONCENTRATED_WEIGHT,PASS,LOW_SUB_UNIVERSE_SHARPE,PASS,0.06,0.19,SELF_CORRELATION,PENDING,DATA_DIVERSITY,PENDING,PROD_CORRELATION,PENDING,REGULAR_SUBMISSION,PENDING,LOW_2Y_SHARPE,FAIL,0.44,1.58,MATCHES_COMPETITION,PENDING,AIACv2,AI Alphas Competition 2.0,PASS,MATCHES_PYRAMID,1,1.5,EUR/D1/NEWS,1.5,WARNING,MATCHES_THEMES,EDrKL34,2.0,JPN Dataset Utilization Theme,M4ZYx3D,2.0,AMR Dataset Utilization Theme,9B3qxZ4,2.0,KOR Dataset Utilization Theme,PBVkEJD,2.0,TWN Dataset Utilization Theme,by88rqy,2.0,HKG Dataset Utilization Theme,V45896D,1.0,GLB/D1 TOPDIV3000 Power Pool Feb`26,,,,,,,,,,,,,
RRZYn311,REGULAR,PS40111,EQUITY,EUR,TOP2500,1,0,INDUSTRY,0.08,ON,VERIFY,OFF,OFF,FASTEXPR,False,2014-01-01,2023-12-31,"quantile(ts_zscore(vec_avg(nws17_multiple_comp_d1_event_text), 5))",,3,2026-02-05T14:19:30-05:00,,2026-02-05T14:19:30-05:00,,False,False,,,ace_tag,llm_test,confidence_0.45,DATA_USAGE:SINGLE_DATA_SET,Single Data Set Alpha,,IS,UNSUBMITTED,0,0,0,0,0.0,0.0,0.0,0.0,0.0,,2014-01-01,,,,,,,,,,,,,,,,,,,,,LOW_SHARPE,FAIL,1.58,0.0,LOW_FITNESS,ERROR,1.0,,LOW_TURNOVER,FAIL,0.01,0.0,HIGH_TURNOVER,PASS,0.7,0.0,CONCENTRATED_WEIGHT,FAIL,LOW_SUB_UNIVERSE_SHARPE,ERROR,,,SELF_CORRELATION,PENDING,DATA_DIVERSITY,PENDING,PROD_CORRELATION,PENDING,REGULAR_SUBMISSION,PENDING,IS_LADDER_SHARPE,PENDING,,,MATCHES_COMPETITION,PENDING,AIACv2,AI Alphas Competition 2.0,PASS,MATCHES_PYRAMID,1,1.5,EUR/D1/NEWS,1.5,WARNING,MATCHES_THEMES,EDrKL34,2.0,JPN Dataset Utilization Theme,M4ZYx3D,2.0,AMR Dataset Utilization Theme,9B3qxZ4,2.0,KOR Dataset Utilization Theme,PBVkEJD,2.0,TWN Dataset Utilization Theme,by88rqy,2.0,HKG Dataset Utilization Theme,V45896D,1.0,GLB/D1 TOPDIV3000 Power Pool Feb`26,,,,,,,,,,,,,
88krdAE7,REGULAR,PS40111,EQUITY,EUR,TOP2500,1,0,INDUSTRY,0.08,ON,VERIFY,OFF,OFF,FASTEXPR,False,2014-01-01,2023-12-31,"quantile(multiply(vec_avg(nws17_comp_d1_ssc), ts_returns(vec_avg(nws17_comp_d1_ssc), 3)))",,5,2026-02-05T14:21:07-05:00,,2026-02-05T14:21:08-05:00,,False,False,,,ace_tag,llm_test,confidence_0.67,DATA_USAGE:SINGLE_DATA_SET,Single Data Set Alpha,,IS,UNSUBMITTED,-111736,20000000,98,98,1.6304,-0.0011,0.1881,-1e-06,-0.02,-0.0,2014-01-01,-3129825.0,20000000.0,219.0,231.0,0.2855,-0.0303,0.3845,-0.000212,-0.16,-0.5,62541.0,20000000.0,98.0,98.0,1.6304,0.0006,0.1526,1e-06,0.0,0.01,LOW_SHARPE,FAIL,1.58,-0.02,LOW_FITNESS,FAIL,1.0,-0.0,LOW_TURNOVER,PASS,0.01,1.6304,HIGH_TURNOVER,FAIL,0.7,1.6304,CONCENTRATED_WEIGHT,FAIL,LOW_SUB_UNIVERSE_SHARPE,PASS,-0.01,0.14,SELF_CORRELATION,PENDING,DATA_DIVERSITY,PENDING,PROD_CORRELATION,PENDING,REGULAR_SUBMISSION,PENDING,LOW_2Y_SHARPE,FAIL,1.07,1.58,MATCHES_COMPETITION,PENDING,AIACv2,AI Alphas Competition 2.0,PASS,MATCHES_PYRAMID,1,1.5,EUR/D1/NEWS,1.5,WARNING,MATCHES_THEMES,EDrKL34,2.0,JPN Dataset Utilization Theme,M4ZYx3D,2.0,AMR Dataset Utilization Theme,9B3qxZ4,2.0,KOR Dataset Utilization Theme,PBVkEJD,2.0,TWN Dataset Utilization Theme,by88rqy,2.0,HKG Dataset Utilization Theme,V45896D,1.0,GLB/D1 TOPDIV3000 Power Pool Feb`26,,,,,,,,,,,,,
5879oNaJ,REGULAR,PS40111,EQUITY,EUR,TOP2500,1,0,INDUSTRY,0.08,ON,VERIFY,OFF,OFF,FASTEXPR,False,2014-01-01,2023-12-31,"quantile(subtract(ts_zscore(vec_avg(nws17_multiple_comp_d1_relevance), 10), ts_zscore(vec_avg(nws17_comp_d1_ssc), 5)))",,6,2026-02-05T14:21:19-05:00,,2026-02-05T14:21:19-05:00,,False,False,,,ace_tag,llm_test,confidence_0.66,DATA_USAGE:SINGLE_DATA_SET,Single Data Set Alpha,,IS,UNSUBMITTED,1746788,20000000,185,187,1.609,0.0169,0.0908,2.1e-05,0.42,0.04,2014-01-01,957621.0,20000000.0,346.0,350.0,0.2867,0.0093,0.1216,6.5e-05,0.03,0.18,1259242.0,20000000.0,185.0,187.0,1.609,0.0122,0.0801,1.5e-05,0.03,0.35,LOW_SHARPE,FAIL,1.58,0.42,LOW_FITNESS,FAIL,1.0,0.04,LOW_TURNOVER,PASS,0.01,1.609,HIGH_TURNOVER,FAIL,0.7,1.609,CONCENTRATED_WEIGHT,PASS,LOW_SUB_UNIVERSE_SHARPE,FAIL,0.22,0.2,SELF_CORRELATION,PENDING,DATA_DIVERSITY,PENDING,PROD_CORRELATION,PENDING,REGULAR_SUBMISSION,PENDING,LOW_2Y_SHARPE,FAIL,0.61,1.58,MATCHES_COMPETITION,PENDING,AIACv2,AI Alphas Competition 2.0,PASS,MATCHES_PYRAMID,1,1.5,EUR/D1/NEWS,1.5,WARNING,MATCHES_THEMES,EDrKL34,2.0,JPN Dataset Utilization Theme,M4ZYx3D,2.0,AMR Dataset Utilization Theme,9B3qxZ4,2.0,KOR Dataset Utilization Theme,PBVkEJD,2.0,TWN Dataset Utilization Theme,by88rqy,2.0,HKG Dataset Utilization Theme,V45896D,1.0,GLB/D1 TOPDIV3000 Power Pool Feb`26,,,,,,,,,,,,,
A1JbM6LQ,REGULAR,PS40111,EQUITY,EUR,TOP2500,1,0,INDUSTRY,0.08,ON,VERIFY,OFF,OFF,FASTEXPR,False,2014-01-01,2023-12-31,"quantile(multiply(vec_avg(nws17_multiple_comp_d1_event_text), divide(vec_avg(nws17_multiple_comp_d1_relevance), 100)))",,5,2026-02-05T14:21:07-05:00,,2026-02-05T14:21:07-05:00,,False,False,,,ace_tag,llm_test,confidence_0.53,DATA_USAGE:SINGLE_DATA_SET,Single Data Set Alpha,,IS,UNSUBMITTED,-400084,20000000,445,450,1.5222,-0.0039,0.1374,-5e-06,-0.1,-0.01,2014-01-01,-1197772.0,20000000.0,715.0,771.0,0.334,-0.0116,0.2029,-6.9e-05,-0.05,-0.29,48720.0,20000000.0,445.0,450.0,1.5222,0.0005,0.0807,1e-06,0.0,0.02,LOW_SHARPE,FAIL,1.58,-0.1,LOW_FITNESS,FAIL,1.0,-0.01,LOW_TURNOVER,PASS,0.01,1.5222,HIGH_TURNOVER,FAIL,0.7,1.5222,CONCENTRATED_WEIGHT,PASS,LOW_SUB_UNIVERSE_SHARPE,FAIL,-0.05,-0.24,SELF_CORRELATION,PENDING,DATA_DIVERSITY,PENDING,PROD_CORRELATION,PENDING,REGULAR_SUBMISSION,PENDING,LOW_2Y_SHARPE,FAIL,-0.71,1.58,MATCHES_COMPETITION,PENDING,AIACv2,AI Alphas Competition 2.0,PASS,MATCHES_PYRAMID,1,1.5,EUR/D1/NEWS,1.5,WARNING,MATCHES_THEMES,EDrKL34,2.0,JPN Dataset Utilization Theme,M4ZYx3D,2.0,AMR Dataset Utilization Theme,9B3qxZ4,2.0,KOR Dataset Utilization Theme,PBVkEJD,2.0,TWN Dataset Utilization Theme,by88rqy,2.0,HKG Dataset Utilization Theme,V45896D,1.0,GLB/D1 TOPDIV3000 Power Pool Feb`26,,,,,,,,,,,,,
rK6LvQl1,REGULAR,PS40111,EQUITY,EUR,TOP2500,1,0,INDUSTRY,0.08,ON,VERIFY,OFF,OFF,FASTEXPR,False,2014-01-01,2023-12-31,"quantile(reverse(ts_zscore(vec_avg(nws17_comp_d1_ssc), 10)))",,4,2026-02-05T14:21:21-05:00,,2026-02-05T14:21:21-05:00,,False,False,,,ace_tag,llm_test,confidence_0.58,DATA_USAGE:SINGLE_DATA_SET,Single Data Set Alpha,,IS,UNSUBMITTED,1079821,20000000,223,225,1.635,0.0105,0.0782,1.3e-05,0.28,0.02,2014-01-01,1984819.0,20000000.0,429.0,408.0,0.2926,0.0192,0.1227,0.000131,0.11,0.41,861981.0,20000000.0,223.0,225.0,1.635,0.0084,0.0803,1e-05,0.02,0.25,LOW_SHARPE,FAIL,1.58,0.28,LOW_FITNESS,FAIL,1.0,0.02,LOW_TURNOVER,PASS,0.01,1.635,HIGH_TURNOVER,FAIL,0.7,1.635,CONCENTRATED_WEIGHT,PASS,LOW_SUB_UNIVERSE_SHARPE,FAIL,0.15,0.02,SELF_CORRELATION,PENDING,DATA_DIVERSITY,PENDING,PROD_CORRELATION,PENDING,REGULAR_SUBMISSION,PENDING,LOW_2Y_SHARPE,FAIL,-0.07,1.58,MATCHES_COMPETITION,PENDING,AIACv2,AI Alphas Competition 2.0,PASS,MATCHES_PYRAMID,1,1.5,EUR/D1/NEWS,1.5,WARNING,MATCHES_THEMES,EDrKL34,2.0,JPN Dataset Utilization Theme,M4ZYx3D,2.0,AMR Dataset Utilization Theme,9B3qxZ4,2.0,KOR Dataset Utilization Theme,PBVkEJD,2.0,TWN Dataset Utilization Theme,by88rqy,2.0,HKG Dataset Utilization Theme,V45896D,1.0,GLB/D1 TOPDIV3000 Power Pool Feb`26,,,,,,,,,,,,,
mL2AM2k5,REGULAR,PS40111,EQUITY,EUR,TOP2500,1,0,INDUSTRY,0.08,ON,VERIFY,OFF,OFF,FASTEXPR,False,2014-01-01,2023-12-31,quantile(vec_stddev(nws17_comp_d1_ssc)),,2,2026-02-05T14:21:33-05:00,,2026-02-05T14:21:34-05:00,,False,False,,,ace_tag,llm_test,confidence_0.49,DATA_USAGE:SINGLE_DATA_SET,Single Data Set Alpha,,IS,UNSUBMITTED,1452117,20000000,153,165,1.5454,0.0141,0.1977,1.8e-05,0.27,0.03,2014-01-01,1066015.0,20000000.0,314.0,456.0,0.2456,0.0103,0.1421,8.4e-05,0.03,0.17,-404222.0,20000000.0,153.0,165.0,1.5454,-0.0039,0.2196,-5e-06,-0.0,-0.09,LOW_SHARPE,FAIL,1.58,0.27,LOW_FITNESS,FAIL,1.0,0.03,LOW_TURNOVER,PASS,0.01,1.5454,HIGH_TURNOVER,FAIL,0.7,1.5454,CONCENTRATED_WEIGHT,PASS,LOW_SUB_UNIVERSE_SHARPE,FAIL,0.14,-0.0,SELF_CORRELATION,PENDING,DATA_DIVERSITY,PENDING,PROD_CORRELATION,PENDING,REGULAR_SUBMISSION,PENDING,LOW_2Y_SHARPE,FAIL,0.68,1.58,MATCHES_COMPETITION,PENDING,AIACv2,AI Alphas Competition 2.0,PASS,MATCHES_PYRAMID,1,1.5,EUR/D1/NEWS,1.5,WARNING,MATCHES_THEMES,EDrKL34,2.0,JPN Dataset Utilization Theme,M4ZYx3D,2.0,AMR Dataset Utilization Theme,9B3qxZ4,2.0,KOR Dataset Utilization Theme,PBVkEJD,2.0,TWN Dataset Utilization Theme,by88rqy,2.0,HKG Dataset Utilization Theme,V45896D,1.0,GLB/D1 TOPDIV3000 Power Pool Feb`26,,,,,,,,,,,,,
0mkd0K18,REGULAR,PS40111,EQUITY,EUR,TOP2500,1,0,INDUSTRY,0.08,ON,VERIFY,OFF,OFF,FASTEXPR,False,2014-01-01,2023-12-31,"quantile(ts_zscore(vec_sum(nws17_multiple_comp_d1_relevance), 7))",,3,2026-02-05T14:23:01-05:00,,2026-02-05T14:23:02-05:00,,False,False,,,ace_tag,llm_test,confidence_0.61,DATA_USAGE:SINGLE_DATA_SET,Single Data Set Alpha,,IS,UNSUBMITTED,-363149,20000000,398,396,1.5816,-0.0035,0.1858,-4e-06,-0.1,-0.0,2014-01-01,-15583.0,20000000.0,613.0,621.0,0.4011,-0.0002,0.1339,-1e-06,-0.0,-0.0,-802946.0,20000000.0,398.0,396.0,1.5816,-0.0078,0.178,-1e-05,-0.02,-0.25,LOW_SHARPE,FAIL,1.58,-0.1,LOW_FITNESS,FAIL,1.0,-0.0,LOW_TURNOVER,PASS,0.01,1.5816,HIGH_TURNOVER,FAIL,0.7,1.5816,CONCENTRATED_WEIGHT,PASS,LOW_SUB_UNIVERSE_SHARPE,PASS,-0.05,-0.03,SELF_CORRELATION,PENDING,DATA_DIVERSITY,PENDING,PROD_CORRELATION,PENDING,REGULAR_SUBMISSION,PENDING,LOW_2Y_SHARPE,FAIL,-0.17,1.58,MATCHES_COMPETITION,PENDING,AIACv2,AI Alphas Competition 2.0,PASS,MATCHES_PYRAMID,1,1.5,EUR/D1/NEWS,1.5,WARNING,MATCHES_THEMES,EDrKL34,2.0,JPN Dataset Utilization Theme,M4ZYx3D,2.0,AMR Dataset Utilization Theme,9B3qxZ4,2.0,KOR Dataset Utilization Theme,PBVkEJD,2.0,TWN Dataset Utilization Theme,by88rqy,2.0,HKG Dataset Utilization Theme,V45896D,1.0,GLB/D1 TOPDIV3000 Power Pool Feb`26,,,,,,,,,,,,,
e78KoqnJ,REGULAR,PS40111,EQUITY,EUR,TOP2500,1,0,INDUSTRY,0.08,ON,VERIFY,OFF,OFF,FASTEXPR,False,2014-01-01,2023-12-31,"quantile(ts_arg_max(vec_avg(nws17_comp_d1_ssc), 7))",,3,2026-02-05T14:22:51-05:00,,2026-02-05T14:22:52-05:00,,False,False,,,ace_tag,llm_test,confidence_0.55,DATA_USAGE:SINGLE_DATA_SET,Single Data Set Alpha,,IS,UNSUBMITTED,-290311,20000000,653,645,0.965,-0.0028,0.0998,-6e-06,-0.12,-0.01,2014-01-01,552372.0,20000000.0,659.0,912.0,0.2302,0.0054,0.0606,4.6e-05,0.03,0.19,-130292.0,20000000.0,653.0,645.0,0.965,-0.0013,0.0675,-3e-06,-0.0,-0.06,LOW_SHARPE,FAIL,1.58,-0.12,LOW_FITNESS,FAIL,1.0,-0.01,LOW_TURNOVER,PASS,0.01,0.965,HIGH_TURNOVER,FAIL,0.7,0.965,CONCENTRATED_WEIGHT,PASS,LOW_SUB_UNIVERSE_SHARPE,PASS,-0.06,0.32,SELF_CORRELATION,PENDING,DATA_DIVERSITY,PENDING,PROD_CORRELATION,PENDING,REGULAR_SUBMISSION,PENDING,LOW_2Y_SHARPE,FAIL,-0.1,1.58,MATCHES_COMPETITION,PENDING,AIACv2,AI Alphas Competition 2.0,PASS,MATCHES_PYRAMID,1,1.5,EUR/D1/NEWS,1.5,WARNING,MATCHES_THEMES,EDrKL34,2.0,JPN Dataset Utilization Theme,M4ZYx3D,2.0,AMR Dataset Utilization Theme,9B3qxZ4,2.0,KOR Dataset Utilization Theme,PBVkEJD,2.0,TWN Dataset Utilization Theme,by88rqy,2.0,HKG Dataset Utilization Theme,V45896D,1.0,GLB/D1 TOPDIV3000 Power Pool Feb`26,,,,,,,,,,,,,
VkwEgYEM,REGULAR,PS40111,EQUITY,EUR,TOP2500,1,0,INDUSTRY,0.08,ON,VERIFY,OFF,OFF,FASTEXPR,False,2014-01-01,2023-12-31,"quantile(multiply(ts_zscore(vec_avg(nws17_comp_d1_ssc), 10), inverse(vec_stddev(nws17_multiple_comp_d1_relevance))))",,6,2026-02-05T14:22:50-05:00,,2026-02-05T14:22:50-05:00,,False,False,,,ace_tag,llm_test,confidence_0.64,DATA_USAGE:SINGLE_DATA_SET,Single Data Set Alpha,,IS,UNSUBMITTED,-2370615,20000000,117,116,1.6514,-0.023,0.2941,-2.8e-05,-0.43,-0.05,2014-01-01,-2975783.0,20000000.0,249.0,274.0,0.2721,-0.0288,0.3035,-0.000212,-0.15,-0.46,-1702160.0,20000000.0,117.0,116.0,1.6514,-0.0165,0.2545,-2e-05,-0.03,-0.35,LOW_SHARPE,FAIL,1.58,-0.43,LOW_FITNESS,FAIL,1.0,-0.05,LOW_TURNOVER,PASS,0.01,1.6514,HIGH_TURNOVER,FAIL,0.7,1.6514,CONCENTRATED_WEIGHT,FAIL,LOW_SUB_UNIVERSE_SHARPE,FAIL,-0.22,-0.74,SELF_CORRELATION,PENDING,DATA_DIVERSITY,PENDING,PROD_CORRELATION,PENDING,REGULAR_SUBMISSION,PENDING,LOW_2Y_SHARPE,FAIL,0.08,1.58,MATCHES_COMPETITION,PENDING,AIACv2,AI Alphas Competition 2.0,PASS,MATCHES_PYRAMID,1,1.5,EUR/D1/NEWS,1.5,WARNING,MATCHES_THEMES,EDrKL34,2.0,JPN Dataset Utilization Theme,M4ZYx3D,2.0,AMR Dataset Utilization Theme,9B3qxZ4,2.0,KOR Dataset Utilization Theme,PBVkEJD,2.0,TWN Dataset Utilization Theme,by88rqy,2.0,HKG Dataset Utilization Theme,V45896D,1.0,GLB/D1 TOPDIV3000 Power Pool Feb`26,,,,,,,,,,,2017-01-02,0.1,0.100967
npkoJ6gq,REGULAR,PS40111,EQUITY,EUR,TOP2500,1,0,INDUSTRY,0.08,ON,VERIFY,OFF,OFF,FASTEXPR,False,2014-01-01,2023-12-31,"quantile(multiply(vec_avg(nws17_multiple_comp_d1_event_text), vec_avg(nws17_comp_d1_ssc)))","Combined event_text and SSC via vec_avg and multiply, then quantile. SUGGESTION1/2 applied. KEEP_IN_MIND ok. Rationale: sentiment anchored to explicit event_text signals. confidence: 0.70",4,2026-02-05T13:58:54-05:00,,2026-02-05T13:59:00-05:00,,False,False,,,ace_tag,llm_test,confidence_0.52,DATA_USAGE:SINGLE_DATA_SET,Single Data Set Alpha,,IS,UNSUBMITTED,-279480,20000000,260,267,1.565,-0.0027,0.1107,-3e-06,-0.07,-0.0,2014-01-01,-28300.0,20000000.0,525.0,533.0,0.2522,-0.0003,0.1407,-2e-06,-0.0,-0.01,-1040431.0,20000000.0,260.0,267.0,1.565,-0.0101,0.121,-1.3e-05,-0.02,-0.31,LOW_SHARPE,FAIL,1.58,-0.07,LOW_FITNESS,FAIL,1.0,-0.0,LOW_TURNOVER,PASS,0.01,1.565,HIGH_TURNOVER,FAIL,0.7,1.565,CONCENTRATED_WEIGHT,PASS,LOW_SUB_UNIVERSE_SHARPE,PASS,-0.04,0.18,SELF_CORRELATION,PENDING,DATA_DIVERSITY,PENDING,PROD_CORRELATION,PENDING,REGULAR_SUBMISSION,PENDING,LOW_2Y_SHARPE,FAIL,-0.55,1.58,MATCHES_COMPETITION,PENDING,AIACv2,AI Alphas Competition 2.0,PASS,MATCHES_PYRAMID,1,1.5,EUR/D1/NEWS,1.5,WARNING,MATCHES_THEMES,EDrKL34,2.0,JPN Dataset Utilization Theme,M4ZYx3D,2.0,AMR Dataset Utilization Theme,9B3qxZ4,2.0,KOR Dataset Utilization Theme,PBVkEJD,2.0,TWN Dataset Utilization Theme,by88rqy,2.0,HKG Dataset Utilization Theme,V45896D,1.0,GLB/D1 TOPDIV3000 Power Pool Feb`26,,,,,,,,,,,,,
P0r6dXA7,REGULAR,PS40111,EQUITY,EUR,TOP2500,1,0,INDUSTRY,0.08,ON,VERIFY,OFF,OFF,FASTEXPR,False,2014-01-01,2023-12-31,"quantile(multiply(reverse(ts_zscore(vec_avg(nws17_comp_d1_ssc), 10)), divide(vec_avg(nws17_multiple_comp_d1_relevance), 100)))",,7,2026-02-05T14:22:58-05:00,,2026-02-05T14:22:59-05:00,,False,False,,,ace_tag,llm_test,confidence_0.69,DATA_USAGE:SINGLE_DATA_SET,Single Data Set Alpha,,IS,UNSUBMITTED,595303,20000000,224,224,1.6051,0.0058,0.1137,7e-06,0.14,0.01,2014-01-01,426655.0,20000000.0,412.0,425.0,0.272,0.0041,0.1453,3e-05,0.01,0.08,1084237.0,20000000.0,224.0,224.0,1.6051,0.0105,0.1051,1.3e-05,0.02,0.29,LOW_SHARPE,FAIL,1.58,0.14,LOW_FITNESS,FAIL,1.0,0.01,LOW_TURNOVER,PASS,0.01,1.6051,HIGH_TURNOVER,FAIL,0.7,1.6051,CONCENTRATED_WEIGHT,PASS,LOW_SUB_UNIVERSE_SHARPE,PASS,0.07,0.14,SELF_CORRELATION,PENDING,DATA_DIVERSITY,PENDING,PROD_CORRELATION,PENDING,REGULAR_SUBMISSION,PENDING,LOW_2Y_SHARPE,FAIL,-0.08,1.58,MATCHES_COMPETITION,PENDING,AIACv2,AI Alphas Competition 2.0,PASS,MATCHES_PYRAMID,1,1.5,EUR/D1/NEWS,1.5,WARNING,MATCHES_THEMES,EDrKL34,2.0,JPN Dataset Utilization Theme,M4ZYx3D,2.0,AMR Dataset Utilization Theme,9B3qxZ4,2.0,KOR Dataset Utilization Theme,PBVkEJD,2.0,TWN Dataset Utilization Theme,by88rqy,2.0,HKG Dataset Utilization Theme,V45896D,1.0,GLB/D1 TOPDIV3000 Power Pool Feb`26,,,,,,,,,,,,,
Gr06pwwJ,REGULAR,PS40111,EQUITY,EUR,TOP2500,1,0,INDUSTRY,0.08,ON,VERIFY,OFF,OFF,FASTEXPR,False,2014-01-01,2023-12-31,"ts_ir(vec_avg(nws17_comp_d1_ssc), 20)",,2,2026-02-05T14:24:22-05:00,,2026-02-05T14:24:22-05:00,,False,False,,,ace_tag,llm_test,confidence_0.66,DATA_USAGE:SINGLE_DATA_SET,Single Data Set Alpha,,IS,UNSUBMITTED,-8357233,20000000,503,776,0.5572,-0.081,1.5119,-0.000291,-0.31,-0.12,2014-01-01,16566284.0,20000000.0,716.0,761.0,0.1528,0.1605,0.4238,0.002101,0.85,0.83,-6583319.0,20000000.0,503.0,776.0,0.5572,-0.0638,1.4868,-0.000229,-0.08,-0.25,LOW_SHARPE,FAIL,1.58,-0.31,LOW_FITNESS,FAIL,1.0,-0.12,LOW_TURNOVER,PASS,0.01,0.5572,HIGH_TURNOVER,PASS,0.7,0.5572,CONCENTRATED_WEIGHT,FAIL,LOW_SUB_UNIVERSE_SHARPE,PASS,-0.16,-0.15,SELF_CORRELATION,PENDING,DATA_DIVERSITY,PENDING,PROD_CORRELATION,PENDING,REGULAR_SUBMISSION,PENDING,LOW_2Y_SHARPE,FAIL,0.04,1.58,MATCHES_COMPETITION,PENDING,AIACv2,AI Alphas Competition 2.0,PASS,MATCHES_PYRAMID,1,1.5,EUR/D1/NEWS,1.5,WARNING,MATCHES_THEMES,EDrKL34,2.0,JPN Dataset Utilization Theme,M4ZYx3D,2.0,AMR Dataset Utilization Theme,9B3qxZ4,2.0,KOR Dataset Utilization Theme,PBVkEJD,2.0,TWN Dataset Utilization Theme,by88rqy,2.0,HKG Dataset Utilization Theme,V45896D,1.0,GLB/D1 TOPDIV3000 Power Pool Feb`26,,,,,,,,,,,2015-11-09,0.1,0.499944
MPlXop68,REGULAR,PS40111,EQUITY,EUR,TOP2500,1,0,INDUSTRY,0.08,ON,VERIFY,OFF,OFF,FASTEXPR,False,2014-01-01,2023-12-31,"quantile(multiply(reverse(vec_avg(nws17_comp_d1_ssc)), divide(vec_avg(nws17_multiple_comp_d1_relevance), 100)))",,6,2026-02-05T14:24:26-05:00,,2026-02-05T14:24:27-05:00,,False,False,,,ace_tag,llm_test,confidence_0.7,DATA_USAGE:SINGLE_DATA_SET,Single Data Set Alpha,,IS,UNSUBMITTED,364247,20000000,274,252,1.5441,0.0035,0.1625,5e-06,0.09,0.0,2014-01-01,-388794.0,20000000.0,586.0,465.0,0.2467,-0.0038,0.1388,-3.1e-05,-0.01,-0.08,1237353.0,20000000.0,274.0,252.0,1.5441,0.012,0.0933,1.6e-05,0.03,0.35,LOW_SHARPE,FAIL,1.58,0.09,LOW_FITNESS,FAIL,1.0,0.0,LOW_TURNOVER,PASS,0.01,1.5441,HIGH_TURNOVER,FAIL,0.7,1.5441,CONCENTRATED_WEIGHT,PASS,LOW_SUB_UNIVERSE_SHARPE,PASS,0.05,0.08,SELF_CORRELATION,PENDING,DATA_DIVERSITY,PENDING,PROD_CORRELATION,PENDING,REGULAR_SUBMISSION,PENDING,LOW_2Y_SHARPE,FAIL,0.89,1.58,MATCHES_COMPETITION,PENDING,AIACv2,AI Alphas Competition 2.0,PASS,MATCHES_PYRAMID,1,1.5,EUR/D1/NEWS,1.5,WARNING,MATCHES_THEMES,EDrKL34,2.0,JPN Dataset Utilization Theme,M4ZYx3D,2.0,AMR Dataset Utilization Theme,9B3qxZ4,2.0,KOR Dataset Utilization Theme,PBVkEJD,2.0,TWN Dataset Utilization Theme,by88rqy,2.0,HKG Dataset Utilization Theme,V45896D,1.0,GLB/D1 TOPDIV3000 Power Pool Feb`26,,,,,,,,,,,,,
88krdzNo,REGULAR,PS40111,EQUITY,EUR,TOP2500,1,0,INDUSTRY,0.08,ON,VERIFY,OFF,OFF,FASTEXPR,False,2014-01-01,2023-12-31,"quantile(ts_arg_max(vec_avg(nws17_multiple_comp_d1_event_text), 7))",,3,2026-02-05T14:24:26-05:00,,2026-02-05T14:24:27-05:00,,False,False,,,ace_tag,llm_test,confidence_0.5,DATA_USAGE:SINGLE_DATA_SET,Single Data Set Alpha,,IS,UNSUBMITTED,-1304018,20000000,833,1037,0.8311,-0.0126,0.1527,-3e-05,-0.42,-0.05,2014-01-01,-448457.0,20000000.0,1120.0,1080.0,0.2101,-0.0043,0.1521,-4.1e-05,-0.02,-0.13,-302303.0,20000000.0,833.0,1037.0,0.8311,-0.0029,0.0817,-7e-06,-0.01,-0.14,LOW_SHARPE,FAIL,1.58,-0.42,LOW_FITNESS,FAIL,1.0,-0.05,LOW_TURNOVER,PASS,0.01,0.8311,HIGH_TURNOVER,FAIL,0.7,0.8311,CONCENTRATED_WEIGHT,PASS,LOW_SUB_UNIVERSE_SHARPE,FAIL,-0.22,-0.35,SELF_CORRELATION,PENDING,DATA_DIVERSITY,PENDING,PROD_CORRELATION,PENDING,REGULAR_SUBMISSION,PENDING,LOW_2Y_SHARPE,FAIL,-1.23,1.58,MATCHES_COMPETITION,PENDING,AIACv2,AI Alphas Competition 2.0,PASS,MATCHES_PYRAMID,1,1.5,EUR/D1/NEWS,1.5,WARNING,MATCHES_THEMES,EDrKL34,2.0,JPN Dataset Utilization Theme,M4ZYx3D,2.0,AMR Dataset Utilization Theme,9B3qxZ4,2.0,KOR Dataset Utilization Theme,PBVkEJD,2.0,TWN Dataset Utilization Theme,by88rqy,2.0,HKG Dataset Utilization Theme,V45896D,1.0,GLB/D1 TOPDIV3000 Power Pool Feb`26,,,,,,,,,,,,,
XgwL5nla,REGULAR,PS40111,EQUITY,EUR,TOP2500,1,0,INDUSTRY,0.08,ON,VERIFY,OFF,OFF,FASTEXPR,False,2014-01-01,2023-12-31,"quantile(divide(add(ts_zscore(vec_avg(nws17_comp_d1_ssc), 7), ts_zscore(vec_avg(nws17_multiple_comp_d1_relevance), 7)), 2))",,7,2026-02-05T14:24:38-05:00,,2026-02-05T14:24:38-05:00,,False,False,,,ace_tag,llm_test,confidence_0.68,DATA_USAGE:SINGLE_DATA_SET,Single Data Set Alpha,,IS,UNSUBMITTED,-1574741,20000000,201,202,1.5999,-0.0153,0.2327,-1.9e-05,-0.39,-0.04,2014-01-01,-637715.0,20000000.0,370.0,376.0,0.2942,-0.0062,0.1974,-4.2e-05,-0.02,-0.12,-1677201.0,20000000.0,201.0,202.0,1.5999,-0.0163,0.2361,-2e-05,-0.05,-0.47,LOW_SHARPE,FAIL,1.58,-0.39,LOW_FITNESS,FAIL,1.0,-0.04,LOW_TURNOVER,PASS,0.01,1.5999,HIGH_TURNOVER,FAIL,0.7,1.5999,CONCENTRATED_WEIGHT,PASS,LOW_SUB_UNIVERSE_SHARPE,FAIL,-0.2,-0.39,SELF_CORRELATION,PENDING,DATA_DIVERSITY,PENDING,PROD_CORRELATION,PENDING,REGULAR_SUBMISSION,PENDING,LOW_2Y_SHARPE,FAIL,-0.47,1.58,MATCHES_COMPETITION,PENDING,AIACv2,AI Alphas Competition 2.0,PASS,MATCHES_PYRAMID,1,1.5,EUR/D1/NEWS,1.5,WARNING,MATCHES_THEMES,EDrKL34,2.0,JPN Dataset Utilization Theme,M4ZYx3D,2.0,AMR Dataset Utilization Theme,9B3qxZ4,2.0,KOR Dataset Utilization Theme,PBVkEJD,2.0,TWN Dataset Utilization Theme,by88rqy,2.0,HKG Dataset Utilization Theme,V45896D,1.0,GLB/D1 TOPDIV3000 Power Pool Feb`26,,,,,,,,,,,,,
MPlXopda,REGULAR,PS40111,EQUITY,EUR,TOP2500,1,0,INDUSTRY,0.08,ON,VERIFY,OFF,OFF,FASTEXPR,False,2014-01-01,2023-12-31,"quantile(reverse(ts_zscore(vec_avg(nws17_multiple_comp_d1_relevance), 5)))",,4,2026-02-05T14:24:27-05:00,,2026-02-05T14:24:27-05:00,,False,False,,,ace_tag,llm_test,confidence_0.47,DATA_USAGE:SINGLE_DATA_SET,Single Data Set Alpha,,IS,UNSUBMITTED,337393,20000000,366,368,1.5968,0.0033,0.0866,4e-06,0.09,0.0,2014-01-01,482431.0,20000000.0,567.0,551.0,0.4072,0.0047,0.1216,2.3e-05,0.01,0.12,989428.0,20000000.0,366.0,368.0,1.5968,0.0096,0.0748,1.2e-05,0.02,0.31,LOW_SHARPE,FAIL,1.58,0.09,LOW_FITNESS,FAIL,1.0,0.0,LOW_TURNOVER,PASS,0.01,1.5968,HIGH_TURNOVER,FAIL,0.7,1.5968,CONCENTRATED_WEIGHT,PASS,LOW_SUB_UNIVERSE_SHARPE,PASS,0.05,0.1,SELF_CORRELATION,PENDING,DATA_DIVERSITY,PENDING,PROD_CORRELATION,PENDING,REGULAR_SUBMISSION,PENDING,LOW_2Y_SHARPE,FAIL,0.55,1.58,MATCHES_COMPETITION,PENDING,AIACv2,AI Alphas Competition 2.0,PASS,MATCHES_PYRAMID,1,1.5,EUR/D1/NEWS,1.5,WARNING,MATCHES_THEMES,EDrKL34,2.0,JPN Dataset Utilization Theme,M4ZYx3D,2.0,AMR Dataset Utilization Theme,9B3qxZ4,2.0,KOR Dataset Utilization Theme,PBVkEJD,2.0,TWN Dataset Utilization Theme,by88rqy,2.0,HKG Dataset Utilization Theme,V45896D,1.0,GLB/D1 TOPDIV3000 Power Pool Feb`26,,,,,,,,,,,,,
pwJEA6Zq,REGULAR,PS40111,EQUITY,EUR,TOP2500,1,0,INDUSTRY,0.08,ON,VERIFY,OFF,OFF,FASTEXPR,False,2014-01-01,2023-12-31,"quantile(multiply(vec_avg(nws17_comp_d1_ssc), vec_avg(nws17_multiple_comp_d1_event_text)))",,4,2026-02-05T14:24:28-05:00,,2026-02-05T14:24:29-05:00,,False,False,,,ace_tag,llm_test,confidence_0.56,DATA_USAGE:SINGLE_DATA_SET,Single Data Set Alpha,,IS,UNSUBMITTED,-279480,20000000,260,267,1.565,-0.0027,0.1107,-3e-06,-0.07,-0.0,2014-01-01,-28300.0,20000000.0,525.0,533.0,0.2522,-0.0003,0.1407,-2e-06,-0.0,-0.01,-1040431.0,20000000.0,260.0,267.0,1.565,-0.0101,0.121,-1.3e-05,-0.02,-0.31,LOW_SHARPE,FAIL,1.58,-0.07,LOW_FITNESS,FAIL,1.0,-0.0,LOW_TURNOVER,PASS,0.01,1.565,HIGH_TURNOVER,FAIL,0.7,1.565,CONCENTRATED_WEIGHT,PASS,LOW_SUB_UNIVERSE_SHARPE,PASS,-0.04,0.18,SELF_CORRELATION,PENDING,DATA_DIVERSITY,PENDING,PROD_CORRELATION,PENDING,REGULAR_SUBMISSION,PENDING,LOW_2Y_SHARPE,FAIL,-0.55,1.58,MATCHES_COMPETITION,PENDING,AIACv2,AI Alphas Competition 2.0,PASS,MATCHES_PYRAMID,1,1.5,EUR/D1/NEWS,1.5,WARNING,MATCHES_THEMES,EDrKL34,2.0,JPN Dataset Utilization Theme,M4ZYx3D,2.0,AMR Dataset Utilization Theme,9B3qxZ4,2.0,KOR Dataset Utilization Theme,PBVkEJD,2.0,TWN Dataset Utilization Theme,by88rqy,2.0,HKG Dataset Utilization Theme,V45896D,1.0,GLB/D1 TOPDIV3000 Power Pool Feb`26,,,,,,,,,,,,,
LLb6A9aL,REGULAR,PS40111,EQUITY,EUR,TOP2500,1,0,INDUSTRY,0.08,ON,VERIFY,OFF,OFF,FASTEXPR,False,2014-01-01,2023-12-31,"quantile(if_else(greater(vec_avg(nws17_multiple_comp_d1_relevance), 75), ts_arg_max(vec_avg(nws17_comp_d1_ssc), 10), 0))",,6,2026-02-05T14:25:51-05:00,,2026-02-05T14:25:51-05:00,,False,False,,,ace_tag,llm_test,confidence_0.71,DATA_USAGE:SINGLE_DATA_SET,Single Data Set Alpha,,IS,UNSUBMITTED,-838198,20000000,134,607,1.3868,-0.0081,0.2076,-1.2e-05,-0.17,-0.01,2014-01-01,1126652.0,20000000.0,530.0,901.0,0.2458,0.0109,0.1371,8.9e-05,0.04,0.2,588051.0,20000000.0,134.0,607.0,1.3868,0.0057,0.1097,8e-06,0.01,0.16,LOW_SHARPE,FAIL,1.58,-0.17,LOW_FITNESS,FAIL,1.0,-0.01,LOW_TURNOVER,PASS,0.01,1.3868,HIGH_TURNOVER,FAIL,0.7,1.3868,CONCENTRATED_WEIGHT,PASS,LOW_SUB_UNIVERSE_SHARPE,FAIL,-0.09,-0.26,SELF_CORRELATION,PENDING,DATA_DIVERSITY,PENDING,PROD_CORRELATION,PENDING,REGULAR_SUBMISSION,PENDING,LOW_2Y_SHARPE,FAIL,-1.04,1.58,MATCHES_COMPETITION,PENDING,AIACv2,AI Alphas Competition 2.0,PASS,MATCHES_PYRAMID,1,1.5,EUR/D1/NEWS,1.5,WARNING,MATCHES_THEMES,EDrKL34,2.0,JPN Dataset Utilization Theme,M4ZYx3D,2.0,AMR Dataset Utilization Theme,9B3qxZ4,2.0,KOR Dataset Utilization Theme,PBVkEJD,2.0,TWN Dataset Utilization Theme,by88rqy,2.0,HKG Dataset Utilization Theme,V45896D,1.0,GLB/D1 TOPDIV3000 Power Pool Feb`26,,,,,,,,,,,,,
6XP1vrj7,REGULAR,PS40111,EQUITY,EUR,TOP2500,1,0,INDUSTRY,0.08,ON,VERIFY,OFF,OFF,FASTEXPR,False,2014-01-01,2023-12-31,"quantile(multiply(vec_avg(nws17_multiple_comp_d1_relevance), ts_returns(vec_avg(nws17_multiple_comp_d1_relevance), 3)))",,5,2026-02-05T14:25:58-05:00,,2026-02-05T14:25:59-05:00,,False,False,,,ace_tag,llm_test,confidence_0.63,DATA_USAGE:SINGLE_DATA_SET,Single Data Set Alpha,,IS,UNSUBMITTED,139680,20000000,275,272,1.5541,0.0014,0.102,2e-06,0.03,0.0,2014-01-01,-480560.0,20000000.0,431.0,445.0,0.3761,-0.0047,0.0837,-2.5e-05,-0.01,-0.11,-778757.0,20000000.0,275.0,272.0,1.5541,-0.0075,0.1321,-1e-05,-0.01,-0.2,LOW_SHARPE,FAIL,1.58,0.03,LOW_FITNESS,FAIL,1.0,0.0,LOW_TURNOVER,PASS,0.01,1.5541,HIGH_TURNOVER,FAIL,0.7,1.5541,CONCENTRATED_WEIGHT,FAIL,LOW_SUB_UNIVERSE_SHARPE,FAIL,0.02,-0.01,SELF_CORRELATION,PENDING,DATA_DIVERSITY,PENDING,PROD_CORRELATION,PENDING,REGULAR_SUBMISSION,PENDING,LOW_2Y_SHARPE,FAIL,-0.21,1.58,MATCHES_COMPETITION,PENDING,AIACv2,AI Alphas Competition 2.0,PASS,MATCHES_PYRAMID,1,1.5,EUR/D1/NEWS,1.5,WARNING,MATCHES_THEMES,EDrKL34,2.0,JPN Dataset Utilization Theme,M4ZYx3D,2.0,AMR Dataset Utilization Theme,9B3qxZ4,2.0,KOR Dataset Utilization Theme,PBVkEJD,2.0,TWN Dataset Utilization Theme,by88rqy,2.0,HKG Dataset Utilization Theme,V45896D,1.0,GLB/D1 TOPDIV3000 Power Pool Feb`26,,,,,,,,,,,2018-12-28,0.1,0.5
mL2AMgpW,REGULAR,PS40111,EQUITY,EUR,TOP2500,1,0,INDUSTRY,0.08,ON,VERIFY,OFF,OFF,FASTEXPR,False,2014-01-01,2023-12-31,"quantile(normalize(ts_zscore(vec_avg(nws17_comp_d1_ssc), 7)))",,4,2026-02-05T14:25:50-05:00,,2026-02-05T14:25:51-05:00,,False,False,,,ace_tag,llm_test,confidence_0.67,DATA_USAGE:SINGLE_DATA_SET,Single Data Set Alpha,,IS,UNSUBMITTED,-2046905,20000000,208,207,1.6332,-0.0198,0.2503,-2.4e-05,-0.52,-0.06,2014-01-01,-1243469.0,20000000.0,384.0,392.0,0.2967,-0.012,0.2497,-8.1e-05,-0.05,-0.25,-2043194.0,20000000.0,208.0,207.0,1.6332,-0.0198,0.2697,-2.4e-05,-0.06,-0.59,LOW_SHARPE,FAIL,1.58,-0.52,LOW_FITNESS,FAIL,1.0,-0.06,LOW_TURNOVER,PASS,0.01,1.6332,HIGH_TURNOVER,FAIL,0.7,1.6332,CONCENTRATED_WEIGHT,PASS,LOW_SUB_UNIVERSE_SHARPE,PASS,-0.27,-0.25,SELF_CORRELATION,PENDING,DATA_DIVERSITY,PENDING,PROD_CORRELATION,PENDING,REGULAR_SUBMISSION,PENDING,LOW_2Y_SHARPE,FAIL,-0.37,1.58,MATCHES_COMPETITION,PENDING,AIACv2,AI Alphas Competition 2.0,PASS,MATCHES_PYRAMID,1,1.5,EUR/D1/NEWS,1.5,WARNING,MATCHES_THEMES,EDrKL34,2.0,JPN Dataset Utilization Theme,M4ZYx3D,2.0,AMR Dataset Utilization Theme,9B3qxZ4,2.0,KOR Dataset Utilization Theme,PBVkEJD,2.0,TWN Dataset Utilization Theme,by88rqy,2.0,HKG Dataset Utilization Theme,V45896D,1.0,GLB/D1 TOPDIV3000 Power Pool Feb`26,,,,,,,,,,,,,
Wjwd6Pgd,REGULAR,PS40111,EQUITY,EUR,TOP2500,1,0,INDUSTRY,0.08,ON,VERIFY,OFF,OFF,FASTEXPR,False,2014-01-01,2023-12-31,"quantile(if_else(greater(vec_avg(nws17_multiple_comp_d1_relevance), 70), ts_arg_max(vec_avg(nws17_multiple_comp_d1_event_text), 10), 0))",,6,2026-02-05T14:25:56-05:00,,2026-02-05T14:25:56-05:00,,False,False,,,ace_tag,llm_test,confidence_0.55,DATA_USAGE:SINGLE_DATA_SET,Single Data Set Alpha,,IS,UNSUBMITTED,0,0,0,0,0.0,0.0,0.0,0.0,0.0,,2014-01-01,,,,,,,,,,,,,,,,,,,,,LOW_SHARPE,FAIL,1.58,0.0,LOW_FITNESS,ERROR,1.0,,LOW_TURNOVER,FAIL,0.01,0.0,HIGH_TURNOVER,PASS,0.7,0.0,CONCENTRATED_WEIGHT,FAIL,LOW_SUB_UNIVERSE_SHARPE,ERROR,,,SELF_CORRELATION,PENDING,DATA_DIVERSITY,PENDING,PROD_CORRELATION,PENDING,REGULAR_SUBMISSION,PENDING,IS_LADDER_SHARPE,PENDING,,,MATCHES_COMPETITION,PENDING,AIACv2,AI Alphas Competition 2.0,PASS,MATCHES_PYRAMID,1,1.5,EUR/D1/NEWS,1.5,WARNING,MATCHES_THEMES,EDrKL34,2.0,JPN Dataset Utilization Theme,M4ZYx3D,2.0,AMR Dataset Utilization Theme,9B3qxZ4,2.0,KOR Dataset Utilization Theme,PBVkEJD,2.0,TWN Dataset Utilization Theme,by88rqy,2.0,HKG Dataset Utilization Theme,V45896D,1.0,GLB/D1 TOPDIV3000 Power Pool Feb`26,,,,,,,,,,,,,
pwJEAPjX,REGULAR,PS40111,EQUITY,EUR,TOP2500,1,0,INDUSTRY,0.08,ON,VERIFY,OFF,OFF,FASTEXPR,False,2014-01-01,2023-12-31,"ts_corr(vec_avg(nws17_comp_d1_ssc), vec_avg(nws17_multiple_comp_d1_relevance), 20)",,3,2026-02-05T14:25:57-05:00,,2026-02-05T14:25:58-05:00,,False,False,,,ace_tag,llm_test,confidence_0.58,DATA_USAGE:SINGLE_DATA_SET,Single Data Set Alpha,,IS,UNSUBMITTED,523013,20000000,884,855,0.1804,0.0051,0.1159,5.6e-05,0.12,0.02,2014-01-01,921278.0,20000000.0,1058.0,954.0,0.0757,0.0089,0.088,0.000236,0.06,0.21,325154.0,20000000.0,884.0,855.0,0.1804,0.0032,0.0906,3.5e-05,0.03,0.19,LOW_SHARPE,FAIL,1.58,0.12,LOW_FITNESS,FAIL,1.0,0.02,LOW_TURNOVER,PASS,0.01,0.1804,HIGH_TURNOVER,PASS,0.7,0.1804,CONCENTRATED_WEIGHT,PASS,LOW_SUB_UNIVERSE_SHARPE,PASS,0.06,0.07,SELF_CORRELATION,PENDING,DATA_DIVERSITY,PENDING,PROD_CORRELATION,PENDING,REGULAR_SUBMISSION,PENDING,LOW_2Y_SHARPE,FAIL,0.16,1.58,MATCHES_COMPETITION,PENDING,AIACv2,AI Alphas Competition 2.0,PASS,MATCHES_PYRAMID,1,1.5,EUR/D1/NEWS,1.5,WARNING,MATCHES_THEMES,EDrKL34,2.0,JPN Dataset Utilization Theme,M4ZYx3D,2.0,AMR Dataset Utilization Theme,9B3qxZ4,2.0,KOR Dataset Utilization Theme,PBVkEJD,2.0,TWN Dataset Utilization Theme,by88rqy,2.0,HKG Dataset Utilization Theme,V45896D,1.0,GLB/D1 TOPDIV3000 Power Pool Feb`26,,,,,,,,,,,,,
5879oEd5,REGULAR,PS40111,EQUITY,EUR,TOP2500,1,0,INDUSTRY,0.08,ON,VERIFY,OFF,OFF,FASTEXPR,False,2014-01-01,2023-12-31,"ts_kurtosis(vec_avg(nws17_multiple_comp_d1_relevance), 30)",,2,2026-02-05T14:27:17-05:00,,2026-02-05T14:27:17-05:00,,False,False,,,ace_tag,llm_test,confidence_0.46,DATA_USAGE:SINGLE_DATA_SET,Single Data Set Alpha,,IS,UNSUBMITTED,509878,20000000,770,1025,0.248,0.0049,0.1463,4e-05,0.16,0.02,2014-01-01,744386.0,20000000.0,858.0,1098.0,0.1063,0.0072,0.1337,0.000136,0.06,0.26,494617.0,20000000.0,770.0,1025.0,0.248,0.0048,0.0613,3.9e-05,0.03,0.21,LOW_SHARPE,FAIL,1.58,0.16,LOW_FITNESS,FAIL,1.0,0.02,LOW_TURNOVER,PASS,0.01,0.248,HIGH_TURNOVER,PASS,0.7,0.248,CONCENTRATED_WEIGHT,FAIL,LOW_SUB_UNIVERSE_SHARPE,FAIL,0.08,0.04,SELF_CORRELATION,PENDING,DATA_DIVERSITY,PENDING,PROD_CORRELATION,PENDING,REGULAR_SUBMISSION,PENDING,LOW_2Y_SHARPE,FAIL,0.26,1.58,MATCHES_COMPETITION,PENDING,AIACv2,AI Alphas Competition 2.0,PASS,MATCHES_PYRAMID,1,1.5,EUR/D1/NEWS,1.5,WARNING,MATCHES_THEMES,EDrKL34,2.0,JPN Dataset Utilization Theme,M4ZYx3D,2.0,AMR Dataset Utilization Theme,9B3qxZ4,2.0,KOR Dataset Utilization Theme,PBVkEJD,2.0,TWN Dataset Utilization Theme,by88rqy,2.0,HKG Dataset Utilization Theme,V45896D,1.0,GLB/D1 TOPDIV3000 Power Pool Feb`26,,,,,,,,,,,2019-11-08,0.1,0.500001
omwvMPEk,REGULAR,PS40111,EQUITY,EUR,TOP2500,1,0,INDUSTRY,0.08,ON,VERIFY,OFF,OFF,FASTEXPR,False,2014-01-01,2023-12-31,"quantile(multiply(vec_avg(nws17_multiple_comp_d1_event_text), reverse(vec_avg(nws17_comp_d1_ssc))))",,5,2026-02-05T14:27:54-05:00,,2026-02-05T14:27:54-05:00,,False,False,,,ace_tag,llm_test,confidence_0.51,DATA_USAGE:SINGLE_DATA_SET,Single Data Set Alpha,,IS,UNSUBMITTED,279480,20000000,267,260,1.565,0.0027,0.14,3e-06,0.07,0.0,2014-01-01,28301.0,20000000.0,533.0,525.0,0.2522,0.0003,0.1419,2e-06,0.0,0.01,1040429.0,20000000.0,267.0,260.0,1.565,0.0101,0.0747,1.3e-05,0.02,0.31,LOW_SHARPE,FAIL,1.58,0.07,LOW_FITNESS,FAIL,1.0,0.0,LOW_TURNOVER,PASS,0.01,1.565,HIGH_TURNOVER,FAIL,0.7,1.565,CONCENTRATED_WEIGHT,PASS,LOW_SUB_UNIVERSE_SHARPE,FAIL,0.04,-0.18,SELF_CORRELATION,PENDING,DATA_DIVERSITY,PENDING,PROD_CORRELATION,PENDING,REGULAR_SUBMISSION,PENDING,LOW_2Y_SHARPE,FAIL,0.55,1.58,MATCHES_COMPETITION,PENDING,AIACv2,AI Alphas Competition 2.0,PASS,MATCHES_PYRAMID,1,1.5,EUR/D1/NEWS,1.5,WARNING,MATCHES_THEMES,EDrKL34,2.0,JPN Dataset Utilization Theme,M4ZYx3D,2.0,AMR Dataset Utilization Theme,9B3qxZ4,2.0,KOR Dataset Utilization Theme,PBVkEJD,2.0,TWN Dataset Utilization Theme,by88rqy,2.0,HKG Dataset Utilization Theme,V45896D,1.0,GLB/D1 TOPDIV3000 Power Pool Feb`26,,,,,,,,,,,,,
vRn93YPd,REGULAR,PS40111,EQUITY,EUR,TOP2500,1,0,INDUSTRY,0.08,ON,VERIFY,OFF,OFF,FASTEXPR,False,2014-01-01,2023-12-31,"ts_zscore(winsorize(vec_avg(nws17_multiple_comp_d1_relevance), std=4), 10)",,3,2026-02-05T14:27:56-05:00,,2026-02-05T14:27:57-05:00,,False,False,,,ace_tag,llm_test,confidence_0.62,DATA_USAGE:SINGLE_DATA_SET,Single Data Set Alpha,,IS,UNSUBMITTED,-186406,20000000,371,445,1.5608,-0.0018,0.1343,-2e-06,-0.06,-0.0,2014-01-01,-406878.0,20000000.0,644.0,629.0,0.3918,-0.0039,0.1488,-2e-05,-0.01,-0.11,-9625.0,20000000.0,371.0,445.0,1.5608,-0.0001,0.1136,-0.0,-0.0,-0.0,LOW_SHARPE,FAIL,1.58,-0.06,LOW_FITNESS,FAIL,1.0,-0.0,LOW_TURNOVER,PASS,0.01,1.5608,HIGH_TURNOVER,FAIL,0.7,1.5608,CONCENTRATED_WEIGHT,PASS,LOW_SUB_UNIVERSE_SHARPE,PASS,-0.03,0.01,SELF_CORRELATION,PENDING,DATA_DIVERSITY,PENDING,PROD_CORRELATION,PENDING,REGULAR_SUBMISSION,PENDING,LOW_2Y_SHARPE,FAIL,-0.31,1.58,MATCHES_COMPETITION,PENDING,AIACv2,AI Alphas Competition 2.0,PASS,MATCHES_PYRAMID,1,1.5,EUR/D1/NEWS,1.5,WARNING,MATCHES_THEMES,EDrKL34,2.0,JPN Dataset Utilization Theme,M4ZYx3D,2.0,AMR Dataset Utilization Theme,9B3qxZ4,2.0,KOR Dataset Utilization Theme,PBVkEJD,2.0,TWN Dataset Utilization Theme,by88rqy,2.0,HKG Dataset Utilization Theme,V45896D,1.0,GLB/D1 TOPDIV3000 Power Pool Feb`26,,,,,,,,,,,,,
0mkd0PXr,REGULAR,PS40111,EQUITY,EUR,TOP2500,1,0,INDUSTRY,0.08,ON,VERIFY,OFF,OFF,FASTEXPR,False,2014-01-01,2023-12-31,"quantile(ts_rank(vec_avg(nws17_comp_d1_ssc), 3))",,3,2026-02-05T14:27:31-05:00,,2026-02-05T14:27:32-05:00,,False,False,,,ace_tag,llm_test,confidence_0.57,DATA_USAGE:SINGLE_DATA_SET,Single Data Set Alpha,,IS,UNSUBMITTED,-1065980,20000000,269,249,1.6429,-0.0103,0.1825,-1.3e-05,-0.29,-0.02,2014-01-01,-87335.0,20000000.0,510.0,520.0,0.3056,-0.0008,0.1569,-6e-06,-0.0,-0.02,-1391337.0,20000000.0,269.0,249.0,1.6429,-0.0135,0.2204,-1.6e-05,-0.04,-0.43,LOW_SHARPE,FAIL,1.58,-0.29,LOW_FITNESS,FAIL,1.0,-0.02,LOW_TURNOVER,PASS,0.01,1.6429,HIGH_TURNOVER,FAIL,0.7,1.6429,CONCENTRATED_WEIGHT,PASS,LOW_SUB_UNIVERSE_SHARPE,FAIL,-0.15,-0.29,SELF_CORRELATION,PENDING,DATA_DIVERSITY,PENDING,PROD_CORRELATION,PENDING,REGULAR_SUBMISSION,PENDING,LOW_2Y_SHARPE,FAIL,-0.4,1.58,MATCHES_COMPETITION,PENDING,AIACv2,AI Alphas Competition 2.0,PASS,MATCHES_PYRAMID,1,1.5,EUR/D1/NEWS,1.5,WARNING,MATCHES_THEMES,EDrKL34,2.0,JPN Dataset Utilization Theme,M4ZYx3D,2.0,AMR Dataset Utilization Theme,9B3qxZ4,2.0,KOR Dataset Utilization Theme,PBVkEJD,2.0,TWN Dataset Utilization Theme,by88rqy,2.0,HKG Dataset Utilization Theme,V45896D,1.0,GLB/D1 TOPDIV3000 Power Pool Feb`26,,,,,,,,,,,,,
npkoMaxl,REGULAR,PS40111,EQUITY,EUR,TOP2500,1,0,INDUSTRY,0.08,ON,VERIFY,OFF,OFF,FASTEXPR,False,2014-01-01,2023-12-31,"quantile(subtract(ts_zscore(vec_avg(nws17_multiple_comp_d1_relevance), 7), ts_zscore(vec_avg(nws17_multiple_comp_d1_event_text), 7)))",,6,2026-02-05T14:27:21-05:00,,2026-02-05T14:27:21-05:00,,False,False,,,ace_tag,llm_test,confidence_0.54,DATA_USAGE:SINGLE_DATA_SET,Single Data Set Alpha,,IS,UNSUBMITTED,-589254,20000000,0,0,0.0871,-0.0232,0.1099,-0.000532,-0.56,-0.24,2014-01-01,-2131083.0,20000000.0,14.0,9.0,0.0817,-0.0836,0.3047,-0.002048,-0.45,-0.55,-615372.0,20000000.0,0.0,0.0,0.0871,-0.0242,0.1254,-0.000555,-0.29,-0.67,LOW_SHARPE,FAIL,1.58,-0.56,LOW_FITNESS,FAIL,1.0,-0.24,LOW_TURNOVER,PASS,0.01,0.0871,HIGH_TURNOVER,PASS,0.7,0.0871,CONCENTRATED_WEIGHT,FAIL,LOW_SUB_UNIVERSE_SHARPE,FAIL,-0.29,-0.79,SELF_CORRELATION,PENDING,DATA_DIVERSITY,PENDING,PROD_CORRELATION,PENDING,REGULAR_SUBMISSION,PENDING,LOW_2Y_SHARPE,FAIL,-0.68,1.58,MATCHES_COMPETITION,PENDING,AIACv2,AI Alphas Competition 2.0,PASS,MATCHES_PYRAMID,1,1.5,EUR/D1/NEWS,1.5,WARNING,MATCHES_THEMES,EDrKL34,2.0,JPN Dataset Utilization Theme,M4ZYx3D,2.0,AMR Dataset Utilization Theme,9B3qxZ4,2.0,KOR Dataset Utilization Theme,PBVkEJD,2.0,TWN Dataset Utilization Theme,by88rqy,2.0,HKG Dataset Utilization Theme,V45896D,1.0,GLB/D1 TOPDIV3000 Power Pool Feb`26,,,,,,,,,,,2016-08-04,0.1,0.5
wpw1MoM5,REGULAR,PS40111,EQUITY,EUR,TOP2500,1,0,INDUSTRY,0.08,ON,VERIFY,OFF,OFF,FASTEXPR,False,2014-01-01,2023-12-31,"ts_std_dev(vec_avg(nws17_comp_d1_ssc), 14)",,2,2026-02-05T14:27:23-05:00,,2026-02-05T14:27:23-05:00,,False,False,,,ace_tag,llm_test,confidence_0.56,DATA_USAGE:SINGLE_DATA_SET,Single Data Set Alpha,,IS,UNSUBMITTED,-1428277,20000000,508,725,0.2923,-0.0138,0.1755,-9.5e-05,-0.42,-0.09,2014-01-01,-866281.0,20000000.0,637.0,825.0,0.1058,-0.0084,0.1014,-0.000159,-0.06,-0.24,-1322737.0,20000000.0,508.0,725.0,0.2923,-0.0128,0.1599,-8.8e-05,-0.1,-0.48,LOW_SHARPE,FAIL,1.58,-0.42,LOW_FITNESS,FAIL,1.0,-0.09,LOW_TURNOVER,PASS,0.01,0.2923,HIGH_TURNOVER,PASS,0.7,0.2923,CONCENTRATED_WEIGHT,PASS,LOW_SUB_UNIVERSE_SHARPE,FAIL,-0.22,-0.28,SELF_CORRELATION,PENDING,DATA_DIVERSITY,PENDING,PROD_CORRELATION,PENDING,REGULAR_SUBMISSION,PENDING,LOW_2Y_SHARPE,FAIL,-0.36,1.58,MATCHES_COMPETITION,PENDING,AIACv2,AI Alphas Competition 2.0,PASS,MATCHES_PYRAMID,1,1.5,EUR/D1/NEWS,1.5,WARNING,MATCHES_THEMES,EDrKL34,2.0,JPN Dataset Utilization Theme,M4ZYx3D,2.0,AMR Dataset Utilization Theme,9B3qxZ4,2.0,KOR Dataset Utilization Theme,PBVkEJD,2.0,TWN Dataset Utilization Theme,by88rqy,2.0,HKG Dataset Utilization Theme,V45896D,1.0,GLB/D1 TOPDIV3000 Power Pool Feb`26,,,,,,,,,,,,,
9qPKLmb2,REGULAR,PS40111,EQUITY,EUR,TOP2500,1,0,INDUSTRY,0.08,ON,VERIFY,OFF,OFF,FASTEXPR,False,2014-01-01,2023-12-31,"quantile(if_else(greater(vec_avg(nws17_multiple_comp_d1_relevance), quantile(vec_avg(nws17_multiple_comp_d1_relevance))), reverse(ts_zscore(vec_avg(nws17_comp_d1_ssc), 7)), 0))",,9,2026-02-05T14:29:11-05:00,,2026-02-05T14:29:11-05:00,,False,False,,,ace_tag,llm_test,confidence_0.7,DATA_USAGE:SINGLE_DATA_SET,Single Data Set Alpha,,IS,UNSUBMITTED,2039432,20000000,207,208,1.6332,0.0198,0.0773,2.4e-05,0.51,0.06,2014-01-01,1249068.0,20000000.0,392.0,384.0,0.2967,0.0121,0.1422,8.2e-05,0.05,0.25,2037390.0,20000000.0,207.0,208.0,1.6332,0.0197,0.0624,2.4e-05,0.06,0.58,LOW_SHARPE,FAIL,1.58,0.51,LOW_FITNESS,FAIL,1.0,0.06,LOW_TURNOVER,PASS,0.01,1.6332,HIGH_TURNOVER,FAIL,0.7,1.6332,CONCENTRATED_WEIGHT,PASS,LOW_SUB_UNIVERSE_SHARPE,FAIL,0.27,0.24,SELF_CORRELATION,PENDING,DATA_DIVERSITY,PENDING,PROD_CORRELATION,PENDING,REGULAR_SUBMISSION,PENDING,LOW_2Y_SHARPE,FAIL,0.36,1.58,MATCHES_COMPETITION,PENDING,AIACv2,AI Alphas Competition 2.0,PASS,MATCHES_PYRAMID,1,1.5,EUR/D1/NEWS,1.5,WARNING,MATCHES_THEMES,EDrKL34,2.0,JPN Dataset Utilization Theme,M4ZYx3D,2.0,AMR Dataset Utilization Theme,9B3qxZ4,2.0,KOR Dataset Utilization Theme,PBVkEJD,2.0,TWN Dataset Utilization Theme,by88rqy,2.0,HKG Dataset Utilization Theme,V45896D,1.0,GLB/D1 TOPDIV3000 Power Pool Feb`26,,,,,,,,,,,,,
e78KoW7O,REGULAR,PS40111,EQUITY,EUR,TOP2500,1,0,INDUSTRY,0.08,ON,VERIFY,OFF,OFF,FASTEXPR,False,2014-01-01,2023-12-31,days_from_last_change(vec_avg(nws17_multiple_comp_d1_event_text)),,2,2026-02-05T14:29:45-05:00,,2026-02-05T14:29:46-05:00,,False,False,,,ace_tag,llm_test,confidence_0.5,DATA_USAGE:SINGLE_DATA_SET,Single Data Set Alpha,,IS,UNSUBMITTED,-2388526,20000000,381,2433,0.0356,-0.0232,0.3569,-0.001301,-0.37,-0.16,2014-01-01,-2767806.0,20000000.0,523.0,2297.0,0.027,-0.0268,0.3942,-0.001987,-0.2,-0.43,-1416966.0,20000000.0,381.0,2433.0,0.0356,-0.0137,0.1781,-0.000772,-0.15,-0.46,LOW_SHARPE,FAIL,1.58,-0.37,LOW_FITNESS,FAIL,1.0,-0.16,LOW_TURNOVER,PASS,0.01,0.0356,HIGH_TURNOVER,PASS,0.7,0.0356,CONCENTRATED_WEIGHT,PASS,LOW_SUB_UNIVERSE_SHARPE,FAIL,-0.19,-0.4,SELF_CORRELATION,PENDING,DATA_DIVERSITY,PENDING,PROD_CORRELATION,PENDING,REGULAR_SUBMISSION,PENDING,LOW_2Y_SHARPE,FAIL,-1.35,1.58,MATCHES_COMPETITION,PENDING,AIACv2,AI Alphas Competition 2.0,PASS,MATCHES_PYRAMID,1,1.5,EUR/D1/NEWS,1.5,WARNING,MATCHES_THEMES,EDrKL34,2.0,JPN Dataset Utilization Theme,M4ZYx3D,2.0,AMR Dataset Utilization Theme,9B3qxZ4,2.0,KOR Dataset Utilization Theme,PBVkEJD,2.0,TWN Dataset Utilization Theme,by88rqy,2.0,HKG Dataset Utilization Theme,V45896D,1.0,GLB/D1 TOPDIV3000 Power Pool Feb`26,,,,,,,,,,,,,
Jj0mZ2NO,REGULAR,PS40111,EQUITY,EUR,TOP2500,1,0,INDUSTRY,0.08,ON,VERIFY,OFF,OFF,FASTEXPR,False,2014-01-01,2023-12-31,"quantile(ts_returns(vec_avg(nws17_comp_d1_ssc), 5))",,3,2026-02-05T14:29:55-05:00,,2026-02-05T14:29:56-05:00,,False,False,,,ace_tag,llm_test,confidence_0.65,DATA_USAGE:SINGLE_DATA_SET,Single Data Set Alpha,,IS,UNSUBMITTED,1735720,20000000,99,100,1.6157,0.0168,0.2,2.1e-05,0.32,0.03,2014-01-01,-1936531.0,20000000.0,222.0,249.0,0.2774,-0.0188,0.3137,-0.000135,-0.07,-0.25,1860069.0,20000000.0,99.0,100.0,1.6157,0.018,0.1286,2.2e-05,0.04,0.39,LOW_SHARPE,FAIL,1.58,0.32,LOW_FITNESS,FAIL,1.0,0.03,LOW_TURNOVER,PASS,0.01,1.6157,HIGH_TURNOVER,FAIL,0.7,1.6157,CONCENTRATED_WEIGHT,FAIL,LOW_SUB_UNIVERSE_SHARPE,PASS,0.17,0.24,SELF_CORRELATION,PENDING,DATA_DIVERSITY,PENDING,PROD_CORRELATION,PENDING,REGULAR_SUBMISSION,PENDING,LOW_2Y_SHARPE,FAIL,0.74,1.58,MATCHES_COMPETITION,PENDING,AIACv2,AI Alphas Competition 2.0,PASS,MATCHES_PYRAMID,1,1.5,EUR/D1/NEWS,1.5,WARNING,MATCHES_THEMES,EDrKL34,2.0,JPN Dataset Utilization Theme,M4ZYx3D,2.0,AMR Dataset Utilization Theme,9B3qxZ4,2.0,KOR Dataset Utilization Theme,PBVkEJD,2.0,TWN Dataset Utilization Theme,by88rqy,2.0,HKG Dataset Utilization Theme,V45896D,1.0,GLB/D1 TOPDIV3000 Power Pool Feb`26,,,,,,,,,,,2018-01-02,0.1,0.5
le62bNMN,REGULAR,PS40111,EQUITY,EUR,TOP2500,1,0,INDUSTRY,0.08,ON,VERIFY,OFF,OFF,FASTEXPR,False,2014-01-01,2023-12-31,"quantile(multiply(vec_avg(nws17_multiple_comp_d1_relevance), inverse(add(vec_avg(nws17_multiple_comp_d1_event_text), 1))))",,6,2026-02-05T14:29:56-05:00,,2026-02-05T14:29:57-05:00,,False,False,,,ace_tag,llm_test,confidence_0.48,DATA_USAGE:SINGLE_DATA_SET,Single Data Set Alpha,,IS,UNSUBMITTED,-312929,20000000,445,450,1.5241,-0.003,0.1198,-4e-06,-0.08,-0.0,2014-01-01,-1178176.0,20000000.0,777.0,712.0,0.3346,-0.0114,0.2055,-6.8e-05,-0.05,-0.28,132720.0,20000000.0,445.0,450.0,1.5241,0.0013,0.0871,2e-06,0.0,0.04,LOW_SHARPE,FAIL,1.58,-0.08,LOW_FITNESS,FAIL,1.0,-0.0,LOW_TURNOVER,PASS,0.01,1.5241,HIGH_TURNOVER,FAIL,0.7,1.5241,CONCENTRATED_WEIGHT,PASS,LOW_SUB_UNIVERSE_SHARPE,FAIL,-0.04,-0.08,SELF_CORRELATION,PENDING,DATA_DIVERSITY,PENDING,PROD_CORRELATION,PENDING,REGULAR_SUBMISSION,PENDING,LOW_2Y_SHARPE,FAIL,-0.47,1.58,MATCHES_COMPETITION,PENDING,AIACv2,AI Alphas Competition 2.0,PASS,MATCHES_PYRAMID,1,1.5,EUR/D1/NEWS,1.5,WARNING,MATCHES_THEMES,EDrKL34,2.0,JPN Dataset Utilization Theme,M4ZYx3D,2.0,AMR Dataset Utilization Theme,9B3qxZ4,2.0,KOR Dataset Utilization Theme,PBVkEJD,2.0,TWN Dataset Utilization Theme,by88rqy,2.0,HKG Dataset Utilization Theme,V45896D,1.0,GLB/D1 TOPDIV3000 Power Pool Feb`26,,,,,,,,,,,,,
88krdY67,REGULAR,PS40111,EQUITY,EUR,TOP2500,1,0,INDUSTRY,0.08,ON,VERIFY,OFF,OFF,FASTEXPR,False,2014-01-01,2023-12-31,"quantile(if_else(greater(ts_returns(vec_avg(nws17_multiple_comp_d1_relevance), 3), 0), vec_avg(nws17_comp_d1_ssc), 0))",,6,2026-02-05T14:29:11-05:00,,2026-02-05T14:29:12-05:00,,False,False,,,ace_tag,llm_test,confidence_0.7,DATA_USAGE:SINGLE_DATA_SET,Single Data Set Alpha,,IS,UNSUBMITTED,487390,20000000,107,263,1.5655,0.0047,0.1341,6e-06,0.1,0.01,2014-01-01,31516.0,20000000.0,340.0,473.0,0.3108,0.0003,0.1688,2e-06,0.0,0.01,-1489982.0,20000000.0,107.0,263.0,1.5655,-0.0144,0.2125,-1.8e-05,-0.03,-0.34,LOW_SHARPE,FAIL,1.58,0.1,LOW_FITNESS,FAIL,1.0,0.01,LOW_TURNOVER,PASS,0.01,1.5655,HIGH_TURNOVER,FAIL,0.7,1.5655,CONCENTRATED_WEIGHT,FAIL,LOW_SUB_UNIVERSE_SHARPE,FAIL,0.05,-0.02,SELF_CORRELATION,PENDING,DATA_DIVERSITY,PENDING,PROD_CORRELATION,PENDING,REGULAR_SUBMISSION,PENDING,LOW_2Y_SHARPE,FAIL,-0.7,1.58,MATCHES_COMPETITION,PENDING,AIACv2,AI Alphas Competition 2.0,PASS,MATCHES_PYRAMID,1,1.5,EUR/D1/NEWS,1.5,WARNING,MATCHES_THEMES,EDrKL34,2.0,JPN Dataset Utilization Theme,M4ZYx3D,2.0,AMR Dataset Utilization Theme,9B3qxZ4,2.0,KOR Dataset Utilization Theme,PBVkEJD,2.0,TWN Dataset Utilization Theme,by88rqy,2.0,HKG Dataset Utilization Theme,V45896D,1.0,GLB/D1 TOPDIV3000 Power Pool Feb`26,,,,,,,,,,,2019-12-30,0.1,0.5
A1JbMpOE,REGULAR,PS40111,EQUITY,EUR,TOP2500,1,0,INDUSTRY,0.08,ON,VERIFY,OFF,OFF,FASTEXPR,False,2014-01-01,2023-12-31,"ts_count_nans(vec_avg(nws17_multiple_comp_d1_relevance), 30)",,2,2026-02-05T14:31:11-05:00,,2026-02-05T14:31:11-05:00,,False,False,,,ace_tag,llm_test,confidence_0.44,DATA_USAGE:SINGLE_DATA_SET,Single Data Set Alpha,,IS,UNSUBMITTED,-1009785,20000000,1696,1117,0.0468,-0.0098,0.2273,-0.000418,-0.2,-0.06,2014-01-01,-1133459.0,20000000.0,1722.0,1098.0,0.0324,-0.011,0.2264,-0.000679,-0.07,-0.22,39858.0,20000000.0,1696.0,1117.0,0.0468,0.0004,0.0397,1.6e-05,0.0,0.03,LOW_SHARPE,FAIL,1.58,-0.2,LOW_FITNESS,FAIL,1.0,-0.06,LOW_TURNOVER,PASS,0.01,0.0468,HIGH_TURNOVER,PASS,0.7,0.0468,CONCENTRATED_WEIGHT,PASS,LOW_SUB_UNIVERSE_SHARPE,FAIL,-0.1,-0.31,SELF_CORRELATION,PENDING,DATA_DIVERSITY,PENDING,PROD_CORRELATION,PENDING,REGULAR_SUBMISSION,PENDING,LOW_2Y_SHARPE,FAIL,-1.56,1.58,MATCHES_COMPETITION,PENDING,AIACv2,AI Alphas Competition 2.0,PASS,MATCHES_PYRAMID,1,1.5,EUR/D1/NEWS,1.5,WARNING,MATCHES_THEMES,EDrKL34,2.0,JPN Dataset Utilization Theme,M4ZYx3D,2.0,AMR Dataset Utilization Theme,9B3qxZ4,2.0,KOR Dataset Utilization Theme,PBVkEJD,2.0,TWN Dataset Utilization Theme,by88rqy,2.0,HKG Dataset Utilization Theme,V45896D,1.0,GLB/D1 TOPDIV3000 Power Pool Feb`26,,,,,,,,,,,,,
2rqRb3q6,REGULAR,PS40111,EQUITY,EUR,TOP2500,1,0,INDUSTRY,0.08,ON,VERIFY,OFF,OFF,FASTEXPR,False,2014-01-01,2023-12-31,"quantile(multiply(vec_avg(nws17_multiple_comp_d1_event_text), ts_zscore(vec_avg(nws17_multiple_comp_d1_relevance), 7)))",,5,2026-02-05T14:31:50-05:00,,2026-02-05T14:31:51-05:00,,False,False,,,ace_tag,llm_test,confidence_0.55,DATA_USAGE:SINGLE_DATA_SET,Single Data Set Alpha,,IS,UNSUBMITTED,-1053505,20000000,394,393,1.5874,-0.0102,0.2018,-1.3e-05,-0.3,-0.02,2014-01-01,-1191255.0,20000000.0,593.0,606.0,0.4029,-0.0115,0.1743,-5.7e-05,-0.05,-0.31,-1295132.0,20000000.0,394.0,393.0,1.5874,-0.0125,0.1779,-1.6e-05,-0.04,-0.42,LOW_SHARPE,FAIL,1.58,-0.3,LOW_FITNESS,FAIL,1.0,-0.02,LOW_TURNOVER,PASS,0.01,1.5874,HIGH_TURNOVER,FAIL,0.7,1.5874,CONCENTRATED_WEIGHT,PASS,LOW_SUB_UNIVERSE_SHARPE,FAIL,-0.16,-0.32,SELF_CORRELATION,PENDING,DATA_DIVERSITY,PENDING,PROD_CORRELATION,PENDING,REGULAR_SUBMISSION,PENDING,LOW_2Y_SHARPE,FAIL,-0.55,1.58,MATCHES_COMPETITION,PENDING,AIACv2,AI Alphas Competition 2.0,PASS,MATCHES_PYRAMID,1,1.5,EUR/D1/NEWS,1.5,WARNING,MATCHES_THEMES,EDrKL34,2.0,JPN Dataset Utilization Theme,M4ZYx3D,2.0,AMR Dataset Utilization Theme,9B3qxZ4,2.0,KOR Dataset Utilization Theme,PBVkEJD,2.0,TWN Dataset Utilization Theme,by88rqy,2.0,HKG Dataset Utilization Theme,V45896D,1.0,GLB/D1 TOPDIV3000 Power Pool Feb`26,,,,,,,,,,,,,
gJqKElov,REGULAR,PS40111,EQUITY,EUR,TOP2500,1,0,INDUSTRY,0.08,ON,VERIFY,OFF,OFF,FASTEXPR,False,2014-01-01,2023-12-31,"ts_max_diff(vec_avg(nws17_comp_d1_ssc), 14)",,2,2026-02-05T14:31:10-05:00,,2026-02-05T14:31:11-05:00,,False,False,,,ace_tag,llm_test,confidence_0.53,DATA_USAGE:SINGLE_DATA_SET,Single Data Set Alpha,,IS,UNSUBMITTED,618473,20000000,318,210,1.3864,0.006,0.1132,9e-06,0.14,0.01,2014-01-01,-1905303.0,20000000.0,566.0,500.0,0.2307,-0.0185,0.2996,-0.00016,-0.1,-0.37,856074.0,20000000.0,318.0,210.0,1.3864,0.0083,0.0817,1.2e-05,0.02,0.22,LOW_SHARPE,FAIL,1.58,0.14,LOW_FITNESS,FAIL,1.0,0.01,LOW_TURNOVER,PASS,0.01,1.3864,HIGH_TURNOVER,FAIL,0.7,1.3864,CONCENTRATED_WEIGHT,PASS,LOW_SUB_UNIVERSE_SHARPE,PASS,0.07,0.13,SELF_CORRELATION,PENDING,DATA_DIVERSITY,PENDING,PROD_CORRELATION,PENDING,REGULAR_SUBMISSION,PENDING,LOW_2Y_SHARPE,FAIL,0.05,1.58,MATCHES_COMPETITION,PENDING,AIACv2,AI Alphas Competition 2.0,PASS,MATCHES_PYRAMID,1,1.5,EUR/D1/NEWS,1.5,WARNING,MATCHES_THEMES,EDrKL34,2.0,JPN Dataset Utilization Theme,M4ZYx3D,2.0,AMR Dataset Utilization Theme,9B3qxZ4,2.0,KOR Dataset Utilization Theme,PBVkEJD,2.0,TWN Dataset Utilization Theme,by88rqy,2.0,HKG Dataset Utilization Theme,V45896D,1.0,GLB/D1 TOPDIV3000 Power Pool Feb`26,,,,,,,,,,,,,
E50bX9XK,REGULAR,PS40111,EQUITY,EUR,TOP2500,1,0,INDUSTRY,0.08,ON,VERIFY,OFF,OFF,FASTEXPR,False,2014-01-01,2023-12-31,"quantile(multiply(winsorize(vec_avg(nws17_multiple_comp_d1_relevance), std=4), quantile(vec_avg(nws17_comp_d1_ssc))))",,6,2026-02-05T14:31:48-05:00,,2026-02-05T14:31:48-05:00,,False,False,,,ace_tag,llm_test,confidence_0.66,DATA_USAGE:SINGLE_DATA_SET,Single Data Set Alpha,,IS,UNSUBMITTED,-480539,20000000,262,269,1.5646,-0.0047,0.173,-6e-06,-0.11,-0.01,2014-01-01,710831.0,20000000.0,531.0,526.0,0.2465,0.0069,0.0985,5.6e-05,0.02,0.14,-1698460.0,20000000.0,262.0,269.0,1.5646,-0.0165,0.2294,-2.1e-05,-0.05,-0.46,LOW_SHARPE,FAIL,1.58,-0.11,LOW_FITNESS,FAIL,1.0,-0.01,LOW_TURNOVER,PASS,0.01,1.5646,HIGH_TURNOVER,FAIL,0.7,1.5646,CONCENTRATED_WEIGHT,PASS,LOW_SUB_UNIVERSE_SHARPE,PASS,-0.06,0.07,SELF_CORRELATION,PENDING,DATA_DIVERSITY,PENDING,PROD_CORRELATION,PENDING,REGULAR_SUBMISSION,PENDING,LOW_2Y_SHARPE,FAIL,-0.95,1.58,MATCHES_COMPETITION,PENDING,AIACv2,AI Alphas Competition 2.0,PASS,MATCHES_PYRAMID,1,1.5,EUR/D1/NEWS,1.5,WARNING,MATCHES_THEMES,EDrKL34,2.0,JPN Dataset Utilization Theme,M4ZYx3D,2.0,AMR Dataset Utilization Theme,9B3qxZ4,2.0,KOR Dataset Utilization Theme,PBVkEJD,2.0,TWN Dataset Utilization Theme,by88rqy,2.0,HKG Dataset Utilization Theme,V45896D,1.0,GLB/D1 TOPDIV3000 Power Pool Feb`26,,,,,,,,,,,,,
9qPKLNxq,REGULAR,PS40111,EQUITY,EUR,TOP2500,1,0,INDUSTRY,0.08,ON,VERIFY,OFF,OFF,FASTEXPR,False,2014-01-01,2023-12-31,"last_diff_value(vec_avg(nws17_multiple_comp_d1_event_text), 7)",,2,2026-02-05T14:31:58-05:00,,2026-02-05T14:31:59-05:00,,False,False,,,ace_tag,llm_test,confidence_0.48,DATA_USAGE:SINGLE_DATA_SET,Single Data Set Alpha,,IS,UNSUBMITTED,-1365739,20000000,2078,571,0.0535,-0.0132,0.2142,-0.000495,-0.23,-0.07,2014-01-01,-996936.0,20000000.0,2041.0,610.0,0.0338,-0.0097,0.202,-0.000572,-0.05,-0.17,-1777208.0,20000000.0,2078.0,571.0,0.0535,-0.0172,0.2027,-0.000644,-0.26,-0.7,LOW_SHARPE,FAIL,1.58,-0.23,LOW_FITNESS,FAIL,1.0,-0.07,LOW_TURNOVER,PASS,0.01,0.0535,HIGH_TURNOVER,PASS,0.7,0.0535,CONCENTRATED_WEIGHT,PASS,LOW_SUB_UNIVERSE_SHARPE,PASS,-0.12,0.02,SELF_CORRELATION,PENDING,DATA_DIVERSITY,PENDING,PROD_CORRELATION,PENDING,REGULAR_SUBMISSION,PENDING,LOW_2Y_SHARPE,FAIL,-0.56,1.58,MATCHES_COMPETITION,PENDING,AIACv2,AI Alphas Competition 2.0,PASS,MATCHES_PYRAMID,1,1.5,EUR/D1/NEWS,1.5,WARNING,MATCHES_THEMES,EDrKL34,2.0,JPN Dataset Utilization Theme,M4ZYx3D,2.0,AMR Dataset Utilization Theme,9B3qxZ4,2.0,KOR Dataset Utilization Theme,PBVkEJD,2.0,TWN Dataset Utilization Theme,by88rqy,2.0,HKG Dataset Utilization Theme,V45896D,1.0,GLB/D1 TOPDIV3000 Power Pool Feb`26,,,,,,,,,,,,,
wpw1M0Qv,REGULAR,PS40111,EQUITY,EUR,TOP2500,1,0,INDUSTRY,0.08,ON,VERIFY,OFF,OFF,FASTEXPR,False,2014-01-01,2023-12-31,"quantile(multiply(reverse(ts_zscore(vec_avg(nws17_multiple_comp_d1_relevance), 5)), vec_avg(nws17_multiple_comp_d1_event_text)))",,6,2026-02-05T14:31:59-05:00,,2026-02-05T14:31:59-05:00,,False,False,,,ace_tag,llm_test,confidence_0.52,DATA_USAGE:SINGLE_DATA_SET,Single Data Set Alpha,,IS,UNSUBMITTED,436365,20000000,370,372,1.5971,0.0042,0.0737,5e-06,0.12,0.01,2014-01-01,645196.0,20000000.0,569.0,550.0,0.4086,0.0063,0.1055,3.1e-05,0.02,0.17,1134036.0,20000000.0,370.0,372.0,1.5971,0.011,0.0569,1.4e-05,0.03,0.37,LOW_SHARPE,FAIL,1.58,0.12,LOW_FITNESS,FAIL,1.0,0.01,LOW_TURNOVER,PASS,0.01,1.5971,HIGH_TURNOVER,FAIL,0.7,1.5971,CONCENTRATED_WEIGHT,PASS,LOW_SUB_UNIVERSE_SHARPE,PASS,0.06,0.23,SELF_CORRELATION,PENDING,DATA_DIVERSITY,PENDING,PROD_CORRELATION,PENDING,REGULAR_SUBMISSION,PENDING,LOW_2Y_SHARPE,FAIL,0.55,1.58,MATCHES_COMPETITION,PENDING,AIACv2,AI Alphas Competition 2.0,PASS,MATCHES_PYRAMID,1,1.5,EUR/D1/NEWS,1.5,WARNING,MATCHES_THEMES,EDrKL34,2.0,JPN Dataset Utilization Theme,M4ZYx3D,2.0,AMR Dataset Utilization Theme,9B3qxZ4,2.0,KOR Dataset Utilization Theme,PBVkEJD,2.0,TWN Dataset Utilization Theme,by88rqy,2.0,HKG Dataset Utilization Theme,V45896D,1.0,GLB/D1 TOPDIV3000 Power Pool Feb`26,,,,,,,,,,,,,
2rqRdMNb,REGULAR,PS40111,EQUITY,EUR,TOP2500,1,0,INDUSTRY,0.08,ON,VERIFY,OFF,OFF,FASTEXPR,False,2014-01-01,2023-12-31,"ts_product(vec_avg(nws17_comp_d1_ssc), 5)",,2,2026-02-05T14:33:17-05:00,,2026-02-05T14:33:17-05:00,,False,False,,,ace_tag,llm_test,confidence_0.6,DATA_USAGE:SINGLE_DATA_SET,Single Data Set Alpha,,IS,UNSUBMITTED,-6071262,20000000,269,768,1.1066,-0.0588,0.8338,-0.000106,-0.35,-0.08,2014-01-01,2418867.0,20000000.0,568.0,878.0,0.1729,0.0234,0.4501,0.000271,0.07,0.19,-2343530.0,20000000.0,269.0,768.0,1.1066,-0.0227,0.5815,-4.1e-05,-0.02,-0.15,LOW_SHARPE,FAIL,1.58,-0.35,LOW_FITNESS,FAIL,1.0,-0.08,LOW_TURNOVER,PASS,0.01,1.1066,HIGH_TURNOVER,FAIL,0.7,1.1066,CONCENTRATED_WEIGHT,FAIL,LOW_SUB_UNIVERSE_SHARPE,FAIL,-0.18,-0.41,SELF_CORRELATION,PENDING,DATA_DIVERSITY,PENDING,PROD_CORRELATION,PENDING,REGULAR_SUBMISSION,PENDING,LOW_2Y_SHARPE,FAIL,0.24,1.58,MATCHES_COMPETITION,PENDING,AIACv2,AI Alphas Competition 2.0,PASS,MATCHES_PYRAMID,1,1.5,EUR/D1/NEWS,1.5,WARNING,MATCHES_THEMES,EDrKL34,2.0,JPN Dataset Utilization Theme,M4ZYx3D,2.0,AMR Dataset Utilization Theme,9B3qxZ4,2.0,KOR Dataset Utilization Theme,PBVkEJD,2.0,TWN Dataset Utilization Theme,by88rqy,2.0,HKG Dataset Utilization Theme,V45896D,1.0,GLB/D1 TOPDIV3000 Power Pool Feb`26,,,,,,,,,,,2014-02-06,0.1,0.5
9qPK1vzr,REGULAR,PS40111,EQUITY,EUR,TOP2500,1,0,INDUSTRY,0.08,ON,VERIFY,OFF,OFF,FASTEXPR,False,2014-01-01,2023-12-31,"ts_scale(vec_avg(nws17_multiple_comp_d1_relevance),14)","Used relevance vec_avg with ts_scale(...,14) to normalize time-series range. SUGGESTION2 applied. KEEP_IN_MIND single field. Rationale: places names on comparable footing over 14 days. confidence: 0.63",2,2026-02-05T14:04:37-05:00,,2026-02-05T14:04:40-05:00,,False,False,,,ace_tag,llm_test,confidence_0.59,DATA_USAGE:SINGLE_DATA_SET,Single Data Set Alpha,,IS,UNSUBMITTED,-924971,20000000,375,478,1.4969,-0.009,0.1376,-1.2e-05,-0.27,-0.02,2014-01-01,-489393.0,20000000.0,697.0,675.0,0.3503,-0.0047,0.1439,-2.7e-05,-0.02,-0.14,-493205.0,20000000.0,375.0,478.0,1.4969,-0.0048,0.1069,-6e-06,-0.01,-0.17,LOW_SHARPE,FAIL,1.58,-0.27,LOW_FITNESS,FAIL,1.0,-0.02,LOW_TURNOVER,PASS,0.01,1.4969,HIGH_TURNOVER,FAIL,0.7,1.4969,CONCENTRATED_WEIGHT,PASS,LOW_SUB_UNIVERSE_SHARPE,FAIL,-0.14,-0.16,SELF_CORRELATION,PENDING,DATA_DIVERSITY,PENDING,PROD_CORRELATION,PENDING,REGULAR_SUBMISSION,PENDING,LOW_2Y_SHARPE,FAIL,-0.64,1.58,MATCHES_COMPETITION,PENDING,AIACv2,AI Alphas Competition 2.0,PASS,MATCHES_PYRAMID,1,1.5,EUR/D1/NEWS,1.5,WARNING,MATCHES_THEMES,EDrKL34,2.0,JPN Dataset Utilization Theme,M4ZYx3D,2.0,AMR Dataset Utilization Theme,9B3qxZ4,2.0,KOR Dataset Utilization Theme,PBVkEJD,2.0,TWN Dataset Utilization Theme,by88rqy,2.0,HKG Dataset Utilization Theme,V45896D,1.0,GLB/D1 TOPDIV3000 Power Pool Feb`26,,,,,,,,,,,,,
omwvOpPk,REGULAR,PS40111,EQUITY,EUR,TOP2500,1,0,INDUSTRY,0.08,ON,VERIFY,OFF,OFF,FASTEXPR,False,2014-01-01,2023-12-31,"quantile(multiply(vec_avg(nws17_multiple_comp_d1_event_text), inverse(add(vec_avg(nws17_multiple_comp_d1_relevance), 1))))",,6,2026-02-05T14:33:43-05:00,,2026-02-05T14:33:43-05:00,,False,False,,,ace_tag,llm_test,confidence_0.46,DATA_USAGE:SINGLE_DATA_SET,Single Data Set Alpha,,IS,UNSUBMITTED,331986,20000000,450,446,1.5248,0.0032,0.0806,4e-06,0.09,0.0,2014-01-01,1205947.0,20000000.0,709.0,780.0,0.3354,0.0117,0.0783,7e-05,0.05,0.29,-108515.0,20000000.0,450.0,446.0,1.5248,-0.0011,0.0969,-1e-06,-0.0,-0.04,LOW_SHARPE,FAIL,1.58,0.09,LOW_FITNESS,FAIL,1.0,0.0,LOW_TURNOVER,PASS,0.01,1.5248,HIGH_TURNOVER,FAIL,0.7,1.5248,CONCENTRATED_WEIGHT,PASS,LOW_SUB_UNIVERSE_SHARPE,PASS,0.05,0.09,SELF_CORRELATION,PENDING,DATA_DIVERSITY,PENDING,PROD_CORRELATION,PENDING,REGULAR_SUBMISSION,PENDING,LOW_2Y_SHARPE,FAIL,0.47,1.58,MATCHES_COMPETITION,PENDING,AIACv2,AI Alphas Competition 2.0,PASS,MATCHES_PYRAMID,1,1.5,EUR/D1/NEWS,1.5,WARNING,MATCHES_THEMES,EDrKL34,2.0,JPN Dataset Utilization Theme,M4ZYx3D,2.0,AMR Dataset Utilization Theme,9B3qxZ4,2.0,KOR Dataset Utilization Theme,PBVkEJD,2.0,TWN Dataset Utilization Theme,by88rqy,2.0,HKG Dataset Utilization Theme,V45896D,1.0,GLB/D1 TOPDIV3000 Power Pool Feb`26,,,,,,,,,,,,,
A1JbK9Gl,REGULAR,PS40111,EQUITY,EUR,TOP2500,1,0,INDUSTRY,0.08,ON,VERIFY,OFF,OFF,FASTEXPR,False,2014-01-01,2023-12-31,"quantile(multiply(hump(vec_avg(nws17_comp_d1_ssc), hump=0.01), divide(vec_avg(nws17_multiple_comp_d1_relevance), 100)))",,6,2026-02-05T14:33:17-05:00,,2026-02-05T14:33:18-05:00,,False,False,,,ace_tag,llm_test,confidence_0.65,DATA_USAGE:SINGLE_DATA_SET,Single Data Set Alpha,,IS,UNSUBMITTED,611405,20000000,253,275,1.2747,0.0059,0.0859,9e-06,0.15,0.01,2014-01-01,1383328.0,20000000.0,488.0,571.0,0.2116,0.0134,0.068,0.000127,0.08,0.3,-92542.0,20000000.0,253.0,275.0,1.2747,-0.0009,0.0752,-1e-06,-0.0,-0.03,LOW_SHARPE,FAIL,1.58,0.15,LOW_FITNESS,FAIL,1.0,0.01,LOW_TURNOVER,PASS,0.01,1.2747,HIGH_TURNOVER,FAIL,0.7,1.2747,CONCENTRATED_WEIGHT,PASS,LOW_SUB_UNIVERSE_SHARPE,PASS,0.08,0.37,SELF_CORRELATION,PENDING,DATA_DIVERSITY,PENDING,PROD_CORRELATION,PENDING,REGULAR_SUBMISSION,PENDING,LOW_2Y_SHARPE,FAIL,-0.16,1.58,MATCHES_COMPETITION,PENDING,AIACv2,AI Alphas Competition 2.0,PASS,MATCHES_PYRAMID,1,1.5,EUR/D1/NEWS,1.5,WARNING,MATCHES_THEMES,EDrKL34,2.0,JPN Dataset Utilization Theme,M4ZYx3D,2.0,AMR Dataset Utilization Theme,9B3qxZ4,2.0,KOR Dataset Utilization Theme,PBVkEJD,2.0,TWN Dataset Utilization Theme,by88rqy,2.0,HKG Dataset Utilization Theme,V45896D,1.0,GLB/D1 TOPDIV3000 Power Pool Feb`26,,,,,,,,,,,,,
E50bJ1pP,REGULAR,PS40111,EQUITY,EUR,TOP2500,1,0,INDUSTRY,0.08,ON,VERIFY,OFF,OFF,FASTEXPR,False,2014-01-01,2023-12-31,"quantile(multiply(ts_std_dev(vec_avg(nws17_comp_d1_ssc), 14), vec_avg(nws17_multiple_comp_d1_relevance)))",,5,2026-02-05T14:33:19-05:00,,2026-02-05T14:33:19-05:00,,False,False,,,ace_tag,llm_test,confidence_0.6,DATA_USAGE:SINGLE_DATA_SET,Single Data Set Alpha,,IS,UNSUBMITTED,-1966648,20000000,251,254,1.5167,-0.0191,0.2587,-2.5e-05,-0.46,-0.05,2014-01-01,-15534.0,20000000.0,541.0,436.0,0.238,-0.0002,0.1851,-1e-06,-0.0,-0.0,-1538876.0,20000000.0,251.0,254.0,1.5167,-0.0149,0.2097,-2e-05,-0.04,-0.43,LOW_SHARPE,FAIL,1.58,-0.46,LOW_FITNESS,FAIL,1.0,-0.05,LOW_TURNOVER,PASS,0.01,1.5167,HIGH_TURNOVER,FAIL,0.7,1.5167,CONCENTRATED_WEIGHT,PASS,LOW_SUB_UNIVERSE_SHARPE,FAIL,-0.24,-0.28,SELF_CORRELATION,PENDING,DATA_DIVERSITY,PENDING,PROD_CORRELATION,PENDING,REGULAR_SUBMISSION,PENDING,LOW_2Y_SHARPE,FAIL,-0.23,1.58,MATCHES_COMPETITION,PENDING,AIACv2,AI Alphas Competition 2.0,PASS,MATCHES_PYRAMID,1,1.5,EUR/D1/NEWS,1.5,WARNING,MATCHES_THEMES,EDrKL34,2.0,JPN Dataset Utilization Theme,M4ZYx3D,2.0,AMR Dataset Utilization Theme,9B3qxZ4,2.0,KOR Dataset Utilization Theme,PBVkEJD,2.0,TWN Dataset Utilization Theme,by88rqy,2.0,HKG Dataset Utilization Theme,V45896D,1.0,GLB/D1 TOPDIV3000 Power Pool Feb`26,,,,,,,,,,,,,
npkoVb7q,REGULAR,PS40111,EQUITY,EUR,TOP2500,1,0,INDUSTRY,0.08,ON,VERIFY,OFF,OFF,FASTEXPR,False,2014-01-01,2023-12-31,"quantile(multiply(days_from_last_change(vec_avg(nws17_multiple_comp_d1_event_text)), vec_avg(nws17_comp_d1_ssc)))",,5,2026-02-05T14:35:01-05:00,,2026-02-05T14:35:01-05:00,,False,False,,,ace_tag,llm_test,confidence_0.54,DATA_USAGE:SINGLE_DATA_SET,Single Data Set Alpha,,IS,UNSUBMITTED,-438526,20000000,0,0,0.0125,-0.0228,0.0439,-0.003654,-1.24,-0.53,2014-01-01,155832.0,20000000.0,73.0,349.0,0.0721,0.006,0.1839,0.000168,0.02,0.07,-424275.0,20000000.0,0.0,0.0,0.0125,-0.0221,0.0424,-0.003536,-0.5,-1.18,LOW_SHARPE,FAIL,1.58,-1.24,LOW_FITNESS,FAIL,1.0,-0.53,LOW_TURNOVER,PASS,0.01,0.0125,HIGH_TURNOVER,PASS,0.7,0.0125,CONCENTRATED_WEIGHT,FAIL,LOW_SUB_UNIVERSE_SHARPE,FAIL,-0.64,-1.23,SELF_CORRELATION,PENDING,DATA_DIVERSITY,PENDING,PROD_CORRELATION,PENDING,REGULAR_SUBMISSION,PENDING,LOW_2Y_SHARPE,FAIL,0.0,1.58,MATCHES_COMPETITION,PENDING,AIACv2,AI Alphas Competition 2.0,PASS,MATCHES_PYRAMID,1,1.5,EUR/D1/NEWS,1.5,WARNING,MATCHES_THEMES,EDrKL34,2.0,JPN Dataset Utilization Theme,M4ZYx3D,2.0,AMR Dataset Utilization Theme,9B3qxZ4,2.0,KOR Dataset Utilization Theme,PBVkEJD,2.0,TWN Dataset Utilization Theme,by88rqy,2.0,HKG Dataset Utilization Theme,V45896D,1.0,GLB/D1 TOPDIV3000 Power Pool Feb`26,,,,,,,,,,,2023-04-20,0.1,0.5
MPlXmwoa,REGULAR,PS40111,EQUITY,EUR,TOP2500,1,0,INDUSTRY,0.08,ON,VERIFY,OFF,OFF,FASTEXPR,False,2014-01-01,2023-12-31,"quantile(ts_arg_max(vec_avg(nws17_multiple_comp_d1_relevance), 7))",,3,2026-02-05T14:35:13-05:00,,2026-02-05T14:35:14-05:00,,False,False,,,ace_tag,llm_test,confidence_0.6,DATA_USAGE:SINGLE_DATA_SET,Single Data Set Alpha,,IS,UNSUBMITTED,-669712,20000000,939,935,0.9691,-0.0065,0.0872,-1.3e-05,-0.29,-0.02,2014-01-01,390346.0,20000000.0,942.0,1212.0,0.305,0.0038,0.0587,2.5e-05,0.02,0.17,-407455.0,20000000.0,939.0,935.0,0.9691,-0.0039,0.1046,-8e-06,-0.01,-0.2,LOW_SHARPE,FAIL,1.58,-0.29,LOW_FITNESS,FAIL,1.0,-0.02,LOW_TURNOVER,PASS,0.01,0.9691,HIGH_TURNOVER,FAIL,0.7,0.9691,CONCENTRATED_WEIGHT,PASS,LOW_SUB_UNIVERSE_SHARPE,PASS,-0.15,0.13,SELF_CORRELATION,PENDING,DATA_DIVERSITY,PENDING,PROD_CORRELATION,PENDING,REGULAR_SUBMISSION,PENDING,LOW_2Y_SHARPE,FAIL,-0.07,1.58,MATCHES_COMPETITION,PENDING,AIACv2,AI Alphas Competition 2.0,PASS,MATCHES_PYRAMID,1,1.5,EUR/D1/NEWS,1.5,WARNING,MATCHES_THEMES,EDrKL34,2.0,JPN Dataset Utilization Theme,M4ZYx3D,2.0,AMR Dataset Utilization Theme,9B3qxZ4,2.0,KOR Dataset Utilization Theme,PBVkEJD,2.0,TWN Dataset Utilization Theme,by88rqy,2.0,HKG Dataset Utilization Theme,V45896D,1.0,GLB/D1 TOPDIV3000 Power Pool Feb`26,,,,,,,,,,,,,
5879bXZo,REGULAR,PS40111,EQUITY,EUR,TOP2500,1,0,INDUSTRY,0.08,ON,VERIFY,OFF,OFF,FASTEXPR,False,2014-01-01,2023-12-31,"quantile(winsorize(vec_avg(nws17_comp_d1_ssc), std=4))","Used SSC vec_avg and winsorize then quantile for ranking. SUGGESTION3 not needed. KEEP_IN_MIND: single field, short chain. Rationale: reduces influence of noisy extreme signals. confidence: 0.65",3,2026-02-05T14:02:26-05:00,,2026-02-05T14:02:29-05:00,,False,False,,,ace_tag,llm_test,confidence_0.63,DATA_USAGE:SINGLE_DATA_SET,Single Data Set Alpha,,IS,UNSUBMITTED,-181972,20000000,260,266,1.5624,-0.0018,0.1006,-2e-06,-0.04,-0.0,2014-01-01,75563.0,20000000.0,534.0,520.0,0.2502,0.0007,0.1389,6e-06,0.0,0.02,-955674.0,20000000.0,260.0,266.0,1.5624,-0.0093,0.1122,-1.2e-05,-0.02,-0.29,LOW_SHARPE,FAIL,1.58,-0.04,LOW_FITNESS,FAIL,1.0,-0.0,LOW_TURNOVER,PASS,0.01,1.5624,HIGH_TURNOVER,FAIL,0.7,1.5624,CONCENTRATED_WEIGHT,PASS,LOW_SUB_UNIVERSE_SHARPE,PASS,-0.02,0.18,SELF_CORRELATION,PENDING,DATA_DIVERSITY,PENDING,PROD_CORRELATION,PENDING,REGULAR_SUBMISSION,PENDING,LOW_2Y_SHARPE,FAIL,-0.48,1.58,MATCHES_COMPETITION,PENDING,AIACv2,AI Alphas Competition 2.0,PASS,MATCHES_PYRAMID,1,1.5,EUR/D1/NEWS,1.5,WARNING,MATCHES_THEMES,EDrKL34,2.0,JPN Dataset Utilization Theme,M4ZYx3D,2.0,AMR Dataset Utilization Theme,9B3qxZ4,2.0,KOR Dataset Utilization Theme,PBVkEJD,2.0,TWN Dataset Utilization Theme,by88rqy,2.0,HKG Dataset Utilization Theme,V45896D,1.0,GLB/D1 TOPDIV3000 Power Pool Feb`26,,,,,,,,,,,,,
bl2ME39l,REGULAR,PS40111,EQUITY,EUR,TOP2500,1,0,INDUSTRY,0.08,ON,VERIFY,OFF,OFF,FASTEXPR,False,2014-01-01,2023-12-31,"ts_decay_linear(vec_avg(nws17_multiple_comp_d1_relevance), 7, dense=false)",,2,2026-02-05T14:34:58-05:00,,2026-02-05T14:34:58-05:00,,False,False,,,ace_tag,llm_test,confidence_0.61,DATA_USAGE:SINGLE_DATA_SET,Single Data Set Alpha,,IS,UNSUBMITTED,-535274,20000000,791,1085,0.472,-0.0052,0.1041,-2.2e-05,-0.17,-0.02,2014-01-01,-456194.0,20000000.0,951.0,1226.0,0.1657,-0.0044,0.1204,-5.3e-05,-0.02,-0.14,-351070.0,20000000.0,791.0,1085.0,0.472,-0.0034,0.0951,-1.4e-05,-0.01,-0.17,LOW_SHARPE,FAIL,1.58,-0.17,LOW_FITNESS,FAIL,1.0,-0.02,LOW_TURNOVER,PASS,0.01,0.472,HIGH_TURNOVER,PASS,0.7,0.472,CONCENTRATED_WEIGHT,PASS,LOW_SUB_UNIVERSE_SHARPE,PASS,-0.09,0.1,SELF_CORRELATION,PENDING,DATA_DIVERSITY,PENDING,PROD_CORRELATION,PENDING,REGULAR_SUBMISSION,PENDING,LOW_2Y_SHARPE,FAIL,0.27,1.58,MATCHES_COMPETITION,PENDING,AIACv2,AI Alphas Competition 2.0,PASS,MATCHES_PYRAMID,1,1.5,EUR/D1/NEWS,1.5,WARNING,MATCHES_THEMES,EDrKL34,2.0,JPN Dataset Utilization Theme,M4ZYx3D,2.0,AMR Dataset Utilization Theme,9B3qxZ4,2.0,KOR Dataset Utilization Theme,PBVkEJD,2.0,TWN Dataset Utilization Theme,by88rqy,2.0,HKG Dataset Utilization Theme,V45896D,1.0,GLB/D1 TOPDIV3000 Power Pool Feb`26,,,,,,,,,,,,,
le62XZn8,REGULAR,PS40111,EQUITY,EUR,TOP2500,1,0,INDUSTRY,0.08,ON,VERIFY,OFF,OFF,FASTEXPR,False,2014-01-01,2023-12-31,"quantile(reverse(ts_zscore(vec_avg(nws17_multiple_comp_d1_event_text), 7)))",,4,2026-02-05T14:35:09-05:00,,2026-02-05T14:35:09-05:00,,False,False,,,ace_tag,llm_test,confidence_0.45,DATA_USAGE:SINGLE_DATA_SET,Single Data Set Alpha,,IS,UNSUBMITTED,-556160,20000000,0,0,0.1054,-0.0373,0.0819,-0.000707,-0.86,-0.47,2014-01-01,-1148950.0,20000000.0,17.0,12.0,0.0943,-0.0603,0.4717,-0.001279,-0.22,-0.31,-620737.0,20000000.0,0.0,0.0,0.1054,-0.0416,0.078,-0.000789,-0.74,-1.29,LOW_SHARPE,FAIL,1.58,-0.86,LOW_FITNESS,FAIL,1.0,-0.47,LOW_TURNOVER,PASS,0.01,0.1054,HIGH_TURNOVER,PASS,0.7,0.1054,CONCENTRATED_WEIGHT,FAIL,LOW_SUB_UNIVERSE_SHARPE,FAIL,-0.45,-0.8,SELF_CORRELATION,PENDING,DATA_DIVERSITY,PENDING,PROD_CORRELATION,PENDING,REGULAR_SUBMISSION,PENDING,LOW_2Y_SHARPE,FAIL,0.0,1.58,MATCHES_COMPETITION,PENDING,AIACv2,AI Alphas Competition 2.0,PASS,MATCHES_PYRAMID,1,1.5,EUR/D1/NEWS,1.5,WARNING,MATCHES_THEMES,EDrKL34,2.0,JPN Dataset Utilization Theme,M4ZYx3D,2.0,AMR Dataset Utilization Theme,9B3qxZ4,2.0,KOR Dataset Utilization Theme,PBVkEJD,2.0,TWN Dataset Utilization Theme,by88rqy,2.0,HKG Dataset Utilization Theme,V45896D,1.0,GLB/D1 TOPDIV3000 Power Pool Feb`26,,,,,,,,,,,2014-08-01,0.1,0.5
MPlXmA7a,REGULAR,PS40111,EQUITY,EUR,TOP2500,1,0,INDUSTRY,0.08,ON,VERIFY,OFF,OFF,FASTEXPR,False,2014-01-01,2023-12-31,"quantile(multiply(vec_avg(nws17_comp_d1_ssc), ts_covariance(vec_avg(nws17_multiple_comp_d1_relevance), vec_avg(nws17_comp_d1_ssc), 14)))",,6,2026-02-05T14:35:01-05:00,,2026-02-05T14:35:01-05:00,,False,False,,,ace_tag,llm_test,confidence_0.6,DATA_USAGE:SINGLE_DATA_SET,Single Data Set Alpha,,IS,UNSUBMITTED,-366737,20000000,253,247,1.4196,-0.0036,0.1548,-5e-06,-0.09,-0.0,2014-01-01,770032.0,20000000.0,489.0,468.0,0.2319,0.0075,0.0947,6.4e-05,0.03,0.17,151509.0,20000000.0,253.0,247.0,1.4196,0.0015,0.1192,2e-06,0.0,0.04,LOW_SHARPE,FAIL,1.58,-0.09,LOW_FITNESS,FAIL,1.0,-0.0,LOW_TURNOVER,PASS,0.01,1.4196,HIGH_TURNOVER,FAIL,0.7,1.4196,CONCENTRATED_WEIGHT,PASS,LOW_SUB_UNIVERSE_SHARPE,FAIL,-0.05,-0.09,SELF_CORRELATION,PENDING,DATA_DIVERSITY,PENDING,PROD_CORRELATION,PENDING,REGULAR_SUBMISSION,PENDING,LOW_2Y_SHARPE,FAIL,-0.63,1.58,MATCHES_COMPETITION,PENDING,AIACv2,AI Alphas Competition 2.0,PASS,MATCHES_PYRAMID,1,1.5,EUR/D1/NEWS,1.5,WARNING,MATCHES_THEMES,EDrKL34,2.0,JPN Dataset Utilization Theme,M4ZYx3D,2.0,AMR Dataset Utilization Theme,9B3qxZ4,2.0,KOR Dataset Utilization Theme,PBVkEJD,2.0,TWN Dataset Utilization Theme,by88rqy,2.0,HKG Dataset Utilization Theme,V45896D,1.0,GLB/D1 TOPDIV3000 Power Pool Feb`26,,,,,,,,,,,,,
mL2A9z7K,REGULAR,PS40111,EQUITY,EUR,TOP2500,1,0,INDUSTRY,0.08,ON,VERIFY,OFF,OFF,FASTEXPR,False,2014-01-01,2023-12-31,"quantile(multiply(vec_avg(nws17_multiple_comp_d1_event_text), vec_sum(nws17_multiple_comp_d1_relevance)))",,4,2026-02-05T14:37:03-05:00,,2026-02-05T14:37:03-05:00,,False,False,,,ace_tag,llm_test,confidence_0.51,DATA_USAGE:SINGLE_DATA_SET,Single Data Set Alpha,,IS,UNSUBMITTED,-194201,20000000,451,444,1.3169,-0.0019,0.1299,-3e-06,-0.05,-0.0,2014-01-01,43540.0,20000000.0,589.0,889.0,0.3016,0.0004,0.1306,3e-06,0.0,0.01,-770105.0,20000000.0,451.0,444.0,1.3169,-0.0075,0.1441,-1.1e-05,-0.02,-0.26,LOW_SHARPE,FAIL,1.58,-0.05,LOW_FITNESS,FAIL,1.0,-0.0,LOW_TURNOVER,PASS,0.01,1.3169,HIGH_TURNOVER,FAIL,0.7,1.3169,CONCENTRATED_WEIGHT,PASS,LOW_SUB_UNIVERSE_SHARPE,FAIL,-0.03,-0.32,SELF_CORRELATION,PENDING,DATA_DIVERSITY,PENDING,PROD_CORRELATION,PENDING,REGULAR_SUBMISSION,PENDING,LOW_2Y_SHARPE,FAIL,-0.43,1.58,MATCHES_COMPETITION,PENDING,AIACv2,AI Alphas Competition 2.0,PASS,MATCHES_PYRAMID,1,1.5,EUR/D1/NEWS,1.5,WARNING,MATCHES_THEMES,EDrKL34,2.0,JPN Dataset Utilization Theme,M4ZYx3D,2.0,AMR Dataset Utilization Theme,9B3qxZ4,2.0,KOR Dataset Utilization Theme,PBVkEJD,2.0,TWN Dataset Utilization Theme,by88rqy,2.0,HKG Dataset Utilization Theme,V45896D,1.0,GLB/D1 TOPDIV3000 Power Pool Feb`26,,,,,,,,,,,,,
9qPK061x,REGULAR,PS40111,EQUITY,EUR,TOP2500,1,0,INDUSTRY,0.08,ON,VERIFY,OFF,OFF,FASTEXPR,False,2014-01-01,2023-12-31,"quantile(if_else(and(greater(vec_avg(nws17_multiple_comp_d1_relevance), 75), equal(ts_arg_max(vec_avg(nws17_comp_d1_ssc), 7), 0)), vec_avg(nws17_comp_d1_ssc), 0))",,9,2026-02-05T14:36:52-05:00,,2026-02-05T14:36:52-05:00,,False,False,,,ace_tag,llm_test,confidence_0.7,DATA_USAGE:SINGLE_DATA_SET,Single Data Set Alpha,,IS,UNSUBMITTED,3047128,20000000,56,268,1.7833,0.0295,0.2612,3.3e-05,0.37,0.05,2014-01-01,2902837.0,20000000.0,330.0,784.0,0.2356,0.0281,0.2026,0.000239,0.11,0.33,3984580.0,20000000.0,56.0,268.0,1.7833,0.0386,0.1311,4.3e-05,0.08,0.54,LOW_SHARPE,FAIL,1.58,0.37,LOW_FITNESS,FAIL,1.0,0.05,LOW_TURNOVER,PASS,0.01,1.7833,HIGH_TURNOVER,FAIL,0.7,1.7833,CONCENTRATED_WEIGHT,PASS,LOW_SUB_UNIVERSE_SHARPE,PASS,0.19,0.19,SELF_CORRELATION,PENDING,DATA_DIVERSITY,PENDING,PROD_CORRELATION,PENDING,REGULAR_SUBMISSION,PENDING,LOW_2Y_SHARPE,FAIL,-0.71,1.58,MATCHES_COMPETITION,PENDING,AIACv2,AI Alphas Competition 2.0,PASS,MATCHES_PYRAMID,1,1.5,EUR/D1/NEWS,1.5,WARNING,MATCHES_THEMES,EDrKL34,2.0,JPN Dataset Utilization Theme,M4ZYx3D,2.0,AMR Dataset Utilization Theme,9B3qxZ4,2.0,KOR Dataset Utilization Theme,PBVkEJD,2.0,TWN Dataset Utilization Theme,by88rqy,2.0,HKG Dataset Utilization Theme,V45896D,1.0,GLB/D1 TOPDIV3000 Power Pool Feb`26,,,,,,,,,,,,,
VkwEJl9G,REGULAR,PS40111,EQUITY,EUR,TOP2500,1,0,INDUSTRY,0.08,ON,VERIFY,OFF,OFF,FASTEXPR,False,2014-01-01,2023-12-31,"quantile(multiply(vec_avg(nws17_multiple_comp_d1_event_text), ts_ir(vec_avg(nws17_multiple_comp_d1_relevance), 20)))",,5,2026-02-05T14:36:52-05:00,,2026-02-05T14:36:52-05:00,,False,False,,,ace_tag,llm_test,confidence_0.57,DATA_USAGE:SINGLE_DATA_SET,Single Data Set Alpha,,IS,UNSUBMITTED,761901,20000000,442,427,1.0259,0.0074,0.1205,1.4e-05,0.19,0.02,2014-01-01,384017.0,20000000.0,660.0,740.0,0.2225,0.0037,0.1413,3.3e-05,0.01,0.1,591060.0,20000000.0,442.0,427.0,1.0259,0.0057,0.0811,1.1e-05,0.01,0.19,LOW_SHARPE,FAIL,1.58,0.19,LOW_FITNESS,FAIL,1.0,0.02,LOW_TURNOVER,PASS,0.01,1.0259,HIGH_TURNOVER,FAIL,0.7,1.0259,CONCENTRATED_WEIGHT,PASS,LOW_SUB_UNIVERSE_SHARPE,FAIL,0.1,0.06,SELF_CORRELATION,PENDING,DATA_DIVERSITY,PENDING,PROD_CORRELATION,PENDING,REGULAR_SUBMISSION,PENDING,LOW_2Y_SHARPE,FAIL,0.0,1.58,MATCHES_COMPETITION,PENDING,AIACv2,AI Alphas Competition 2.0,PASS,MATCHES_PYRAMID,1,1.5,EUR/D1/NEWS,1.5,WARNING,MATCHES_THEMES,EDrKL34,2.0,JPN Dataset Utilization Theme,M4ZYx3D,2.0,AMR Dataset Utilization Theme,9B3qxZ4,2.0,KOR Dataset Utilization Theme,PBVkEJD,2.0,TWN Dataset Utilization Theme,by88rqy,2.0,HKG Dataset Utilization Theme,V45896D,1.0,GLB/D1 TOPDIV3000 Power Pool Feb`26,,,,,,,,,,,,,
2rqRdQeP,REGULAR,PS40111,EQUITY,EUR,TOP2500,1,0,INDUSTRY,0.08,ON,VERIFY,OFF,OFF,FASTEXPR,False,2014-01-01,2023-12-31,"ts_regression(vec_avg(nws17_multiple_comp_d1_relevance), ts_step(1), 14, lag=0, rettype=0)",,3,2026-02-05T14:36:29-05:00,,2026-02-05T14:36:29-05:00,,False,False,,,ace_tag,llm_test,confidence_0.58,DATA_USAGE:SINGLE_DATA_SET,Single Data Set Alpha,,IS,UNSUBMITTED,2042220,20000000,926,874,0.6712,0.0198,0.0669,5.9e-05,0.43,0.07,2014-01-01,-1149835.0,20000000.0,1072.0,952.0,0.2073,-0.0111,0.2613,-0.000107,-0.06,-0.25,1392466.0,20000000.0,926.0,874.0,0.6712,0.0135,0.1073,4e-05,0.04,0.31,LOW_SHARPE,FAIL,1.58,0.43,LOW_FITNESS,FAIL,1.0,0.07,LOW_TURNOVER,PASS,0.01,0.6712,HIGH_TURNOVER,PASS,0.7,0.6712,CONCENTRATED_WEIGHT,PASS,LOW_SUB_UNIVERSE_SHARPE,PASS,0.22,0.84,SELF_CORRELATION,PENDING,DATA_DIVERSITY,PENDING,PROD_CORRELATION,PENDING,REGULAR_SUBMISSION,PENDING,LOW_2Y_SHARPE,FAIL,0.24,1.58,MATCHES_COMPETITION,PENDING,AIACv2,AI Alphas Competition 2.0,PASS,MATCHES_PYRAMID,1,1.5,EUR/D1/NEWS,1.5,WARNING,MATCHES_THEMES,EDrKL34,2.0,JPN Dataset Utilization Theme,M4ZYx3D,2.0,AMR Dataset Utilization Theme,9B3qxZ4,2.0,KOR Dataset Utilization Theme,PBVkEJD,2.0,TWN Dataset Utilization Theme,by88rqy,2.0,HKG Dataset Utilization Theme,V45896D,1.0,GLB/D1 TOPDIV3000 Power Pool Feb`26,,,,,,,,,,,,,
RRZYWqxj,REGULAR,PS40111,EQUITY,EUR,TOP2500,1,0,INDUSTRY,0.08,ON,VERIFY,OFF,OFF,FASTEXPR,False,2014-01-01,2023-12-31,"quantile(if_else(less_equal(days_from_last_change(vec_avg(nws17_multiple_comp_d1_event_text)), 3), vec_avg(nws17_comp_d1_ssc), 0))",,6,2026-02-05T14:36:30-05:00,,2026-02-05T14:36:31-05:00,,False,False,,,ace_tag,llm_test,confidence_0.53,DATA_USAGE:SINGLE_DATA_SET,Single Data Set Alpha,,IS,UNSUBMITTED,558859,20000000,391,1192,1.1442,0.0054,0.1026,9e-06,0.15,0.01,2014-01-01,621972.0,20000000.0,607.0,1489.0,0.2089,0.006,0.1558,5.8e-05,0.03,0.15,-285398.0,20000000.0,391.0,1192.0,1.1442,-0.0028,0.0835,-5e-06,-0.01,-0.12,LOW_SHARPE,FAIL,1.58,0.15,LOW_FITNESS,FAIL,1.0,0.01,LOW_TURNOVER,PASS,0.01,1.1442,HIGH_TURNOVER,FAIL,0.7,1.1442,CONCENTRATED_WEIGHT,PASS,LOW_SUB_UNIVERSE_SHARPE,PASS,0.08,0.16,SELF_CORRELATION,PENDING,DATA_DIVERSITY,PENDING,PROD_CORRELATION,PENDING,REGULAR_SUBMISSION,PENDING,LOW_2Y_SHARPE,FAIL,0.65,1.58,MATCHES_COMPETITION,PENDING,AIACv2,AI Alphas Competition 2.0,PASS,MATCHES_PYRAMID,1,1.5,EUR/D1/NEWS,1.5,WARNING,MATCHES_THEMES,EDrKL34,2.0,JPN Dataset Utilization Theme,M4ZYx3D,2.0,AMR Dataset Utilization Theme,9B3qxZ4,2.0,KOR Dataset Utilization Theme,PBVkEJD,2.0,TWN Dataset Utilization Theme,by88rqy,2.0,HKG Dataset Utilization Theme,V45896D,1.0,GLB/D1 TOPDIV3000 Power Pool Feb`26,,,,,,,,,,,,,
npkoV3Ka,REGULAR,PS40111,EQUITY,EUR,TOP2500,1,0,INDUSTRY,0.08,ON,VERIFY,OFF,OFF,FASTEXPR,False,2014-01-01,2023-12-31,"quantile(if_else(greater(ts_zscore(vec_avg(nws17_multiple_comp_d1_event_text), 5), 0.5), vec_avg(nws17_comp_d1_ssc), 0))",,6,2026-02-05T14:38:16-05:00,,2026-02-05T14:38:17-05:00,,False,False,,,ace_tag,llm_test,confidence_0.65,DATA_USAGE:SINGLE_DATA_SET,Single Data Set Alpha,,IS,UNSUBMITTED,0,0,0,0,0.0,0.0,0.0,0.0,0.0,,2014-01-01,,,,,,,,,,,,,,,,,,,,,LOW_SHARPE,FAIL,1.58,0.0,LOW_FITNESS,ERROR,1.0,,LOW_TURNOVER,FAIL,0.01,0.0,HIGH_TURNOVER,PASS,0.7,0.0,CONCENTRATED_WEIGHT,FAIL,LOW_SUB_UNIVERSE_SHARPE,ERROR,,,SELF_CORRELATION,PENDING,DATA_DIVERSITY,PENDING,PROD_CORRELATION,PENDING,REGULAR_SUBMISSION,PENDING,IS_LADDER_SHARPE,PENDING,,,MATCHES_COMPETITION,PENDING,AIACv2,AI Alphas Competition 2.0,PASS,MATCHES_PYRAMID,1,1.5,EUR/D1/NEWS,1.5,WARNING,MATCHES_THEMES,EDrKL34,2.0,JPN Dataset Utilization Theme,M4ZYx3D,2.0,AMR Dataset Utilization Theme,9B3qxZ4,2.0,KOR Dataset Utilization Theme,PBVkEJD,2.0,TWN Dataset Utilization Theme,by88rqy,2.0,HKG Dataset Utilization Theme,V45896D,1.0,GLB/D1 TOPDIV3000 Power Pool Feb`26,,,,,,,,,,,,,
pwJEO8Zx,REGULAR,PS40111,EQUITY,EUR,TOP2500,1,0,INDUSTRY,0.08,ON,VERIFY,OFF,OFF,FASTEXPR,False,2014-01-01,2023-12-31,"quantile(multiply(vec_avg(nws17_multiple_comp_d1_relevance), reverse(vec_avg(nws17_multiple_comp_d1_event_text))))",,5,2026-02-05T14:38:20-05:00,,2026-02-05T14:38:21-05:00,,False,False,,,ace_tag,llm_test,confidence_0.47,DATA_USAGE:SINGLE_DATA_SET,Single Data Set Alpha,,IS,UNSUBMITTED,401806,20000000,450,445,1.5222,0.0039,0.0864,5e-06,0.1,0.01,2014-01-01,1199005.0,20000000.0,771.0,715.0,0.334,0.0116,0.0907,7e-05,0.05,0.29,-46887.0,20000000.0,450.0,445.0,1.5222,-0.0005,0.0851,-1e-06,-0.0,-0.02,LOW_SHARPE,FAIL,1.58,0.1,LOW_FITNESS,FAIL,1.0,0.01,LOW_TURNOVER,PASS,0.01,1.5222,HIGH_TURNOVER,FAIL,0.7,1.5222,CONCENTRATED_WEIGHT,PASS,LOW_SUB_UNIVERSE_SHARPE,PASS,0.05,0.24,SELF_CORRELATION,PENDING,DATA_DIVERSITY,PENDING,PROD_CORRELATION,PENDING,REGULAR_SUBMISSION,PENDING,LOW_2Y_SHARPE,FAIL,0.71,1.58,MATCHES_COMPETITION,PENDING,AIACv2,AI Alphas Competition 2.0,PASS,MATCHES_PYRAMID,1,1.5,EUR/D1/NEWS,1.5,WARNING,MATCHES_THEMES,EDrKL34,2.0,JPN Dataset Utilization Theme,M4ZYx3D,2.0,AMR Dataset Utilization Theme,9B3qxZ4,2.0,KOR Dataset Utilization Theme,PBVkEJD,2.0,TWN Dataset Utilization Theme,by88rqy,2.0,HKG Dataset Utilization Theme,V45896D,1.0,GLB/D1 TOPDIV3000 Power Pool Feb`26,,,,,,,,,,,,,
A1JbKkNX,REGULAR,PS40111,EQUITY,EUR,TOP2500,1,0,INDUSTRY,0.08,ON,VERIFY,OFF,OFF,FASTEXPR,False,2014-01-01,2023-12-31,"ts_quantile(vec_avg(nws17_comp_d1_ssc), 7, driver=""gaussian"")",,2,2026-02-05T14:38:17-05:00,,2026-02-05T14:38:17-05:00,,False,False,,,ace_tag,llm_test,confidence_0.64,DATA_USAGE:SINGLE_DATA_SET,Single Data Set Alpha,,IS,UNSUBMITTED,-1231412,20000000,185,195,1.539,-0.0119,0.1847,-1.6e-05,-0.32,-0.03,2014-01-01,-489453.0,20000000.0,325.0,330.0,0.2959,-0.0047,0.1277,-3.2e-05,-0.01,-0.1,-1219053.0,20000000.0,185.0,195.0,1.539,-0.0118,0.1986,-1.5e-05,-0.03,-0.36,LOW_SHARPE,FAIL,1.58,-0.32,LOW_FITNESS,FAIL,1.0,-0.03,LOW_TURNOVER,PASS,0.01,1.539,HIGH_TURNOVER,FAIL,0.7,1.539,CONCENTRATED_WEIGHT,PASS,LOW_SUB_UNIVERSE_SHARPE,FAIL,-0.17,-0.36,SELF_CORRELATION,PENDING,DATA_DIVERSITY,PENDING,PROD_CORRELATION,PENDING,REGULAR_SUBMISSION,PENDING,LOW_2Y_SHARPE,FAIL,-0.49,1.58,MATCHES_COMPETITION,PENDING,AIACv2,AI Alphas Competition 2.0,PASS,MATCHES_PYRAMID,1,1.5,EUR/D1/NEWS,1.5,WARNING,MATCHES_THEMES,EDrKL34,2.0,JPN Dataset Utilization Theme,M4ZYx3D,2.0,AMR Dataset Utilization Theme,9B3qxZ4,2.0,KOR Dataset Utilization Theme,PBVkEJD,2.0,TWN Dataset Utilization Theme,by88rqy,2.0,HKG Dataset Utilization Theme,V45896D,1.0,GLB/D1 TOPDIV3000 Power Pool Feb`26,,,,,,,,,,,,,
2rqRd7kP,REGULAR,PS40111,EQUITY,EUR,TOP2500,1,0,INDUSTRY,0.08,ON,VERIFY,OFF,OFF,FASTEXPR,False,2014-01-01,2023-12-31,"quantile(multiply(quantile(vec_avg(nws17_multiple_comp_d1_event_text)), vec_avg(nws17_comp_d1_ssc)))",,5,2026-02-05T14:38:47-05:00,,2026-02-05T14:38:48-05:00,,False,False,,,ace_tag,llm_test,confidence_0.55,DATA_USAGE:SINGLE_DATA_SET,Single Data Set Alpha,,IS,UNSUBMITTED,476117,20000000,269,257,1.3328,0.0046,0.1038,7e-06,0.1,0.01,2014-01-01,-521866.0,20000000.0,429.0,623.0,0.212,-0.0051,0.1408,-4.8e-05,-0.01,-0.09,-223606.0,20000000.0,269.0,257.0,1.3328,-0.0022,0.1166,-3e-06,-0.0,-0.07,LOW_SHARPE,FAIL,1.58,0.1,LOW_FITNESS,FAIL,1.0,0.01,LOW_TURNOVER,PASS,0.01,1.3328,HIGH_TURNOVER,FAIL,0.7,1.3328,CONCENTRATED_WEIGHT,PASS,LOW_SUB_UNIVERSE_SHARPE,PASS,0.05,0.1,SELF_CORRELATION,PENDING,DATA_DIVERSITY,PENDING,PROD_CORRELATION,PENDING,REGULAR_SUBMISSION,PENDING,LOW_2Y_SHARPE,FAIL,0.15,1.58,MATCHES_COMPETITION,PENDING,AIACv2,AI Alphas Competition 2.0,PASS,MATCHES_PYRAMID,1,1.5,EUR/D1/NEWS,1.5,WARNING,MATCHES_THEMES,EDrKL34,2.0,JPN Dataset Utilization Theme,M4ZYx3D,2.0,AMR Dataset Utilization Theme,9B3qxZ4,2.0,KOR Dataset Utilization Theme,PBVkEJD,2.0,TWN Dataset Utilization Theme,by88rqy,2.0,HKG Dataset Utilization Theme,V45896D,1.0,GLB/D1 TOPDIV3000 Power Pool Feb`26,,,,,,,,,,,,,
9qPK0JGe,REGULAR,PS40111,EQUITY,EUR,TOP2500,1,0,INDUSTRY,0.08,ON,VERIFY,OFF,OFF,FASTEXPR,False,2014-01-01,2023-12-31,"quantile(reverse(ts_arg_min(vec_avg(nws17_multiple_comp_d1_relevance), 7)))",,4,2026-02-05T14:38:19-05:00,,2026-02-05T14:38:20-05:00,,False,False,,,ace_tag,llm_test,confidence_0.49,DATA_USAGE:SINGLE_DATA_SET,Single Data Set Alpha,,IS,UNSUBMITTED,907335,20000000,933,940,0.9672,0.0088,0.0499,1.8e-05,0.4,0.04,2014-01-01,367150.0,20000000.0,1215.0,938.0,0.3042,0.0036,0.0988,2.3e-05,0.02,0.15,710138.0,20000000.0,933.0,940.0,0.9672,0.0069,0.0505,1.4e-05,0.03,0.37,LOW_SHARPE,FAIL,1.58,0.4,LOW_FITNESS,FAIL,1.0,0.04,LOW_TURNOVER,PASS,0.01,0.9672,HIGH_TURNOVER,FAIL,0.7,0.9672,CONCENTRATED_WEIGHT,PASS,LOW_SUB_UNIVERSE_SHARPE,FAIL,0.21,0.01,SELF_CORRELATION,PENDING,DATA_DIVERSITY,PENDING,PROD_CORRELATION,PENDING,REGULAR_SUBMISSION,PENDING,LOW_2Y_SHARPE,FAIL,0.7,1.58,MATCHES_COMPETITION,PENDING,AIACv2,AI Alphas Competition 2.0,PASS,MATCHES_PYRAMID,1,1.5,EUR/D1/NEWS,1.5,WARNING,MATCHES_THEMES,EDrKL34,2.0,JPN Dataset Utilization Theme,M4ZYx3D,2.0,AMR Dataset Utilization Theme,9B3qxZ4,2.0,KOR Dataset Utilization Theme,PBVkEJD,2.0,TWN Dataset Utilization Theme,by88rqy,2.0,HKG Dataset Utilization Theme,V45896D,1.0,GLB/D1 TOPDIV3000 Power Pool Feb`26,,,,,,,,,,,,,
qMkdqg7P,REGULAR,PS40111,EQUITY,EUR,TOP2500,1,0,INDUSTRY,0.08,ON,VERIFY,OFF,OFF,FASTEXPR,False,2014-01-01,2023-12-31,"quantile(ts_mean(vec_avg(nws17_comp_d1_ssc), 5))",,3,2026-02-05T14:38:19-05:00,,2026-02-05T14:38:19-05:00,,False,False,,,ace_tag,llm_test,confidence_0.63,DATA_USAGE:SINGLE_DATA_SET,Single Data Set Alpha,,IS,UNSUBMITTED,1385786,20000000,582,572,0.4882,0.0134,0.1018,5.5e-05,0.44,0.07,2014-01-01,1157034.0,20000000.0,737.0,764.0,0.1477,0.0112,0.0518,0.000152,0.09,0.34,221225.0,20000000.0,582.0,572.0,0.4882,0.0021,0.1088,9e-06,0.01,0.1,LOW_SHARPE,FAIL,1.58,0.44,LOW_FITNESS,FAIL,1.0,0.07,LOW_TURNOVER,PASS,0.01,0.4882,HIGH_TURNOVER,PASS,0.7,0.4882,CONCENTRATED_WEIGHT,PASS,LOW_SUB_UNIVERSE_SHARPE,FAIL,0.23,0.16,SELF_CORRELATION,PENDING,DATA_DIVERSITY,PENDING,PROD_CORRELATION,PENDING,REGULAR_SUBMISSION,PENDING,LOW_2Y_SHARPE,FAIL,0.27,1.58,MATCHES_COMPETITION,PENDING,AIACv2,AI Alphas Competition 2.0,PASS,MATCHES_PYRAMID,1,1.5,EUR/D1/NEWS,1.5,WARNING,MATCHES_THEMES,EDrKL34,2.0,JPN Dataset Utilization Theme,M4ZYx3D,2.0,AMR Dataset Utilization Theme,9B3qxZ4,2.0,KOR Dataset Utilization Theme,PBVkEJD,2.0,TWN Dataset Utilization Theme,by88rqy,2.0,HKG Dataset Utilization Theme,V45896D,1.0,GLB/D1 TOPDIV3000 Power Pool Feb`26,,,,,,,,,,,,,
omwvOpPk,REGULAR,PS40111,EQUITY,EUR,TOP2500,1,0,INDUSTRY,0.08,ON,VERIFY,OFF,OFF,FASTEXPR,False,2014-01-01,2023-12-31,"quantile(multiply(vec_avg(nws17_multiple_comp_d1_event_text), inverse(add(vec_avg(nws17_multiple_comp_d1_relevance), 1))))",Target textual events with low reported relevance (niche stories). Two fields with vec_avg wrappers. Confidence 0.46 — niche events risky but occasionally lucrative.,6,2026-02-05T14:33:43-05:00,,2026-02-05T14:33:46-05:00,,False,False,,,ace_tag,llm_test,confidence_0.46,DATA_USAGE:SINGLE_DATA_SET,Single Data Set Alpha,,IS,UNSUBMITTED,331986,20000000,450,446,1.5248,0.0032,0.0806,4e-06,0.09,0.0,2014-01-01,1205947.0,20000000.0,709.0,780.0,0.3354,0.0117,0.0783,7e-05,0.05,0.29,-108515.0,20000000.0,450.0,446.0,1.5248,-0.0011,0.0969,-1e-06,-0.0,-0.04,LOW_SHARPE,FAIL,1.58,0.09,LOW_FITNESS,FAIL,1.0,0.0,LOW_TURNOVER,PASS,0.01,1.5248,HIGH_TURNOVER,FAIL,0.7,1.5248,CONCENTRATED_WEIGHT,PASS,LOW_SUB_UNIVERSE_SHARPE,PASS,0.05,0.09,SELF_CORRELATION,PENDING,DATA_DIVERSITY,PENDING,PROD_CORRELATION,PENDING,REGULAR_SUBMISSION,PENDING,LOW_2Y_SHARPE,FAIL,0.47,1.58,MATCHES_COMPETITION,PENDING,AIACv2,AI Alphas Competition 2.0,PASS,MATCHES_PYRAMID,1,1.5,EUR/D1/NEWS,1.5,WARNING,MATCHES_THEMES,EDrKL34,2.0,JPN Dataset Utilization Theme,M4ZYx3D,2.0,AMR Dataset Utilization Theme,9B3qxZ4,2.0,KOR Dataset Utilization Theme,PBVkEJD,2.0,TWN Dataset Utilization Theme,by88rqy,2.0,HKG Dataset Utilization Theme,V45896D,1.0,GLB/D1 TOPDIV3000 Power Pool Feb`26,,,,,,,,,,,,,
5879WprJ,REGULAR,PS40111,EQUITY,EUR,TOP2500,1,0,INDUSTRY,0.08,ON,VERIFY,OFF,OFF,FASTEXPR,False,2014-01-01,2023-12-31,"quantile(ts_arg_max(ts_scale(vec_avg(nws17_multiple_comp_d1_relevance), 14), 7))",,4,2026-02-05T14:39:59-05:00,,2026-02-05T14:40:00-05:00,,False,False,,,ace_tag,llm_test,confidence_0.59,DATA_USAGE:SINGLE_DATA_SET,Single Data Set Alpha,,IS,UNSUBMITTED,-346441,20000000,862,855,0.9628,-0.0034,0.0742,-7e-06,-0.15,-0.01,2014-01-01,497765.0,20000000.0,874.0,1082.0,0.3067,0.0048,0.0548,3.1e-05,0.03,0.21,-31150.0,20000000.0,862.0,855.0,0.9628,-0.0003,0.0751,-1e-06,-0.0,-0.01,LOW_SHARPE,FAIL,1.58,-0.15,LOW_FITNESS,FAIL,1.0,-0.01,LOW_TURNOVER,PASS,0.01,0.9628,HIGH_TURNOVER,FAIL,0.7,0.9628,CONCENTRATED_WEIGHT,PASS,LOW_SUB_UNIVERSE_SHARPE,PASS,-0.08,0.24,SELF_CORRELATION,PENDING,DATA_DIVERSITY,PENDING,PROD_CORRELATION,PENDING,REGULAR_SUBMISSION,PENDING,LOW_2Y_SHARPE,FAIL,-0.01,1.58,MATCHES_COMPETITION,PENDING,AIACv2,AI Alphas Competition 2.0,PASS,MATCHES_PYRAMID,1,1.5,EUR/D1/NEWS,1.5,WARNING,MATCHES_THEMES,EDrKL34,2.0,JPN Dataset Utilization Theme,M4ZYx3D,2.0,AMR Dataset Utilization Theme,9B3qxZ4,2.0,KOR Dataset Utilization Theme,PBVkEJD,2.0,TWN Dataset Utilization Theme,by88rqy,2.0,HKG Dataset Utilization Theme,V45896D,1.0,GLB/D1 TOPDIV3000 Power Pool Feb`26,,,,,,,,,,,,,
LLb6JG8L,REGULAR,PS40111,EQUITY,EUR,TOP2500,1,0,INDUSTRY,0.08,ON,VERIFY,OFF,OFF,FASTEXPR,False,2014-01-01,2023-12-31,"quantile(multiply(tail(vec_avg(nws17_multiple_comp_d1_relevance), lower=80, upper=100, newval=1), vec_avg(nws17_comp_d1_ssc)))",,5,2026-02-05T14:39:58-05:00,,2026-02-05T14:39:59-05:00,,False,False,,,ace_tag,llm_test,confidence_0.6,DATA_USAGE:SINGLE_DATA_SET,Single Data Set Alpha,,IS,UNSUBMITTED,319736,20000000,253,274,1.4725,0.0031,0.089,4e-06,0.08,0.0,2014-01-01,-731.0,20000000.0,449.0,599.0,0.2452,-0.0,0.2115,-0.0,-0.0,-0.0,-1004365.0,20000000.0,253.0,274.0,1.4725,-0.0097,0.1211,-1.3e-05,-0.02,-0.3,LOW_SHARPE,FAIL,1.58,0.08,LOW_FITNESS,FAIL,1.0,0.0,LOW_TURNOVER,PASS,0.01,1.4725,HIGH_TURNOVER,FAIL,0.7,1.4725,CONCENTRATED_WEIGHT,PASS,LOW_SUB_UNIVERSE_SHARPE,PASS,0.04,0.05,SELF_CORRELATION,PENDING,DATA_DIVERSITY,PENDING,PROD_CORRELATION,PENDING,REGULAR_SUBMISSION,PENDING,LOW_2Y_SHARPE,FAIL,-0.35,1.58,MATCHES_COMPETITION,PENDING,AIACv2,AI Alphas Competition 2.0,PASS,MATCHES_PYRAMID,1,1.5,EUR/D1/NEWS,1.5,WARNING,MATCHES_THEMES,EDrKL34,2.0,JPN Dataset Utilization Theme,M4ZYx3D,2.0,AMR Dataset Utilization Theme,9B3qxZ4,2.0,KOR Dataset Utilization Theme,PBVkEJD,2.0,TWN Dataset Utilization Theme,by88rqy,2.0,HKG Dataset Utilization Theme,V45896D,1.0,GLB/D1 TOPDIV3000 Power Pool Feb`26,,,,,,,,,,,,,
1YVLEwnW,REGULAR,PS40111,EQUITY,EUR,TOP2500,1,0,INDUSTRY,0.08,ON,VERIFY,OFF,OFF,FASTEXPR,False,2014-01-01,2023-12-31,"quantile(if_else(greater(vec_avg(nws17_multiple_comp_d1_relevance), quantile(vec_avg(nws17_multiple_comp_d1_relevance))), vec_avg(nws17_comp_d1_ssc), 0))",,7,2026-02-05T14:40:12-05:00,,2026-02-05T14:40:12-05:00,,False,False,,,ace_tag,llm_test,confidence_0.69,DATA_USAGE:SINGLE_DATA_SET,Single Data Set Alpha,,IS,UNSUBMITTED,-170937,20000000,260,266,1.5625,-0.0017,0.1006,-2e-06,-0.04,-0.0,2014-01-01,31270.0,20000000.0,534.0,521.0,0.2502,0.0003,0.1426,2e-06,0.0,0.01,-946378.0,20000000.0,260.0,266.0,1.5625,-0.0092,0.1108,-1.2e-05,-0.02,-0.28,LOW_SHARPE,FAIL,1.58,-0.04,LOW_FITNESS,FAIL,1.0,-0.0,LOW_TURNOVER,PASS,0.01,1.5625,HIGH_TURNOVER,FAIL,0.7,1.5625,CONCENTRATED_WEIGHT,PASS,LOW_SUB_UNIVERSE_SHARPE,PASS,-0.02,0.18,SELF_CORRELATION,PENDING,DATA_DIVERSITY,PENDING,PROD_CORRELATION,PENDING,REGULAR_SUBMISSION,PENDING,LOW_2Y_SHARPE,FAIL,-0.48,1.58,MATCHES_COMPETITION,PENDING,AIACv2,AI Alphas Competition 2.0,PASS,MATCHES_PYRAMID,1,1.5,EUR/D1/NEWS,1.5,WARNING,MATCHES_THEMES,EDrKL34,2.0,JPN Dataset Utilization Theme,M4ZYx3D,2.0,AMR Dataset Utilization Theme,9B3qxZ4,2.0,KOR Dataset Utilization Theme,PBVkEJD,2.0,TWN Dataset Utilization Theme,by88rqy,2.0,HKG Dataset Utilization Theme,V45896D,1.0,GLB/D1 TOPDIV3000 Power Pool Feb`26,,,,,,,,,,,,,
O0wkaGRY,REGULAR,PS40111,EQUITY,EUR,TOP2500,1,0,INDUSTRY,0.08,ON,VERIFY,OFF,OFF,FASTEXPR,False,2014-01-01,2023-12-31,"quantile(multiply(vec_avg(nws17_comp_d1_ssc), vec_avg(nws17_multiple_comp_d1_relevance)))",,4,2026-02-05T14:39:59-05:00,,2026-02-05T14:39:59-05:00,,False,False,,,ace_tag,llm_test,confidence_0.72,DATA_USAGE:SINGLE_DATA_SET,Single Data Set Alpha,,IS,UNSUBMITTED,-366801,20000000,252,274,1.5441,-0.0036,0.1448,-5e-06,-0.09,-0.0,2014-01-01,377351.0,20000000.0,465.0,586.0,0.2467,0.0037,0.1183,3e-05,0.01,0.08,-1239583.0,20000000.0,252.0,274.0,1.5441,-0.012,0.1722,-1.6e-05,-0.03,-0.35,LOW_SHARPE,FAIL,1.58,-0.09,LOW_FITNESS,FAIL,1.0,-0.0,LOW_TURNOVER,PASS,0.01,1.5441,HIGH_TURNOVER,FAIL,0.7,1.5441,CONCENTRATED_WEIGHT,PASS,LOW_SUB_UNIVERSE_SHARPE,FAIL,-0.05,-0.08,SELF_CORRELATION,PENDING,DATA_DIVERSITY,PENDING,PROD_CORRELATION,PENDING,REGULAR_SUBMISSION,PENDING,LOW_2Y_SHARPE,FAIL,-0.9,1.58,MATCHES_COMPETITION,PENDING,AIACv2,AI Alphas Competition 2.0,PASS,MATCHES_PYRAMID,1,1.5,EUR/D1/NEWS,1.5,WARNING,MATCHES_THEMES,EDrKL34,2.0,JPN Dataset Utilization Theme,M4ZYx3D,2.0,AMR Dataset Utilization Theme,9B3qxZ4,2.0,KOR Dataset Utilization Theme,PBVkEJD,2.0,TWN Dataset Utilization Theme,by88rqy,2.0,HKG Dataset Utilization Theme,V45896D,1.0,GLB/D1 TOPDIV3000 Power Pool Feb`26,,,,,,,,,,,,,
xAwQaA7m,REGULAR,PS40111,EQUITY,EUR,TOP2500,1,0,INDUSTRY,0.08,ON,VERIFY,OFF,OFF,FASTEXPR,False,2014-01-01,2023-12-31,"ts_zscore(ts_backfill(vec_avg(nws17_comp_d1_acb),5),5)",,3,2026-02-05T14:47:15-05:00,,2026-02-05T14:47:15-05:00,,False,False,,,ace_tag,llm_test,confidence_0.75,DATA_USAGE:SINGLE_DATA_SET,Single Data Set Alpha,,IS,UNSUBMITTED,-792004,20000000,121,157,1.2398,-0.0077,0.174,-1.2e-05,-0.17,-0.01,2014-01-01,90913.0,20000000.0,248.0,252.0,0.2419,0.0009,0.2168,7e-06,0.0,0.01,-1320801.0,20000000.0,121.0,157.0,1.2398,-0.0128,0.1755,-2.1e-05,-0.03,-0.32,LOW_SHARPE,FAIL,1.58,-0.17,LOW_FITNESS,FAIL,1.0,-0.01,LOW_TURNOVER,PASS,0.01,1.2398,HIGH_TURNOVER,FAIL,0.7,1.2398,CONCENTRATED_WEIGHT,PASS,LOW_SUB_UNIVERSE_SHARPE,FAIL,-0.09,-0.25,SELF_CORRELATION,PENDING,DATA_DIVERSITY,PENDING,PROD_CORRELATION,PENDING,REGULAR_SUBMISSION,PENDING,LOW_2Y_SHARPE,FAIL,-0.8,1.58,MATCHES_COMPETITION,PENDING,AIACv2,AI Alphas Competition 2.0,PASS,MATCHES_PYRAMID,1,1.5,EUR/D1/NEWS,1.5,WARNING,MATCHES_THEMES,EDrKL34,2.0,JPN Dataset Utilization Theme,M4ZYx3D,2.0,AMR Dataset Utilization Theme,9B3qxZ4,2.0,KOR Dataset Utilization Theme,PBVkEJD,2.0,TWN Dataset Utilization Theme,by88rqy,2.0,HKG Dataset Utilization Theme,V45896D,1.0,GLB/D1 TOPDIV3000 Power Pool Feb`26,,,,,,,,,,,,,
vRn9q8Yr,REGULAR,PS40111,EQUITY,EUR,TOP2500,1,0,INDUSTRY,0.08,ON,VERIFY,OFF,OFF,FASTEXPR,False,2014-01-01,2023-12-31,"multiply(vec_avg(nws17_comp_d1_ssc), vec_avg(nws17_multiple_comp_d1_relevance))","SUGGESTION1: combined nws17_comp_d1_ssc and nws17_multiple_comp_d1_relevance. Both are VECTOR so SUGGESTION2 applied (vec_avg). Coverage fine for SSC and relevance. SUGGESTION4 considered. KEEP_IN_MIND: two datafields, short chain. Rationale: multiply positive sentiment by prominence magnifies actionable stories. confidence: 0.75",3,2026-02-05T13:50:17-05:00,,2026-02-05T13:50:21-05:00,,False,False,,,ace_tag,llm_test,confidence_0.78,DATA_USAGE:SINGLE_DATA_SET,Single Data Set Alpha,,IS,UNSUBMITTED,391121,20000000,182,344,1.6959,0.0038,0.2086,4e-06,0.06,0.0,2014-01-01,1481485.0,20000000.0,454.0,636.0,0.2494,0.0144,0.1471,0.000115,0.05,0.22,-729677.0,20000000.0,182.0,344.0,1.6959,-0.0071,0.1736,-8e-06,-0.01,-0.14,LOW_SHARPE,FAIL,1.58,0.06,LOW_FITNESS,FAIL,1.0,0.0,LOW_TURNOVER,PASS,0.01,1.6959,HIGH_TURNOVER,FAIL,0.7,1.6959,CONCENTRATED_WEIGHT,PASS,LOW_SUB_UNIVERSE_SHARPE,PASS,0.03,0.08,SELF_CORRELATION,PENDING,DATA_DIVERSITY,PENDING,PROD_CORRELATION,PENDING,REGULAR_SUBMISSION,PENDING,LOW_2Y_SHARPE,FAIL,-0.98,1.58,MATCHES_COMPETITION,PENDING,AIACv2,AI Alphas Competition 2.0,PASS,MATCHES_PYRAMID,1,1.5,EUR/D1/NEWS,1.5,WARNING,MATCHES_THEMES,EDrKL34,2.0,JPN Dataset Utilization Theme,M4ZYx3D,2.0,AMR Dataset Utilization Theme,9B3qxZ4,2.0,KOR Dataset Utilization Theme,PBVkEJD,2.0,TWN Dataset Utilization Theme,by88rqy,2.0,HKG Dataset Utilization Theme,V45896D,1.0,GLB/D1 TOPDIV3000 Power Pool Feb`26,,,,,,,,,,,,,
Wjwdmjgk,REGULAR,PS40111,EQUITY,EUR,TOP2500,1,0,INDUSTRY,0.08,ON,VERIFY,OFF,OFF,FASTEXPR,False,2014-01-01,2023-12-31,"reverse(ts_zscore(ts_backfill(vec_avg(nws17_comp_d1_acb),10),10))",,4,2026-02-05T14:47:06-05:00,,2026-02-05T14:47:07-05:00,,False,False,,,ace_tag,llm_test,confidence_0.68,DATA_USAGE:SINGLE_DATA_SET,Single Data Set Alpha,,IS,UNSUBMITTED,699798,20000000,290,187,0.9759,0.0068,0.1006,1.4e-05,0.17,0.01,2014-01-01,-366839.0,20000000.0,382.0,314.0,0.2103,-0.0036,0.1727,-3.4e-05,-0.01,-0.07,994894.0,20000000.0,290.0,187.0,0.9759,0.0096,0.0791,2e-05,0.03,0.28,LOW_SHARPE,FAIL,1.58,0.17,LOW_FITNESS,FAIL,1.0,0.01,LOW_TURNOVER,PASS,0.01,0.9759,HIGH_TURNOVER,FAIL,0.7,0.9759,CONCENTRATED_WEIGHT,PASS,LOW_SUB_UNIVERSE_SHARPE,PASS,0.09,0.55,SELF_CORRELATION,PENDING,DATA_DIVERSITY,PENDING,PROD_CORRELATION,PENDING,REGULAR_SUBMISSION,PENDING,LOW_2Y_SHARPE,FAIL,0.44,1.58,MATCHES_COMPETITION,PENDING,AIACv2,AI Alphas Competition 2.0,PASS,MATCHES_PYRAMID,1,1.5,EUR/D1/NEWS,1.5,WARNING,MATCHES_THEMES,EDrKL34,2.0,JPN Dataset Utilization Theme,M4ZYx3D,2.0,AMR Dataset Utilization Theme,9B3qxZ4,2.0,KOR Dataset Utilization Theme,PBVkEJD,2.0,TWN Dataset Utilization Theme,by88rqy,2.0,HKG Dataset Utilization Theme,V45896D,1.0,GLB/D1 TOPDIV3000 Power Pool Feb`26,,,,,,,,,,,,,
e78KJ7MN,REGULAR,PS40111,EQUITY,EUR,TOP2500,1,0,INDUSTRY,0.08,ON,VERIFY,OFF,OFF,FASTEXPR,False,2014-01-01,2023-12-31,"ts_delta(ts_backfill(vec_avg(nws17_comp_d1_ssc),3),1)",,3,2026-02-05T14:47:15-05:00,,2026-02-05T14:47:15-05:00,,False,False,,,ace_tag,llm_test,confidence_0.7,DATA_USAGE:SINGLE_DATA_SET,Single Data Set Alpha,,IS,UNSUBMITTED,-582559,20000000,395,387,1.7692,-0.0056,0.1532,-6e-06,-0.13,-0.01,2014-01-01,-203175.0,20000000.0,628.0,559.0,0.2998,-0.002,0.2804,-1.3e-05,-0.0,-0.04,71399.0,20000000.0,395.0,387.0,1.7692,0.0007,0.1129,1e-06,0.0,0.02,LOW_SHARPE,FAIL,1.58,-0.13,LOW_FITNESS,FAIL,1.0,-0.01,LOW_TURNOVER,PASS,0.01,1.7692,HIGH_TURNOVER,FAIL,0.7,1.7692,CONCENTRATED_WEIGHT,PASS,LOW_SUB_UNIVERSE_SHARPE,PASS,-0.07,0.03,SELF_CORRELATION,PENDING,DATA_DIVERSITY,PENDING,PROD_CORRELATION,PENDING,REGULAR_SUBMISSION,PENDING,LOW_2Y_SHARPE,FAIL,-0.13,1.58,MATCHES_COMPETITION,PENDING,AIACv2,AI Alphas Competition 2.0,PASS,MATCHES_PYRAMID,1,1.5,EUR/D1/NEWS,1.5,WARNING,MATCHES_THEMES,EDrKL34,2.0,JPN Dataset Utilization Theme,M4ZYx3D,2.0,AMR Dataset Utilization Theme,9B3qxZ4,2.0,KOR Dataset Utilization Theme,PBVkEJD,2.0,TWN Dataset Utilization Theme,by88rqy,2.0,HKG Dataset Utilization Theme,V45896D,1.0,GLB/D1 TOPDIV3000 Power Pool Feb`26,,,,,,,,,,,,,
le62Ze92,REGULAR,PS40111,EQUITY,EUR,TOP2500,1,0,INDUSTRY,0.08,ON,VERIFY,OFF,OFF,FASTEXPR,False,2014-01-01,2023-12-31,"ts_returns(vec_avg(nws17_multiple_comp_d1_relevance),3)",,2,2026-02-05T14:47:13-05:00,,2026-02-05T14:47:13-05:00,,False,False,,,ace_tag,llm_test,confidence_0.62,DATA_USAGE:SINGLE_DATA_SET,Single Data Set Alpha,,IS,UNSUBMITTED,-350772,20000000,155,391,1.7116,-0.0034,0.1962,-4e-06,-0.05,-0.0,2014-01-01,1965274.0,20000000.0,325.0,605.0,0.3594,0.019,0.1489,0.000106,0.06,0.28,-346974.0,20000000.0,155.0,391.0,1.7116,-0.0034,0.2171,-4e-06,-0.0,-0.05,LOW_SHARPE,FAIL,1.58,-0.05,LOW_FITNESS,FAIL,1.0,-0.0,LOW_TURNOVER,PASS,0.01,1.7116,HIGH_TURNOVER,FAIL,0.7,1.7116,CONCENTRATED_WEIGHT,FAIL,LOW_SUB_UNIVERSE_SHARPE,PASS,-0.03,0.02,SELF_CORRELATION,PENDING,DATA_DIVERSITY,PENDING,PROD_CORRELATION,PENDING,REGULAR_SUBMISSION,PENDING,LOW_2Y_SHARPE,FAIL,-0.34,1.58,MATCHES_COMPETITION,PENDING,AIACv2,AI Alphas Competition 2.0,PASS,MATCHES_PYRAMID,1,1.5,EUR/D1/NEWS,1.5,WARNING,MATCHES_THEMES,EDrKL34,2.0,JPN Dataset Utilization Theme,M4ZYx3D,2.0,AMR Dataset Utilization Theme,9B3qxZ4,2.0,KOR Dataset Utilization Theme,PBVkEJD,2.0,TWN Dataset Utilization Theme,by88rqy,2.0,HKG Dataset Utilization Theme,V45896D,1.0,GLB/D1 TOPDIV3000 Power Pool Feb`26,,,,,,,,,,,2018-12-28,0.1,0.5
6XP1bXX5,REGULAR,PS40111,EQUITY,EUR,TOP2500,1,0,INDUSTRY,0.08,ON,VERIFY,OFF,OFF,FASTEXPR,False,2014-01-01,2023-12-31,"ts_std_dev(ts_backfill(vec_avg(nws17_comp_d1_ssc),20),20)",,3,2026-02-05T14:46:59-05:00,,2026-02-05T14:46:59-05:00,,False,False,,,ace_tag,llm_test,confidence_0.6,DATA_USAGE:SINGLE_DATA_SET,Single Data Set Alpha,,IS,UNSUBMITTED,-1596497,20000000,777,1039,0.1266,-0.0155,0.1706,-0.000244,-0.49,-0.17,2014-01-01,-886753.0,20000000.0,795.0,1092.0,0.0671,-0.0086,0.0904,-0.000256,-0.07,-0.27,-1279818.0,20000000.0,777.0,1039.0,0.1266,-0.0124,0.1511,-0.000196,-0.19,-0.6,LOW_SHARPE,FAIL,1.58,-0.49,LOW_FITNESS,FAIL,1.0,-0.17,LOW_TURNOVER,PASS,0.01,0.1266,HIGH_TURNOVER,PASS,0.7,0.1266,CONCENTRATED_WEIGHT,PASS,LOW_SUB_UNIVERSE_SHARPE,FAIL,-0.25,-0.27,SELF_CORRELATION,PENDING,DATA_DIVERSITY,PENDING,PROD_CORRELATION,PENDING,REGULAR_SUBMISSION,PENDING,LOW_2Y_SHARPE,FAIL,-0.7,1.58,MATCHES_COMPETITION,PENDING,AIACv2,AI Alphas Competition 2.0,PASS,MATCHES_PYRAMID,1,1.5,EUR/D1/NEWS,1.5,WARNING,MATCHES_THEMES,EDrKL34,2.0,JPN Dataset Utilization Theme,M4ZYx3D,2.0,AMR Dataset Utilization Theme,9B3qxZ4,2.0,KOR Dataset Utilization Theme,PBVkEJD,2.0,TWN Dataset Utilization Theme,by88rqy,2.0,HKG Dataset Utilization Theme,V45896D,1.0,GLB/D1 TOPDIV3000 Power Pool Feb`26,,,,,,,,,,,,,
RRZYLRW0,REGULAR,PS40111,EQUITY,EUR,TOP2500,1,0,INDUSTRY,0.08,ON,VERIFY,OFF,OFF,FASTEXPR,False,2014-01-01,2023-12-31,"multiply(ts_delta(ts_backfill(vec_avg(nws17_comp_d1_acb),5),1), vec_avg(nws17_multiple_comp_d1_relevance))",,5,2026-02-05T14:47:02-05:00,,2026-02-05T14:47:02-05:00,,False,False,,,ace_tag,llm_test,confidence_0.74,DATA_USAGE:SINGLE_DATA_SET,Single Data Set Alpha,,IS,UNSUBMITTED,3148113,20000000,199,200,1.8841,0.0305,0.1634,3.2e-05,0.37,0.05,2014-01-01,-1546704.0,20000000.0,447.0,430.0,0.2644,-0.015,0.3668,-0.000113,-0.04,-0.16,2375399.0,20000000.0,199.0,200.0,1.8841,0.023,0.1508,2.4e-05,0.03,0.31,LOW_SHARPE,FAIL,1.58,0.37,LOW_FITNESS,FAIL,1.0,0.05,LOW_TURNOVER,PASS,0.01,1.8841,HIGH_TURNOVER,FAIL,0.7,1.8841,CONCENTRATED_WEIGHT,FAIL,LOW_SUB_UNIVERSE_SHARPE,PASS,0.19,0.79,SELF_CORRELATION,PENDING,DATA_DIVERSITY,PENDING,PROD_CORRELATION,PENDING,REGULAR_SUBMISSION,PENDING,LOW_2Y_SHARPE,FAIL,-0.17,1.58,MATCHES_COMPETITION,PENDING,AIACv2,AI Alphas Competition 2.0,PASS,MATCHES_PYRAMID,1,1.5,EUR/D1/NEWS,1.5,WARNING,MATCHES_THEMES,EDrKL34,2.0,JPN Dataset Utilization Theme,M4ZYx3D,2.0,AMR Dataset Utilization Theme,9B3qxZ4,2.0,KOR Dataset Utilization Theme,PBVkEJD,2.0,TWN Dataset Utilization Theme,by88rqy,2.0,HKG Dataset Utilization Theme,V45896D,1.0,GLB/D1 TOPDIV3000 Power Pool Feb`26,,,,,,,,,,,2017-01-02,0.1,0.128315
ak2l3krv,REGULAR,PS40111,EQUITY,EUR,TOP2500,1,0,INDUSTRY,0.08,ON,VERIFY,OFF,OFF,FASTEXPR,False,2014-01-01,2023-12-31,"reverse(ts_zscore(vec_avg(nws17_comp_d1_ssc),5))",,3,2026-02-05T14:46:58-05:00,,2026-02-05T14:46:59-05:00,,False,False,,,ace_tag,llm_test,confidence_0.66,DATA_USAGE:SINGLE_DATA_SET,Single Data Set Alpha,,IS,UNSUBMITTED,2157027,20000000,196,181,1.5987,0.0209,0.0825,2.6e-05,0.54,0.06,2014-01-01,1785771.0,20000000.0,351.0,357.0,0.2912,0.0173,0.1032,0.000119,0.09,0.37,1869084.0,20000000.0,196.0,181.0,1.5987,0.0181,0.0681,2.3e-05,0.06,0.53,LOW_SHARPE,FAIL,1.58,0.54,LOW_FITNESS,FAIL,1.0,0.06,LOW_TURNOVER,PASS,0.01,1.5987,HIGH_TURNOVER,FAIL,0.7,1.5987,CONCENTRATED_WEIGHT,PASS,LOW_SUB_UNIVERSE_SHARPE,PASS,0.28,0.31,SELF_CORRELATION,PENDING,DATA_DIVERSITY,PENDING,PROD_CORRELATION,PENDING,REGULAR_SUBMISSION,PENDING,LOW_2Y_SHARPE,FAIL,0.66,1.58,MATCHES_COMPETITION,PENDING,AIACv2,AI Alphas Competition 2.0,PASS,MATCHES_PYRAMID,1,1.5,EUR/D1/NEWS,1.5,WARNING,MATCHES_THEMES,EDrKL34,2.0,JPN Dataset Utilization Theme,M4ZYx3D,2.0,AMR Dataset Utilization Theme,9B3qxZ4,2.0,KOR Dataset Utilization Theme,PBVkEJD,2.0,TWN Dataset Utilization Theme,by88rqy,2.0,HKG Dataset Utilization Theme,V45896D,1.0,GLB/D1 TOPDIV3000 Power Pool Feb`26,,,,,,,,,,,,,
5879V0eo,REGULAR,PS40111,EQUITY,EUR,TOP2500,1,0,INDUSTRY,0.08,ON,VERIFY,OFF,OFF,FASTEXPR,False,2014-01-01,2023-12-31,"ts_ir(ts_backfill(vec_avg(nws17_comp_d1_acb),30),30)",,3,2026-02-05T14:48:34-05:00,,2026-02-05T14:48:34-05:00,,False,False,,,ace_tag,llm_test,confidence_0.72,DATA_USAGE:SINGLE_DATA_SET,Single Data Set Alpha,,IS,UNSUBMITTED,4356931,20000000,349,514,0.4589,0.0422,0.8241,0.000184,0.2,0.06,2014-01-01,-3030134.0,20000000.0,356.0,680.0,0.1075,-0.0294,1.2104,-0.000546,-0.06,-0.12,190965.0,20000000.0,349.0,514.0,0.4589,0.0019,0.8477,8e-06,0.0,0.01,LOW_SHARPE,FAIL,1.58,0.2,LOW_FITNESS,FAIL,1.0,0.06,LOW_TURNOVER,PASS,0.01,0.4589,HIGH_TURNOVER,PASS,0.7,0.4589,CONCENTRATED_WEIGHT,FAIL,LOW_SUB_UNIVERSE_SHARPE,PASS,0.1,0.32,SELF_CORRELATION,PENDING,DATA_DIVERSITY,PENDING,PROD_CORRELATION,PENDING,REGULAR_SUBMISSION,PENDING,LOW_2Y_SHARPE,FAIL,-0.59,1.58,MATCHES_COMPETITION,PENDING,AIACv2,AI Alphas Competition 2.0,PASS,MATCHES_PYRAMID,1,1.5,EUR/D1/NEWS,1.5,WARNING,MATCHES_THEMES,EDrKL34,2.0,JPN Dataset Utilization Theme,M4ZYx3D,2.0,AMR Dataset Utilization Theme,9B3qxZ4,2.0,KOR Dataset Utilization Theme,PBVkEJD,2.0,TWN Dataset Utilization Theme,by88rqy,2.0,HKG Dataset Utilization Theme,V45896D,1.0,GLB/D1 TOPDIV3000 Power Pool Feb`26,,,,,,,,,,,2019-10-21,0.1,0.499968
KPY6Rjj1,REGULAR,PS40111,EQUITY,EUR,TOP2500,1,0,INDUSTRY,0.08,ON,VERIFY,OFF,OFF,FASTEXPR,False,2014-01-01,2023-12-31,"subtract(ts_backfill(vec_avg(nws17_comp_d1_acb),5), vec_avg(nws17_comp_d1_ssc))",,4,2026-02-05T14:48:41-05:00,,2026-02-05T14:48:41-05:00,,False,False,,,ace_tag,llm_test,confidence_0.65,DATA_USAGE:SINGLE_DATA_SET,Single Data Set Alpha,,IS,UNSUBMITTED,402102,20000000,187,339,1.7067,0.0039,0.1773,5e-06,0.07,0.0,2014-01-01,-56932.0,20000000.0,367.0,726.0,0.2593,-0.0006,0.237,-4e-06,-0.0,-0.01,-1321996.0,20000000.0,187.0,339.0,1.7067,-0.0128,0.19,-1.5e-05,-0.02,-0.26,LOW_SHARPE,FAIL,1.58,0.07,LOW_FITNESS,FAIL,1.0,0.0,LOW_TURNOVER,PASS,0.01,1.7067,HIGH_TURNOVER,FAIL,0.7,1.7067,CONCENTRATED_WEIGHT,PASS,LOW_SUB_UNIVERSE_SHARPE,PASS,0.04,0.16,SELF_CORRELATION,PENDING,DATA_DIVERSITY,PENDING,PROD_CORRELATION,PENDING,REGULAR_SUBMISSION,PENDING,LOW_2Y_SHARPE,FAIL,-1.12,1.58,MATCHES_COMPETITION,PENDING,AIACv2,AI Alphas Competition 2.0,PASS,MATCHES_PYRAMID,1,1.5,EUR/D1/NEWS,1.5,WARNING,MATCHES_THEMES,EDrKL34,2.0,JPN Dataset Utilization Theme,M4ZYx3D,2.0,AMR Dataset Utilization Theme,9B3qxZ4,2.0,KOR Dataset Utilization Theme,PBVkEJD,2.0,TWN Dataset Utilization Theme,by88rqy,2.0,HKG Dataset Utilization Theme,V45896D,1.0,GLB/D1 TOPDIV3000 Power Pool Feb`26,,,,,,,,,,,,,
vRn9V35Q,REGULAR,PS40111,EQUITY,EUR,TOP2500,1,0,INDUSTRY,0.08,ON,VERIFY,OFF,OFF,FASTEXPR,False,2014-01-01,2023-12-31,"ts_zscore(ts_backfill(vec_avg(nws17_multiple_comp_d1_event_text),5),5)",,3,2026-02-05T14:48:45-05:00,,2026-02-05T14:48:46-05:00,,False,False,,,ace_tag,llm_test,confidence_0.5,DATA_USAGE:SINGLE_DATA_SET,Single Data Set Alpha,,IS,UNSUBMITTED,1135356,20000000,0,0,0.0737,0.0142,0.1378,0.000385,0.28,0.09,2014-01-01,-6412896.0,20000000.0,11.0,13.0,0.0399,-0.0765,0.7071,-0.00383,-0.51,-0.65,1154229.0,20000000.0,0.0,0.0,0.0737,0.0144,0.1039,0.000391,0.11,0.32,LOW_SHARPE,FAIL,1.58,0.28,LOW_FITNESS,FAIL,1.0,0.09,LOW_TURNOVER,PASS,0.01,0.0737,HIGH_TURNOVER,PASS,0.7,0.0737,CONCENTRATED_WEIGHT,FAIL,LOW_SUB_UNIVERSE_SHARPE,FAIL,0.15,0.08,SELF_CORRELATION,PENDING,DATA_DIVERSITY,PENDING,PROD_CORRELATION,PENDING,REGULAR_SUBMISSION,PENDING,LOW_2Y_SHARPE,FAIL,1.43,1.58,MATCHES_COMPETITION,PENDING,AIACv2,AI Alphas Competition 2.0,PASS,MATCHES_PYRAMID,1,1.5,EUR/D1/NEWS,1.5,WARNING,MATCHES_THEMES,EDrKL34,2.0,JPN Dataset Utilization Theme,M4ZYx3D,2.0,AMR Dataset Utilization Theme,9B3qxZ4,2.0,KOR Dataset Utilization Theme,PBVkEJD,2.0,TWN Dataset Utilization Theme,by88rqy,2.0,HKG Dataset Utilization Theme,V45896D,1.0,GLB/D1 TOPDIV3000 Power Pool Feb`26,,,,,,,,,,,2015-05-11,0.1,0.5
e78KJwOz,REGULAR,PS40111,EQUITY,EUR,TOP2500,1,0,INDUSTRY,0.08,ON,VERIFY,OFF,OFF,FASTEXPR,False,2014-01-01,2023-12-31,"multiply(vec_avg(nws17_comp_d1_ssc), if_else(greater(vec_avg(nws17_multiple_comp_d1_relevance),50),1,0))",,5,2026-02-05T14:48:28-05:00,,2026-02-05T14:48:29-05:00,,False,False,,,ace_tag,llm_test,confidence_0.64,DATA_USAGE:SINGLE_DATA_SET,Single Data Set Alpha,,IS,UNSUBMITTED,-67878,20000000,140,332,1.6971,-0.0007,0.2506,-1e-06,-0.01,-0.0,2014-01-01,1340207.0,20000000.0,445.0,645.0,0.2432,0.013,0.1522,0.000107,0.05,0.2,-1108753.0,20000000.0,140.0,332.0,1.6971,-0.0107,0.1976,-1.3e-05,-0.02,-0.2,LOW_SHARPE,FAIL,1.58,-0.01,LOW_FITNESS,FAIL,1.0,-0.0,LOW_TURNOVER,PASS,0.01,1.6971,HIGH_TURNOVER,FAIL,0.7,1.6971,CONCENTRATED_WEIGHT,PASS,LOW_SUB_UNIVERSE_SHARPE,PASS,-0.01,0.01,SELF_CORRELATION,PENDING,DATA_DIVERSITY,PENDING,PROD_CORRELATION,PENDING,REGULAR_SUBMISSION,PENDING,LOW_2Y_SHARPE,FAIL,-1.45,1.58,MATCHES_COMPETITION,PENDING,AIACv2,AI Alphas Competition 2.0,PASS,MATCHES_PYRAMID,1,1.5,EUR/D1/NEWS,1.5,WARNING,MATCHES_THEMES,EDrKL34,2.0,JPN Dataset Utilization Theme,M4ZYx3D,2.0,AMR Dataset Utilization Theme,9B3qxZ4,2.0,KOR Dataset Utilization Theme,PBVkEJD,2.0,TWN Dataset Utilization Theme,by88rqy,2.0,HKG Dataset Utilization Theme,V45896D,1.0,GLB/D1 TOPDIV3000 Power Pool Feb`26,,,,,,,,,,,,,
npkobRvl,REGULAR,PS40111,EQUITY,EUR,TOP2500,1,0,INDUSTRY,0.08,ON,VERIFY,OFF,OFF,FASTEXPR,False,2014-01-01,2023-12-31,"ts_arg_max(ts_backfill(vec_avg(nws17_comp_d1_acb),7),7)",,3,2026-02-05T14:48:32-05:00,,2026-02-05T14:48:32-05:00,,False,False,,,ace_tag,llm_test,confidence_0.67,DATA_USAGE:SINGLE_DATA_SET,Single Data Set Alpha,,IS,UNSUBMITTED,-1392370,20000000,1084,440,0.517,-0.0135,0.1579,-5.2e-05,-0.52,-0.08,2014-01-01,-57823.0,20000000.0,1075.0,659.0,0.1621,-0.0006,0.1173,-7e-06,-0.0,-0.02,-787581.0,20000000.0,1084.0,440.0,0.517,-0.0076,0.0958,-3e-05,-0.05,-0.39,LOW_SHARPE,FAIL,1.58,-0.52,LOW_FITNESS,FAIL,1.0,-0.08,LOW_TURNOVER,PASS,0.01,0.517,HIGH_TURNOVER,PASS,0.7,0.517,CONCENTRATED_WEIGHT,PASS,LOW_SUB_UNIVERSE_SHARPE,PASS,-0.27,0.15,SELF_CORRELATION,PENDING,DATA_DIVERSITY,PENDING,PROD_CORRELATION,PENDING,REGULAR_SUBMISSION,PENDING,LOW_2Y_SHARPE,FAIL,-1.87,1.58,MATCHES_COMPETITION,PENDING,AIACv2,AI Alphas Competition 2.0,PASS,MATCHES_PYRAMID,1,1.5,EUR/D1/NEWS,1.5,WARNING,MATCHES_THEMES,EDrKL34,2.0,JPN Dataset Utilization Theme,M4ZYx3D,2.0,AMR Dataset Utilization Theme,9B3qxZ4,2.0,KOR Dataset Utilization Theme,PBVkEJD,2.0,TWN Dataset Utilization Theme,by88rqy,2.0,HKG Dataset Utilization Theme,V45896D,1.0,GLB/D1 TOPDIV3000 Power Pool Feb`26,,,,,,,,,,,,,
2rqRkbnN,REGULAR,PS40111,EQUITY,EUR,TOP2500,1,0,INDUSTRY,0.08,ON,VERIFY,OFF,OFF,FASTEXPR,False,2014-01-01,2023-12-31,"ts_arg_min(vec_avg(nws17_comp_d1_ssc),10)",,2,2026-02-05T14:48:44-05:00,,2026-02-05T14:48:45-05:00,,False,False,,,ace_tag,llm_test,confidence_0.63,DATA_USAGE:SINGLE_DATA_SET,Single Data Set Alpha,,IS,UNSUBMITTED,-1022291,20000000,765,675,0.6435,-0.0099,0.1168,-3.1e-05,-0.47,-0.06,2014-01-01,381187.0,20000000.0,763.0,914.0,0.1867,0.0037,0.0681,4e-05,0.02,0.14,-813478.0,20000000.0,765.0,675.0,0.6435,-0.0079,0.1065,-2.5e-05,-0.05,-0.42,LOW_SHARPE,FAIL,1.58,-0.47,LOW_FITNESS,FAIL,1.0,-0.06,LOW_TURNOVER,PASS,0.01,0.6435,HIGH_TURNOVER,PASS,0.7,0.6435,CONCENTRATED_WEIGHT,PASS,LOW_SUB_UNIVERSE_SHARPE,PASS,-0.24,0.0,SELF_CORRELATION,PENDING,DATA_DIVERSITY,PENDING,PROD_CORRELATION,PENDING,REGULAR_SUBMISSION,PENDING,LOW_2Y_SHARPE,FAIL,-0.42,1.58,MATCHES_COMPETITION,PENDING,AIACv2,AI Alphas Competition 2.0,PASS,MATCHES_PYRAMID,1,1.5,EUR/D1/NEWS,1.5,WARNING,MATCHES_THEMES,EDrKL34,2.0,JPN Dataset Utilization Theme,M4ZYx3D,2.0,AMR Dataset Utilization Theme,9B3qxZ4,2.0,KOR Dataset Utilization Theme,PBVkEJD,2.0,TWN Dataset Utilization Theme,by88rqy,2.0,HKG Dataset Utilization Theme,V45896D,1.0,GLB/D1 TOPDIV3000 Power Pool Feb`26,,,,,,,,,,,,,
P0r6EaKw,REGULAR,PS40111,EQUITY,EUR,TOP2500,1,0,INDUSTRY,0.08,ON,VERIFY,OFF,OFF,FASTEXPR,False,2014-01-01,2023-12-31,"ts_zscore(vec_avg(nws17_multiple_comp_d1_relevance),5)",,2,2026-02-05T14:48:34-05:00,,2026-02-05T14:48:35-05:00,,False,False,,,ace_tag,llm_test,confidence_0.6,DATA_USAGE:SINGLE_DATA_SET,Single Data Set Alpha,,IS,UNSUBMITTED,163051,20000000,340,394,1.556,0.0016,0.0951,2e-06,0.05,0.0,2014-01-01,16610.0,20000000.0,564.0,558.0,0.3961,0.0002,0.0957,1e-06,0.0,0.0,-517794.0,20000000.0,340.0,394.0,1.556,-0.005,0.1048,-6e-06,-0.01,-0.17,LOW_SHARPE,FAIL,1.58,0.05,LOW_FITNESS,FAIL,1.0,0.0,LOW_TURNOVER,PASS,0.01,1.556,HIGH_TURNOVER,FAIL,0.7,1.556,CONCENTRATED_WEIGHT,PASS,LOW_SUB_UNIVERSE_SHARPE,FAIL,0.03,-0.05,SELF_CORRELATION,PENDING,DATA_DIVERSITY,PENDING,PROD_CORRELATION,PENDING,REGULAR_SUBMISSION,PENDING,LOW_2Y_SHARPE,FAIL,-0.31,1.58,MATCHES_COMPETITION,PENDING,AIACv2,AI Alphas Competition 2.0,PASS,MATCHES_PYRAMID,1,1.5,EUR/D1/NEWS,1.5,WARNING,MATCHES_THEMES,EDrKL34,2.0,JPN Dataset Utilization Theme,M4ZYx3D,2.0,AMR Dataset Utilization Theme,9B3qxZ4,2.0,KOR Dataset Utilization Theme,PBVkEJD,2.0,TWN Dataset Utilization Theme,by88rqy,2.0,HKG Dataset Utilization Theme,V45896D,1.0,GLB/D1 TOPDIV3000 Power Pool Feb`26,,,,,,,,,,,,,
3qYxWZeP,REGULAR,PS40111,EQUITY,EUR,TOP2500,1,0,INDUSTRY,0.08,ON,VERIFY,OFF,OFF,FASTEXPR,False,2014-01-01,2023-12-31,"multiply(vec_avg(nws17_comp_d1_ssc), sign(ts_backfill(vec_avg(nws17_comp_d1_acb),3)))",,5,2026-02-05T14:48:47-05:00,,2026-02-05T14:48:47-05:00,,False,False,,,ace_tag,llm_test,confidence_0.71,DATA_USAGE:SINGLE_DATA_SET,Single Data Set Alpha,,IS,UNSUBMITTED,-1441318,20000000,86,331,1.6214,-0.014,0.2091,-1.7e-05,-0.23,-0.02,2014-01-01,-1081878.0,20000000.0,329.0,758.0,0.2548,-0.0105,0.1866,-8.2e-05,-0.03,-0.17,-2178485.0,20000000.0,86.0,331.0,1.6214,-0.0211,0.2521,-2.6e-05,-0.05,-0.43,LOW_SHARPE,FAIL,1.58,-0.23,LOW_FITNESS,FAIL,1.0,-0.02,LOW_TURNOVER,PASS,0.01,1.6214,HIGH_TURNOVER,FAIL,0.7,1.6214,CONCENTRATED_WEIGHT,PASS,LOW_SUB_UNIVERSE_SHARPE,PASS,-0.12,-0.07,SELF_CORRELATION,PENDING,DATA_DIVERSITY,PENDING,PROD_CORRELATION,PENDING,REGULAR_SUBMISSION,PENDING,LOW_2Y_SHARPE,FAIL,-0.52,1.58,MATCHES_COMPETITION,PENDING,AIACv2,AI Alphas Competition 2.0,PASS,MATCHES_PYRAMID,1,1.5,EUR/D1/NEWS,1.5,WARNING,MATCHES_THEMES,EDrKL34,2.0,JPN Dataset Utilization Theme,M4ZYx3D,2.0,AMR Dataset Utilization Theme,9B3qxZ4,2.0,KOR Dataset Utilization Theme,PBVkEJD,2.0,TWN Dataset Utilization Theme,by88rqy,2.0,HKG Dataset Utilization Theme,V45896D,1.0,GLB/D1 TOPDIV3000 Power Pool Feb`26,,,,,,,,,,,,,
KPY6Rx01,REGULAR,PS40111,EQUITY,EUR,TOP2500,1,0,INDUSTRY,0.08,ON,VERIFY,OFF,OFF,FASTEXPR,False,2014-01-01,2023-12-31,"multiply(ts_zscore(vec_avg(nws17_comp_d1_ssc),3), divide(vec_avg(nws17_multiple_comp_d1_relevance),100))",,5,2026-02-05T14:50:03-05:00,,2026-02-05T14:50:04-05:00,,False,False,,,ace_tag,llm_test,confidence_0.68,DATA_USAGE:SINGLE_DATA_SET,Single Data Set Alpha,,IS,UNSUBMITTED,-1034208,20000000,158,147,1.6728,-0.01,0.2521,-1.2e-05,-0.19,-0.01,2014-01-01,2193928.0,20000000.0,328.0,282.0,0.2708,0.0213,0.1728,0.000157,0.09,0.33,-1492293.0,20000000.0,158.0,147.0,1.6728,-0.0145,0.2614,-1.7e-05,-0.03,-0.32,LOW_SHARPE,FAIL,1.58,-0.19,LOW_FITNESS,FAIL,1.0,-0.01,LOW_TURNOVER,PASS,0.01,1.6728,HIGH_TURNOVER,FAIL,0.7,1.6728,CONCENTRATED_WEIGHT,PASS,LOW_SUB_UNIVERSE_SHARPE,FAIL,-0.1,-0.24,SELF_CORRELATION,PENDING,DATA_DIVERSITY,PENDING,PROD_CORRELATION,PENDING,REGULAR_SUBMISSION,PENDING,LOW_2Y_SHARPE,FAIL,-0.62,1.58,MATCHES_COMPETITION,PENDING,AIACv2,AI Alphas Competition 2.0,PASS,MATCHES_PYRAMID,1,1.5,EUR/D1/NEWS,1.5,WARNING,MATCHES_THEMES,EDrKL34,2.0,JPN Dataset Utilization Theme,M4ZYx3D,2.0,AMR Dataset Utilization Theme,9B3qxZ4,2.0,KOR Dataset Utilization Theme,PBVkEJD,2.0,TWN Dataset Utilization Theme,by88rqy,2.0,HKG Dataset Utilization Theme,V45896D,1.0,GLB/D1 TOPDIV3000 Power Pool Feb`26,,,,,,,,,,,,,
kqkX5eo8,REGULAR,PS40111,EQUITY,EUR,TOP2500,1,0,INDUSTRY,0.08,ON,VERIFY,OFF,OFF,FASTEXPR,False,2014-01-01,2023-12-31,"subtract(ts_mean(ts_backfill(vec_avg(nws17_comp_d1_acb),30),7), ts_mean(ts_backfill(vec_avg(nws17_comp_d1_acb),30),30))",,7,2026-02-05T14:50:16-05:00,,2026-02-05T14:50:16-05:00,,False,False,,,ace_tag,llm_test,confidence_0.7,DATA_USAGE:SINGLE_DATA_SET,Single Data Set Alpha,,IS,UNSUBMITTED,-466754,20000000,851,957,0.2289,-0.0045,0.1461,-4e-05,-0.14,-0.02,2014-01-01,383691.0,20000000.0,902.0,965.0,0.1068,0.0037,0.0868,7e-05,0.02,0.11,-308154.0,20000000.0,851.0,957.0,0.2289,-0.003,0.1184,-2.6e-05,-0.01,-0.11,LOW_SHARPE,FAIL,1.58,-0.14,LOW_FITNESS,FAIL,1.0,-0.02,LOW_TURNOVER,PASS,0.01,0.2289,HIGH_TURNOVER,PASS,0.7,0.2289,CONCENTRATED_WEIGHT,PASS,LOW_SUB_UNIVERSE_SHARPE,FAIL,-0.07,-0.16,SELF_CORRELATION,PENDING,DATA_DIVERSITY,PENDING,PROD_CORRELATION,PENDING,REGULAR_SUBMISSION,PENDING,LOW_2Y_SHARPE,FAIL,0.95,1.58,MATCHES_COMPETITION,PENDING,AIACv2,AI Alphas Competition 2.0,PASS,MATCHES_PYRAMID,1,1.5,EUR/D1/NEWS,1.5,WARNING,MATCHES_THEMES,EDrKL34,2.0,JPN Dataset Utilization Theme,M4ZYx3D,2.0,AMR Dataset Utilization Theme,9B3qxZ4,2.0,KOR Dataset Utilization Theme,PBVkEJD,2.0,TWN Dataset Utilization Theme,by88rqy,2.0,HKG Dataset Utilization Theme,V45896D,1.0,GLB/D1 TOPDIV3000 Power Pool Feb`26,,,,,,,,,,,,,
QPrjdmXM,REGULAR,PS40111,EQUITY,EUR,TOP2500,1,0,INDUSTRY,0.08,ON,VERIFY,OFF,OFF,FASTEXPR,False,2014-01-01,2023-12-31,"multiply(vec_avg(nws17_comp_d1_ssc), vec_avg(nws17_multiple_comp_d1_event_text))",,3,2026-02-05T14:50:04-05:00,,2026-02-05T14:50:05-05:00,,False,False,,,ace_tag,llm_test,confidence_0.55,DATA_USAGE:SINGLE_DATA_SET,Single Data Set Alpha,,IS,UNSUBMITTED,707748,20000000,234,292,1.6257,0.0069,0.0746,8e-06,0.15,0.01,2014-01-01,843531.0,20000000.0,532.0,534.0,0.2552,0.0082,0.1607,6.4e-05,0.03,0.16,-193320.0,20000000.0,234.0,292.0,1.6257,-0.0019,0.0823,-2e-06,-0.0,-0.05,LOW_SHARPE,FAIL,1.58,0.15,LOW_FITNESS,FAIL,1.0,0.01,LOW_TURNOVER,PASS,0.01,1.6257,HIGH_TURNOVER,FAIL,0.7,1.6257,CONCENTRATED_WEIGHT,PASS,LOW_SUB_UNIVERSE_SHARPE,PASS,0.08,0.45,SELF_CORRELATION,PENDING,DATA_DIVERSITY,PENDING,PROD_CORRELATION,PENDING,REGULAR_SUBMISSION,PENDING,LOW_2Y_SHARPE,FAIL,0.18,1.58,MATCHES_COMPETITION,PENDING,AIACv2,AI Alphas Competition 2.0,PASS,MATCHES_PYRAMID,1,1.5,EUR/D1/NEWS,1.5,WARNING,MATCHES_THEMES,EDrKL34,2.0,JPN Dataset Utilization Theme,M4ZYx3D,2.0,AMR Dataset Utilization Theme,9B3qxZ4,2.0,KOR Dataset Utilization Theme,PBVkEJD,2.0,TWN Dataset Utilization Theme,by88rqy,2.0,HKG Dataset Utilization Theme,V45896D,1.0,GLB/D1 TOPDIV3000 Power Pool Feb`26,,,,,,,,,,,,,
3qYxWgJ0,REGULAR,PS40111,EQUITY,EUR,TOP2500,1,0,INDUSTRY,0.08,ON,VERIFY,OFF,OFF,FASTEXPR,False,2014-01-01,2023-12-31,"subtract(ts_backfill(vec_avg(nws17_comp_d1_acb),7), ts_backfill(vec_avg(nws17_comp_d1_bee),7))",,5,2026-02-05T14:50:20-05:00,,2026-02-05T14:50:21-05:00,,False,False,,,ace_tag,llm_test,confidence_0.58,DATA_USAGE:SINGLE_DATA_SET,Single Data Set Alpha,,IS,UNSUBMITTED,-597381,20000000,560,635,0.7409,-0.0058,0.1682,-1.6e-05,-0.14,-0.01,2014-01-01,-670484.0,20000000.0,716.0,854.0,0.1815,-0.0065,0.2465,-7.2e-05,-0.03,-0.14,-387002.0,20000000.0,560.0,635.0,0.7409,-0.0038,0.1374,-1e-05,-0.01,-0.11,LOW_SHARPE,FAIL,1.58,-0.14,LOW_FITNESS,FAIL,1.0,-0.01,LOW_TURNOVER,PASS,0.01,0.7409,HIGH_TURNOVER,FAIL,0.7,0.7409,CONCENTRATED_WEIGHT,PASS,LOW_SUB_UNIVERSE_SHARPE,FAIL,-0.07,-0.4,SELF_CORRELATION,PENDING,DATA_DIVERSITY,PENDING,PROD_CORRELATION,PENDING,REGULAR_SUBMISSION,PENDING,LOW_2Y_SHARPE,FAIL,-0.86,1.58,MATCHES_COMPETITION,PENDING,AIACv2,AI Alphas Competition 2.0,PASS,MATCHES_PYRAMID,1,1.5,EUR/D1/NEWS,1.5,WARNING,MATCHES_THEMES,EDrKL34,2.0,JPN Dataset Utilization Theme,M4ZYx3D,2.0,AMR Dataset Utilization Theme,9B3qxZ4,2.0,KOR Dataset Utilization Theme,PBVkEJD,2.0,TWN Dataset Utilization Theme,by88rqy,2.0,HKG Dataset Utilization Theme,V45896D,1.0,GLB/D1 TOPDIV3000 Power Pool Feb`26,,,,,,,,,,,,,
pwJEg096,REGULAR,PS40111,EQUITY,EUR,TOP2500,1,0,INDUSTRY,0.08,ON,VERIFY,OFF,OFF,FASTEXPR,False,2014-01-01,2023-12-31,"ts_quantile(vec_avg(nws17_comp_d1_ssc),5)",,2,2026-02-05T14:50:01-05:00,,2026-02-05T14:50:02-05:00,,False,False,,,ace_tag,llm_test,confidence_0.65,DATA_USAGE:SINGLE_DATA_SET,Single Data Set Alpha,,IS,UNSUBMITTED,-1734961,20000000,157,165,1.5252,-0.0168,0.2133,-2.2e-05,-0.42,-0.04,2014-01-01,-1475679.0,20000000.0,271.0,277.0,0.2928,-0.0143,0.2257,-9.8e-05,-0.06,-0.29,-1881034.0,20000000.0,157.0,165.0,1.5252,-0.0182,0.2538,-2.4e-05,-0.06,-0.51,LOW_SHARPE,FAIL,1.58,-0.42,LOW_FITNESS,FAIL,1.0,-0.04,LOW_TURNOVER,PASS,0.01,1.5252,HIGH_TURNOVER,FAIL,0.7,1.5252,CONCENTRATED_WEIGHT,PASS,LOW_SUB_UNIVERSE_SHARPE,FAIL,-0.22,-0.34,SELF_CORRELATION,PENDING,DATA_DIVERSITY,PENDING,PROD_CORRELATION,PENDING,REGULAR_SUBMISSION,PENDING,LOW_2Y_SHARPE,FAIL,-0.34,1.58,MATCHES_COMPETITION,PENDING,AIACv2,AI Alphas Competition 2.0,PASS,MATCHES_PYRAMID,1,1.5,EUR/D1/NEWS,1.5,WARNING,MATCHES_THEMES,EDrKL34,2.0,JPN Dataset Utilization Theme,M4ZYx3D,2.0,AMR Dataset Utilization Theme,9B3qxZ4,2.0,KOR Dataset Utilization Theme,PBVkEJD,2.0,TWN Dataset Utilization Theme,by88rqy,2.0,HKG Dataset Utilization Theme,V45896D,1.0,GLB/D1 TOPDIV3000 Power Pool Feb`26,,,,,,,,,,,,,
78qQVqJQ,REGULAR,PS40111,EQUITY,EUR,TOP2500,1,0,INDUSTRY,0.08,ON,VERIFY,OFF,OFF,FASTEXPR,False,2014-01-01,2023-12-31,"divide(ts_delta(ts_backfill(vec_avg(nws17_comp_d1_acb),7),1), ts_std_dev(ts_backfill(vec_avg(nws17_comp_d1_acb),7),7))",,7,2026-02-05T14:50:33-05:00,,2026-02-05T14:50:33-05:00,,False,False,,,ace_tag,llm_test,confidence_0.7,DATA_USAGE:SINGLE_DATA_SET,Single Data Set Alpha,,IS,UNSUBMITTED,15561,20000000,159,159,1.7836,0.0002,0.2265,0.0,0.0,0.0,2014-01-01,1200707.0,20000000.0,264.0,290.0,0.2945,0.0116,0.1586,7.9e-05,0.04,0.2,-176400.0,20000000.0,159.0,159.0,1.7836,-0.0017,0.1693,-2e-06,-0.0,-0.04,LOW_SHARPE,FAIL,1.58,0.0,LOW_FITNESS,FAIL,1.0,0.0,LOW_TURNOVER,PASS,0.01,1.7836,HIGH_TURNOVER,FAIL,0.7,1.7836,CONCENTRATED_WEIGHT,PASS,LOW_SUB_UNIVERSE_SHARPE,PASS,0.0,0.11,SELF_CORRELATION,PENDING,DATA_DIVERSITY,PENDING,PROD_CORRELATION,PENDING,REGULAR_SUBMISSION,PENDING,LOW_2Y_SHARPE,FAIL,-1.19,1.58,MATCHES_COMPETITION,PENDING,AIACv2,AI Alphas Competition 2.0,PASS,MATCHES_PYRAMID,1,1.5,EUR/D1/NEWS,1.5,WARNING,MATCHES_THEMES,EDrKL34,2.0,JPN Dataset Utilization Theme,M4ZYx3D,2.0,AMR Dataset Utilization Theme,9B3qxZ4,2.0,KOR Dataset Utilization Theme,PBVkEJD,2.0,TWN Dataset Utilization Theme,by88rqy,2.0,HKG Dataset Utilization Theme,V45896D,1.0,GLB/D1 TOPDIV3000 Power Pool Feb`26,,,,,,,,,,,,,
wpw1VXk5,REGULAR,PS40111,EQUITY,EUR,TOP2500,1,0,INDUSTRY,0.08,ON,VERIFY,OFF,OFF,FASTEXPR,False,2014-01-01,2023-12-31,vec_range(nws17_comp_d1_ssc),,1,2026-02-05T14:50:22-05:00,,2026-02-05T14:50:22-05:00,,False,False,,,ace_tag,llm_test,confidence_0.56,DATA_USAGE:SINGLE_DATA_SET,Single Data Set Alpha,,IS,UNSUBMITTED,2403180,20000000,163,338,1.3447,0.0233,0.179,3.5e-05,0.38,0.05,2014-01-01,1975609.0,20000000.0,333.0,745.0,0.2454,0.0191,0.1682,0.000156,0.08,0.27,341068.0,20000000.0,163.0,338.0,1.3447,0.0033,0.1907,5e-06,0.0,0.08,LOW_SHARPE,FAIL,1.58,0.38,LOW_FITNESS,FAIL,1.0,0.05,LOW_TURNOVER,PASS,0.01,1.3447,HIGH_TURNOVER,FAIL,0.7,1.3447,CONCENTRATED_WEIGHT,PASS,LOW_SUB_UNIVERSE_SHARPE,FAIL,0.2,0.11,SELF_CORRELATION,PENDING,DATA_DIVERSITY,PENDING,PROD_CORRELATION,PENDING,REGULAR_SUBMISSION,PENDING,LOW_2Y_SHARPE,FAIL,0.58,1.58,MATCHES_COMPETITION,PENDING,AIACv2,AI Alphas Competition 2.0,PASS,MATCHES_PYRAMID,1,1.5,EUR/D1/NEWS,1.5,WARNING,MATCHES_THEMES,EDrKL34,2.0,JPN Dataset Utilization Theme,M4ZYx3D,2.0,AMR Dataset Utilization Theme,9B3qxZ4,2.0,KOR Dataset Utilization Theme,PBVkEJD,2.0,TWN Dataset Utilization Theme,by88rqy,2.0,HKG Dataset Utilization Theme,V45896D,1.0,GLB/D1 TOPDIV3000 Power Pool Feb`26,,,,,,,,,,,,,
pwJEgJ7X,REGULAR,PS40111,EQUITY,EUR,TOP2500,1,0,INDUSTRY,0.08,ON,VERIFY,OFF,OFF,FASTEXPR,False,2014-01-01,2023-12-31,"multiply(vec_avg(nws17_multiple_comp_d1_event_text), vec_avg(nws17_multiple_comp_d1_relevance))",,3,2026-02-05T14:50:33-05:00,,2026-02-05T14:50:34-05:00,,False,False,,,ace_tag,llm_test,confidence_0.6,DATA_USAGE:SINGLE_DATA_SET,Single Data Set Alpha,,IS,UNSUBMITTED,-318040,20000000,378,517,1.4074,-0.0031,0.1518,-4e-06,-0.08,-0.0,2014-01-01,-798549.0,20000000.0,764.0,732.0,0.3072,-0.0077,0.1842,-5e-05,-0.03,-0.18,485843.0,20000000.0,378.0,517.0,1.4074,0.0047,0.0943,7e-06,0.01,0.17,LOW_SHARPE,FAIL,1.58,-0.08,LOW_FITNESS,FAIL,1.0,-0.0,LOW_TURNOVER,PASS,0.01,1.4074,HIGH_TURNOVER,FAIL,0.7,1.4074,CONCENTRATED_WEIGHT,PASS,LOW_SUB_UNIVERSE_SHARPE,FAIL,-0.04,-0.06,SELF_CORRELATION,PENDING,DATA_DIVERSITY,PENDING,PROD_CORRELATION,PENDING,REGULAR_SUBMISSION,PENDING,LOW_2Y_SHARPE,FAIL,-0.77,1.58,MATCHES_COMPETITION,PENDING,AIACv2,AI Alphas Competition 2.0,PASS,MATCHES_PYRAMID,1,1.5,EUR/D1/NEWS,1.5,WARNING,MATCHES_THEMES,EDrKL34,2.0,JPN Dataset Utilization Theme,M4ZYx3D,2.0,AMR Dataset Utilization Theme,9B3qxZ4,2.0,KOR Dataset Utilization Theme,PBVkEJD,2.0,TWN Dataset Utilization Theme,by88rqy,2.0,HKG Dataset Utilization Theme,V45896D,1.0,GLB/D1 TOPDIV3000 Power Pool Feb`26,,,,,,,,,,,,,
zqwjzPVR,REGULAR,PS40111,EQUITY,EUR,TOP2500,1,0,INDUSTRY,0.08,ON,VERIFY,OFF,OFF,FASTEXPR,False,2014-01-01,2023-12-31,"add(sign(ts_backfill(vec_avg(nws17_comp_d1_acb),3)), sign(ts_backfill(vec_avg(nws17_comp_d1_bee),3)))",,7,2026-02-05T14:52:24-05:00,,2026-02-05T14:52:24-05:00,,False,False,,,ace_tag,llm_test,confidence_0.61,DATA_USAGE:SINGLE_DATA_SET,Single Data Set Alpha,,IS,UNSUBMITTED,793758,20000000,197,652,0.8989,0.0077,0.1783,1.7e-05,0.21,0.02,2014-01-01,987940.0,20000000.0,506.0,838.0,0.2112,0.0096,0.1524,9.1e-05,0.04,0.21,-1206046.0,20000000.0,197.0,652.0,0.8989,-0.0117,0.2165,-2.6e-05,-0.05,-0.44,LOW_SHARPE,FAIL,1.58,0.21,LOW_FITNESS,FAIL,1.0,0.02,LOW_TURNOVER,PASS,0.01,0.8989,HIGH_TURNOVER,FAIL,0.7,0.8989,CONCENTRATED_WEIGHT,PASS,LOW_SUB_UNIVERSE_SHARPE,FAIL,0.11,-0.16,SELF_CORRELATION,PENDING,DATA_DIVERSITY,PENDING,PROD_CORRELATION,PENDING,REGULAR_SUBMISSION,PENDING,LOW_2Y_SHARPE,FAIL,1.38,1.58,MATCHES_COMPETITION,PENDING,AIACv2,AI Alphas Competition 2.0,PASS,MATCHES_PYRAMID,1,1.5,EUR/D1/NEWS,1.5,WARNING,MATCHES_THEMES,EDrKL34,2.0,JPN Dataset Utilization Theme,M4ZYx3D,2.0,AMR Dataset Utilization Theme,9B3qxZ4,2.0,KOR Dataset Utilization Theme,PBVkEJD,2.0,TWN Dataset Utilization Theme,by88rqy,2.0,HKG Dataset Utilization Theme,V45896D,1.0,GLB/D1 TOPDIV3000 Power Pool Feb`26,,,,,,,,,,,,,
Gr06v3GZ,REGULAR,PS40111,EQUITY,EUR,TOP2500,1,0,INDUSTRY,0.08,ON,VERIFY,OFF,OFF,FASTEXPR,False,2014-01-01,2023-12-31,"ts_rank(vec_avg(nws17_comp_d1_ssc),20)",,2,2026-02-05T14:51:56-05:00,,2026-02-05T14:51:56-05:00,,False,False,,,ace_tag,llm_test,confidence_0.64,DATA_USAGE:SINGLE_DATA_SET,Single Data Set Alpha,,IS,UNSUBMITTED,-687548,20000000,254,276,1.633,-0.0067,0.0948,-8e-06,-0.19,-0.01,2014-01-01,-714847.0,20000000.0,507.0,537.0,0.2887,-0.0069,0.1519,-4.8e-05,-0.02,-0.16,-588128.0,20000000.0,254.0,276.0,1.633,-0.0057,0.1069,-7e-06,-0.01,-0.18,LOW_SHARPE,FAIL,1.58,-0.19,LOW_FITNESS,FAIL,1.0,-0.01,LOW_TURNOVER,PASS,0.01,1.633,HIGH_TURNOVER,FAIL,0.7,1.633,CONCENTRATED_WEIGHT,PASS,LOW_SUB_UNIVERSE_SHARPE,FAIL,-0.1,-0.22,SELF_CORRELATION,PENDING,DATA_DIVERSITY,PENDING,PROD_CORRELATION,PENDING,REGULAR_SUBMISSION,PENDING,LOW_2Y_SHARPE,FAIL,-0.29,1.58,MATCHES_COMPETITION,PENDING,AIACv2,AI Alphas Competition 2.0,PASS,MATCHES_PYRAMID,1,1.5,EUR/D1/NEWS,1.5,WARNING,MATCHES_THEMES,EDrKL34,2.0,JPN Dataset Utilization Theme,M4ZYx3D,2.0,AMR Dataset Utilization Theme,9B3qxZ4,2.0,KOR Dataset Utilization Theme,PBVkEJD,2.0,TWN Dataset Utilization Theme,by88rqy,2.0,HKG Dataset Utilization Theme,V45896D,1.0,GLB/D1 TOPDIV3000 Power Pool Feb`26,,,,,,,,,,,,,
9qPKQX7V,REGULAR,PS40111,EQUITY,EUR,TOP2500,1,0,INDUSTRY,0.08,ON,VERIFY,OFF,OFF,FASTEXPR,False,2014-01-01,2023-12-31,"subtract(ts_backfill(vec_avg(nws17_comp_d1_acb),30), ts_mean(ts_backfill(vec_avg(nws17_comp_d1_acb),30),30))",,6,2026-02-05T14:54:59-05:00,,2026-02-05T14:55:00-05:00,,False,False,,,ace_tag,llm_test,confidence_0.69,DATA_USAGE:SINGLE_DATA_SET,Single Data Set Alpha,,IS,UNSUBMITTED,-599453,20000000,767,1007,0.4779,-0.0058,0.1616,-2.4e-05,-0.19,-0.02,2014-01-01,-592071.0,20000000.0,878.0,968.0,0.1458,-0.0057,0.1398,-7.9e-05,-0.03,-0.17,-803631.0,20000000.0,767.0,1007.0,0.4779,-0.0078,0.1567,-3.3e-05,-0.04,-0.28,LOW_SHARPE,FAIL,1.58,-0.19,LOW_FITNESS,FAIL,1.0,-0.02,LOW_TURNOVER,PASS,0.01,0.4779,HIGH_TURNOVER,PASS,0.7,0.4779,CONCENTRATED_WEIGHT,PASS,LOW_SUB_UNIVERSE_SHARPE,FAIL,-0.1,-0.25,SELF_CORRELATION,PENDING,DATA_DIVERSITY,PENDING,PROD_CORRELATION,PENDING,REGULAR_SUBMISSION,PENDING,LOW_2Y_SHARPE,FAIL,0.6,1.58,MATCHES_COMPETITION,PENDING,AIACv2,AI Alphas Competition 2.0,PASS,MATCHES_PYRAMID,1,1.5,EUR/D1/NEWS,1.5,WARNING,MATCHES_THEMES,EDrKL34,2.0,JPN Dataset Utilization Theme,M4ZYx3D,2.0,AMR Dataset Utilization Theme,9B3qxZ4,2.0,KOR Dataset Utilization Theme,PBVkEJD,2.0,TWN Dataset Utilization Theme,by88rqy,2.0,HKG Dataset Utilization Theme,V45896D,1.0,GLB/D1 TOPDIV3000 Power Pool Feb`26,,,,,,,,,,,,,
9qPKQA0r,REGULAR,PS40111,EQUITY,EUR,TOP2500,1,0,INDUSTRY,0.08,ON,VERIFY,OFF,OFF,FASTEXPR,False,2014-01-01,2023-12-31,"ts_max_diff(ts_backfill(vec_avg(nws17_multiple_comp_d1_event_text),7),7)",,3,2026-02-05T14:51:48-05:00,,2026-02-05T14:51:48-05:00,,False,False,,,ace_tag,llm_test,confidence_0.52,DATA_USAGE:SINGLE_DATA_SET,Single Data Set Alpha,,IS,UNSUBMITTED,0,0,0,0,0.0,0.0,0.0,0.0,0.0,,2014-01-01,,,,,,,,,,,,,,,,,,,,,LOW_SHARPE,FAIL,1.58,0.0,LOW_FITNESS,ERROR,1.0,,LOW_TURNOVER,FAIL,0.01,0.0,HIGH_TURNOVER,PASS,0.7,0.0,CONCENTRATED_WEIGHT,FAIL,LOW_SUB_UNIVERSE_SHARPE,ERROR,,,SELF_CORRELATION,PENDING,DATA_DIVERSITY,PENDING,PROD_CORRELATION,PENDING,REGULAR_SUBMISSION,PENDING,IS_LADDER_SHARPE,PENDING,,,MATCHES_COMPETITION,PENDING,AIACv2,AI Alphas Competition 2.0,PASS,MATCHES_PYRAMID,1,1.5,EUR/D1/NEWS,1.5,WARNING,MATCHES_THEMES,EDrKL34,2.0,JPN Dataset Utilization Theme,M4ZYx3D,2.0,AMR Dataset Utilization Theme,9B3qxZ4,2.0,KOR Dataset Utilization Theme,PBVkEJD,2.0,TWN Dataset Utilization Theme,by88rqy,2.0,HKG Dataset Utilization Theme,V45896D,1.0,GLB/D1 TOPDIV3000 Power Pool Feb`26,,,,,,,,,,,,,
3qYxWneg,REGULAR,PS40111,EQUITY,EUR,TOP2500,1,0,INDUSTRY,0.08,ON,VERIFY,OFF,OFF,FASTEXPR,False,2014-01-01,2023-12-31,"ts_ir(vec_avg(nws17_comp_d1_ssc),30)",,2,2026-02-05T14:51:55-05:00,,2026-02-05T14:51:56-05:00,,False,False,,,ace_tag,llm_test,confidence_0.67,DATA_USAGE:SINGLE_DATA_SET,Single Data Set Alpha,,IS,UNSUBMITTED,-2098675,20000000,587,887,0.3947,-0.0203,0.6919,-0.000103,-0.09,-0.02,2014-01-01,11999858.0,20000000.0,782.0,831.0,0.1255,0.1163,0.4031,0.001853,0.57,0.59,-3648545.0,20000000.0,587.0,887.0,0.3947,-0.0354,0.6594,-0.000179,-0.05,-0.16,LOW_SHARPE,FAIL,1.58,-0.09,LOW_FITNESS,FAIL,1.0,-0.02,LOW_TURNOVER,PASS,0.01,0.3947,HIGH_TURNOVER,PASS,0.7,0.3947,CONCENTRATED_WEIGHT,FAIL,LOW_SUB_UNIVERSE_SHARPE,PASS,-0.05,-0.03,SELF_CORRELATION,PENDING,DATA_DIVERSITY,PENDING,PROD_CORRELATION,PENDING,REGULAR_SUBMISSION,PENDING,LOW_2Y_SHARPE,FAIL,-0.42,1.58,MATCHES_COMPETITION,PENDING,AIACv2,AI Alphas Competition 2.0,PASS,MATCHES_PYRAMID,1,1.5,EUR/D1/NEWS,1.5,WARNING,MATCHES_THEMES,EDrKL34,2.0,JPN Dataset Utilization Theme,M4ZYx3D,2.0,AMR Dataset Utilization Theme,9B3qxZ4,2.0,KOR Dataset Utilization Theme,PBVkEJD,2.0,TWN Dataset Utilization Theme,by88rqy,2.0,HKG Dataset Utilization Theme,V45896D,1.0,GLB/D1 TOPDIV3000 Power Pool Feb`26,,,,,,,,,,,2015-11-09,0.1,0.499949
omwve9Wl,REGULAR,PS40111,EQUITY,EUR,TOP2500,1,0,INDUSTRY,0.08,ON,VERIFY,OFF,OFF,FASTEXPR,False,2014-01-01,2023-12-31,"ts_corr(ts_backfill(vec_avg(nws17_comp_d1_acb),20), vec_avg(nws17_comp_d1_ssc),20)",,4,2026-02-05T14:51:57-05:00,,2026-02-05T14:51:58-05:00,,False,False,,,ace_tag,llm_test,confidence_0.57,DATA_USAGE:SINGLE_DATA_SET,Single Data Set Alpha,,IS,UNSUBMITTED,560578,20000000,1154,449,0.1395,0.0054,0.0635,7.8e-05,0.16,0.03,2014-01-01,219741.0,20000000.0,1268.0,593.0,0.0668,0.0021,0.0569,6.4e-05,0.01,0.06,1071031.0,20000000.0,1154.0,449.0,0.1395,0.0104,0.0462,0.000149,0.14,0.53,LOW_SHARPE,FAIL,1.58,0.16,LOW_FITNESS,FAIL,1.0,0.03,LOW_TURNOVER,PASS,0.01,0.1395,HIGH_TURNOVER,PASS,0.7,0.1395,CONCENTRATED_WEIGHT,PASS,LOW_SUB_UNIVERSE_SHARPE,FAIL,0.08,-0.19,SELF_CORRELATION,PENDING,DATA_DIVERSITY,PENDING,PROD_CORRELATION,PENDING,REGULAR_SUBMISSION,PENDING,LOW_2Y_SHARPE,FAIL,0.14,1.58,MATCHES_COMPETITION,PENDING,AIACv2,AI Alphas Competition 2.0,PASS,MATCHES_PYRAMID,1,1.5,EUR/D1/NEWS,1.5,WARNING,MATCHES_THEMES,EDrKL34,2.0,JPN Dataset Utilization Theme,M4ZYx3D,2.0,AMR Dataset Utilization Theme,9B3qxZ4,2.0,KOR Dataset Utilization Theme,PBVkEJD,2.0,TWN Dataset Utilization Theme,by88rqy,2.0,HKG Dataset Utilization Theme,V45896D,1.0,GLB/D1 TOPDIV3000 Power Pool Feb`26,,,,,,,,,,,,,
